n_estimators,max_depth,max_features,min_samples_split,min_samples_leaf,mean_f1,std_f1,mean_accuracy,std_accuracy,time_s
50,,sqrt,2,1,0.9934346476147363,0.008285916519746285,0.9934306569343067,0.008290377147153674,0.856
50,,sqrt,2,2,0.9941640244159243,0.008507746371152102,0.9941605839416059,0.008512338532620867,0.8444
50,,sqrt,2,5,0.9919787952516751,0.0076169684211836895,0.9919760922458479,0.00762118481334034,0.8367
50,,sqrt,2,10,0.9890621756645291,0.009367777664750623,0.9890616735427906,0.009372017267827763,0.8932
50,,sqrt,5,1,0.9941640244159243,0.008507746371152102,0.9941605839416059,0.008512338532620867,0.8626
50,,sqrt,5,2,0.9941640244159243,0.008507746371152102,0.9941605839416059,0.008512338532620867,0.8527
50,,sqrt,5,5,0.9919787952516751,0.0076169684211836895,0.9919760922458479,0.00762118481334034,0.8425
50,,sqrt,5,10,0.9890621756645291,0.009367777664750623,0.9890616735427906,0.009372017267827763,0.8775
50,,sqrt,10,1,0.9927050300064382,0.008630945057228829,0.9927007299270073,0.008636612822043225,0.9592
50,,sqrt,10,2,0.993433466563699,0.008286021102929987,0.9934306569343067,0.008290377147153674,0.9196
50,,sqrt,10,5,0.9919787952516751,0.0076169684211836895,0.9919760922458479,0.00762118481334034,0.8682
50,,sqrt,10,10,0.9890621756645291,0.009367777664750623,0.9890616735427906,0.009372017267827763,0.7906
50,,sqrt,20,1,0.9897898031891289,0.00934218988924525,0.98978631122395,0.009349292051821704,0.7923
50,,sqrt,20,2,0.9897898031891289,0.00934218988924525,0.98978631122395,0.009349292051821704,0.8576
50,,sqrt,20,5,0.9905182397463899,0.009256811580500368,0.9905162382312493,0.009262999509786348,0.8745
50,,sqrt,20,10,0.9890621756645291,0.009367777664750623,0.9890616735427906,0.009372017267827763,0.8406
50,,log2,2,1,0.9934346476147363,0.008285916519746285,0.9934306569343067,0.008290377147153674,1.4209
50,,log2,2,2,0.9941640244159243,0.008507746371152102,0.9941605839416059,0.008512338532620867,1.449
50,,log2,2,5,0.9919787952516751,0.0076169684211836895,0.9919760922458479,0.00762118481334034,1.4979
50,,log2,2,10,0.9890621756645291,0.009367777664750623,0.9890616735427906,0.009372017267827763,2.2235
50,,log2,5,1,0.9941640244159243,0.008507746371152102,0.9941605839416059,0.008512338532620867,3.1179
50,,log2,5,2,0.9941640244159243,0.008507746371152102,0.9941605839416059,0.008512338532620867,3.2297
50,,log2,5,5,0.9919787952516751,0.0076169684211836895,0.9919760922458479,0.00762118481334034,2.9174
50,,log2,5,10,0.9890621756645291,0.009367777664750623,0.9890616735427906,0.009372017267827763,2.6785
50,,log2,10,1,0.9927050300064382,0.008630945057228829,0.9927007299270073,0.008636612822043225,2.8074
50,,log2,10,2,0.993433466563699,0.008286021102929987,0.9934306569343067,0.008290377147153674,3.2761
50,,log2,10,5,0.9919787952516751,0.0076169684211836895,0.9919760922458479,0.00762118481334034,3.2563
50,,log2,10,10,0.9890621756645291,0.009367777664750623,0.9890616735427906,0.009372017267827763,3.0829
50,,log2,20,1,0.9897898031891289,0.00934218988924525,0.98978631122395,0.009349292051821704,3.0047
50,,log2,20,2,0.9897898031891289,0.00934218988924525,0.98978631122395,0.009349292051821704,3.2128
50,,log2,20,5,0.9905182397463899,0.009256811580500368,0.9905162382312493,0.009262999509786348,3.4108
50,,log2,20,10,0.9890621756645291,0.009367777664750623,0.9890616735427906,0.009372017267827763,3.8418
50,,0.5,2,1,0.9934346476147363,0.008285916519746285,0.9934306569343067,0.008290377147153674,3.0007
50,,0.5,2,2,0.9941640244159243,0.008507746371152102,0.9941605839416059,0.008512338532620867,2.9712
50,,0.5,2,5,0.9919787952516751,0.0076169684211836895,0.9919760922458479,0.00762118481334034,3.0906
50,,0.5,2,10,0.9890621756645291,0.009367777664750623,0.9890616735427906,0.009372017267827763,3.0697
50,,0.5,5,1,0.9941640244159243,0.008507746371152102,0.9941605839416059,0.008512338532620867,3.1347
50,,0.5,5,2,0.9941640244159243,0.008507746371152102,0.9941605839416059,0.008512338532620867,3.0054
50,,0.5,5,5,0.9919787952516751,0.0076169684211836895,0.9919760922458479,0.00762118481334034,2.8208
50,,0.5,5,10,0.9890621756645291,0.009367777664750623,0.9890616735427906,0.009372017267827763,3.0652
50,,0.5,10,1,0.9927050300064382,0.008630945057228829,0.9927007299270073,0.008636612822043225,2.9496
50,,0.5,10,2,0.993433466563699,0.008286021102929987,0.9934306569343067,0.008290377147153674,2.9071
50,,0.5,10,5,0.9919787952516751,0.0076169684211836895,0.9919760922458479,0.00762118481334034,2.7486
50,,0.5,10,10,0.9890621756645291,0.009367777664750623,0.9890616735427906,0.009372017267827763,2.2236
50,,0.5,20,1,0.9897898031891289,0.00934218988924525,0.98978631122395,0.009349292051821704,2.6426
50,,0.5,20,2,0.9897898031891289,0.00934218988924525,0.98978631122395,0.009349292051821704,2.5457
50,,0.5,20,5,0.9905182397463899,0.009256811580500368,0.9905162382312493,0.009262999509786348,2.8961
50,,0.5,20,10,0.9890621756645291,0.009367777664750623,0.9890616735427906,0.009372017267827763,2.9808
50,,1.0,2,1,0.9919809971854544,0.0068760795753256875,0.9919760922458478,0.006886696540388003,3.1827
50,,1.0,2,2,0.9905198814810037,0.008025547418558803,0.9905162382312493,0.008030655171211588,2.9745
50,,1.0,2,5,0.989793198291759,0.010403846796172475,0.98978631122395,0.010426936237920091,3.2992
50,,1.0,2,10,0.9817830293762169,0.010937377760534047,0.9817676927959378,0.010957769446944992,3.357
50,,1.0,5,1,0.9919809971854544,0.0068760795753256875,0.9919760922458478,0.006886696540388003,2.6135
50,,1.0,5,2,0.9905198814810037,0.008025547418558803,0.9905162382312493,0.008030655171211588,2.8453
50,,1.0,5,5,0.989793198291759,0.010403846796172475,0.98978631122395,0.010426936237920091,2.6583
50,,1.0,5,10,0.9817830293762169,0.010937377760534047,0.9817676927959378,0.010957769446944992,3.1832
50,,1.0,10,1,0.9912517010230812,0.007143299739004147,0.9912461652385485,0.007152892067918118,3.0939
50,,1.0,10,2,0.991249015144483,0.007145503632484763,0.9912461652385485,0.007152892067918118,2.9539
50,,1.0,10,5,0.989793198291759,0.010403846796172475,0.98978631122395,0.010426936237920091,2.8798
50,,1.0,10,10,0.9817830293762169,0.010937377760534047,0.9817676927959378,0.010957769446944992,3.0496
50,,1.0,20,1,0.9905266851602915,0.010322829273059686,0.9905162382312493,0.010349632716077261,6.7961
50,,1.0,20,2,0.988335953158861,0.010401202072676786,0.9883317465354914,0.010422528242219889,6.7596
50,,1.0,20,5,0.9876068414397452,0.010333707225047084,0.9876018195281923,0.010353744795024234,6.4432
50,,1.0,20,10,0.9817830293762169,0.010937377760534047,0.9817676927959378,0.010957769446944992,5.3288
50,5,sqrt,2,1,0.9846951914017555,0.008904050809798442,0.984682111498995,0.008919447615254912,6.9551
50,5,sqrt,2,2,0.9846951914017555,0.008904050809798442,0.984682111498995,0.008919447615254912,7.2708
50,5,sqrt,2,5,0.984691808416939,0.009485191466701908,0.984682111498995,0.009498021608786425,7.3392
50,5,sqrt,2,10,0.9832358238645584,0.010345318525349942,0.9832275468105364,0.010355642854249352,6.4034
50,5,sqrt,5,1,0.9846951914017555,0.008904050809798442,0.984682111498995,0.008919447615254912,6.9493
50,5,sqrt,5,2,0.9846951914017555,0.008904050809798442,0.984682111498995,0.008919447615254912,7.8699
50,5,sqrt,5,5,0.984691808416939,0.009485191466701908,0.984682111498995,0.009498021608786425,6.5554
50,5,sqrt,5,10,0.9832358238645584,0.010345318525349942,0.9832275468105364,0.010355642854249352,6.9993
50,5,sqrt,10,1,0.9846951914017555,0.008904050809798442,0.984682111498995,0.008919447615254912,8.0529
50,5,sqrt,10,2,0.9854236279590166,0.00922585348223093,0.9854120385062943,0.009241311068734269,6.8786
50,5,sqrt,10,5,0.984691808416939,0.009485191466701908,0.984682111498995,0.009498021608786425,6.4998
50,5,sqrt,10,10,0.9832358238645584,0.010345318525349942,0.9832275468105364,0.010355642854249352,5.9677
50,5,sqrt,20,1,0.9839658146005675,0.007857740821006194,0.9839521844916957,0.007873360506275285,5.803
50,5,sqrt,20,2,0.9846951914017555,0.008904050809798442,0.984682111498995,0.008919447615254912,6.7874
50,5,sqrt,20,5,0.9839658146005675,0.007857740821006194,0.9839521844916957,0.007873360506275285,6.4266
50,5,sqrt,20,10,0.9832358238645584,0.010345318525349942,0.9832275468105364,0.010355642854249352,6.9681
50,5,log2,2,1,0.9846951914017555,0.008904050809798442,0.984682111498995,0.008919447615254912,5.2577
50,5,log2,2,2,0.9846951914017555,0.008904050809798442,0.984682111498995,0.008919447615254912,5.946
50,5,log2,2,5,0.984691808416939,0.009485191466701908,0.984682111498995,0.009498021608786425,8.4754
50,5,log2,2,10,0.9832358238645584,0.010345318525349942,0.9832275468105364,0.010355642854249352,7.9995
50,5,log2,5,1,0.9846951914017555,0.008904050809798442,0.984682111498995,0.008919447615254912,10.2345
50,5,log2,5,2,0.9846951914017555,0.008904050809798442,0.984682111498995,0.008919447615254912,9.4673
50,5,log2,5,5,0.984691808416939,0.009485191466701908,0.984682111498995,0.009498021608786425,7.7022
50,5,log2,5,10,0.9832358238645584,0.010345318525349942,0.9832275468105364,0.010355642854249352,7.912
50,5,log2,10,1,0.9846951914017555,0.008904050809798442,0.984682111498995,0.008919447615254912,7.9755
50,5,log2,10,2,0.9854236279590166,0.00922585348223093,0.9854120385062943,0.009241311068734269,9.2287
50,5,log2,10,5,0.984691808416939,0.009485191466701908,0.984682111498995,0.009498021608786425,7.4138
50,5,log2,10,10,0.9832358238645584,0.010345318525349942,0.9832275468105364,0.010355642854249352,8.8048
50,5,log2,20,1,0.9839658146005675,0.007857740821006194,0.9839521844916957,0.007873360506275285,8.7545
50,5,log2,20,2,0.9846951914017555,0.008904050809798442,0.984682111498995,0.008919447615254912,7.3248
50,5,log2,20,5,0.9839658146005675,0.007857740821006194,0.9839521844916957,0.007873360506275285,7.8716
50,5,log2,20,10,0.9832358238645584,0.010345318525349942,0.9832275468105364,0.010355642854249352,7.6372
50,5,0.5,2,1,0.9846951914017555,0.008904050809798442,0.984682111498995,0.008919447615254912,7.7603
50,5,0.5,2,2,0.9846951914017555,0.008904050809798442,0.984682111498995,0.008919447615254912,8.7601
50,5,0.5,2,5,0.984691808416939,0.009485191466701908,0.984682111498995,0.009498021608786425,8.3902
50,5,0.5,2,10,0.9832358238645584,0.010345318525349942,0.9832275468105364,0.010355642854249352,7.83
50,5,0.5,5,1,0.9846951914017555,0.008904050809798442,0.984682111498995,0.008919447615254912,8.4193
50,5,0.5,5,2,0.9846951914017555,0.008904050809798442,0.984682111498995,0.008919447615254912,8.4187
50,5,0.5,5,5,0.984691808416939,0.009485191466701908,0.984682111498995,0.009498021608786425,8.3298
50,5,0.5,5,10,0.9832358238645584,0.010345318525349942,0.9832275468105364,0.010355642854249352,8.2405
50,5,0.5,10,1,0.9846951914017555,0.008904050809798442,0.984682111498995,0.008919447615254912,9.6459
50,5,0.5,10,2,0.9854236279590166,0.00922585348223093,0.9854120385062943,0.009241311068734269,7.3489
50,5,0.5,10,5,0.984691808416939,0.009485191466701908,0.984682111498995,0.009498021608786425,7.0747
50,5,0.5,10,10,0.9832358238645584,0.010345318525349942,0.9832275468105364,0.010355642854249352,7.6878
50,5,0.5,20,1,0.9839658146005675,0.007857740821006194,0.9839521844916957,0.007873360506275285,1.8352
50,5,0.5,20,2,0.9846951914017555,0.008904050809798442,0.984682111498995,0.008919447615254912,1.913
50,5,0.5,20,5,0.9839658146005675,0.007857740821006194,0.9839521844916957,0.007873360506275285,1.9217
50,5,0.5,20,10,0.9832358238645584,0.010345318525349942,0.9832275468105364,0.010355642854249352,2.0841
50,5,1.0,2,1,0.9854044102275716,0.011299795481924018,0.9854279064847139,0.011256929992448188,2.0188
50,5,1.0,2,2,0.9861349680797972,0.011964128085054775,0.986157833492013,0.011921865385854756,2.3574
50,5,1.0,2,5,0.9854116865262739,0.011290055900618523,0.9854173278324341,0.01129783348483358,2.1229
50,5,1.0,2,10,0.9766742523707391,0.012112932066115625,0.9766740717232624,0.01212410010693872,2.2573
50,5,1.0,5,1,0.9854044102275716,0.011299795481924018,0.9854279064847139,0.011256929992448188,2.2422
50,5,1.0,5,2,0.9861349680797972,0.011964128085054775,0.986157833492013,0.011921865385854756,2.3719
50,5,1.0,5,5,0.9854116865262739,0.011290055900618523,0.9854173278324341,0.01129783348483358,2.3125
50,5,1.0,5,10,0.9766742523707391,0.012112932066115625,0.9766740717232624,0.01212410010693872,2.2594
50,5,1.0,10,1,0.9868675033789979,0.009112678726912243,0.9868771818470327,0.009101651661335943,2.3586
50,5,1.0,10,2,0.9868675033789979,0.009112678726912243,0.9868771818470327,0.009101651661335943,2.1725
50,5,1.0,10,5,0.9854116865262739,0.011290055900618523,0.9854173278324341,0.01129783348483358,2.2389
50,5,1.0,10,10,0.9766742523707391,0.012112932066115625,0.9766740717232624,0.01212410010693872,2.2727
50,5,1.0,20,1,0.985413191353835,0.01128928768292287,0.9854173278324343,0.01129783348483358,2.1889
50,5,1.0,20,2,0.9846812093128635,0.011027725803118683,0.984687400825135,0.011036461325406467,2.1981
50,5,1.0,20,5,0.9839611786448671,0.008489301601472854,0.9839627631439756,0.008507032245825196,2.144
50,5,1.0,20,10,0.9766742523707391,0.012112932066115625,0.9766740717232624,0.01212410010693872,2.1553
50,10,sqrt,2,1,0.9934346476147363,0.008285916519746285,0.9934306569343067,0.008290377147153674,2.3512
50,10,sqrt,2,2,0.9941640244159243,0.008507746371152102,0.9941605839416059,0.008512338532620867,2.6462
50,10,sqrt,2,5,0.9919787952516751,0.0076169684211836895,0.9919760922458479,0.00762118481334034,2.7047
50,10,sqrt,2,10,0.9890621756645291,0.009367777664750623,0.9890616735427906,0.009372017267827763,2.5157
50,10,sqrt,5,1,0.9941640244159243,0.008507746371152102,0.9941605839416059,0.008512338532620867,2.8837
50,10,sqrt,5,2,0.9941640244159243,0.008507746371152102,0.9941605839416059,0.008512338532620867,2.6517
50,10,sqrt,5,5,0.9919787952516751,0.0076169684211836895,0.9919760922458479,0.00762118481334034,2.6155
50,10,sqrt,5,10,0.9890621756645291,0.009367777664750623,0.9890616735427906,0.009372017267827763,2.4987
50,10,sqrt,10,1,0.9927050300064382,0.008630945057228829,0.9927007299270073,0.008636612822043225,2.7898
50,10,sqrt,10,2,0.993433466563699,0.008286021102929987,0.9934306569343067,0.008290377147153674,2.6126
50,10,sqrt,10,5,0.9919787952516751,0.0076169684211836895,0.9919760922458479,0.00762118481334034,2.7902
50,10,sqrt,10,10,0.9890621756645291,0.009367777664750623,0.9890616735427906,0.009372017267827763,2.4958
50,10,sqrt,20,1,0.9897898031891289,0.00934218988924525,0.98978631122395,0.009349292051821704,2.5981
50,10,sqrt,20,2,0.9897898031891289,0.00934218988924525,0.98978631122395,0.009349292051821704,2.6652
50,10,sqrt,20,5,0.9905182397463899,0.009256811580500368,0.9905162382312493,0.009262999509786348,2.5648
50,10,sqrt,20,10,0.9890621756645291,0.009367777664750623,0.9890616735427906,0.009372017267827763,2.5519
50,10,log2,2,1,0.9934346476147363,0.008285916519746285,0.9934306569343067,0.008290377147153674,2.3191
50,10,log2,2,2,0.9941640244159243,0.008507746371152102,0.9941605839416059,0.008512338532620867,2.0371
50,10,log2,2,5,0.9919787952516751,0.0076169684211836895,0.9919760922458479,0.00762118481334034,2.3199
50,10,log2,2,10,0.9890621756645291,0.009367777664750623,0.9890616735427906,0.009372017267827763,3.1204
50,10,log2,5,1,0.9941640244159243,0.008507746371152102,0.9941605839416059,0.008512338532620867,2.662
50,10,log2,5,2,0.9941640244159243,0.008507746371152102,0.9941605839416059,0.008512338532620867,3.0821
50,10,log2,5,5,0.9919787952516751,0.0076169684211836895,0.9919760922458479,0.00762118481334034,3.0247
50,10,log2,5,10,0.9890621756645291,0.009367777664750623,0.9890616735427906,0.009372017267827763,2.9969
50,10,log2,10,1,0.9927050300064382,0.008630945057228829,0.9927007299270073,0.008636612822043225,2.8456
50,10,log2,10,2,0.993433466563699,0.008286021102929987,0.9934306569343067,0.008290377147153674,2.888
50,10,log2,10,5,0.9919787952516751,0.0076169684211836895,0.9919760922458479,0.00762118481334034,3.1041
50,10,log2,10,10,0.9890621756645291,0.009367777664750623,0.9890616735427906,0.009372017267827763,2.9662
50,10,log2,20,1,0.9897898031891289,0.00934218988924525,0.98978631122395,0.009349292051821704,2.8168
50,10,log2,20,2,0.9897898031891289,0.00934218988924525,0.98978631122395,0.009349292051821704,2.8483
50,10,log2,20,5,0.9905182397463899,0.009256811580500368,0.9905162382312493,0.009262999509786348,2.8937
50,10,log2,20,10,0.9890621756645291,0.009367777664750623,0.9890616735427906,0.009372017267827763,3.4557
50,10,0.5,2,1,0.9934346476147363,0.008285916519746285,0.9934306569343067,0.008290377147153674,2.8082
50,10,0.5,2,2,0.9941640244159243,0.008507746371152102,0.9941605839416059,0.008512338532620867,3.0739
50,10,0.5,2,5,0.9919787952516751,0.0076169684211836895,0.9919760922458479,0.00762118481334034,3.022
50,10,0.5,2,10,0.9890621756645291,0.009367777664750623,0.9890616735427906,0.009372017267827763,3.3882
50,10,0.5,5,1,0.9941640244159243,0.008507746371152102,0.9941605839416059,0.008512338532620867,2.8863
50,10,0.5,5,2,0.9941640244159243,0.008507746371152102,0.9941605839416059,0.008512338532620867,3.0333
50,10,0.5,5,5,0.9919787952516751,0.0076169684211836895,0.9919760922458479,0.00762118481334034,4.5514
50,10,0.5,5,10,0.9890621756645291,0.009367777664750623,0.9890616735427906,0.009372017267827763,3.6486
50,10,0.5,10,1,0.9927050300064382,0.008630945057228829,0.9927007299270073,0.008636612822043225,4.5329
50,10,0.5,10,2,0.993433466563699,0.008286021102929987,0.9934306569343067,0.008290377147153674,4.4097
50,10,0.5,10,5,0.9919787952516751,0.0076169684211836895,0.9919760922458479,0.00762118481334034,4.7209
50,10,0.5,10,10,0.9890621756645291,0.009367777664750623,0.9890616735427906,0.009372017267827763,4.0234
50,10,0.5,20,1,0.9897898031891289,0.00934218988924525,0.98978631122395,0.009349292051821704,4.6464
50,10,0.5,20,2,0.9897898031891289,0.00934218988924525,0.98978631122395,0.009349292051821704,4.3988
50,10,0.5,20,5,0.9905182397463899,0.009256811580500368,0.9905162382312493,0.009262999509786348,4.9595
50,10,0.5,20,10,0.9890621756645291,0.009367777664750623,0.9890616735427906,0.009372017267827763,4.8905
50,10,1.0,2,1,0.9919809971854544,0.0068760795753256875,0.9919760922458478,0.006886696540388003,4.315
50,10,1.0,2,2,0.9905198814810037,0.008025547418558803,0.9905162382312493,0.008030655171211588,4.4189
50,10,1.0,2,5,0.989793198291759,0.010403846796172475,0.98978631122395,0.010426936237920091,4.3389
50,10,1.0,2,10,0.9817830293762169,0.010937377760534047,0.9817676927959378,0.010957769446944992,4.0527
50,10,1.0,5,1,0.9919809971854544,0.0068760795753256875,0.9919760922458478,0.006886696540388003,4.3072
50,10,1.0,5,2,0.9905198814810037,0.008025547418558803,0.9905162382312493,0.008030655171211588,3.1158
50,10,1.0,5,5,0.989793198291759,0.010403846796172475,0.98978631122395,0.010426936237920091,1.2519
50,10,1.0,5,10,0.9817830293762169,0.010937377760534047,0.9817676927959378,0.010957769446944992,1.3514
50,10,1.0,10,1,0.9912517010230812,0.007143299739004147,0.9912461652385485,0.007152892067918118,1.2878
50,10,1.0,10,2,0.991249015144483,0.007145503632484763,0.9912461652385485,0.007152892067918118,1.2359
50,10,1.0,10,5,0.989793198291759,0.010403846796172475,0.98978631122395,0.010426936237920091,1.2639
50,10,1.0,10,10,0.9817830293762169,0.010937377760534047,0.9817676927959378,0.010957769446944992,1.2807
50,10,1.0,20,1,0.9905266851602915,0.010322829273059686,0.9905162382312493,0.010349632716077261,1.0678
50,10,1.0,20,2,0.988335953158861,0.010401202072676786,0.9883317465354914,0.010422528242219889,1.0184
50,10,1.0,20,5,0.9876068414397452,0.010333707225047084,0.9876018195281923,0.010353744795024234,1.0232
50,10,1.0,20,10,0.9817830293762169,0.010937377760534047,0.9817676927959378,0.010957769446944992,1.0336
50,20,sqrt,2,1,0.9934346476147363,0.008285916519746285,0.9934306569343067,0.008290377147153674,0.9918
50,20,sqrt,2,2,0.9941640244159243,0.008507746371152102,0.9941605839416059,0.008512338532620867,0.9848
50,20,sqrt,2,5,0.9919787952516751,0.0076169684211836895,0.9919760922458479,0.00762118481334034,1.0836
50,20,sqrt,2,10,0.9890621756645291,0.009367777664750623,0.9890616735427906,0.009372017267827763,1.0766
50,20,sqrt,5,1,0.9941640244159243,0.008507746371152102,0.9941605839416059,0.008512338532620867,1.099
50,20,sqrt,5,2,0.9941640244159243,0.008507746371152102,0.9941605839416059,0.008512338532620867,1.131
50,20,sqrt,5,5,0.9919787952516751,0.0076169684211836895,0.9919760922458479,0.00762118481334034,1.0842
50,20,sqrt,5,10,0.9890621756645291,0.009367777664750623,0.9890616735427906,0.009372017267827763,1.0742
50,20,sqrt,10,1,0.9927050300064382,0.008630945057228829,0.9927007299270073,0.008636612822043225,1.138
50,20,sqrt,10,2,0.993433466563699,0.008286021102929987,0.9934306569343067,0.008290377147153674,1.0621
50,20,sqrt,10,5,0.9919787952516751,0.0076169684211836895,0.9919760922458479,0.00762118481334034,1.0625
50,20,sqrt,10,10,0.9890621756645291,0.009367777664750623,0.9890616735427906,0.009372017267827763,1.1519
50,20,sqrt,20,1,0.9897898031891289,0.00934218988924525,0.98978631122395,0.009349292051821704,1.1565
50,20,sqrt,20,2,0.9897898031891289,0.00934218988924525,0.98978631122395,0.009349292051821704,1.1157
50,20,sqrt,20,5,0.9905182397463899,0.009256811580500368,0.9905162382312493,0.009262999509786348,1.096
50,20,sqrt,20,10,0.9890621756645291,0.009367777664750623,0.9890616735427906,0.009372017267827763,1.0494
50,20,log2,2,1,0.9934346476147363,0.008285916519746285,0.9934306569343067,0.008290377147153674,1.1574
50,20,log2,2,2,0.9941640244159243,0.008507746371152102,0.9941605839416059,0.008512338532620867,1.1092
50,20,log2,2,5,0.9919787952516751,0.0076169684211836895,0.9919760922458479,0.00762118481334034,1.0888
50,20,log2,2,10,0.9890621756645291,0.009367777664750623,0.9890616735427906,0.009372017267827763,1.0407
50,20,log2,5,1,0.9941640244159243,0.008507746371152102,0.9941605839416059,0.008512338532620867,0.9377
50,20,log2,5,2,0.9941640244159243,0.008507746371152102,0.9941605839416059,0.008512338532620867,0.9353
50,20,log2,5,5,0.9919787952516751,0.0076169684211836895,0.9919760922458479,0.00762118481334034,0.9198
50,20,log2,5,10,0.9890621756645291,0.009367777664750623,0.9890616735427906,0.009372017267827763,0.9203
50,20,log2,10,1,0.9927050300064382,0.008630945057228829,0.9927007299270073,0.008636612822043225,0.9437
50,20,log2,10,2,0.993433466563699,0.008286021102929987,0.9934306569343067,0.008290377147153674,0.9529
50,20,log2,10,5,0.9919787952516751,0.0076169684211836895,0.9919760922458479,0.00762118481334034,0.9873
50,20,log2,10,10,0.9890621756645291,0.009367777664750623,0.9890616735427906,0.009372017267827763,0.9508
50,20,log2,20,1,0.9897898031891289,0.00934218988924525,0.98978631122395,0.009349292051821704,0.9243
50,20,log2,20,2,0.9897898031891289,0.00934218988924525,0.98978631122395,0.009349292051821704,0.9209
50,20,log2,20,5,0.9905182397463899,0.009256811580500368,0.9905162382312493,0.009262999509786348,0.9211
50,20,log2,20,10,0.9890621756645291,0.009367777664750623,0.9890616735427906,0.009372017267827763,0.9428
50,20,0.5,2,1,0.9934346476147363,0.008285916519746285,0.9934306569343067,0.008290377147153674,0.9786
50,20,0.5,2,2,0.9941640244159243,0.008507746371152102,0.9941605839416059,0.008512338532620867,0.9596
50,20,0.5,2,5,0.9919787952516751,0.0076169684211836895,0.9919760922458479,0.00762118481334034,1.1111
50,20,0.5,2,10,0.9890621756645291,0.009367777664750623,0.9890616735427906,0.009372017267827763,1.3283
50,20,0.5,5,1,0.9941640244159243,0.008507746371152102,0.9941605839416059,0.008512338532620867,1.3235
50,20,0.5,5,2,0.9941640244159243,0.008507746371152102,0.9941605839416059,0.008512338532620867,1.2486
50,20,0.5,5,5,0.9919787952516751,0.0076169684211836895,0.9919760922458479,0.00762118481334034,1.2586
50,20,0.5,5,10,0.9890621756645291,0.009367777664750623,0.9890616735427906,0.009372017267827763,1.213
50,20,0.5,10,1,0.9927050300064382,0.008630945057228829,0.9927007299270073,0.008636612822043225,1.3402
50,20,0.5,10,2,0.993433466563699,0.008286021102929987,0.9934306569343067,0.008290377147153674,1.3476
50,20,0.5,10,5,0.9919787952516751,0.0076169684211836895,0.9919760922458479,0.00762118481334034,1.3535
50,20,0.5,10,10,0.9890621756645291,0.009367777664750623,0.9890616735427906,0.009372017267827763,1.3587
50,20,0.5,20,1,0.9897898031891289,0.00934218988924525,0.98978631122395,0.009349292051821704,1.2281
50,20,0.5,20,2,0.9897898031891289,0.00934218988924525,0.98978631122395,0.009349292051821704,1.2913
50,20,0.5,20,5,0.9905182397463899,0.009256811580500368,0.9905162382312493,0.009262999509786348,1.2283
50,20,0.5,20,10,0.9890621756645291,0.009367777664750623,0.9890616735427906,0.009372017267827763,1.2844
50,20,1.0,2,1,0.9919809971854544,0.0068760795753256875,0.9919760922458478,0.006886696540388003,1.2541
50,20,1.0,2,2,0.9905198814810037,0.008025547418558803,0.9905162382312493,0.008030655171211588,1.328
50,20,1.0,2,5,0.989793198291759,0.010403846796172475,0.98978631122395,0.010426936237920091,1.2495
50,20,1.0,2,10,0.9817830293762169,0.010937377760534047,0.9817676927959378,0.010957769446944992,1.2503
50,20,1.0,5,1,0.9919809971854544,0.0068760795753256875,0.9919760922458478,0.006886696540388003,1.2325
50,20,1.0,5,2,0.9905198814810037,0.008025547418558803,0.9905162382312493,0.008030655171211588,1.3909
50,20,1.0,5,5,0.989793198291759,0.010403846796172475,0.98978631122395,0.010426936237920091,1.5215
50,20,1.0,5,10,0.9817830293762169,0.010937377760534047,0.9817676927959378,0.010957769446944992,1.3528
50,20,1.0,10,1,0.9912517010230812,0.007143299739004147,0.9912461652385485,0.007152892067918118,1.3989
50,20,1.0,10,2,0.991249015144483,0.007145503632484763,0.9912461652385485,0.007152892067918118,1.2814
50,20,1.0,10,5,0.989793198291759,0.010403846796172475,0.98978631122395,0.010426936237920091,1.3243
50,20,1.0,10,10,0.9817830293762169,0.010937377760534047,0.9817676927959378,0.010957769446944992,1.5021
50,20,1.0,20,1,0.9905266851602915,0.010322829273059686,0.9905162382312493,0.010349632716077261,1.705
50,20,1.0,20,2,0.988335953158861,0.010401202072676786,0.9883317465354914,0.010422528242219889,1.5694
50,20,1.0,20,5,0.9876068414397452,0.010333707225047084,0.9876018195281923,0.010353744795024234,1.597
50,20,1.0,20,10,0.9817830293762169,0.010937377760534047,0.9817676927959378,0.010957769446944992,1.6546
100,,sqrt,2,1,0.9934346476147363,0.008285916519746285,0.9934306569343067,0.008290377147153674,2.6858
100,,sqrt,2,2,0.9941640244159243,0.008507746371152102,0.9941605839416059,0.008512338532620867,2.5001
100,,sqrt,2,5,0.9905200452912162,0.008022830276266919,0.9905215275573893,0.00802252515789938,2.35
100,,sqrt,2,10,0.9876019195651906,0.009814975606305181,0.9876018195281923,0.009817855632479977,2.6614
100,,sqrt,5,1,0.9941640244159243,0.008507746371152102,0.9941605839416059,0.008512338532620867,2.6319
100,,sqrt,5,2,0.9941640244159243,0.008507746371152102,0.9941605839416059,0.008512338532620867,2.7346
100,,sqrt,5,5,0.9905200452912162,0.008022830276266919,0.9905215275573893,0.00802252515789938,2.8271
100,,sqrt,5,10,0.9876019195651906,0.009814975606305181,0.9876018195281923,0.009817855632479977,2.7479
100,,sqrt,10,1,0.993433466563699,0.008286021102929987,0.9934306569343067,0.008290377147153674,2.6499
100,,sqrt,10,2,0.993433466563699,0.008286021102929987,0.9934306569343067,0.008290377147153674,2.5297
100,,sqrt,10,5,0.9905200452912162,0.008022830276266919,0.9905215275573893,0.00802252515789938,2.7816
100,,sqrt,10,10,0.9876019195651906,0.009814975606305181,0.9876018195281923,0.009817855632479977,2.8238
100,,sqrt,20,1,0.9905182397463899,0.009256811580500368,0.9905162382312493,0.009262999509786348,2.7849
100,,sqrt,20,2,0.9897888629452017,0.008754708640101435,0.98978631122395,0.008760901389158486,2.5123
100,,sqrt,20,5,0.9897862577054184,0.009344778655545678,0.9897863112239502,0.009349292051821704,2.4642
100,,sqrt,20,10,0.9876019195651906,0.009814975606305181,0.9876018195281923,0.009817855632479977,2.2868
100,,log2,2,1,0.9934346476147363,0.008285916519746285,0.9934306569343067,0.008290377147153674,2.5238
100,,log2,2,2,0.9941640244159243,0.008507746371152102,0.9941605839416059,0.008512338532620867,2.4256
100,,log2,2,5,0.9905200452912162,0.008022830276266919,0.9905215275573893,0.00802252515789938,2.2225
100,,log2,2,10,0.9876019195651906,0.009814975606305181,0.9876018195281923,0.009817855632479977,1.9675
100,,log2,5,1,0.9941640244159243,0.008507746371152102,0.9941605839416059,0.008512338532620867,1.9216
100,,log2,5,2,0.9941640244159243,0.008507746371152102,0.9941605839416059,0.008512338532620867,1.8791
100,,log2,5,5,0.9905200452912162,0.008022830276266919,0.9905215275573893,0.00802252515789938,1.9191
100,,log2,5,10,0.9876019195651906,0.009814975606305181,0.9876018195281923,0.009817855632479977,1.9266
100,,log2,10,1,0.993433466563699,0.008286021102929987,0.9934306569343067,0.008290377147153674,1.9116
100,,log2,10,2,0.993433466563699,0.008286021102929987,0.9934306569343067,0.008290377147153674,2.0048
100,,log2,10,5,0.9905200452912162,0.008022830276266919,0.9905215275573893,0.00802252515789938,2.0077
100,,log2,10,10,0.9876019195651906,0.009814975606305181,0.9876018195281923,0.009817855632479977,1.9023
100,,log2,20,1,0.9905182397463899,0.009256811580500368,0.9905162382312493,0.009262999509786348,1.9133
100,,log2,20,2,0.9897888629452017,0.008754708640101435,0.98978631122395,0.008760901389158486,1.8617
100,,log2,20,5,0.9897862577054184,0.009344778655545678,0.9897863112239502,0.009349292051821704,1.8698
100,,log2,20,10,0.9876019195651906,0.009814975606305181,0.9876018195281923,0.009817855632479977,1.8262
100,,0.5,2,1,0.9934346476147363,0.008285916519746285,0.9934306569343067,0.008290377147153674,1.7874
100,,0.5,2,2,0.9941640244159243,0.008507746371152102,0.9941605839416059,0.008512338532620867,1.86
100,,0.5,2,5,0.9905200452912162,0.008022830276266919,0.9905215275573893,0.00802252515789938,1.8619
100,,0.5,2,10,0.9876019195651906,0.009814975606305181,0.9876018195281923,0.009817855632479977,1.9348
100,,0.5,5,1,0.9941640244159243,0.008507746371152102,0.9941605839416059,0.008512338532620867,1.8492
100,,0.5,5,2,0.9941640244159243,0.008507746371152102,0.9941605839416059,0.008512338532620867,1.9233
100,,0.5,5,5,0.9905200452912162,0.008022830276266919,0.9905215275573893,0.00802252515789938,1.7634
100,,0.5,5,10,0.9876019195651906,0.009814975606305181,0.9876018195281923,0.009817855632479977,1.8378
100,,0.5,10,1,0.993433466563699,0.008286021102929987,0.9934306569343067,0.008290377147153674,1.7828
100,,0.5,10,2,0.993433466563699,0.008286021102929987,0.9934306569343067,0.008290377147153674,1.8241
100,,0.5,10,5,0.9905200452912162,0.008022830276266919,0.9905215275573893,0.00802252515789938,2.4444
100,,0.5,10,10,0.9876019195651906,0.009814975606305181,0.9876018195281923,0.009817855632479977,2.3644
100,,0.5,20,1,0.9905182397463899,0.009256811580500368,0.9905162382312493,0.009262999509786348,2.3657
100,,0.5,20,2,0.9897888629452017,0.008754708640101435,0.98978631122395,0.008760901389158486,2.4867
100,,0.5,20,5,0.9897862577054184,0.009344778655545678,0.9897863112239502,0.009349292051821704,2.3154
100,,0.5,20,10,0.9876019195651906,0.009814975606305181,0.9876018195281923,0.009817855632479977,2.3804
100,,1.0,2,1,0.9905234246341154,0.00802006201198953,0.9905162382312493,0.008030655171211588,2.623
100,,1.0,2,2,0.9912517010230812,0.007143299739004147,0.9912461652385485,0.007152892067918118,2.7975
100,,1.0,2,5,0.9876055529423484,0.011774763862965042,0.9875965302020523,0.011794633953319108,2.6568
100,,1.0,2,10,0.9795928631796842,0.011210086635532916,0.9795832011001797,0.011224443595411162,2.5874
100,,1.0,5,1,0.9912517010230812,0.007143299739004147,0.9912461652385485,0.007152892067918118,2.5113
100,,1.0,5,2,0.9912517010230812,0.007143299739004147,0.9912461652385485,0.007152892067918118,2.8666
100,,1.0,5,5,0.9876055529423484,0.011774763862965042,0.9875965302020523,0.011794633953319108,2.6509
100,,1.0,5,10,0.9795928631796842,0.011210086635532916,0.9795832011001797,0.011224443595411162,2.5923
100,,1.0,10,1,0.9905249331035938,0.007321673661159674,0.9905215275573891,0.007328372342439427,2.7617
100,,1.0,10,2,0.991254229265967,0.007135874331482448,0.9912514545646884,0.007143222712579192,2.5573
100,,1.0,10,5,0.9876055529423484,0.011774763862965042,0.9875965302020523,0.011794633953319108,2.5482
100,,1.0,10,10,0.9795928631796842,0.011210086635532916,0.9795832011001797,0.011224443595411162,2.6641
100,,1.0,20,1,0.9883400632262054,0.00987352226232191,0.9883317465354914,0.009898142565157053,2.7522
100,,1.0,20,2,0.9890758571442781,0.009901240482669254,0.9890669628689304,0.009926193857315756,2.7134
100,,1.0,20,5,0.985417290489352,0.010314615462546863,0.9854173278324341,0.010326521713180232,2.7446
100,,1.0,20,10,0.9795928631796842,0.011210086635532916,0.9795832011001797,0.011224443595411162,2.8101
100,5,sqrt,2,1,0.9839700228791683,0.00636389051313158,0.9839574738178356,0.0063731463575425525,2.877
100,5,sqrt,2,2,0.9846950764516127,0.0076207998981240406,0.984687400825135,0.007627320168326435,3.3424
100,5,sqrt,2,5,0.9839646638589976,0.0091069186110776,0.9839521844916957,0.009118534408587542,2.9667
100,5,sqrt,2,10,0.9810618659858882,0.006674912114712091,0.9810483444409183,0.00669011107566125,3.6654
100,5,sqrt,5,1,0.9832427523329784,0.007330269025962712,0.9832275468105364,0.007345746750758491,3.0377
100,5,sqrt,5,2,0.9839666398943517,0.007154085010079613,0.9839574738178356,0.007160507189742585,3.186
100,5,sqrt,5,5,0.9839646638589976,0.0091069186110776,0.9839521844916957,0.009118534408587542,3.3136
100,5,sqrt,5,10,0.9810618659858882,0.006674912114712091,0.9810483444409183,0.00669011107566125,3.0548
100,5,sqrt,10,1,0.9832393693481618,0.0080255687132363,0.9832275468105364,0.00803839934601263,3.3572
100,5,sqrt,10,2,0.9839678059054229,0.008506759243825268,0.9839574738178356,0.00851965965598098,3.4546
100,5,sqrt,10,5,0.9839646638589976,0.0091069186110776,0.9839521844916957,0.009118534408587542,3.5175
100,5,sqrt,10,10,0.9810618659858882,0.006674912114712091,0.9810483444409183,0.00669011107566125,2.9958
100,5,sqrt,20,1,0.983244405629622,0.009240170111913424,0.9832275468105364,0.009253099740315154,3.2907
100,5,sqrt,20,2,0.9825139284162117,0.00873841056638155,0.982497619803237,0.008751315976724698,3.4887
100,5,sqrt,20,5,0.9817886339053759,0.007465198249348735,0.9817729821220776,0.007479683204787228,3.1816
100,5,sqrt,20,10,0.9810618659858882,0.006674912114712091,0.9810483444409183,0.00669011107566125,3.2072
100,5,log2,2,1,0.9839700228791683,0.00636389051313158,0.9839574738178356,0.0063731463575425525,3.0702
100,5,log2,2,2,0.9846950764516127,0.0076207998981240406,0.984687400825135,0.007627320168326435,2.9371
100,5,log2,2,5,0.9839646638589976,0.0091069186110776,0.9839521844916957,0.009118534408587542,2.8239
100,5,log2,2,10,0.9810618659858882,0.006674912114712091,0.9810483444409183,0.00669011107566125,2.6164
100,5,log2,5,1,0.9832427523329784,0.007330269025962712,0.9832275468105364,0.007345746750758491,2.4426
100,5,log2,5,2,0.9839666398943517,0.007154085010079613,0.9839574738178356,0.007160507189742585,2.1841
100,5,log2,5,5,0.9839646638589976,0.0091069186110776,0.9839521844916957,0.009118534408587542,2.0022
100,5,log2,5,10,0.9810618659858882,0.006674912114712091,0.9810483444409183,0.00669011107566125,1.9969
100,5,log2,10,1,0.9832393693481618,0.0080255687132363,0.9832275468105364,0.00803839934601263,1.9571
100,5,log2,10,2,0.9839678059054229,0.008506759243825268,0.9839574738178356,0.00851965965598098,2.0351
100,5,log2,10,5,0.9839646638589976,0.0091069186110776,0.9839521844916957,0.009118534408587542,1.8849
100,5,log2,10,10,0.9810618659858882,0.006674912114712091,0.9810483444409183,0.00669011107566125,2.042
100,5,log2,20,1,0.983244405629622,0.009240170111913424,0.9832275468105364,0.009253099740315154,1.9554
100,5,log2,20,2,0.9825139284162117,0.00873841056638155,0.982497619803237,0.008751315976724698,1.9579
100,5,log2,20,5,0.9817886339053759,0.007465198249348735,0.9817729821220776,0.007479683204787228,1.9008
100,5,log2,20,10,0.9810618659858882,0.006674912114712091,0.9810483444409183,0.00669011107566125,1.8342
100,5,0.5,2,1,0.9839700228791683,0.00636389051313158,0.9839574738178356,0.0063731463575425525,1.9943
100,5,0.5,2,2,0.9846950764516127,0.0076207998981240406,0.984687400825135,0.007627320168326435,2.1017
100,5,0.5,2,5,0.9839646638589976,0.0091069186110776,0.9839521844916957,0.009118534408587542,2.107
100,5,0.5,2,10,0.9810618659858882,0.006674912114712091,0.9810483444409183,0.00669011107566125,1.9352
100,5,0.5,5,1,0.9832427523329784,0.007330269025962712,0.9832275468105364,0.007345746750758491,1.8261
100,5,0.5,5,2,0.9839666398943517,0.007154085010079613,0.9839574738178356,0.007160507189742585,1.9284
100,5,0.5,5,5,0.9839646638589976,0.0091069186110776,0.9839521844916957,0.009118534408587542,2.0011
100,5,0.5,5,10,0.9810618659858882,0.006674912114712091,0.9810483444409183,0.00669011107566125,1.9104
100,5,0.5,10,1,0.9832393693481618,0.0080255687132363,0.9832275468105364,0.00803839934601263,1.8719
100,5,0.5,10,2,0.9839678059054229,0.008506759243825268,0.9839574738178356,0.00851965965598098,1.9289
100,5,0.5,10,5,0.9839646638589976,0.0091069186110776,0.9839521844916957,0.009118534408587542,1.9567
100,5,0.5,10,10,0.9810618659858882,0.006674912114712091,0.9810483444409183,0.00669011107566125,1.9483
100,5,0.5,20,1,0.983244405629622,0.009240170111913424,0.9832275468105364,0.009253099740315154,1.8366
100,5,0.5,20,2,0.9825139284162117,0.00873841056638155,0.982497619803237,0.008751315976724698,1.8458
100,5,0.5,20,5,0.9817886339053759,0.007465198249348735,0.9817729821220776,0.007479683204787228,1.7942
100,5,0.5,20,10,0.9810618659858882,0.006674912114712091,0.9810483444409183,0.00669011107566125,1.7865
100,5,1.0,2,1,0.986870100023113,0.008505973021433973,0.9868718925208929,0.008510583287231218,1.9773
100,5,1.0,2,2,0.9868674947833297,0.009111329959718969,0.9868718925208929,0.009115146548936921,1.9772
100,5,1.0,2,5,0.9854107927336526,0.010310007646572337,0.9854120385062943,0.010322775516687843,2.0517
100,5,1.0,2,10,0.9774046951193688,0.011961399787879131,0.977398709404422,0.011979875331650174,1.9688
100,5,1.0,5,1,0.986870100023113,0.008505973021433973,0.9868718925208929,0.008510583287231218,1.9412
100,5,1.0,5,2,0.9861381179821416,0.00828535810963126,0.9861419655135937,0.008289506446405892,2.0336
100,5,1.0,5,5,0.9854107927336526,0.010310007646572337,0.9854120385062943,0.010322775516687843,2.0028
100,5,1.0,5,10,0.9774046951193688,0.011961399787879131,0.977398709404422,0.011979875331650174,1.9496
100,5,1.0,10,1,0.986870100023113,0.008505973021433973,0.9868718925208929,0.008510583287231218,1.9138
100,5,1.0,10,2,0.9861381179821416,0.00828535810963126,0.9861419655135937,0.008289506446405892,1.9418
100,5,1.0,10,5,0.9854107927336526,0.010310007646572337,0.9854120385062943,0.010322775516687843,2.1834
100,5,1.0,10,10,0.9774046951193688,0.011961399787879131,0.977398709404422,0.011979875331650174,2.0534
100,5,1.0,20,1,0.9839590319569481,0.011665984495673543,0.9839574738178356,0.011684169331704075,1.9332
100,5,1.0,20,2,0.9832270499159765,0.011319411518617423,0.9832275468105364,0.011338036706774253,1.8785
100,5,1.0,20,5,0.9832268874170828,0.01083762498042044,0.9832275468105364,0.010857955960698266,2.1231
100,5,1.0,20,10,0.9774046951193688,0.011961399787879131,0.977398709404422,0.011979875331650174,2.7624
100,10,sqrt,2,1,0.9934346476147363,0.008285916519746285,0.9934306569343067,0.008290377147153674,2.8005
100,10,sqrt,2,2,0.9941640244159243,0.008507746371152102,0.9941605839416059,0.008512338532620867,2.8943
100,10,sqrt,2,5,0.9905200452912162,0.008022830276266919,0.9905215275573893,0.00802252515789938,2.6895
100,10,sqrt,2,10,0.9876019195651906,0.009814975606305181,0.9876018195281923,0.009817855632479977,2.7793
100,10,sqrt,5,1,0.9941640244159243,0.008507746371152102,0.9941605839416059,0.008512338532620867,2.6324
100,10,sqrt,5,2,0.9941640244159243,0.008507746371152102,0.9941605839416059,0.008512338532620867,2.7084
100,10,sqrt,5,5,0.9905200452912162,0.008022830276266919,0.9905215275573893,0.00802252515789938,2.8772
100,10,sqrt,5,10,0.9876019195651906,0.009814975606305181,0.9876018195281923,0.009817855632479977,3.1748
100,10,sqrt,10,1,0.993433466563699,0.008286021102929987,0.9934306569343067,0.008290377147153674,3.1479
100,10,sqrt,10,2,0.993433466563699,0.008286021102929987,0.9934306569343067,0.008290377147153674,2.9003
100,10,sqrt,10,5,0.9905200452912162,0.008022830276266919,0.9905215275573893,0.00802252515789938,2.8122
100,10,sqrt,10,10,0.9876019195651906,0.009814975606305181,0.9876018195281923,0.009817855632479977,2.7723
100,10,sqrt,20,1,0.9905182397463899,0.009256811580500368,0.9905162382312493,0.009262999509786348,3.0986
100,10,sqrt,20,2,0.9897888629452017,0.008754708640101435,0.98978631122395,0.008760901389158486,2.8789
100,10,sqrt,20,5,0.9897862577054184,0.009344778655545678,0.9897863112239502,0.009349292051821704,2.7907
100,10,sqrt,20,10,0.9876019195651906,0.009814975606305181,0.9876018195281923,0.009817855632479977,2.8831
100,10,log2,2,1,0.9934346476147363,0.008285916519746285,0.9934306569343067,0.008290377147153674,2.8852
100,10,log2,2,2,0.9941640244159243,0.008507746371152102,0.9941605839416059,0.008512338532620867,3.2056
100,10,log2,2,5,0.9905200452912162,0.008022830276266919,0.9905215275573893,0.00802252515789938,2.9633
100,10,log2,2,10,0.9876019195651906,0.009814975606305181,0.9876018195281923,0.009817855632479977,2.4829
100,10,log2,5,1,0.9941640244159243,0.008507746371152102,0.9941605839416059,0.008512338532620867,2.5256
100,10,log2,5,2,0.9941640244159243,0.008507746371152102,0.9941605839416059,0.008512338532620867,2.747
100,10,log2,5,5,0.9905200452912162,0.008022830276266919,0.9905215275573893,0.00802252515789938,2.6123
100,10,log2,5,10,0.9876019195651906,0.009814975606305181,0.9876018195281923,0.009817855632479977,2.5412
100,10,log2,10,1,0.993433466563699,0.008286021102929987,0.9934306569343067,0.008290377147153674,2.6071
100,10,log2,10,2,0.993433466563699,0.008286021102929987,0.9934306569343067,0.008290377147153674,2.6576
100,10,log2,10,5,0.9905200452912162,0.008022830276266919,0.9905215275573893,0.00802252515789938,2.6822
100,10,log2,10,10,0.9876019195651906,0.009814975606305181,0.9876018195281923,0.009817855632479977,2.6246
100,10,log2,20,1,0.9905182397463899,0.009256811580500368,0.9905162382312493,0.009262999509786348,2.4622
100,10,log2,20,2,0.9897888629452017,0.008754708640101435,0.98978631122395,0.008760901389158486,3.2984
100,10,log2,20,5,0.9897862577054184,0.009344778655545678,0.9897863112239502,0.009349292051821704,3.6244
100,10,log2,20,10,0.9876019195651906,0.009814975606305181,0.9876018195281923,0.009817855632479977,3.3727
100,10,0.5,2,1,0.9934346476147363,0.008285916519746285,0.9934306569343067,0.008290377147153674,3.3353
100,10,0.5,2,2,0.9941640244159243,0.008507746371152102,0.9941605839416059,0.008512338532620867,3.0934
100,10,0.5,2,5,0.9905200452912162,0.008022830276266919,0.9905215275573893,0.00802252515789938,3.4018
100,10,0.5,2,10,0.9876019195651906,0.009814975606305181,0.9876018195281923,0.009817855632479977,3.1974
100,10,0.5,5,1,0.9941640244159243,0.008507746371152102,0.9941605839416059,0.008512338532620867,2.8241
100,10,0.5,5,2,0.9941640244159243,0.008507746371152102,0.9941605839416059,0.008512338532620867,2.7064
100,10,0.5,5,5,0.9905200452912162,0.008022830276266919,0.9905215275573893,0.00802252515789938,2.872
100,10,0.5,5,10,0.9876019195651906,0.009814975606305181,0.9876018195281923,0.009817855632479977,3.0978
100,10,0.5,10,1,0.993433466563699,0.008286021102929987,0.9934306569343067,0.008290377147153674,3.5405
100,10,0.5,10,2,0.993433466563699,0.008286021102929987,0.9934306569343067,0.008290377147153674,3.5627
100,10,0.5,10,5,0.9905200452912162,0.008022830276266919,0.9905215275573893,0.00802252515789938,3.5188
100,10,0.5,10,10,0.9876019195651906,0.009814975606305181,0.9876018195281923,0.009817855632479977,3.1879
100,10,0.5,20,1,0.9905182397463899,0.009256811580500368,0.9905162382312493,0.009262999509786348,3.4229
100,10,0.5,20,2,0.9897888629452017,0.008754708640101435,0.98978631122395,0.008760901389158486,3.0704
100,10,0.5,20,5,0.9897862577054184,0.009344778655545678,0.9897863112239502,0.009349292051821704,2.7913
100,10,0.5,20,10,0.9876019195651906,0.009814975606305181,0.9876018195281923,0.009817855632479977,2.7671
100,10,1.0,2,1,0.9905234246341154,0.00802006201198953,0.9905162382312493,0.008030655171211588,2.8621
100,10,1.0,2,2,0.9912517010230812,0.007143299739004147,0.9912461652385485,0.007152892067918118,3.0367
100,10,1.0,2,5,0.9876055529423484,0.011774763862965042,0.9875965302020523,0.011794633953319108,3.5488
100,10,1.0,2,10,0.9795928631796842,0.011210086635532916,0.9795832011001797,0.011224443595411162,3.1964
100,10,1.0,5,1,0.9912517010230812,0.007143299739004147,0.9912461652385485,0.007152892067918118,3.7239
100,10,1.0,5,2,0.9912517010230812,0.007143299739004147,0.9912461652385485,0.007152892067918118,3.0881
100,10,1.0,5,5,0.9876055529423484,0.011774763862965042,0.9875965302020523,0.011794633953319108,3.7183
100,10,1.0,5,10,0.9795928631796842,0.011210086635532916,0.9795832011001797,0.011224443595411162,3.4388
100,10,1.0,10,1,0.9905249331035938,0.007321673661159674,0.9905215275573891,0.007328372342439427,3.3374
100,10,1.0,10,2,0.991254229265967,0.007135874331482448,0.9912514545646884,0.007143222712579192,3.2564
100,10,1.0,10,5,0.9876055529423484,0.011774763862965042,0.9875965302020523,0.011794633953319108,3.0184
100,10,1.0,10,10,0.9795928631796842,0.011210086635532916,0.9795832011001797,0.011224443595411162,3.3275
100,10,1.0,20,1,0.9883400632262054,0.00987352226232191,0.9883317465354914,0.009898142565157053,3.6179
100,10,1.0,20,2,0.9890758571442781,0.009901240482669254,0.9890669628689304,0.009926193857315756,3.5798
100,10,1.0,20,5,0.985417290489352,0.010314615462546863,0.9854173278324341,0.010326521713180232,3.4032
100,10,1.0,20,10,0.9795928631796842,0.011210086635532916,0.9795832011001797,0.011224443595411162,3.1529
100,20,sqrt,2,1,0.9934346476147363,0.008285916519746285,0.9934306569343067,0.008290377147153674,4.1084
100,20,sqrt,2,2,0.9941640244159243,0.008507746371152102,0.9941605839416059,0.008512338532620867,3.0458
100,20,sqrt,2,5,0.9905200452912162,0.008022830276266919,0.9905215275573893,0.00802252515789938,3.1558
100,20,sqrt,2,10,0.9876019195651906,0.009814975606305181,0.9876018195281923,0.009817855632479977,3.3925
100,20,sqrt,5,1,0.9941640244159243,0.008507746371152102,0.9941605839416059,0.008512338532620867,3.4142
100,20,sqrt,5,2,0.9941640244159243,0.008507746371152102,0.9941605839416059,0.008512338532620867,3.5164
100,20,sqrt,5,5,0.9905200452912162,0.008022830276266919,0.9905215275573893,0.00802252515789938,2.3443
100,20,sqrt,5,10,0.9876019195651906,0.009814975606305181,0.9876018195281923,0.009817855632479977,1.9387
100,20,sqrt,10,1,0.993433466563699,0.008286021102929987,0.9934306569343067,0.008290377147153674,1.9864
100,20,sqrt,10,2,0.993433466563699,0.008286021102929987,0.9934306569343067,0.008290377147153674,2.0057
100,20,sqrt,10,5,0.9905200452912162,0.008022830276266919,0.9905215275573893,0.00802252515789938,1.9765
100,20,sqrt,10,10,0.9876019195651906,0.009814975606305181,0.9876018195281923,0.009817855632479977,2.0546
100,20,sqrt,20,1,0.9905182397463899,0.009256811580500368,0.9905162382312493,0.009262999509786348,2.0827
100,20,sqrt,20,2,0.9897888629452017,0.008754708640101435,0.98978631122395,0.008760901389158486,2.0125
100,20,sqrt,20,5,0.9897862577054184,0.009344778655545678,0.9897863112239502,0.009349292051821704,1.9428
100,20,sqrt,20,10,0.9876019195651906,0.009814975606305181,0.9876018195281923,0.009817855632479977,1.9828
100,20,log2,2,1,0.9934346476147363,0.008285916519746285,0.9934306569343067,0.008290377147153674,2.0004
100,20,log2,2,2,0.9941640244159243,0.008507746371152102,0.9941605839416059,0.008512338532620867,2.0215
100,20,log2,2,5,0.9905200452912162,0.008022830276266919,0.9905215275573893,0.00802252515789938,2.0697
100,20,log2,2,10,0.9876019195651906,0.009814975606305181,0.9876018195281923,0.009817855632479977,2.1456
100,20,log2,5,1,0.9941640244159243,0.008507746371152102,0.9941605839416059,0.008512338532620867,2.002
100,20,log2,5,2,0.9941640244159243,0.008507746371152102,0.9941605839416059,0.008512338532620867,1.818
100,20,log2,5,5,0.9905200452912162,0.008022830276266919,0.9905215275573893,0.00802252515789938,1.6952
100,20,log2,5,10,0.9876019195651906,0.009814975606305181,0.9876018195281923,0.009817855632479977,1.647
100,20,log2,10,1,0.993433466563699,0.008286021102929987,0.9934306569343067,0.008290377147153674,1.6436
100,20,log2,10,2,0.993433466563699,0.008286021102929987,0.9934306569343067,0.008290377147153674,1.6468
100,20,log2,10,5,0.9905200452912162,0.008022830276266919,0.9905215275573893,0.00802252515789938,1.6494
100,20,log2,10,10,0.9876019195651906,0.009814975606305181,0.9876018195281923,0.009817855632479977,1.622
100,20,log2,20,1,0.9905182397463899,0.009256811580500368,0.9905162382312493,0.009262999509786348,1.7385
100,20,log2,20,2,0.9897888629452017,0.008754708640101435,0.98978631122395,0.008760901389158486,1.711
100,20,log2,20,5,0.9897862577054184,0.009344778655545678,0.9897863112239502,0.009349292051821704,1.609
100,20,log2,20,10,0.9876019195651906,0.009814975606305181,0.9876018195281923,0.009817855632479977,1.6013
100,20,0.5,2,1,0.9934346476147363,0.008285916519746285,0.9934306569343067,0.008290377147153674,1.6377
100,20,0.5,2,2,0.9941640244159243,0.008507746371152102,0.9941605839416059,0.008512338532620867,1.6154
100,20,0.5,2,5,0.9905200452912162,0.008022830276266919,0.9905215275573893,0.00802252515789938,1.6237
100,20,0.5,2,10,0.9876019195651906,0.009814975606305181,0.9876018195281923,0.009817855632479977,1.5953
100,20,0.5,5,1,0.9941640244159243,0.008507746371152102,0.9941605839416059,0.008512338532620867,1.5957
100,20,0.5,5,2,0.9941640244159243,0.008507746371152102,0.9941605839416059,0.008512338532620867,1.6508
100,20,0.5,5,5,0.9905200452912162,0.008022830276266919,0.9905215275573893,0.00802252515789938,1.7722
100,20,0.5,5,10,0.9876019195651906,0.009814975606305181,0.9876018195281923,0.009817855632479977,1.6292
100,20,0.5,10,1,0.993433466563699,0.008286021102929987,0.9934306569343067,0.008290377147153674,1.6401
100,20,0.5,10,2,0.993433466563699,0.008286021102929987,0.9934306569343067,0.008290377147153674,1.6085
100,20,0.5,10,5,0.9905200452912162,0.008022830276266919,0.9905215275573893,0.00802252515789938,1.6487
100,20,0.5,10,10,0.9876019195651906,0.009814975606305181,0.9876018195281923,0.009817855632479977,1.644
100,20,0.5,20,1,0.9905182397463899,0.009256811580500368,0.9905162382312493,0.009262999509786348,1.6877
100,20,0.5,20,2,0.9897888629452017,0.008754708640101435,0.98978631122395,0.008760901389158486,1.9449
100,20,0.5,20,5,0.9897862577054184,0.009344778655545678,0.9897863112239502,0.009349292051821704,2.034
100,20,0.5,20,10,0.9876019195651906,0.009814975606305181,0.9876018195281923,0.009817855632479977,2.08
100,20,1.0,2,1,0.9905234246341154,0.00802006201198953,0.9905162382312493,0.008030655171211588,2.1199
100,20,1.0,2,2,0.9912517010230812,0.007143299739004147,0.9912461652385485,0.007152892067918118,2.0011
100,20,1.0,2,5,0.9876055529423484,0.011774763862965042,0.9875965302020523,0.011794633953319108,2.0064
100,20,1.0,2,10,0.9795928631796842,0.011210086635532916,0.9795832011001797,0.011224443595411162,2.072
100,20,1.0,5,1,0.9912517010230812,0.007143299739004147,0.9912461652385485,0.007152892067918118,2.1731
100,20,1.0,5,2,0.9912517010230812,0.007143299739004147,0.9912461652385485,0.007152892067918118,2.1004
100,20,1.0,5,5,0.9876055529423484,0.011774763862965042,0.9875965302020523,0.011794633953319108,1.9919
100,20,1.0,5,10,0.9795928631796842,0.011210086635532916,0.9795832011001797,0.011224443595411162,2.2808
100,20,1.0,10,1,0.9905249331035938,0.007321673661159674,0.9905215275573891,0.007328372342439427,2.2039
100,20,1.0,10,2,0.991254229265967,0.007135874331482448,0.9912514545646884,0.007143222712579192,2.1139
100,20,1.0,10,5,0.9876055529423484,0.011774763862965042,0.9875965302020523,0.011794633953319108,2.1471
100,20,1.0,10,10,0.9795928631796842,0.011210086635532916,0.9795832011001797,0.011224443595411162,2.2265
100,20,1.0,20,1,0.9883400632262054,0.00987352226232191,0.9883317465354914,0.009898142565157053,2.1673
100,20,1.0,20,2,0.9890758571442781,0.009901240482669254,0.9890669628689304,0.009926193857315756,2.164
100,20,1.0,20,5,0.985417290489352,0.010314615462546863,0.9854173278324341,0.010326521713180232,2.2055
100,20,1.0,20,10,0.9795928631796842,0.011210086635532916,0.9795832011001797,0.011224443595411162,2.2295
200,,sqrt,2,1,0.9941640244159243,0.008507746371152102,0.9941605839416059,0.008512338532620867,4.1117
200,,sqrt,2,2,0.9941640244159243,0.008507746371152102,0.9941605839416059,0.008512338532620867,4.1536
200,,sqrt,2,5,0.9905200452912162,0.008022830276266919,0.9905215275573893,0.00802252515789938,3.9566
200,,sqrt,2,10,0.9861441062067415,0.008905759355104775,0.9861419655135937,0.008909084456031505,4.5804
200,,sqrt,5,1,0.9941640244159243,0.008507746371152102,0.9941605839416059,0.008512338532620867,4.367
200,,sqrt,5,2,0.9941640244159243,0.008507746371152102,0.9941605839416059,0.008512338532620867,4.6891
200,,sqrt,5,5,0.9905200452912162,0.008022830276266919,0.9905215275573893,0.00802252515789938,4.6476
200,,sqrt,5,10,0.9861441062067415,0.008905759355104775,0.9861419655135937,0.008909084456031505,4.9601
200,,sqrt,10,1,0.993433466563699,0.008286021102929987,0.9934306569343067,0.008290377147153674,4.4115
200,,sqrt,10,2,0.9927081720528633,0.007991700291683885,0.9927060192531473,0.007995965489603067,4.2432
200,,sqrt,10,5,0.9905200452912162,0.008022830276266919,0.9905215275573893,0.00802252515789938,4.8655
200,,sqrt,10,10,0.9861441062067415,0.008905759355104775,0.9861419655135937,0.008909084456031505,4.3534
200,,sqrt,20,1,0.9912476165475779,0.009678234181113923,0.9912461652385487,0.009684386393265984,4.2483
200,,sqrt,20,2,0.9912487169598002,0.009111287013142491,0.9912461652385487,0.009117646137813091,4.4312
200,,sqrt,20,5,0.9897862577054184,0.009344778655545678,0.9897863112239502,0.009349292051821704,4.7335
200,,sqrt,20,10,0.9861441062067415,0.008905759355104775,0.9861419655135937,0.008909084456031505,3.8195
200,,log2,2,1,0.9941640244159243,0.008507746371152102,0.9941605839416059,0.008512338532620867,3.3975
200,,log2,2,2,0.9941640244159243,0.008507746371152102,0.9941605839416059,0.008512338532620867,3.4332
200,,log2,2,5,0.9905200452912162,0.008022830276266919,0.9905215275573893,0.00802252515789938,3.3901
200,,log2,2,10,0.9861441062067415,0.008905759355104775,0.9861419655135937,0.008909084456031505,3.3412
200,,log2,5,1,0.9941640244159243,0.008507746371152102,0.9941605839416059,0.008512338532620867,3.4172
200,,log2,5,2,0.9941640244159243,0.008507746371152102,0.9941605839416059,0.008512338532620867,3.3339
200,,log2,5,5,0.9905200452912162,0.008022830276266919,0.9905215275573893,0.00802252515789938,3.5098
200,,log2,5,10,0.9861441062067415,0.008905759355104775,0.9861419655135937,0.008909084456031505,3.5068
200,,log2,10,1,0.993433466563699,0.008286021102929987,0.9934306569343067,0.008290377147153674,3.3808
200,,log2,10,2,0.9927081720528633,0.007991700291683885,0.9927060192531473,0.007995965489603067,3.3328
200,,log2,10,5,0.9905200452912162,0.008022830276266919,0.9905215275573893,0.00802252515789938,3.2209
200,,log2,10,10,0.9861441062067415,0.008905759355104775,0.9861419655135937,0.008909084456031505,3.342
200,,log2,20,1,0.9912476165475779,0.009678234181113923,0.9912461652385487,0.009684386393265984,3.2174
200,,log2,20,2,0.9912487169598002,0.009111287013142491,0.9912461652385487,0.009117646137813091,3.2198
200,,log2,20,5,0.9897862577054184,0.009344778655545678,0.9897863112239502,0.009349292051821704,3.2061
200,,log2,20,10,0.9861441062067415,0.008905759355104775,0.9861419655135937,0.008909084456031505,3.1702
200,,0.5,2,1,0.9941640244159243,0.008507746371152102,0.9941605839416059,0.008512338532620867,3.3922
200,,0.5,2,2,0.9941640244159243,0.008507746371152102,0.9941605839416059,0.008512338532620867,3.2326
200,,0.5,2,5,0.9905200452912162,0.008022830276266919,0.9905215275573893,0.00802252515789938,3.2054
200,,0.5,2,10,0.9861441062067415,0.008905759355104775,0.9861419655135937,0.008909084456031505,3.1666
200,,0.5,5,1,0.9941640244159243,0.008507746371152102,0.9941605839416059,0.008512338532620867,3.2266
200,,0.5,5,2,0.9941640244159243,0.008507746371152102,0.9941605839416059,0.008512338532620867,4.3293
200,,0.5,5,5,0.9905200452912162,0.008022830276266919,0.9905215275573893,0.00802252515789938,4.0631
200,,0.5,5,10,0.9861441062067415,0.008905759355104775,0.9861419655135937,0.008909084456031505,4.2489
200,,0.5,10,1,0.993433466563699,0.008286021102929987,0.9934306569343067,0.008290377147153674,4.203
200,,0.5,10,2,0.9927081720528633,0.007991700291683885,0.9927060192531473,0.007995965489603067,4.2362
200,,0.5,10,5,0.9905200452912162,0.008022830276266919,0.9905215275573893,0.00802252515789938,3.997
200,,0.5,10,10,0.9861441062067415,0.008905759355104775,0.9861419655135937,0.008909084456031505,4.1636
200,,0.5,20,1,0.9912476165475779,0.009678234181113923,0.9912461652385487,0.009684386393265984,4.1856
200,,0.5,20,2,0.9912487169598002,0.009111287013142491,0.9912461652385487,0.009117646137813091,4.0899
200,,0.5,20,5,0.9897862577054184,0.009344778655545678,0.9897863112239502,0.009349292051821704,3.8082
200,,0.5,20,10,0.9861441062067415,0.008905759355104775,0.9861419655135937,0.008909084456031505,4.1883
200,,1.0,2,1,0.9912517010230812,0.007143299739004147,0.9912461652385485,0.007152892067918118,4.3664
200,,1.0,2,2,0.9912517010230812,0.007143299739004147,0.9912461652385485,0.007152892067918118,4.3692
200,,1.0,2,5,0.9883309015362711,0.010907125878186085,0.9883264572093516,0.010926678878659704,4.2537
200,,1.0,2,10,0.9803196310991718,0.011788809259864856,0.9803078387813393,0.011802525357390896,4.8014
200,,1.0,5,1,0.9912517010230812,0.007143299739004147,0.9912461652385485,0.007152892067918118,5.3473
200,,1.0,5,2,0.9912517010230812,0.007143299739004147,0.9912461652385485,0.007152892067918118,4.6791
200,,1.0,5,5,0.9883309015362711,0.010907125878186085,0.9883264572093516,0.010926678878659704,5.286
200,,1.0,5,10,0.9803196310991718,0.011788809259864856,0.9803078387813393,0.011802525357390896,5.6188
200,,1.0,10,1,0.9912517010230812,0.007143299739004147,0.9912461652385485,0.007152892067918118,5.1223
200,,1.0,10,2,0.991254229265967,0.007135874331482448,0.9912514545646884,0.007143222712579192,4.8001
200,,1.0,10,5,0.9883309015362711,0.010907125878186085,0.9883264572093516,0.010926678878659704,5.0266
200,,1.0,10,10,0.9803196310991718,0.011788809259864856,0.9803078387813393,0.011802525357390896,5.1197
200,,1.0,20,1,0.9890658430153264,0.00936106434582719,0.9890616735427906,0.009372017267827763,4.7623
200,,1.0,20,2,0.9890680976987266,0.010924510717666296,0.9890616735427906,0.010945424332914363,4.935
200,,1.0,20,5,0.9861440584088396,0.010546812774171408,0.9861419655135937,0.010559037140969315,5.3322
200,,1.0,20,10,0.9803196310991718,0.011788809259864856,0.9803078387813393,0.011802525357390896,4.9499
200,5,sqrt,2,1,0.9839711888902395,0.007853859883833646,0.9839574738178356,0.007869481046044435,4.9147
200,5,sqrt,2,2,0.9846984594364294,0.0068840273560831795,0.984687400825135,0.006893485637212995,6.44
200,5,sqrt,2,5,0.9832393693481618,0.0080255687132363,0.9832275468105364,0.00803839934601263,5.2664
200,5,sqrt,2,10,0.9810618659858882,0.006674912114712091,0.9810483444409183,0.00669011107566125,6.0428
200,5,sqrt,5,1,0.9846942511578286,0.008284983519249415,0.984682111498995,0.008300643170356087,5.9345
200,5,sqrt,5,2,0.9846984594364294,0.0068840273560831795,0.984687400825135,0.006893485637212995,5.8145
200,5,sqrt,5,5,0.9832393693481618,0.0080255687132363,0.9832275468105364,0.00803839934601263,6.2003
200,5,sqrt,5,10,0.9810618659858882,0.006674912114712091,0.9810483444409183,0.00669011107566125,5.5639
200,5,sqrt,10,1,0.9839711888902395,0.007853859883833646,0.9839574738178356,0.007869481046044435,4.3681
200,5,sqrt,10,2,0.9839711888902395,0.007853859883833646,0.9839574738178356,0.007869481046044435,4.4798
200,5,sqrt,10,5,0.9832393693481618,0.0080255687132363,0.9832275468105364,0.00803839934601263,4.4681
200,5,sqrt,10,10,0.9810618659858882,0.006674912114712091,0.9810483444409183,0.00669011107566125,4.5706
200,5,sqrt,20,1,0.9832488900047144,0.008008025275297145,0.9832328361366762,0.008025495789528258,4.3476
200,5,sqrt,20,2,0.9825170704626368,0.008111591830614242,0.982502909129377,0.008126367549630616,4.7399
200,5,sqrt,20,5,0.9825170704626368,0.008111591830614242,0.982502909129377,0.008126367549630616,4.7013
200,5,sqrt,20,10,0.9810618659858882,0.006674912114712091,0.9810483444409183,0.00669011107566125,4.3319
200,5,log2,2,1,0.9839711888902395,0.007853859883833646,0.9839574738178356,0.007869481046044435,4.4986
200,5,log2,2,2,0.9846984594364294,0.0068840273560831795,0.984687400825135,0.006893485637212995,4.2516
200,5,log2,2,5,0.9832393693481618,0.0080255687132363,0.9832275468105364,0.00803839934601263,3.4917
200,5,log2,2,10,0.9810618659858882,0.006674912114712091,0.9810483444409183,0.00669011107566125,3.4215
200,5,log2,5,1,0.9846942511578286,0.008284983519249415,0.984682111498995,0.008300643170356087,3.4242
200,5,log2,5,2,0.9846984594364294,0.0068840273560831795,0.984687400825135,0.006893485637212995,3.4181
200,5,log2,5,5,0.9832393693481618,0.0080255687132363,0.9832275468105364,0.00803839934601263,3.4656
200,5,log2,5,10,0.9810618659858882,0.006674912114712091,0.9810483444409183,0.00669011107566125,3.3001
200,5,log2,10,1,0.9839711888902395,0.007853859883833646,0.9839574738178356,0.007869481046044435,3.3358
200,5,log2,10,2,0.9839711888902395,0.007853859883833646,0.9839574738178356,0.007869481046044435,3.5281
200,5,log2,10,5,0.9832393693481618,0.0080255687132363,0.9832275468105364,0.00803839934601263,3.2386
200,5,log2,10,10,0.9810618659858882,0.006674912114712091,0.9810483444409183,0.00669011107566125,3.3092
200,5,log2,20,1,0.9832488900047144,0.008008025275297145,0.9832328361366762,0.008025495789528258,3.297
200,5,log2,20,2,0.9825170704626368,0.008111591830614242,0.982502909129377,0.008126367549630616,3.5308
200,5,log2,20,5,0.9825170704626368,0.008111591830614242,0.982502909129377,0.008126367549630616,4.766
200,5,log2,20,10,0.9810618659858882,0.006674912114712091,0.9810483444409183,0.00669011107566125,4.6463
200,5,0.5,2,1,0.9839711888902395,0.007853859883833646,0.9839574738178356,0.007869481046044435,4.292
200,5,0.5,2,2,0.9846984594364294,0.0068840273560831795,0.984687400825135,0.006893485637212995,4.5358
200,5,0.5,2,5,0.9832393693481618,0.0080255687132363,0.9832275468105364,0.00803839934601263,4.4976
200,5,0.5,2,10,0.9810618659858882,0.006674912114712091,0.9810483444409183,0.00669011107566125,4.3158
200,5,0.5,5,1,0.9846942511578286,0.008284983519249415,0.984682111498995,0.008300643170356087,4.4834
200,5,0.5,5,2,0.9846984594364294,0.0068840273560831795,0.984687400825135,0.006893485637212995,4.5998
200,5,0.5,5,5,0.9832393693481618,0.0080255687132363,0.9832275468105364,0.00803839934601263,4.2423
200,5,0.5,5,10,0.9810618659858882,0.006674912114712091,0.9810483444409183,0.00669011107566125,4.6807
200,5,0.5,10,1,0.9839711888902395,0.007853859883833646,0.9839574738178356,0.007869481046044435,4.4231
200,5,0.5,10,2,0.9839711888902395,0.007853859883833646,0.9839574738178356,0.007869481046044435,4.6458
200,5,0.5,10,5,0.9832393693481618,0.0080255687132363,0.9832275468105364,0.00803839934601263,4.3549
200,5,0.5,10,10,0.9810618659858882,0.006674912114712091,0.9810483444409183,0.00669011107566125,4.8122
200,5,0.5,20,1,0.9832488900047144,0.008008025275297145,0.9832328361366762,0.008025495789528258,4.3766
200,5,0.5,20,2,0.9825170704626368,0.008111591830614242,0.982502909129377,0.008126367549630616,4.5192
200,5,0.5,20,5,0.9825170704626368,0.008111591830614242,0.982502909129377,0.008126367549630616,4.3409
200,5,0.5,20,10,0.9810618659858882,0.006674912114712091,0.9810483444409183,0.00669011107566125,4.8908
200,5,1.0,2,1,0.9861367744322104,0.01003683713039911,0.9861419655135937,0.0100341179624368,5.3516
200,5,1.0,2,2,0.9861340885536121,0.010037037134484958,0.9861419655135937,0.0100341179624368,5.0737
200,5,1.0,2,5,0.9839509475136087,0.011660904981633973,0.9839521844916957,0.01168019748801713,4.6812
200,5,1.0,2,10,0.9781331781279354,0.012206639900254172,0.9781233470855814,0.012226725578089135,5.6376
200,5,1.0,5,1,0.9861367744322104,0.01003683713039911,0.9861419655135937,0.0100341179624368,5.1173
200,5,1.0,5,2,0.9861340885536121,0.010037037134484958,0.9861419655135937,0.0100341179624368,5.1716
200,5,1.0,5,5,0.9839509475136087,0.011660904981633973,0.9839521844916957,0.01168019748801713,5.6465
200,5,1.0,5,10,0.9781331781279354,0.012206639900254172,0.9781233470855814,0.012226725578089135,5.6718
200,5,1.0,10,1,0.9861367744322104,0.01003683713039911,0.9861419655135937,0.0100341179624368,4.9157
200,5,1.0,10,2,0.9861340885536121,0.010037037134484958,0.9861419655135937,0.0100341179624368,5.4994
200,5,1.0,10,5,0.9839509475136087,0.011660904981633973,0.9839521844916957,0.01168019748801713,5.0837
200,5,1.0,10,10,0.9781331781279354,0.012206639900254172,0.9781233470855814,0.012226725578089135,5.25
200,5,1.0,20,1,0.9839495842725732,0.012119908097303797,0.9839521844916957,0.012127773170651692,5.5473
200,5,1.0,20,2,0.9846777577609501,0.010546542716655075,0.984682111498995,0.010553211766083032,5.1712
200,5,1.0,20,5,0.9832268874170828,0.01083762498042044,0.9832275468105364,0.010857955960698266,4.736
200,5,1.0,20,10,0.9781331781279354,0.012206639900254172,0.9781233470855814,0.012226725578089135,5.7034
200,10,sqrt,2,1,0.9941640244159243,0.008507746371152102,0.9941605839416059,0.008512338532620867,5.3486
200,10,sqrt,2,2,0.9941640244159243,0.008507746371152102,0.9941605839416059,0.008512338532620867,4.862
200,10,sqrt,2,5,0.9905200452912162,0.008022830276266919,0.9905215275573893,0.00802252515789938,6.1356
200,10,sqrt,2,10,0.9861441062067415,0.008905759355104775,0.9861419655135937,0.008909084456031505,5.3018
200,10,sqrt,5,1,0.9941640244159243,0.008507746371152102,0.9941605839416059,0.008512338532620867,5.6321
200,10,sqrt,5,2,0.9941640244159243,0.008507746371152102,0.9941605839416059,0.008512338532620867,5.8849
200,10,sqrt,5,5,0.9905200452912162,0.008022830276266919,0.9905215275573893,0.00802252515789938,5.4686
200,10,sqrt,5,10,0.9861441062067415,0.008905759355104775,0.9861419655135937,0.008909084456031505,5.6192
200,10,sqrt,10,1,0.993433466563699,0.008286021102929987,0.9934306569343067,0.008290377147153674,5.469
200,10,sqrt,10,2,0.9927081720528633,0.007991700291683885,0.9927060192531473,0.007995965489603067,4.535
200,10,sqrt,10,5,0.9905200452912162,0.008022830276266919,0.9905215275573893,0.00802252515789938,4.5807
200,10,sqrt,10,10,0.9861441062067415,0.008905759355104775,0.9861419655135937,0.008909084456031505,4.5311
200,10,sqrt,20,1,0.9912476165475779,0.009678234181113923,0.9912461652385487,0.009684386393265984,4.2248
200,10,sqrt,20,2,0.9912487169598002,0.009111287013142491,0.9912461652385487,0.009117646137813091,4.2799
200,10,sqrt,20,5,0.9897862577054184,0.009344778655545678,0.9897863112239502,0.009349292051821704,4.8758
200,10,sqrt,20,10,0.9861441062067415,0.008905759355104775,0.9861419655135937,0.008909084456031505,4.4937
200,10,log2,2,1,0.9941640244159243,0.008507746371152102,0.9941605839416059,0.008512338532620867,4.4029
200,10,log2,2,2,0.9941640244159243,0.008507746371152102,0.9941605839416059,0.008512338532620867,4.2785
200,10,log2,2,5,0.9905200452912162,0.008022830276266919,0.9905215275573893,0.00802252515789938,4.3714
200,10,log2,2,10,0.9861441062067415,0.008905759355104775,0.9861419655135937,0.008909084456031505,4.1843
200,10,log2,5,1,0.9941640244159243,0.008507746371152102,0.9941605839416059,0.008512338532620867,3.7892
200,10,log2,5,2,0.9941640244159243,0.008507746371152102,0.9941605839416059,0.008512338532620867,3.6167
200,10,log2,5,5,0.9905200452912162,0.008022830276266919,0.9905215275573893,0.00802252515789938,3.7247
200,10,log2,5,10,0.9861441062067415,0.008905759355104775,0.9861419655135937,0.008909084456031505,3.5289
200,10,log2,10,1,0.993433466563699,0.008286021102929987,0.9934306569343067,0.008290377147153674,3.6678
200,10,log2,10,2,0.9927081720528633,0.007991700291683885,0.9927060192531473,0.007995965489603067,3.7694
200,10,log2,10,5,0.9905200452912162,0.008022830276266919,0.9905215275573893,0.00802252515789938,3.7966
200,10,log2,10,10,0.9861441062067415,0.008905759355104775,0.9861419655135937,0.008909084456031505,3.6352
200,10,log2,20,1,0.9912476165475779,0.009678234181113923,0.9912461652385487,0.009684386393265984,3.5112
200,10,log2,20,2,0.9912487169598002,0.009111287013142491,0.9912461652385487,0.009117646137813091,3.7765
200,10,log2,20,5,0.9897862577054184,0.009344778655545678,0.9897863112239502,0.009349292051821704,3.761
200,10,log2,20,10,0.9861441062067415,0.008905759355104775,0.9861419655135937,0.008909084456031505,3.768
200,10,0.5,2,1,0.9941640244159243,0.008507746371152102,0.9941605839416059,0.008512338532620867,3.5157
200,10,0.5,2,2,0.9941640244159243,0.008507746371152102,0.9941605839416059,0.008512338532620867,3.4067
200,10,0.5,2,5,0.9905200452912162,0.008022830276266919,0.9905215275573893,0.00802252515789938,3.4181
200,10,0.5,2,10,0.9861441062067415,0.008905759355104775,0.9861419655135937,0.008909084456031505,3.7794
200,10,0.5,5,1,0.9941640244159243,0.008507746371152102,0.9941605839416059,0.008512338532620867,3.5945
200,10,0.5,5,2,0.9941640244159243,0.008507746371152102,0.9941605839416059,0.008512338532620867,3.5896
200,10,0.5,5,5,0.9905200452912162,0.008022830276266919,0.9905215275573893,0.00802252515789938,3.4045
200,10,0.5,5,10,0.9861441062067415,0.008905759355104775,0.9861419655135937,0.008909084456031505,3.4524
200,10,0.5,10,1,0.993433466563699,0.008286021102929987,0.9934306569343067,0.008290377147153674,3.7223
200,10,0.5,10,2,0.9927081720528633,0.007991700291683885,0.9927060192531473,0.007995965489603067,3.5767
200,10,0.5,10,5,0.9905200452912162,0.008022830276266919,0.9905215275573893,0.00802252515789938,3.4995
200,10,0.5,10,10,0.9861441062067415,0.008905759355104775,0.9861419655135937,0.008909084456031505,3.4367
200,10,0.5,20,1,0.9912476165475779,0.009678234181113923,0.9912461652385487,0.009684386393265984,3.4876
200,10,0.5,20,2,0.9912487169598002,0.009111287013142491,0.9912461652385487,0.009117646137813091,3.5172
200,10,0.5,20,5,0.9897862577054184,0.009344778655545678,0.9897863112239502,0.009349292051821704,3.688
200,10,0.5,20,10,0.9861441062067415,0.008905759355104775,0.9861419655135937,0.008909084456031505,3.5324
200,10,1.0,2,1,0.9912517010230812,0.007143299739004147,0.9912461652385485,0.007152892067918118,3.478
200,10,1.0,2,2,0.9912517010230812,0.007143299739004147,0.9912461652385485,0.007152892067918118,3.532
200,10,1.0,2,5,0.9883309015362711,0.010907125878186085,0.9883264572093516,0.010926678878659704,4.2832
200,10,1.0,2,10,0.9803196310991718,0.011788809259864856,0.9803078387813393,0.011802525357390896,4.9498
200,10,1.0,5,1,0.9912517010230812,0.007143299739004147,0.9912461652385485,0.007152892067918118,4.9862
200,10,1.0,5,2,0.9912517010230812,0.007143299739004147,0.9912461652385485,0.007152892067918118,5.3657
200,10,1.0,5,5,0.9883309015362711,0.010907125878186085,0.9883264572093516,0.010926678878659704,4.8993
200,10,1.0,5,10,0.9803196310991718,0.011788809259864856,0.9803078387813393,0.011802525357390896,4.9573
200,10,1.0,10,1,0.9912517010230812,0.007143299739004147,0.9912461652385485,0.007152892067918118,5.3323
200,10,1.0,10,2,0.991254229265967,0.007135874331482448,0.9912514545646884,0.007143222712579192,4.7377
200,10,1.0,10,5,0.9883309015362711,0.010907125878186085,0.9883264572093516,0.010926678878659704,5.1883
200,10,1.0,10,10,0.9803196310991718,0.011788809259864856,0.9803078387813393,0.011802525357390896,5.6482
200,10,1.0,20,1,0.9890658430153264,0.00936106434582719,0.9890616735427906,0.009372017267827763,5.0804
200,10,1.0,20,2,0.9890680976987266,0.010924510717666296,0.9890616735427906,0.010945424332914363,5.0203
200,10,1.0,20,5,0.9861440584088396,0.010546812774171408,0.9861419655135937,0.010559037140969315,5.6327
200,10,1.0,20,10,0.9803196310991718,0.011788809259864856,0.9803078387813393,0.011802525357390896,5.0748
200,20,sqrt,2,1,0.9941640244159243,0.008507746371152102,0.9941605839416059,0.008512338532620867,5.0317
200,20,sqrt,2,2,0.9941640244159243,0.008507746371152102,0.9941605839416059,0.008512338532620867,4.8485
200,20,sqrt,2,5,0.9905200452912162,0.008022830276266919,0.9905215275573893,0.00802252515789938,4.8386
200,20,sqrt,2,10,0.9861441062067415,0.008905759355104775,0.9861419655135937,0.008909084456031505,4.8997
200,20,sqrt,5,1,0.9941640244159243,0.008507746371152102,0.9941605839416059,0.008512338532620867,5.2869
200,20,sqrt,5,2,0.9941640244159243,0.008507746371152102,0.9941605839416059,0.008512338532620867,5.2345
200,20,sqrt,5,5,0.9905200452912162,0.008022830276266919,0.9905215275573893,0.00802252515789938,5.5409
200,20,sqrt,5,10,0.9861441062067415,0.008905759355104775,0.9861419655135937,0.008909084456031505,6.5975
200,20,sqrt,10,1,0.993433466563699,0.008286021102929987,0.9934306569343067,0.008290377147153674,5.719
200,20,sqrt,10,2,0.9927081720528633,0.007991700291683885,0.9927060192531473,0.007995965489603067,5.471
200,20,sqrt,10,5,0.9905200452912162,0.008022830276266919,0.9905215275573893,0.00802252515789938,6.0372
200,20,sqrt,10,10,0.9861441062067415,0.008905759355104775,0.9861419655135937,0.008909084456031505,5.9736
200,20,sqrt,20,1,0.9912476165475779,0.009678234181113923,0.9912461652385487,0.009684386393265984,5.7298
200,20,sqrt,20,2,0.9912487169598002,0.009111287013142491,0.9912461652385487,0.009117646137813091,5.6379
200,20,sqrt,20,5,0.9897862577054184,0.009344778655545678,0.9897863112239502,0.009349292051821704,6.3794
200,20,sqrt,20,10,0.9861441062067415,0.008905759355104775,0.9861419655135937,0.008909084456031505,5.8286
200,20,log2,2,1,0.9941640244159243,0.008507746371152102,0.9941605839416059,0.008512338532620867,5.7032
200,20,log2,2,2,0.9941640244159243,0.008507746371152102,0.9941605839416059,0.008512338532620867,5.8679
200,20,log2,2,5,0.9905200452912162,0.008022830276266919,0.9905215275573893,0.00802252515789938,6.06
200,20,log2,2,10,0.9861441062067415,0.008905759355104775,0.9861419655135937,0.008909084456031505,7.1916
200,20,log2,5,1,0.9941640244159243,0.008507746371152102,0.9941605839416059,0.008512338532620867,7.0204
200,20,log2,5,2,0.9941640244159243,0.008507746371152102,0.9941605839416059,0.008512338532620867,6.7972
200,20,log2,5,5,0.9905200452912162,0.008022830276266919,0.9905215275573893,0.00802252515789938,5.7113
200,20,log2,5,10,0.9861441062067415,0.008905759355104775,0.9861419655135937,0.008909084456031505,6.3445
200,20,log2,10,1,0.993433466563699,0.008286021102929987,0.9934306569343067,0.008290377147153674,5.4767
200,20,log2,10,2,0.9927081720528633,0.007991700291683885,0.9927060192531473,0.007995965489603067,5.4199
200,20,log2,10,5,0.9905200452912162,0.008022830276266919,0.9905215275573893,0.00802252515789938,5.6472
200,20,log2,10,10,0.9861441062067415,0.008905759355104775,0.9861419655135937,0.008909084456031505,5.7181
200,20,log2,20,1,0.9912476165475779,0.009678234181113923,0.9912461652385487,0.009684386393265984,5.1262
200,20,log2,20,2,0.9912487169598002,0.009111287013142491,0.9912461652385487,0.009117646137813091,5.3738
200,20,log2,20,5,0.9897862577054184,0.009344778655545678,0.9897863112239502,0.009349292051821704,5.2912
200,20,log2,20,10,0.9861441062067415,0.008905759355104775,0.9861419655135937,0.008909084456031505,6.6822
200,20,0.5,2,1,0.9941640244159243,0.008507746371152102,0.9941605839416059,0.008512338532620867,5.9158
200,20,0.5,2,2,0.9941640244159243,0.008507746371152102,0.9941605839416059,0.008512338532620867,5.296
200,20,0.5,2,5,0.9905200452912162,0.008022830276266919,0.9905215275573893,0.00802252515789938,5.9888
200,20,0.5,2,10,0.9861441062067415,0.008905759355104775,0.9861419655135937,0.008909084456031505,5.6068
200,20,0.5,5,1,0.9941640244159243,0.008507746371152102,0.9941605839416059,0.008512338532620867,5.6405
200,20,0.5,5,2,0.9941640244159243,0.008507746371152102,0.9941605839416059,0.008512338532620867,6.4263
200,20,0.5,5,5,0.9905200452912162,0.008022830276266919,0.9905215275573893,0.00802252515789938,5.4602
200,20,0.5,5,10,0.9861441062067415,0.008905759355104775,0.9861419655135937,0.008909084456031505,4.9959
200,20,0.5,10,1,0.993433466563699,0.008286021102929987,0.9934306569343067,0.008290377147153674,6.1824
200,20,0.5,10,2,0.9927081720528633,0.007991700291683885,0.9927060192531473,0.007995965489603067,5.2962
200,20,0.5,10,5,0.9905200452912162,0.008022830276266919,0.9905215275573893,0.00802252515789938,5.5778
200,20,0.5,10,10,0.9861441062067415,0.008905759355104775,0.9861419655135937,0.008909084456031505,5.8195
200,20,0.5,20,1,0.9912476165475779,0.009678234181113923,0.9912461652385487,0.009684386393265984,5.3938
200,20,0.5,20,2,0.9912487169598002,0.009111287013142491,0.9912461652385487,0.009117646137813091,5.7622
200,20,0.5,20,5,0.9897862577054184,0.009344778655545678,0.9897863112239502,0.009349292051821704,5.695
200,20,0.5,20,10,0.9861441062067415,0.008905759355104775,0.9861419655135937,0.008909084456031505,5.3944
200,20,1.0,2,1,0.9912517010230812,0.007143299739004147,0.9912461652385485,0.007152892067918118,6.4663
200,20,1.0,2,2,0.9912517010230812,0.007143299739004147,0.9912461652385485,0.007152892067918118,5.5845
200,20,1.0,2,5,0.9883309015362711,0.010907125878186085,0.9883264572093516,0.010926678878659704,5.3689
200,20,1.0,2,10,0.9803196310991718,0.011788809259864856,0.9803078387813393,0.011802525357390896,5.8088
200,20,1.0,5,1,0.9912517010230812,0.007143299739004147,0.9912461652385485,0.007152892067918118,5.2321
200,20,1.0,5,2,0.9912517010230812,0.007143299739004147,0.9912461652385485,0.007152892067918118,5.2722
200,20,1.0,5,5,0.9883309015362711,0.010907125878186085,0.9883264572093516,0.010926678878659704,5.794
200,20,1.0,5,10,0.9803196310991718,0.011788809259864856,0.9803078387813393,0.011802525357390896,5.6755
200,20,1.0,10,1,0.9912517010230812,0.007143299739004147,0.9912461652385485,0.007152892067918118,6.0359
200,20,1.0,10,2,0.991254229265967,0.007135874331482448,0.9912514545646884,0.007143222712579192,5.949
200,20,1.0,10,5,0.9883309015362711,0.010907125878186085,0.9883264572093516,0.010926678878659704,5.6738
200,20,1.0,10,10,0.9803196310991718,0.011788809259864856,0.9803078387813393,0.011802525357390896,6.471
200,20,1.0,20,1,0.9890658430153264,0.00936106434582719,0.9890616735427906,0.009372017267827763,5.6615
200,20,1.0,20,2,0.9890680976987266,0.010924510717666296,0.9890616735427906,0.010945424332914363,5.5701
200,20,1.0,20,5,0.9861440584088396,0.010546812774171408,0.9861419655135937,0.010559037140969315,5.4698
200,20,1.0,20,10,0.9803196310991718,0.011788809259864856,0.9803078387813393,0.011802525357390896,5.3077
500,,sqrt,2,1,0.9941640244159243,0.008507746371152102,0.9941605839416059,0.008512338532620867,11.061
500,,sqrt,2,2,0.9934387299050886,0.008285566688518353,0.9934359462604465,0.008289926621556263,7.946
500,,sqrt,2,5,0.9897916087339551,0.008121353789937372,0.98979160055009,0.008122483210514052,8.441
500,,sqrt,2,10,0.9868745834201519,0.009112077142356966,0.9868718925208929,0.009115146548936923,9.0104
500,,sqrt,5,1,0.9941640244159243,0.008507746371152102,0.9941605839416059,0.008512338532620867,9.0217
500,,sqrt,5,2,0.9941640244159243,0.008507746371152102,0.9941605839416059,0.008512338532620867,8.9815
500,,sqrt,5,5,0.9897916087339551,0.008121353789937372,0.98979160055009,0.008122483210514052,9.12
500,,sqrt,5,10,0.9868745834201519,0.009112077142356966,0.9868718925208929,0.009115146548936923,9.1568
500,,sqrt,10,1,0.9941640244159243,0.008507746371152102,0.9941605839416059,0.008512338532620867,8.8761
500,,sqrt,10,2,0.9941640244159243,0.008507746371152102,0.9941605839416059,0.008512338532620867,9.0379
500,,sqrt,10,5,0.9897916087339551,0.008121353789937372,0.98979160055009,0.008122483210514052,7.5097
500,,sqrt,10,10,0.9868745834201519,0.009112077142356966,0.9868718925208929,0.009115146548936923,7.3724
500,,sqrt,20,1,0.9912487169598002,0.009111287013142491,0.9912461652385487,0.009117646137813091,7.2808
500,,sqrt,20,2,0.9912487169598002,0.009111287013142491,0.9912461652385487,0.009117646137813091,7.3115
500,,sqrt,20,5,0.9897882983615679,0.009343823086416006,0.9897863112239502,0.009349292051821704,7.1961
500,,sqrt,20,10,0.9868745834201519,0.009112077142356966,0.9868718925208929,0.009115146548936923,7.222
500,,log2,2,1,0.9941640244159243,0.008507746371152102,0.9941605839416059,0.008512338532620867,7.4199
500,,log2,2,2,0.9934387299050886,0.008285566688518353,0.9934359462604465,0.008289926621556263,9.1197
500,,log2,2,5,0.9897916087339551,0.008121353789937372,0.98979160055009,0.008122483210514052,9.0458
500,,log2,2,10,0.9868745834201519,0.009112077142356966,0.9868718925208929,0.009115146548936923,9.1508
500,,log2,5,1,0.9941640244159243,0.008507746371152102,0.9941605839416059,0.008512338532620867,8.912
500,,log2,5,2,0.9941640244159243,0.008507746371152102,0.9941605839416059,0.008512338532620867,9.1248
500,,log2,5,5,0.9897916087339551,0.008121353789937372,0.98979160055009,0.008122483210514052,8.8927
500,,log2,5,10,0.9868745834201519,0.009112077142356966,0.9868718925208929,0.009115146548936923,9.1014
500,,log2,10,1,0.9941640244159243,0.008507746371152102,0.9941605839416059,0.008512338532620867,9.1973
500,,log2,10,2,0.9941640244159243,0.008507746371152102,0.9941605839416059,0.008512338532620867,9.4595
500,,log2,10,5,0.9897916087339551,0.008121353789937372,0.98979160055009,0.008122483210514052,10.186
500,,log2,10,10,0.9868745834201519,0.009112077142356966,0.9868718925208929,0.009115146548936923,10.3489
500,,log2,20,1,0.9912487169598002,0.009111287013142491,0.9912461652385487,0.009117646137813091,10.4206
500,,log2,20,2,0.9912487169598002,0.009111287013142491,0.9912461652385487,0.009117646137813091,10.3429
500,,log2,20,5,0.9897882983615679,0.009343823086416006,0.9897863112239502,0.009349292051821704,10.1868
500,,log2,20,10,0.9868745834201519,0.009112077142356966,0.9868718925208929,0.009115146548936923,10.2053
500,,0.5,2,1,0.9941640244159243,0.008507746371152102,0.9941605839416059,0.008512338532620867,10.1771
500,,0.5,2,2,0.9934387299050886,0.008285566688518353,0.9934359462604465,0.008289926621556263,9.9527
500,,0.5,2,5,0.9897916087339551,0.008121353789937372,0.98979160055009,0.008122483210514052,10.0316
500,,0.5,2,10,0.9868745834201519,0.009112077142356966,0.9868718925208929,0.009115146548936923,10.028
500,,0.5,5,1,0.9941640244159243,0.008507746371152102,0.9941605839416059,0.008512338532620867,9.0416
500,,0.5,5,2,0.9941640244159243,0.008507746371152102,0.9941605839416059,0.008512338532620867,8.1118
500,,0.5,5,5,0.9897916087339551,0.008121353789937372,0.98979160055009,0.008122483210514052,8.1215
500,,0.5,5,10,0.9868745834201519,0.009112077142356966,0.9868718925208929,0.009115146548936923,8.22
500,,0.5,10,1,0.9941640244159243,0.008507746371152102,0.9941605839416059,0.008512338532620867,8.1565
500,,0.5,10,2,0.9941640244159243,0.008507746371152102,0.9941605839416059,0.008512338532620867,8.1809
500,,0.5,10,5,0.9897916087339551,0.008121353789937372,0.98979160055009,0.008122483210514052,8.015
500,,0.5,10,10,0.9868745834201519,0.009112077142356966,0.9868718925208929,0.009115146548936923,8.5734
500,,0.5,20,1,0.9912487169598002,0.009111287013142491,0.9912461652385487,0.009117646137813091,8.7961
500,,0.5,20,2,0.9912487169598002,0.009111287013142491,0.9912461652385487,0.009117646137813091,8.5412
500,,0.5,20,5,0.9897882983615679,0.009343823086416006,0.9897863112239502,0.009349292051821704,8.4189
500,,0.5,20,10,0.9868745834201519,0.009112077142356966,0.9868718925208929,0.009115146548936923,8.4657
500,,1.0,2,1,0.9905249331035938,0.007321673661159674,0.9905215275573891,0.007328372342439427,8.5555
500,,1.0,2,2,0.991254229265967,0.007135874331482448,0.9912514545646884,0.007143222712579192,8.7422
500,,1.0,2,5,0.9883361156577551,0.010902215647893223,0.9883317465354914,0.010921765593509528,8.5714
500,,1.0,2,10,0.9795928631796842,0.011210086635532916,0.9795832011001797,0.011224443595411162,8.6459
500,,1.0,5,1,0.9905249331035938,0.007321673661159674,0.9905215275573891,0.007328372342439427,8.8497
500,,1.0,5,2,0.991254229265967,0.007135874331482448,0.9912514545646884,0.007143222712579192,11.3359
500,,1.0,5,5,0.9883361156577551,0.010902215647893223,0.9883317465354914,0.010921765593509528,11.3102
500,,1.0,5,10,0.9795928631796842,0.011210086635532916,0.9795832011001797,0.011224443595411162,11.0327
500,,1.0,10,1,0.9905249331035938,0.007321673661159674,0.9905215275573891,0.007328372342439427,11.4383
500,,1.0,10,2,0.9905222472249955,0.007323557344645686,0.9905215275573891,0.007328372342439427,11.46
500,,1.0,10,5,0.9883361156577551,0.010902215647893223,0.9883317465354914,0.010921765593509528,11.4977
500,,1.0,10,10,0.9795928631796842,0.011210086635532916,0.9795832011001797,0.011224443595411162,11.1835
500,,1.0,20,1,0.9876147414398273,0.01032831122020392,0.987607108854332,0.010348929864134245,13.67
500,,1.0,20,2,0.9876120555612291,0.010328889911223348,0.987607108854332,0.010348929864134245,13.0233
500,,1.0,20,5,0.985417290489352,0.010314615462546863,0.9854173278324341,0.010326521713180232,13.2784
500,,1.0,20,10,0.9795928631796842,0.011210086635532916,0.9795832011001797,0.011224443595411162,14.0629
500,5,sqrt,2,1,0.9854215217040183,0.0073004072282364454,0.9854120385062943,0.007309871689025632,14.7612
500,5,sqrt,2,2,0.9854215217040183,0.0073004072282364454,0.9854120385062943,0.007309871689025632,14.7946
500,5,sqrt,2,5,0.9832356636962635,0.00802563716605134,0.9832275468105364,0.00803839934601263,14.5858
500,5,sqrt,2,10,0.9825126014286744,0.0074393357208079455,0.982502909129377,0.007452238198861306,13.6267
500,5,sqrt,5,1,0.9861468162148542,0.008285937054128584,0.9861366761874537,0.008294582559163842,14.2021
500,5,sqrt,5,2,0.9854215217040183,0.0073004072282364454,0.9854120385062943,0.007309871689025632,15.288
500,5,sqrt,5,5,0.9832356636962635,0.00802563716605134,0.9832275468105364,0.00803839934601263,14.3289
500,5,sqrt,5,10,0.9825126014286744,0.0074393357208079455,0.982502909129377,0.007452238198861306,13.8227
500,5,sqrt,10,1,0.9861468162148542,0.008285937054128584,0.9861366761874537,0.008294582559163842,12.7562
500,5,sqrt,10,2,0.9854215217040183,0.0073004072282364454,0.9854120385062943,0.007309871689025632,14.9367
500,5,sqrt,10,5,0.9832356636962635,0.00802563716605134,0.9832275468105364,0.00803839934601263,14.3103
500,5,sqrt,10,10,0.9825126014286744,0.0074393357208079455,0.982502909129377,0.007452238198861306,13.7659
500,5,sqrt,20,1,0.9854195456686643,0.009222620546851993,0.9854067491801544,0.009237121737333315,11.9531
500,5,sqrt,20,2,0.9839711888902395,0.007853859883833646,0.9839574738178356,0.007869481046044435,11.3769
500,5,sqrt,20,5,0.9825126014286744,0.0074393357208079455,0.982502909129377,0.007452238198861306,10.9679
500,5,sqrt,20,10,0.9825126014286744,0.0074393357208079455,0.982502909129377,0.007452238198861306,10.2794
500,5,log2,2,1,0.9854215217040183,0.0073004072282364454,0.9854120385062943,0.007309871689025632,8.921
500,5,log2,2,2,0.9854215217040183,0.0073004072282364454,0.9854120385062943,0.007309871689025632,8.2703
500,5,log2,2,5,0.9832356636962635,0.00802563716605134,0.9832275468105364,0.00803839934601263,8.9138
500,5,log2,2,10,0.9825126014286744,0.0074393357208079455,0.982502909129377,0.007452238198861306,8.4583
500,5,log2,5,1,0.9861468162148542,0.008285937054128584,0.9861366761874537,0.008294582559163842,8.748
500,5,log2,5,2,0.9854215217040183,0.0073004072282364454,0.9854120385062943,0.007309871689025632,8.8873
500,5,log2,5,5,0.9832356636962635,0.00802563716605134,0.9832275468105364,0.00803839934601263,8.5379
500,5,log2,5,10,0.9825126014286744,0.0074393357208079455,0.982502909129377,0.007452238198861306,8.6195
500,5,log2,10,1,0.9861468162148542,0.008285937054128584,0.9861366761874537,0.008294582559163842,8.3608
500,5,log2,10,2,0.9854215217040183,0.0073004072282364454,0.9854120385062943,0.007309871689025632,8.398
500,5,log2,10,5,0.9832356636962635,0.00802563716605134,0.9832275468105364,0.00803839934601263,7.9502
500,5,log2,10,10,0.9825126014286744,0.0074393357208079455,0.982502909129377,0.007452238198861306,8.4325
500,5,log2,20,1,0.9854195456686643,0.009222620546851993,0.9854067491801544,0.009237121737333315,7.9835
500,5,log2,20,2,0.9839711888902395,0.007853859883833646,0.9839574738178356,0.007869481046044435,8.3983
500,5,log2,20,5,0.9825126014286744,0.0074393357208079455,0.982502909129377,0.007452238198861306,7.9924
500,5,log2,20,10,0.9825126014286744,0.0074393357208079455,0.982502909129377,0.007452238198861306,8.114
500,5,0.5,2,1,0.9854215217040183,0.0073004072282364454,0.9854120385062943,0.007309871689025632,7.9308
500,5,0.5,2,2,0.9854215217040183,0.0073004072282364454,0.9854120385062943,0.007309871689025632,9.6967
500,5,0.5,2,5,0.9832356636962635,0.00802563716605134,0.9832275468105364,0.00803839934601263,10.481
500,5,0.5,2,10,0.9825126014286744,0.0074393357208079455,0.982502909129377,0.007452238198861306,10.6036
500,5,0.5,5,1,0.9861468162148542,0.008285937054128584,0.9861366761874537,0.008294582559163842,10.4606
500,5,0.5,5,2,0.9854215217040183,0.0073004072282364454,0.9854120385062943,0.007309871689025632,10.6284
500,5,0.5,5,5,0.9832356636962635,0.00802563716605134,0.9832275468105364,0.00803839934601263,10.4817
500,5,0.5,5,10,0.9825126014286744,0.0074393357208079455,0.982502909129377,0.007452238198861306,10.3695
500,5,0.5,10,1,0.9861468162148542,0.008285937054128584,0.9861366761874537,0.008294582559163842,9.9385
500,5,0.5,10,2,0.9854215217040183,0.0073004072282364454,0.9854120385062943,0.007309871689025632,10.986
500,5,0.5,10,5,0.9832356636962635,0.00802563716605134,0.9832275468105364,0.00803839934601263,10.7887
500,5,0.5,10,10,0.9825126014286744,0.0074393357208079455,0.982502909129377,0.007452238198861306,10.4189
500,5,0.5,20,1,0.9854195456686643,0.009222620546851993,0.9854067491801544,0.009237121737333315,10.2507
500,5,0.5,20,2,0.9839711888902395,0.007853859883833646,0.9839574738178356,0.007869481046044435,10.6464
500,5,0.5,20,5,0.9825126014286744,0.0074393357208079455,0.982502909129377,0.007452238198861306,10.7411
500,5,0.5,20,10,0.9825126014286744,0.0074393357208079455,0.982502909129377,0.007452238198861306,11.2228
500,5,1.0,2,1,0.9868660705945835,0.010220197229711271,0.9868718925208929,0.010217516040995061,13.1333
500,5,1.0,2,2,0.9861340885536121,0.010037037134484958,0.9861419655135937,0.0100341179624368,11.9677
500,5,1.0,2,5,0.984681424727019,0.01195400393380298,0.984682111498995,0.011972380078283742,11.9468
500,5,1.0,2,10,0.9766742523707391,0.012112932066115625,0.9766740717232624,0.01212410010693872,12.1123
500,5,1.0,5,1,0.9861367744322104,0.01003683713039911,0.9861419655135937,0.0100341179624368,12.3968
500,5,1.0,5,2,0.9861340885536121,0.010037037134484958,0.9861419655135937,0.0100341179624368,13.399
500,5,1.0,5,5,0.984681424727019,0.01195400393380298,0.984682111498995,0.011972380078283742,12.6036
500,5,1.0,5,10,0.9766742523707391,0.012112932066115625,0.9766740717232624,0.01212410010693872,11.8742
500,5,1.0,10,1,0.9861367744322104,0.01003683713039911,0.9861419655135937,0.0100341179624368,12.0729
500,5,1.0,10,2,0.9861340885536121,0.010037037134484958,0.9861419655135937,0.0100341179624368,12.222
500,5,1.0,10,5,0.984681424727019,0.01195400393380298,0.984682111498995,0.011972380078283742,11.5128
500,5,1.0,10,10,0.9766742523707391,0.012112932066115625,0.9766740717232624,0.01212410010693872,12.1415
500,5,1.0,20,1,0.9832297357945748,0.01131992394747683,0.9832275468105364,0.011338036706774253,11.959
500,5,1.0,20,2,0.9832270499159765,0.011319411518617423,0.9832275468105364,0.011338036706774253,12.3153
500,5,1.0,20,5,0.9832288816219263,0.01131335971853145,0.9832328361366761,0.011328892045823363,13.8224
500,5,1.0,20,10,0.9766742523707391,0.012112932066115625,0.9766740717232624,0.01212410010693872,12.9024
500,10,sqrt,2,1,0.9941640244159243,0.008507746371152102,0.9941605839416059,0.008512338532620867,13.8259
500,10,sqrt,2,2,0.9934387299050886,0.008285566688518353,0.9934359462604465,0.008289926621556263,13.1652
500,10,sqrt,2,5,0.9897916087339551,0.008121353789937372,0.98979160055009,0.008122483210514052,13.6996
500,10,sqrt,2,10,0.9868745834201519,0.009112077142356966,0.9868718925208929,0.009115146548936923,12.813
500,10,sqrt,5,1,0.9941640244159243,0.008507746371152102,0.9941605839416059,0.008512338532620867,13.0685
500,10,sqrt,5,2,0.9941640244159243,0.008507746371152102,0.9941605839416059,0.008512338532620867,13.1056
500,10,sqrt,5,5,0.9897916087339551,0.008121353789937372,0.98979160055009,0.008122483210514052,12.0927
500,10,sqrt,5,10,0.9868745834201519,0.009112077142356966,0.9868718925208929,0.009115146548936923,11.4072
500,10,sqrt,10,1,0.9941640244159243,0.008507746371152102,0.9941605839416059,0.008512338532620867,10.8732
500,10,sqrt,10,2,0.9941640244159243,0.008507746371152102,0.9941605839416059,0.008512338532620867,10.7347
500,10,sqrt,10,5,0.9897916087339551,0.008121353789937372,0.98979160055009,0.008122483210514052,10.2983
500,10,sqrt,10,10,0.9868745834201519,0.009112077142356966,0.9868718925208929,0.009115146548936923,10.0838
500,10,sqrt,20,1,0.9905202804025393,0.00925568554666147,0.9905162382312493,0.009262999509786348,11.2357
500,10,sqrt,20,2,0.9912487169598002,0.009111287013142491,0.9912461652385487,0.009117646137813091,10.5789
500,10,sqrt,20,5,0.9897882983615679,0.009343823086416006,0.9897863112239502,0.009349292051821704,8.9355
500,10,sqrt,20,10,0.9868745834201519,0.009112077142356966,0.9868718925208929,0.009115146548936923,8.8841
500,10,log2,2,1,0.9941640244159243,0.008507746371152102,0.9941605839416059,0.008512338532620867,8.3827
500,10,log2,2,2,0.9934387299050886,0.008285566688518353,0.9934359462604465,0.008289926621556263,8.8658
500,10,log2,2,5,0.9897916087339551,0.008121353789937372,0.98979160055009,0.008122483210514052,9.3467
500,10,log2,2,10,0.9868745834201519,0.009112077142356966,0.9868718925208929,0.009115146548936923,8.8452
500,10,log2,5,1,0.9941640244159243,0.008507746371152102,0.9941605839416059,0.008512338532620867,8.8309
500,10,log2,5,2,0.9941640244159243,0.008507746371152102,0.9941605839416059,0.008512338532620867,8.6145
500,10,log2,5,5,0.9897916087339551,0.008121353789937372,0.98979160055009,0.008122483210514052,8.5124
500,10,log2,5,10,0.9868745834201519,0.009112077142356966,0.9868718925208929,0.009115146548936923,8.7749
500,10,log2,10,1,0.9941640244159243,0.008507746371152102,0.9941605839416059,0.008512338532620867,9.0184
500,10,log2,10,2,0.9941640244159243,0.008507746371152102,0.9941605839416059,0.008512338532620867,9.1829
500,10,log2,10,5,0.9897916087339551,0.008121353789937372,0.98979160055009,0.008122483210514052,8.7128
500,10,log2,10,10,0.9868745834201519,0.009112077142356966,0.9868718925208929,0.009115146548936923,8.6844
500,10,log2,20,1,0.9905202804025393,0.00925568554666147,0.9905162382312493,0.009262999509786348,8.4162
500,10,log2,20,2,0.9912487169598002,0.009111287013142491,0.9912461652385487,0.009117646137813091,9.324
500,10,log2,20,5,0.9897882983615679,0.009343823086416006,0.9897863112239502,0.009349292051821704,8.7864
500,10,log2,20,10,0.9868745834201519,0.009112077142356966,0.9868718925208929,0.009115146548936923,8.8274
500,10,0.5,2,1,0.9941640244159243,0.008507746371152102,0.9941605839416059,0.008512338532620867,8.4065
500,10,0.5,2,2,0.9934387299050886,0.008285566688518353,0.9934359462604465,0.008289926621556263,8.1599
500,10,0.5,2,5,0.9897916087339551,0.008121353789937372,0.98979160055009,0.008122483210514052,8.6177
500,10,0.5,2,10,0.9868745834201519,0.009112077142356966,0.9868718925208929,0.009115146548936923,8.903
500,10,0.5,5,1,0.9941640244159243,0.008507746371152102,0.9941605839416059,0.008512338532620867,8.8107
500,10,0.5,5,2,0.9941640244159243,0.008507746371152102,0.9941605839416059,0.008512338532620867,8.3866
500,10,0.5,5,5,0.9897916087339551,0.008121353789937372,0.98979160055009,0.008122483210514052,8.1495
500,10,0.5,5,10,0.9868745834201519,0.009112077142356966,0.9868718925208929,0.009115146548936923,8.5487
500,10,0.5,10,1,0.9941640244159243,0.008507746371152102,0.9941605839416059,0.008512338532620867,8.8873
500,10,0.5,10,2,0.9941640244159243,0.008507746371152102,0.9941605839416059,0.008512338532620867,8.4887
500,10,0.5,10,5,0.9897916087339551,0.008121353789937372,0.98979160055009,0.008122483210514052,8.4122
500,10,0.5,10,10,0.9868745834201519,0.009112077142356966,0.9868718925208929,0.009115146548936923,8.2115
500,10,0.5,20,1,0.9905202804025393,0.00925568554666147,0.9905162382312493,0.009262999509786348,8.1763
500,10,0.5,20,2,0.9912487169598002,0.009111287013142491,0.9912461652385487,0.009117646137813091,8.4016
500,10,0.5,20,5,0.9897882983615679,0.009343823086416006,0.9897863112239502,0.009349292051821704,8.6791
500,10,0.5,20,10,0.9868745834201519,0.009112077142356966,0.9868718925208929,0.009115146548936923,8.9547
500,10,1.0,2,1,0.9905249331035938,0.007321673661159674,0.9905215275573891,0.007328372342439427,9.0209
500,10,1.0,2,2,0.991254229265967,0.007135874331482448,0.9912514545646884,0.007143222712579192,8.8586
500,10,1.0,2,5,0.9883361156577551,0.010902215647893223,0.9883317465354914,0.010921765593509528,10.1948
500,10,1.0,2,10,0.9795928631796842,0.011210086635532916,0.9795832011001797,0.011224443595411162,13.2007
500,10,1.0,5,1,0.9905249331035938,0.007321673661159674,0.9905215275573891,0.007328372342439427,12.0487
500,10,1.0,5,2,0.991254229265967,0.007135874331482448,0.9912514545646884,0.007143222712579192,11.6727
500,10,1.0,5,5,0.9883361156577551,0.010902215647893223,0.9883317465354914,0.010921765593509528,12.2363
500,10,1.0,5,10,0.9795928631796842,0.011210086635532916,0.9795832011001797,0.011224443595411162,12.1369
500,10,1.0,10,1,0.9905249331035938,0.007321673661159674,0.9905215275573891,0.007328372342439427,11.2418
500,10,1.0,10,2,0.9905222472249955,0.007323557344645686,0.9905215275573891,0.007328372342439427,12.282
500,10,1.0,10,5,0.9883361156577551,0.010902215647893223,0.9883317465354914,0.010921765593509528,11.7729
500,10,1.0,10,10,0.9795928631796842,0.011210086635532916,0.9795832011001797,0.011224443595411162,11.7895
500,10,1.0,20,1,0.9876147414398273,0.01032831122020392,0.987607108854332,0.010348929864134245,11.5567
500,10,1.0,20,2,0.9876120555612291,0.010328889911223348,0.987607108854332,0.010348929864134245,12.1705
500,10,1.0,20,5,0.985417290489352,0.010314615462546863,0.9854173278324341,0.010326521713180232,12.0888
500,10,1.0,20,10,0.9795928631796842,0.011210086635532916,0.9795832011001797,0.011224443595411162,13.8266
500,20,sqrt,2,1,0.9941640244159243,0.008507746371152102,0.9941605839416059,0.008512338532620867,14.0582
500,20,sqrt,2,2,0.9934387299050886,0.008285566688518353,0.9934359462604465,0.008289926621556263,13.9621
500,20,sqrt,2,5,0.9897916087339551,0.008121353789937372,0.98979160055009,0.008122483210514052,13.8317
500,20,sqrt,2,10,0.9868745834201519,0.009112077142356966,0.9868718925208929,0.009115146548936923,13.4911
500,20,sqrt,5,1,0.9941640244159243,0.008507746371152102,0.9941605839416059,0.008512338532620867,13.4056
500,20,sqrt,5,2,0.9941640244159243,0.008507746371152102,0.9941605839416059,0.008512338532620867,13.9813
500,20,sqrt,5,5,0.9897916087339551,0.008121353789937372,0.98979160055009,0.008122483210514052,14.0303
500,20,sqrt,5,10,0.9868745834201519,0.009112077142356966,0.9868718925208929,0.009115146548936923,14.4214
500,20,sqrt,10,1,0.9941640244159243,0.008507746371152102,0.9941605839416059,0.008512338532620867,13.5438
500,20,sqrt,10,2,0.9941640244159243,0.008507746371152102,0.9941605839416059,0.008512338532620867,13.9939
500,20,sqrt,10,5,0.9897916087339551,0.008121353789937372,0.98979160055009,0.008122483210514052,13.395
500,20,sqrt,10,10,0.9868745834201519,0.009112077142356966,0.9868718925208929,0.009115146548936923,14.2132
500,20,sqrt,20,1,0.9912487169598002,0.009111287013142491,0.9912461652385487,0.009117646137813091,13.5243
500,20,sqrt,20,2,0.9912487169598002,0.009111287013142491,0.9912461652385487,0.009117646137813091,13.6132
500,20,sqrt,20,5,0.9897882983615679,0.009343823086416006,0.9897863112239502,0.009349292051821704,14.0317
500,20,sqrt,20,10,0.9868745834201519,0.009112077142356966,0.9868718925208929,0.009115146548936923,11.9681
500,20,log2,2,1,0.9941640244159243,0.008507746371152102,0.9941605839416059,0.008512338532620867,11.4102
500,20,log2,2,2,0.9934387299050886,0.008285566688518353,0.9934359462604465,0.008289926621556263,11.4842
500,20,log2,2,5,0.9897916087339551,0.008121353789937372,0.98979160055009,0.008122483210514052,11.4118
500,20,log2,2,10,0.9868745834201519,0.009112077142356966,0.9868718925208929,0.009115146548936923,10.8491
500,20,log2,5,1,0.9941640244159243,0.008507746371152102,0.9941605839416059,0.008512338532620867,10.8379
500,20,log2,5,2,0.9941640244159243,0.008507746371152102,0.9941605839416059,0.008512338532620867,11.3222
500,20,log2,5,5,0.9897916087339551,0.008121353789937372,0.98979160055009,0.008122483210514052,11.8601
500,20,log2,5,10,0.9868745834201519,0.009112077142356966,0.9868718925208929,0.009115146548936923,12.0331
500,20,log2,10,1,0.9941640244159243,0.008507746371152102,0.9941605839416059,0.008512338532620867,13.866
500,20,log2,10,2,0.9941640244159243,0.008507746371152102,0.9941605839416059,0.008512338532620867,12.7115
500,20,log2,10,5,0.9897916087339551,0.008121353789937372,0.98979160055009,0.008122483210514052,13.2509
500,20,log2,10,10,0.9868745834201519,0.009112077142356966,0.9868718925208929,0.009115146548936923,12.3021
500,20,log2,20,1,0.9912487169598002,0.009111287013142491,0.9912461652385487,0.009117646137813091,12.5137
500,20,log2,20,2,0.9912487169598002,0.009111287013142491,0.9912461652385487,0.009117646137813091,12.2438
500,20,log2,20,5,0.9897882983615679,0.009343823086416006,0.9897863112239502,0.009349292051821704,12.8392
500,20,log2,20,10,0.9868745834201519,0.009112077142356966,0.9868718925208929,0.009115146548936923,12.9584
500,20,0.5,2,1,0.9941640244159243,0.008507746371152102,0.9941605839416059,0.008512338532620867,12.796
500,20,0.5,2,2,0.9934387299050886,0.008285566688518353,0.9934359462604465,0.008289926621556263,11.4683
500,20,0.5,2,5,0.9897916087339551,0.008121353789937372,0.98979160055009,0.008122483210514052,11.7625
500,20,0.5,2,10,0.9868745834201519,0.009112077142356966,0.9868718925208929,0.009115146548936923,12.1344
500,20,0.5,5,1,0.9941640244159243,0.008507746371152102,0.9941605839416059,0.008512338532620867,13.3801
500,20,0.5,5,2,0.9941640244159243,0.008507746371152102,0.9941605839416059,0.008512338532620867,12.6109
500,20,0.5,5,5,0.9897916087339551,0.008121353789937372,0.98979160055009,0.008122483210514052,12.2048
500,20,0.5,5,10,0.9868745834201519,0.009112077142356966,0.9868718925208929,0.009115146548936923,12.364
500,20,0.5,10,1,0.9941640244159243,0.008507746371152102,0.9941605839416059,0.008512338532620867,12.6684
500,20,0.5,10,2,0.9941640244159243,0.008507746371152102,0.9941605839416059,0.008512338532620867,12.3808
500,20,0.5,10,5,0.9897916087339551,0.008121353789937372,0.98979160055009,0.008122483210514052,11.7673
500,20,0.5,10,10,0.9868745834201519,0.009112077142356966,0.9868718925208929,0.009115146548936923,12.1565
500,20,0.5,20,1,0.9912487169598002,0.009111287013142491,0.9912461652385487,0.009117646137813091,12.6681
500,20,0.5,20,2,0.9912487169598002,0.009111287013142491,0.9912461652385487,0.009117646137813091,12.1899
500,20,0.5,20,5,0.9897882983615679,0.009343823086416006,0.9897863112239502,0.009349292051821704,12.0252
500,20,0.5,20,10,0.9868745834201519,0.009112077142356966,0.9868718925208929,0.009115146548936923,12.2041
500,20,1.0,2,1,0.9905249331035938,0.007321673661159674,0.9905215275573891,0.007328372342439427,12.8887
500,20,1.0,2,2,0.991254229265967,0.007135874331482448,0.9912514545646884,0.007143222712579192,12.833
500,20,1.0,2,5,0.9883361156577551,0.010902215647893223,0.9883317465354914,0.010921765593509528,13.4389
500,20,1.0,2,10,0.9795928631796842,0.011210086635532916,0.9795832011001797,0.011224443595411162,13.4634
500,20,1.0,5,1,0.9905249331035938,0.007321673661159674,0.9905215275573891,0.007328372342439427,13.4657
500,20,1.0,5,2,0.991254229265967,0.007135874331482448,0.9912514545646884,0.007143222712579192,13.1677
500,20,1.0,5,5,0.9883361156577551,0.010902215647893223,0.9883317465354914,0.010921765593509528,12.7918
500,20,1.0,5,10,0.9795928631796842,0.011210086635532916,0.9795832011001797,0.011224443595411162,12.7725
500,20,1.0,10,1,0.9905249331035938,0.007321673661159674,0.9905215275573891,0.007328372342439427,12.4518
500,20,1.0,10,2,0.9905222472249955,0.007323557344645686,0.9905215275573891,0.007328372342439427,12.9476
500,20,1.0,10,5,0.9883361156577551,0.010902215647893223,0.9883317465354914,0.010921765593509528,12.9072
500,20,1.0,10,10,0.9795928631796842,0.011210086635532916,0.9795832011001797,0.011224443595411162,13.0207
500,20,1.0,20,1,0.9876147414398273,0.01032831122020392,0.987607108854332,0.010348929864134245,12.5071
500,20,1.0,20,2,0.9876120555612291,0.010328889911223348,0.987607108854332,0.010348929864134245,12.3334
500,20,1.0,20,5,0.985417290489352,0.010314615462546863,0.9854173278324341,0.010326521713180232,12.4971
500,20,1.0,20,10,0.9795928631796842,0.011210086635532916,0.9795832011001797,0.011224443595411162,14.0957
