n_estimators,max_depth,max_features,min_samples_split,min_samples_leaf,mean_f1,std_f1,mean_accuracy,std_accuracy,time_s
50,,sqrt,2,1,0.9454208754208754,0.05969806163674965,0.9466666666666667,0.0581186525805423,0.6993
50,,sqrt,2,2,0.9591750841750841,0.045565474444073016,0.9600000000000002,0.044221663871405324,0.6601
50,,sqrt,2,5,0.9520202020202019,0.05400341728062436,0.9533333333333334,0.052068331172711015,0.6418
50,,sqrt,2,10,0.9454208754208754,0.05969806163674965,0.9466666666666667,0.0581186525805423,0.6613
50,,sqrt,5,1,0.9525757575757575,0.0530861258216581,0.9533333333333334,0.052068331172711015,0.6291
50,,sqrt,5,2,0.9525757575757575,0.0530861258216581,0.9533333333333334,0.052068331172711015,0.6582
50,,sqrt,5,5,0.9520202020202019,0.05400341728062436,0.9533333333333334,0.052068331172711015,0.6614
50,,sqrt,5,10,0.9454208754208754,0.05969806163674965,0.9466666666666667,0.0581186525805423,0.6435
50,,sqrt,10,1,0.9525757575757575,0.0530861258216581,0.9533333333333334,0.052068331172711015,0.6483
50,,sqrt,10,2,0.9591750841750841,0.045565474444073016,0.9600000000000002,0.044221663871405324,0.6751
50,,sqrt,10,5,0.9520202020202019,0.05400341728062436,0.9533333333333334,0.052068331172711015,0.6558
50,,sqrt,10,10,0.9454208754208754,0.05969806163674965,0.9466666666666667,0.0581186525805423,0.6478
50,,sqrt,20,1,0.9591750841750841,0.045565474444073016,0.9600000000000002,0.044221663871405324,0.6826
50,,sqrt,20,2,0.9591750841750841,0.045565474444073016,0.9600000000000002,0.044221663871405324,0.7061
50,,sqrt,20,5,0.9452861952861952,0.051752276595755535,0.9466666666666667,0.04988876515698587,0.6588
50,,sqrt,20,10,0.9454208754208754,0.05969806163674965,0.9466666666666667,0.0581186525805423,0.6641
50,,log2,2,1,0.9454208754208754,0.05969806163674965,0.9466666666666667,0.0581186525805423,0.6477
50,,log2,2,2,0.9591750841750841,0.045565474444073016,0.9600000000000002,0.044221663871405324,0.6579
50,,log2,2,5,0.9520202020202019,0.05400341728062436,0.9533333333333334,0.052068331172711015,0.6599
50,,log2,2,10,0.9454208754208754,0.05969806163674965,0.9466666666666667,0.0581186525805423,0.6671
50,,log2,5,1,0.9525757575757575,0.0530861258216581,0.9533333333333334,0.052068331172711015,0.6653
50,,log2,5,2,0.9525757575757575,0.0530861258216581,0.9533333333333334,0.052068331172711015,0.6631
50,,log2,5,5,0.9520202020202019,0.05400341728062436,0.9533333333333334,0.052068331172711015,0.6508
50,,log2,5,10,0.9454208754208754,0.05969806163674965,0.9466666666666667,0.0581186525805423,0.6629
50,,log2,10,1,0.9525757575757575,0.0530861258216581,0.9533333333333334,0.052068331172711015,0.6431
50,,log2,10,2,0.9591750841750841,0.045565474444073016,0.9600000000000002,0.044221663871405324,0.6502
50,,log2,10,5,0.9520202020202019,0.05400341728062436,0.9533333333333334,0.052068331172711015,0.6692
50,,log2,10,10,0.9454208754208754,0.05969806163674965,0.9466666666666667,0.0581186525805423,0.6385
50,,log2,20,1,0.9591750841750841,0.045565474444073016,0.9600000000000002,0.044221663871405324,0.6526
50,,log2,20,2,0.9591750841750841,0.045565474444073016,0.9600000000000002,0.044221663871405324,0.6389
50,,log2,20,5,0.9452861952861952,0.051752276595755535,0.9466666666666667,0.04988876515698587,0.6733
50,,log2,20,10,0.9454208754208754,0.05969806163674965,0.9466666666666667,0.0581186525805423,0.6632
50,,0.5,2,1,0.9454208754208754,0.05969806163674965,0.9466666666666667,0.0581186525805423,0.6879
50,,0.5,2,2,0.9591750841750841,0.045565474444073016,0.9600000000000002,0.044221663871405324,0.6549
50,,0.5,2,5,0.9520202020202019,0.05400341728062436,0.9533333333333334,0.052068331172711015,0.6715
50,,0.5,2,10,0.9454208754208754,0.05969806163674965,0.9466666666666667,0.0581186525805423,0.6826
50,,0.5,5,1,0.9525757575757575,0.0530861258216581,0.9533333333333334,0.052068331172711015,0.6674
50,,0.5,5,2,0.9525757575757575,0.0530861258216581,0.9533333333333334,0.052068331172711015,0.6782
50,,0.5,5,5,0.9520202020202019,0.05400341728062436,0.9533333333333334,0.052068331172711015,0.7112
50,,0.5,5,10,0.9454208754208754,0.05969806163674965,0.9466666666666667,0.0581186525805423,0.6668
50,,0.5,10,1,0.9525757575757575,0.0530861258216581,0.9533333333333334,0.052068331172711015,0.6495
50,,0.5,10,2,0.9591750841750841,0.045565474444073016,0.9600000000000002,0.044221663871405324,0.6476
50,,0.5,10,5,0.9520202020202019,0.05400341728062436,0.9533333333333334,0.052068331172711015,0.6709
50,,0.5,10,10,0.9454208754208754,0.05969806163674965,0.9466666666666667,0.0581186525805423,0.6549
50,,0.5,20,1,0.9591750841750841,0.045565474444073016,0.9600000000000002,0.044221663871405324,0.633
50,,0.5,20,2,0.9591750841750841,0.045565474444073016,0.9600000000000002,0.044221663871405324,0.6478
50,,0.5,20,5,0.9452861952861952,0.051752276595755535,0.9466666666666667,0.04988876515698587,0.6526
50,,0.5,20,10,0.9454208754208754,0.05969806163674965,0.9466666666666667,0.0581186525805423,0.6616
50,,1.0,2,1,0.9386868686868686,0.05689382917789906,0.9400000000000001,0.05537749241945381,0.6728
50,,1.0,2,2,0.9524410774410773,0.043982991774046264,0.9533333333333334,0.04268749491621898,0.6511
50,,1.0,2,5,0.9323737373737373,0.06763948794822675,0.9333333333333333,0.06666666666666665,0.6486
50,,1.0,2,10,0.9323737373737373,0.06763948794822675,0.9333333333333333,0.06666666666666665,0.6628
50,,1.0,5,1,0.9525757575757575,0.0530861258216581,0.9533333333333334,0.052068331172711015,0.6592
50,,1.0,5,2,0.9525757575757575,0.0530861258216581,0.9533333333333334,0.052068331172711015,0.6752
50,,1.0,5,5,0.9323737373737373,0.06763948794822675,0.9333333333333333,0.06666666666666665,0.7085
50,,1.0,5,10,0.9323737373737373,0.06763948794822675,0.9333333333333333,0.06666666666666665,0.6684
50,,1.0,10,1,0.9525757575757575,0.0530861258216581,0.9533333333333334,0.052068331172711015,0.6693
50,,1.0,10,2,0.9591750841750841,0.045565474444073016,0.9600000000000002,0.044221663871405324,0.6524
50,,1.0,10,5,0.9323737373737373,0.06763948794822675,0.9333333333333333,0.06666666666666665,0.6581
50,,1.0,10,10,0.9323737373737373,0.06763948794822675,0.9333333333333333,0.06666666666666665,0.6582
50,,1.0,20,1,0.9525757575757575,0.0530861258216581,0.9533333333333334,0.052068331172711015,0.6514
50,,1.0,20,2,0.9591750841750841,0.045565474444073016,0.9600000000000002,0.044221663871405324,0.6964
50,,1.0,20,5,0.9323737373737373,0.06763948794822675,0.9333333333333333,0.06666666666666665,0.6648
50,,1.0,20,10,0.9323737373737373,0.06763948794822675,0.9333333333333333,0.06666666666666665,0.6672
50,5,sqrt,2,1,0.9525757575757575,0.0530861258216581,0.9533333333333334,0.052068331172711015,0.6325
50,5,sqrt,2,2,0.9591750841750841,0.045565474444073016,0.9600000000000002,0.044221663871405324,0.6577
50,5,sqrt,2,5,0.9520202020202019,0.05400341728062436,0.9533333333333334,0.052068331172711015,0.674
50,5,sqrt,2,10,0.9454208754208754,0.05969806163674965,0.9466666666666667,0.0581186525805423,0.6508
50,5,sqrt,5,1,0.9525757575757575,0.0530861258216581,0.9533333333333334,0.052068331172711015,0.6696
50,5,sqrt,5,2,0.9525757575757575,0.0530861258216581,0.9533333333333334,0.052068331172711015,0.6598
50,5,sqrt,5,5,0.9520202020202019,0.05400341728062436,0.9533333333333334,0.052068331172711015,0.6539
50,5,sqrt,5,10,0.9454208754208754,0.05969806163674965,0.9466666666666667,0.0581186525805423,0.6545
50,5,sqrt,10,1,0.9525757575757575,0.0530861258216581,0.9533333333333334,0.052068331172711015,0.6446
50,5,sqrt,10,2,0.9591750841750841,0.045565474444073016,0.9600000000000002,0.044221663871405324,0.6541
50,5,sqrt,10,5,0.9520202020202019,0.05400341728062436,0.9533333333333334,0.052068331172711015,0.6599
50,5,sqrt,10,10,0.9454208754208754,0.05969806163674965,0.9466666666666667,0.0581186525805423,0.6335
50,5,sqrt,20,1,0.9591750841750841,0.045565474444073016,0.9600000000000002,0.044221663871405324,0.6567
50,5,sqrt,20,2,0.9591750841750841,0.045565474444073016,0.9600000000000002,0.044221663871405324,0.6729
50,5,sqrt,20,5,0.9452861952861952,0.051752276595755535,0.9466666666666667,0.04988876515698587,0.6552
50,5,sqrt,20,10,0.9454208754208754,0.05969806163674965,0.9466666666666667,0.0581186525805423,0.6582
50,5,log2,2,1,0.9525757575757575,0.0530861258216581,0.9533333333333334,0.052068331172711015,0.6539
50,5,log2,2,2,0.9591750841750841,0.045565474444073016,0.9600000000000002,0.044221663871405324,0.6451
50,5,log2,2,5,0.9520202020202019,0.05400341728062436,0.9533333333333334,0.052068331172711015,0.6644
50,5,log2,2,10,0.9454208754208754,0.05969806163674965,0.9466666666666667,0.0581186525805423,0.6525
50,5,log2,5,1,0.9525757575757575,0.0530861258216581,0.9533333333333334,0.052068331172711015,0.6409
50,5,log2,5,2,0.9525757575757575,0.0530861258216581,0.9533333333333334,0.052068331172711015,0.6893
50,5,log2,5,5,0.9520202020202019,0.05400341728062436,0.9533333333333334,0.052068331172711015,0.6899
50,5,log2,5,10,0.9454208754208754,0.05969806163674965,0.9466666666666667,0.0581186525805423,0.6493
50,5,log2,10,1,0.9525757575757575,0.0530861258216581,0.9533333333333334,0.052068331172711015,0.6595
50,5,log2,10,2,0.9591750841750841,0.045565474444073016,0.9600000000000002,0.044221663871405324,0.6556
50,5,log2,10,5,0.9520202020202019,0.05400341728062436,0.9533333333333334,0.052068331172711015,0.6396
50,5,log2,10,10,0.9454208754208754,0.05969806163674965,0.9466666666666667,0.0581186525805423,0.6367
50,5,log2,20,1,0.9591750841750841,0.045565474444073016,0.9600000000000002,0.044221663871405324,0.6366
50,5,log2,20,2,0.9591750841750841,0.045565474444073016,0.9600000000000002,0.044221663871405324,0.6475
50,5,log2,20,5,0.9452861952861952,0.051752276595755535,0.9466666666666667,0.04988876515698587,0.6592
50,5,log2,20,10,0.9454208754208754,0.05969806163674965,0.9466666666666667,0.0581186525805423,0.6442
50,5,0.5,2,1,0.9525757575757575,0.0530861258216581,0.9533333333333334,0.052068331172711015,0.6814
50,5,0.5,2,2,0.9591750841750841,0.045565474444073016,0.9600000000000002,0.044221663871405324,0.6313
50,5,0.5,2,5,0.9520202020202019,0.05400341728062436,0.9533333333333334,0.052068331172711015,0.6795
50,5,0.5,2,10,0.9454208754208754,0.05969806163674965,0.9466666666666667,0.0581186525805423,0.6598
50,5,0.5,5,1,0.9525757575757575,0.0530861258216581,0.9533333333333334,0.052068331172711015,0.6789
50,5,0.5,5,2,0.9525757575757575,0.0530861258216581,0.9533333333333334,0.052068331172711015,0.6572
50,5,0.5,5,5,0.9520202020202019,0.05400341728062436,0.9533333333333334,0.052068331172711015,0.6622
50,5,0.5,5,10,0.9454208754208754,0.05969806163674965,0.9466666666666667,0.0581186525805423,0.6514
50,5,0.5,10,1,0.9525757575757575,0.0530861258216581,0.9533333333333334,0.052068331172711015,0.6604
50,5,0.5,10,2,0.9591750841750841,0.045565474444073016,0.9600000000000002,0.044221663871405324,0.645
50,5,0.5,10,5,0.9520202020202019,0.05400341728062436,0.9533333333333334,0.052068331172711015,0.6628
50,5,0.5,10,10,0.9454208754208754,0.05969806163674965,0.9466666666666667,0.0581186525805423,0.6602
50,5,0.5,20,1,0.9591750841750841,0.045565474444073016,0.9600000000000002,0.044221663871405324,0.667
50,5,0.5,20,2,0.9591750841750841,0.045565474444073016,0.9600000000000002,0.044221663871405324,0.6776
50,5,0.5,20,5,0.9452861952861952,0.051752276595755535,0.9466666666666667,0.04988876515698587,0.6628
50,5,0.5,20,10,0.9454208754208754,0.05969806163674965,0.9466666666666667,0.0581186525805423,0.6633
50,5,1.0,2,1,0.9386868686868686,0.05689382917789906,0.9400000000000001,0.05537749241945381,0.6658
50,5,1.0,2,2,0.9524410774410773,0.043982991774046264,0.9533333333333334,0.04268749491621898,0.6755
50,5,1.0,2,5,0.9323737373737373,0.06763948794822675,0.9333333333333333,0.06666666666666665,0.6902
50,5,1.0,2,10,0.9323737373737373,0.06763948794822675,0.9333333333333333,0.06666666666666665,0.651
50,5,1.0,5,1,0.9525757575757575,0.0530861258216581,0.9533333333333334,0.052068331172711015,0.642
50,5,1.0,5,2,0.9525757575757575,0.0530861258216581,0.9533333333333334,0.052068331172711015,0.663
50,5,1.0,5,5,0.9323737373737373,0.06763948794822675,0.9333333333333333,0.06666666666666665,0.6501
50,5,1.0,5,10,0.9323737373737373,0.06763948794822675,0.9333333333333333,0.06666666666666665,0.6504
50,5,1.0,10,1,0.9525757575757575,0.0530861258216581,0.9533333333333334,0.052068331172711015,0.6493
50,5,1.0,10,2,0.9591750841750841,0.045565474444073016,0.9600000000000002,0.044221663871405324,0.6612
50,5,1.0,10,5,0.9323737373737373,0.06763948794822675,0.9333333333333333,0.06666666666666665,0.6609
50,5,1.0,10,10,0.9323737373737373,0.06763948794822675,0.9333333333333333,0.06666666666666665,0.6368
50,5,1.0,20,1,0.9525757575757575,0.0530861258216581,0.9533333333333334,0.052068331172711015,0.6657
50,5,1.0,20,2,0.9591750841750841,0.045565474444073016,0.9600000000000002,0.044221663871405324,0.6937
50,5,1.0,20,5,0.9323737373737373,0.06763948794822675,0.9333333333333333,0.06666666666666665,0.6756
50,5,1.0,20,10,0.9323737373737373,0.06763948794822675,0.9333333333333333,0.06666666666666665,0.6616
50,10,sqrt,2,1,0.9454208754208754,0.05969806163674965,0.9466666666666667,0.0581186525805423,0.6523
50,10,sqrt,2,2,0.9591750841750841,0.045565474444073016,0.9600000000000002,0.044221663871405324,0.6655
50,10,sqrt,2,5,0.9520202020202019,0.05400341728062436,0.9533333333333334,0.052068331172711015,0.6537
50,10,sqrt,2,10,0.9454208754208754,0.05969806163674965,0.9466666666666667,0.0581186525805423,0.6488
50,10,sqrt,5,1,0.9525757575757575,0.0530861258216581,0.9533333333333334,0.052068331172711015,0.6395
50,10,sqrt,5,2,0.9525757575757575,0.0530861258216581,0.9533333333333334,0.052068331172711015,0.681
50,10,sqrt,5,5,0.9520202020202019,0.05400341728062436,0.9533333333333334,0.052068331172711015,0.675
50,10,sqrt,5,10,0.9454208754208754,0.05969806163674965,0.9466666666666667,0.0581186525805423,0.6789
50,10,sqrt,10,1,0.9525757575757575,0.0530861258216581,0.9533333333333334,0.052068331172711015,0.6374
50,10,sqrt,10,2,0.9591750841750841,0.045565474444073016,0.9600000000000002,0.044221663871405324,0.6594
50,10,sqrt,10,5,0.9520202020202019,0.05400341728062436,0.9533333333333334,0.052068331172711015,0.6434
50,10,sqrt,10,10,0.9454208754208754,0.05969806163674965,0.9466666666666667,0.0581186525805423,0.6436
50,10,sqrt,20,1,0.9591750841750841,0.045565474444073016,0.9600000000000002,0.044221663871405324,0.6574
50,10,sqrt,20,2,0.9591750841750841,0.045565474444073016,0.9600000000000002,0.044221663871405324,0.6533
50,10,sqrt,20,5,0.9452861952861952,0.051752276595755535,0.9466666666666667,0.04988876515698587,0.6715
50,10,sqrt,20,10,0.9454208754208754,0.05969806163674965,0.9466666666666667,0.0581186525805423,0.7072
50,10,log2,2,1,0.9454208754208754,0.05969806163674965,0.9466666666666667,0.0581186525805423,0.6698
50,10,log2,2,2,0.9591750841750841,0.045565474444073016,0.9600000000000002,0.044221663871405324,0.6577
50,10,log2,2,5,0.9520202020202019,0.05400341728062436,0.9533333333333334,0.052068331172711015,0.6759
50,10,log2,2,10,0.9454208754208754,0.05969806163674965,0.9466666666666667,0.0581186525805423,0.6611
50,10,log2,5,1,0.9525757575757575,0.0530861258216581,0.9533333333333334,0.052068331172711015,0.6526
50,10,log2,5,2,0.9525757575757575,0.0530861258216581,0.9533333333333334,0.052068331172711015,0.6626
50,10,log2,5,5,0.9520202020202019,0.05400341728062436,0.9533333333333334,0.052068331172711015,0.6627
50,10,log2,5,10,0.9454208754208754,0.05969806163674965,0.9466666666666667,0.0581186525805423,0.6552
50,10,log2,10,1,0.9525757575757575,0.0530861258216581,0.9533333333333334,0.052068331172711015,0.6708
50,10,log2,10,2,0.9591750841750841,0.045565474444073016,0.9600000000000002,0.044221663871405324,0.6665
50,10,log2,10,5,0.9520202020202019,0.05400341728062436,0.9533333333333334,0.052068331172711015,0.6539
50,10,log2,10,10,0.9454208754208754,0.05969806163674965,0.9466666666666667,0.0581186525805423,0.6375
50,10,log2,20,1,0.9591750841750841,0.045565474444073016,0.9600000000000002,0.044221663871405324,0.6711
50,10,log2,20,2,0.9591750841750841,0.045565474444073016,0.9600000000000002,0.044221663871405324,0.6811
50,10,log2,20,5,0.9452861952861952,0.051752276595755535,0.9466666666666667,0.04988876515698587,0.6815
50,10,log2,20,10,0.9454208754208754,0.05969806163674965,0.9466666666666667,0.0581186525805423,0.7012
50,10,0.5,2,1,0.9454208754208754,0.05969806163674965,0.9466666666666667,0.0581186525805423,0.6636
50,10,0.5,2,2,0.9591750841750841,0.045565474444073016,0.9600000000000002,0.044221663871405324,0.6691
50,10,0.5,2,5,0.9520202020202019,0.05400341728062436,0.9533333333333334,0.052068331172711015,0.6482
50,10,0.5,2,10,0.9454208754208754,0.05969806163674965,0.9466666666666667,0.0581186525805423,0.6494
50,10,0.5,5,1,0.9525757575757575,0.0530861258216581,0.9533333333333334,0.052068331172711015,0.6689
50,10,0.5,5,2,0.9525757575757575,0.0530861258216581,0.9533333333333334,0.052068331172711015,0.6579
50,10,0.5,5,5,0.9520202020202019,0.05400341728062436,0.9533333333333334,0.052068331172711015,0.6463
50,10,0.5,5,10,0.9454208754208754,0.05969806163674965,0.9466666666666667,0.0581186525805423,0.6444
50,10,0.5,10,1,0.9525757575757575,0.0530861258216581,0.9533333333333334,0.052068331172711015,0.656
50,10,0.5,10,2,0.9591750841750841,0.045565474444073016,0.9600000000000002,0.044221663871405324,0.6552
50,10,0.5,10,5,0.9520202020202019,0.05400341728062436,0.9533333333333334,0.052068331172711015,0.6478
50,10,0.5,10,10,0.9454208754208754,0.05969806163674965,0.9466666666666667,0.0581186525805423,0.6621
50,10,0.5,20,1,0.9591750841750841,0.045565474444073016,0.9600000000000002,0.044221663871405324,0.6624
50,10,0.5,20,2,0.9591750841750841,0.045565474444073016,0.9600000000000002,0.044221663871405324,0.6501
50,10,0.5,20,5,0.9452861952861952,0.051752276595755535,0.9466666666666667,0.04988876515698587,0.6799
50,10,0.5,20,10,0.9454208754208754,0.05969806163674965,0.9466666666666667,0.0581186525805423,0.652
50,10,1.0,2,1,0.9386868686868686,0.05689382917789906,0.9400000000000001,0.05537749241945381,0.6447
50,10,1.0,2,2,0.9524410774410773,0.043982991774046264,0.9533333333333334,0.04268749491621898,0.6425
50,10,1.0,2,5,0.9323737373737373,0.06763948794822675,0.9333333333333333,0.06666666666666665,0.6576
50,10,1.0,2,10,0.9323737373737373,0.06763948794822675,0.9333333333333333,0.06666666666666665,0.6608
50,10,1.0,5,1,0.9525757575757575,0.0530861258216581,0.9533333333333334,0.052068331172711015,0.65
50,10,1.0,5,2,0.9525757575757575,0.0530861258216581,0.9533333333333334,0.052068331172711015,0.6543
50,10,1.0,5,5,0.9323737373737373,0.06763948794822675,0.9333333333333333,0.06666666666666665,0.6882
50,10,1.0,5,10,0.9323737373737373,0.06763948794822675,0.9333333333333333,0.06666666666666665,0.6802
50,10,1.0,10,1,0.9525757575757575,0.0530861258216581,0.9533333333333334,0.052068331172711015,0.7082
50,10,1.0,10,2,0.9591750841750841,0.045565474444073016,0.9600000000000002,0.044221663871405324,0.701
50,10,1.0,10,5,0.9323737373737373,0.06763948794822675,0.9333333333333333,0.06666666666666665,0.6847
50,10,1.0,10,10,0.9323737373737373,0.06763948794822675,0.9333333333333333,0.06666666666666665,0.6903
50,10,1.0,20,1,0.9525757575757575,0.0530861258216581,0.9533333333333334,0.052068331172711015,0.7837
50,10,1.0,20,2,0.9591750841750841,0.045565474444073016,0.9600000000000002,0.044221663871405324,0.7399
50,10,1.0,20,5,0.9323737373737373,0.06763948794822675,0.9333333333333333,0.06666666666666665,0.7604
50,10,1.0,20,10,0.9323737373737373,0.06763948794822675,0.9333333333333333,0.06666666666666665,0.7422
50,20,sqrt,2,1,0.9454208754208754,0.05969806163674965,0.9466666666666667,0.0581186525805423,0.7476
50,20,sqrt,2,2,0.9591750841750841,0.045565474444073016,0.9600000000000002,0.044221663871405324,0.7024
50,20,sqrt,2,5,0.9520202020202019,0.05400341728062436,0.9533333333333334,0.052068331172711015,0.9174
50,20,sqrt,2,10,0.9454208754208754,0.05969806163674965,0.9466666666666667,0.0581186525805423,1.1033
50,20,sqrt,5,1,0.9525757575757575,0.0530861258216581,0.9533333333333334,0.052068331172711015,1.0819
50,20,sqrt,5,2,0.9525757575757575,0.0530861258216581,0.9533333333333334,0.052068331172711015,1.0851
50,20,sqrt,5,5,0.9520202020202019,0.05400341728062436,0.9533333333333334,0.052068331172711015,1.0812
50,20,sqrt,5,10,0.9454208754208754,0.05969806163674965,0.9466666666666667,0.0581186525805423,1.0891
50,20,sqrt,10,1,0.9525757575757575,0.0530861258216581,0.9533333333333334,0.052068331172711015,1.0694
50,20,sqrt,10,2,0.9591750841750841,0.045565474444073016,0.9600000000000002,0.044221663871405324,1.0683
50,20,sqrt,10,5,0.9520202020202019,0.05400341728062436,0.9533333333333334,0.052068331172711015,1.1169
50,20,sqrt,10,10,0.9454208754208754,0.05969806163674965,0.9466666666666667,0.0581186525805423,1.0536
50,20,sqrt,20,1,0.9591750841750841,0.045565474444073016,0.9600000000000002,0.044221663871405324,1.0652
50,20,sqrt,20,2,0.9591750841750841,0.045565474444073016,0.9600000000000002,0.044221663871405324,1.0817
50,20,sqrt,20,5,0.9452861952861952,0.051752276595755535,0.9466666666666667,0.04988876515698587,1.0617
50,20,sqrt,20,10,0.9454208754208754,0.05969806163674965,0.9466666666666667,0.0581186525805423,1.0843
50,20,log2,2,1,0.9454208754208754,0.05969806163674965,0.9466666666666667,0.0581186525805423,1.0838
50,20,log2,2,2,0.9591750841750841,0.045565474444073016,0.9600000000000002,0.044221663871405324,1.0564
50,20,log2,2,5,0.9520202020202019,0.05400341728062436,0.9533333333333334,0.052068331172711015,1.0613
50,20,log2,2,10,0.9454208754208754,0.05969806163674965,0.9466666666666667,0.0581186525805423,1.0909
50,20,log2,5,1,0.9525757575757575,0.0530861258216581,0.9533333333333334,0.052068331172711015,1.0727
50,20,log2,5,2,0.9525757575757575,0.0530861258216581,0.9533333333333334,0.052068331172711015,1.0775
50,20,log2,5,5,0.9520202020202019,0.05400341728062436,0.9533333333333334,0.052068331172711015,1.0917
50,20,log2,5,10,0.9454208754208754,0.05969806163674965,0.9466666666666667,0.0581186525805423,1.0706
50,20,log2,10,1,0.9525757575757575,0.0530861258216581,0.9533333333333334,0.052068331172711015,1.0427
50,20,log2,10,2,0.9591750841750841,0.045565474444073016,0.9600000000000002,0.044221663871405324,1.1014
50,20,log2,10,5,0.9520202020202019,0.05400341728062436,0.9533333333333334,0.052068331172711015,1.0885
50,20,log2,10,10,0.9454208754208754,0.05969806163674965,0.9466666666666667,0.0581186525805423,1.0766
50,20,log2,20,1,0.9591750841750841,0.045565474444073016,0.9600000000000002,0.044221663871405324,1.1
50,20,log2,20,2,0.9591750841750841,0.045565474444073016,0.9600000000000002,0.044221663871405324,1.0557
50,20,log2,20,5,0.9452861952861952,0.051752276595755535,0.9466666666666667,0.04988876515698587,1.0794
50,20,log2,20,10,0.9454208754208754,0.05969806163674965,0.9466666666666667,0.0581186525805423,1.0687
50,20,0.5,2,1,0.9454208754208754,0.05969806163674965,0.9466666666666667,0.0581186525805423,1.0733
50,20,0.5,2,2,0.9591750841750841,0.045565474444073016,0.9600000000000002,0.044221663871405324,1.0547
50,20,0.5,2,5,0.9520202020202019,0.05400341728062436,0.9533333333333334,0.052068331172711015,1.0767
50,20,0.5,2,10,0.9454208754208754,0.05969806163674965,0.9466666666666667,0.0581186525805423,1.077
50,20,0.5,5,1,0.9525757575757575,0.0530861258216581,0.9533333333333334,0.052068331172711015,1.0779
50,20,0.5,5,2,0.9525757575757575,0.0530861258216581,0.9533333333333334,0.052068331172711015,1.0674
50,20,0.5,5,5,0.9520202020202019,0.05400341728062436,0.9533333333333334,0.052068331172711015,1.0805
50,20,0.5,5,10,0.9454208754208754,0.05969806163674965,0.9466666666666667,0.0581186525805423,1.0625
50,20,0.5,10,1,0.9525757575757575,0.0530861258216581,0.9533333333333334,0.052068331172711015,1.0787
50,20,0.5,10,2,0.9591750841750841,0.045565474444073016,0.9600000000000002,0.044221663871405324,1.0837
50,20,0.5,10,5,0.9520202020202019,0.05400341728062436,0.9533333333333334,0.052068331172711015,1.0822
50,20,0.5,10,10,0.9454208754208754,0.05969806163674965,0.9466666666666667,0.0581186525805423,1.0671
50,20,0.5,20,1,0.9591750841750841,0.045565474444073016,0.9600000000000002,0.044221663871405324,1.0852
50,20,0.5,20,2,0.9591750841750841,0.045565474444073016,0.9600000000000002,0.044221663871405324,1.0487
50,20,0.5,20,5,0.9452861952861952,0.051752276595755535,0.9466666666666667,0.04988876515698587,1.0807
50,20,0.5,20,10,0.9454208754208754,0.05969806163674965,0.9466666666666667,0.0581186525805423,1.0831
50,20,1.0,2,1,0.9386868686868686,0.05689382917789906,0.9400000000000001,0.05537749241945381,1.099
50,20,1.0,2,2,0.9524410774410773,0.043982991774046264,0.9533333333333334,0.04268749491621898,1.0537
50,20,1.0,2,5,0.9323737373737373,0.06763948794822675,0.9333333333333333,0.06666666666666665,1.0637
50,20,1.0,2,10,0.9323737373737373,0.06763948794822675,0.9333333333333333,0.06666666666666665,1.0828
50,20,1.0,5,1,0.9525757575757575,0.0530861258216581,0.9533333333333334,0.052068331172711015,1.0617
50,20,1.0,5,2,0.9525757575757575,0.0530861258216581,0.9533333333333334,0.052068331172711015,1.0534
50,20,1.0,5,5,0.9323737373737373,0.06763948794822675,0.9333333333333333,0.06666666666666665,1.0661
50,20,1.0,5,10,0.9323737373737373,0.06763948794822675,0.9333333333333333,0.06666666666666665,1.0803
50,20,1.0,10,1,0.9525757575757575,0.0530861258216581,0.9533333333333334,0.052068331172711015,1.1047
50,20,1.0,10,2,0.9591750841750841,0.045565474444073016,0.9600000000000002,0.044221663871405324,1.0859
50,20,1.0,10,5,0.9323737373737373,0.06763948794822675,0.9333333333333333,0.06666666666666665,1.0839
50,20,1.0,10,10,0.9323737373737373,0.06763948794822675,0.9333333333333333,0.06666666666666665,1.0604
50,20,1.0,20,1,0.9525757575757575,0.0530861258216581,0.9533333333333334,0.052068331172711015,1.0596
50,20,1.0,20,2,0.9591750841750841,0.045565474444073016,0.9600000000000002,0.044221663871405324,1.0748
50,20,1.0,20,5,0.9323737373737373,0.06763948794822675,0.9333333333333333,0.06666666666666665,1.0652
50,20,1.0,20,10,0.9323737373737373,0.06763948794822675,0.9333333333333333,0.06666666666666665,1.0663
100,,sqrt,2,1,0.9525757575757575,0.0530861258216581,0.9533333333333334,0.052068331172711015,1.9157
100,,sqrt,2,2,0.9525757575757575,0.0530861258216581,0.9533333333333334,0.052068331172711015,1.9137
100,,sqrt,2,5,0.9591750841750841,0.045565474444073016,0.9600000000000002,0.044221663871405324,1.9538
100,,sqrt,2,10,0.9458417508417508,0.050867947071959914,0.9466666666666667,0.04988876515698587,1.8916
100,,sqrt,5,1,0.9525757575757575,0.0530861258216581,0.9533333333333334,0.052068331172711015,1.8422
100,,sqrt,5,2,0.9525757575757575,0.0530861258216581,0.9533333333333334,0.052068331172711015,1.8829
100,,sqrt,5,5,0.9591750841750841,0.045565474444073016,0.9600000000000002,0.044221663871405324,2.0028
100,,sqrt,5,10,0.9458417508417508,0.050867947071959914,0.9466666666666667,0.04988876515698587,1.9163
100,,sqrt,10,1,0.9525757575757575,0.0530861258216581,0.9533333333333334,0.052068331172711015,1.8819
100,,sqrt,10,2,0.9525757575757575,0.0530861258216581,0.9533333333333334,0.052068331172711015,1.8931
100,,sqrt,10,5,0.9591750841750841,0.045565474444073016,0.9600000000000002,0.044221663871405324,1.9053
100,,sqrt,10,10,0.9458417508417508,0.050867947071959914,0.9466666666666667,0.04988876515698587,1.9437
100,,sqrt,20,1,0.9525757575757575,0.0530861258216581,0.9533333333333334,0.052068331172711015,1.9225
100,,sqrt,20,2,0.9591750841750841,0.045565474444073016,0.9600000000000002,0.044221663871405324,1.9005
100,,sqrt,20,5,0.9591750841750841,0.045565474444073016,0.9600000000000002,0.044221663871405324,1.877
100,,sqrt,20,10,0.9458417508417508,0.050867947071959914,0.9466666666666667,0.04988876515698587,1.8889
100,,log2,2,1,0.9525757575757575,0.0530861258216581,0.9533333333333334,0.052068331172711015,1.9072
100,,log2,2,2,0.9525757575757575,0.0530861258216581,0.9533333333333334,0.052068331172711015,1.9354
100,,log2,2,5,0.9591750841750841,0.045565474444073016,0.9600000000000002,0.044221663871405324,1.9037
100,,log2,2,10,0.9458417508417508,0.050867947071959914,0.9466666666666667,0.04988876515698587,1.8985
100,,log2,5,1,0.9525757575757575,0.0530861258216581,0.9533333333333334,0.052068331172711015,1.8974
100,,log2,5,2,0.9525757575757575,0.0530861258216581,0.9533333333333334,0.052068331172711015,1.8861
100,,log2,5,5,0.9591750841750841,0.045565474444073016,0.9600000000000002,0.044221663871405324,1.9018
100,,log2,5,10,0.9458417508417508,0.050867947071959914,0.9466666666666667,0.04988876515698587,1.9487
100,,log2,10,1,0.9525757575757575,0.0530861258216581,0.9533333333333334,0.052068331172711015,1.8888
100,,log2,10,2,0.9525757575757575,0.0530861258216581,0.9533333333333334,0.052068331172711015,1.8975
100,,log2,10,5,0.9591750841750841,0.045565474444073016,0.9600000000000002,0.044221663871405324,1.9008
100,,log2,10,10,0.9458417508417508,0.050867947071959914,0.9466666666666667,0.04988876515698587,1.8551
100,,log2,20,1,0.9525757575757575,0.0530861258216581,0.9533333333333334,0.052068331172711015,1.8895
100,,log2,20,2,0.9591750841750841,0.045565474444073016,0.9600000000000002,0.044221663871405324,1.8838
100,,log2,20,5,0.9591750841750841,0.045565474444073016,0.9600000000000002,0.044221663871405324,1.8591
100,,log2,20,10,0.9458417508417508,0.050867947071959914,0.9466666666666667,0.04988876515698587,1.8385
100,,0.5,2,1,0.9525757575757575,0.0530861258216581,0.9533333333333334,0.052068331172711015,1.8774
100,,0.5,2,2,0.9525757575757575,0.0530861258216581,0.9533333333333334,0.052068331172711015,1.8987
100,,0.5,2,5,0.9591750841750841,0.045565474444073016,0.9600000000000002,0.044221663871405324,1.8859
100,,0.5,2,10,0.9458417508417508,0.050867947071959914,0.9466666666666667,0.04988876515698587,1.9254
100,,0.5,5,1,0.9525757575757575,0.0530861258216581,0.9533333333333334,0.052068331172711015,1.845
100,,0.5,5,2,0.9525757575757575,0.0530861258216581,0.9533333333333334,0.052068331172711015,1.8573
100,,0.5,5,5,0.9591750841750841,0.045565474444073016,0.9600000000000002,0.044221663871405324,1.8105
100,,0.5,5,10,0.9458417508417508,0.050867947071959914,0.9466666666666667,0.04988876515698587,1.8274
100,,0.5,10,1,0.9525757575757575,0.0530861258216581,0.9533333333333334,0.052068331172711015,1.8541
100,,0.5,10,2,0.9525757575757575,0.0530861258216581,0.9533333333333334,0.052068331172711015,1.8578
100,,0.5,10,5,0.9591750841750841,0.045565474444073016,0.9600000000000002,0.044221663871405324,1.8987
100,,0.5,10,10,0.9458417508417508,0.050867947071959914,0.9466666666666667,0.04988876515698587,1.8693
100,,0.5,20,1,0.9525757575757575,0.0530861258216581,0.9533333333333334,0.052068331172711015,1.8577
100,,0.5,20,2,0.9591750841750841,0.045565474444073016,0.9600000000000002,0.044221663871405324,1.8908
100,,0.5,20,5,0.9591750841750841,0.045565474444073016,0.9600000000000002,0.044221663871405324,1.8708
100,,0.5,20,10,0.9458417508417508,0.050867947071959914,0.9466666666666667,0.04988876515698587,1.8765
100,,1.0,2,1,0.9458417508417508,0.050867947071959914,0.9466666666666667,0.04988876515698587,1.8512
100,,1.0,2,2,0.9458417508417508,0.050867947071959914,0.9466666666666667,0.04988876515698587,1.9083
100,,1.0,2,5,0.9323737373737373,0.06763948794822675,0.9333333333333333,0.06666666666666665,1.8566
100,,1.0,2,10,0.9256397306397306,0.06381559789188865,0.9266666666666667,0.06289320754704401,1.8556
100,,1.0,5,1,0.9597306397306398,0.04438502302601822,0.96,0.04422166387140532,1.8335
100,,1.0,5,2,0.9525757575757575,0.0530861258216581,0.9533333333333334,0.052068331172711015,1.8771
100,,1.0,5,5,0.9323737373737373,0.06763948794822675,0.9333333333333333,0.06666666666666665,1.8512
100,,1.0,5,10,0.9256397306397306,0.06381559789188865,0.9266666666666667,0.06289320754704401,1.8674
100,,1.0,10,1,0.9597306397306398,0.04438502302601822,0.96,0.04422166387140532,1.8487
100,,1.0,10,2,0.9525757575757575,0.0530861258216581,0.9533333333333334,0.052068331172711015,1.9264
100,,1.0,10,5,0.9323737373737373,0.06763948794822675,0.9333333333333333,0.06666666666666665,1.839
100,,1.0,10,10,0.9256397306397306,0.06381559789188865,0.9266666666666667,0.06289320754704401,1.8794
100,,1.0,20,1,0.9597306397306398,0.04438502302601822,0.96,0.04422166387140532,1.854
100,,1.0,20,2,0.9525757575757575,0.0530861258216581,0.9533333333333334,0.052068331172711015,1.859
100,,1.0,20,5,0.9323737373737373,0.06763948794822675,0.9333333333333333,0.06666666666666665,1.8697
100,,1.0,20,10,0.9256397306397306,0.06381559789188865,0.9266666666666667,0.06289320754704401,1.8693
100,5,sqrt,2,1,0.9525757575757575,0.0530861258216581,0.9533333333333334,0.052068331172711015,1.8501
100,5,sqrt,2,2,0.9525757575757575,0.0530861258216581,0.9533333333333334,0.052068331172711015,1.8629
100,5,sqrt,2,5,0.9591750841750841,0.045565474444073016,0.9600000000000002,0.044221663871405324,1.8627
100,5,sqrt,2,10,0.9458417508417508,0.050867947071959914,0.9466666666666667,0.04988876515698587,1.831
100,5,sqrt,5,1,0.9525757575757575,0.0530861258216581,0.9533333333333334,0.052068331172711015,1.8466
100,5,sqrt,5,2,0.9525757575757575,0.0530861258216581,0.9533333333333334,0.052068331172711015,1.8494
100,5,sqrt,5,5,0.9591750841750841,0.045565474444073016,0.9600000000000002,0.044221663871405324,1.8632
100,5,sqrt,5,10,0.9458417508417508,0.050867947071959914,0.9466666666666667,0.04988876515698587,1.9067
100,5,sqrt,10,1,0.9525757575757575,0.0530861258216581,0.9533333333333334,0.052068331172711015,1.8474
100,5,sqrt,10,2,0.9525757575757575,0.0530861258216581,0.9533333333333334,0.052068331172711015,1.8343
100,5,sqrt,10,5,0.9591750841750841,0.045565474444073016,0.9600000000000002,0.044221663871405324,1.8484
100,5,sqrt,10,10,0.9458417508417508,0.050867947071959914,0.9466666666666667,0.04988876515698587,1.8427
100,5,sqrt,20,1,0.9525757575757575,0.0530861258216581,0.9533333333333334,0.052068331172711015,1.8588
100,5,sqrt,20,2,0.9591750841750841,0.045565474444073016,0.9600000000000002,0.044221663871405324,1.8791
100,5,sqrt,20,5,0.9591750841750841,0.045565474444073016,0.9600000000000002,0.044221663871405324,1.886
100,5,sqrt,20,10,0.9458417508417508,0.050867947071959914,0.9466666666666667,0.04988876515698587,1.8496
100,5,log2,2,1,0.9525757575757575,0.0530861258216581,0.9533333333333334,0.052068331172711015,1.8555
100,5,log2,2,2,0.9525757575757575,0.0530861258216581,0.9533333333333334,0.052068331172711015,1.867
100,5,log2,2,5,0.9591750841750841,0.045565474444073016,0.9600000000000002,0.044221663871405324,1.8688
100,5,log2,2,10,0.9458417508417508,0.050867947071959914,0.9466666666666667,0.04988876515698587,1.8603
100,5,log2,5,1,0.9525757575757575,0.0530861258216581,0.9533333333333334,0.052068331172711015,1.8513
100,5,log2,5,2,0.9525757575757575,0.0530861258216581,0.9533333333333334,0.052068331172711015,1.853
100,5,log2,5,5,0.9591750841750841,0.045565474444073016,0.9600000000000002,0.044221663871405324,1.8786
100,5,log2,5,10,0.9458417508417508,0.050867947071959914,0.9466666666666667,0.04988876515698587,1.864
100,5,log2,10,1,0.9525757575757575,0.0530861258216581,0.9533333333333334,0.052068331172711015,1.8521
100,5,log2,10,2,0.9525757575757575,0.0530861258216581,0.9533333333333334,0.052068331172711015,1.8456
100,5,log2,10,5,0.9591750841750841,0.045565474444073016,0.9600000000000002,0.044221663871405324,1.8634
100,5,log2,10,10,0.9458417508417508,0.050867947071959914,0.9466666666666667,0.04988876515698587,1.9115
100,5,log2,20,1,0.9525757575757575,0.0530861258216581,0.9533333333333334,0.052068331172711015,1.9335
100,5,log2,20,2,0.9591750841750841,0.045565474444073016,0.9600000000000002,0.044221663871405324,1.8769
100,5,log2,20,5,0.9591750841750841,0.045565474444073016,0.9600000000000002,0.044221663871405324,1.8384
100,5,log2,20,10,0.9458417508417508,0.050867947071959914,0.9466666666666667,0.04988876515698587,1.8731
100,5,0.5,2,1,0.9525757575757575,0.0530861258216581,0.9533333333333334,0.052068331172711015,1.9215
100,5,0.5,2,2,0.9525757575757575,0.0530861258216581,0.9533333333333334,0.052068331172711015,1.9002
100,5,0.5,2,5,0.9591750841750841,0.045565474444073016,0.9600000000000002,0.044221663871405324,1.9277
100,5,0.5,2,10,0.9458417508417508,0.050867947071959914,0.9466666666666667,0.04988876515698587,1.893
100,5,0.5,5,1,0.9525757575757575,0.0530861258216581,0.9533333333333334,0.052068331172711015,1.9349
100,5,0.5,5,2,0.9525757575757575,0.0530861258216581,0.9533333333333334,0.052068331172711015,1.8279
100,5,0.5,5,5,0.9591750841750841,0.045565474444073016,0.9600000000000002,0.044221663871405324,1.8394
100,5,0.5,5,10,0.9458417508417508,0.050867947071959914,0.9466666666666667,0.04988876515698587,1.8235
100,5,0.5,10,1,0.9525757575757575,0.0530861258216581,0.9533333333333334,0.052068331172711015,1.827
100,5,0.5,10,2,0.9525757575757575,0.0530861258216581,0.9533333333333334,0.052068331172711015,1.8423
100,5,0.5,10,5,0.9591750841750841,0.045565474444073016,0.9600000000000002,0.044221663871405324,1.857
100,5,0.5,10,10,0.9458417508417508,0.050867947071959914,0.9466666666666667,0.04988876515698587,1.8127
100,5,0.5,20,1,0.9525757575757575,0.0530861258216581,0.9533333333333334,0.052068331172711015,1.8499
100,5,0.5,20,2,0.9591750841750841,0.045565474444073016,0.9600000000000002,0.044221663871405324,1.8959
100,5,0.5,20,5,0.9591750841750841,0.045565474444073016,0.9600000000000002,0.044221663871405324,1.8716
100,5,0.5,20,10,0.9458417508417508,0.050867947071959914,0.9466666666666667,0.04988876515698587,1.8934
100,5,1.0,2,1,0.9458417508417508,0.050867947071959914,0.9466666666666667,0.04988876515698587,1.877
100,5,1.0,2,2,0.9458417508417508,0.050867947071959914,0.9466666666666667,0.04988876515698587,1.8667
100,5,1.0,2,5,0.9323737373737373,0.06763948794822675,0.9333333333333333,0.06666666666666665,1.8574
100,5,1.0,2,10,0.9256397306397306,0.06381559789188865,0.9266666666666667,0.06289320754704401,1.8462
100,5,1.0,5,1,0.9597306397306398,0.04438502302601822,0.96,0.04422166387140532,1.8646
100,5,1.0,5,2,0.9525757575757575,0.0530861258216581,0.9533333333333334,0.052068331172711015,1.8832
100,5,1.0,5,5,0.9323737373737373,0.06763948794822675,0.9333333333333333,0.06666666666666665,1.8342
100,5,1.0,5,10,0.9256397306397306,0.06381559789188865,0.9266666666666667,0.06289320754704401,1.8488
100,5,1.0,10,1,0.9597306397306398,0.04438502302601822,0.96,0.04422166387140532,1.8484
100,5,1.0,10,2,0.9525757575757575,0.0530861258216581,0.9533333333333334,0.052068331172711015,1.8462
100,5,1.0,10,5,0.9323737373737373,0.06763948794822675,0.9333333333333333,0.06666666666666665,1.8358
100,5,1.0,10,10,0.9256397306397306,0.06381559789188865,0.9266666666666667,0.06289320754704401,1.8622
100,5,1.0,20,1,0.9597306397306398,0.04438502302601822,0.96,0.04422166387140532,1.8608
100,5,1.0,20,2,0.9525757575757575,0.0530861258216581,0.9533333333333334,0.052068331172711015,1.8614
100,5,1.0,20,5,0.9323737373737373,0.06763948794822675,0.9333333333333333,0.06666666666666665,1.8532
100,5,1.0,20,10,0.9256397306397306,0.06381559789188865,0.9266666666666667,0.06289320754704401,1.8813
100,10,sqrt,2,1,0.9525757575757575,0.0530861258216581,0.9533333333333334,0.052068331172711015,1.8721
100,10,sqrt,2,2,0.9525757575757575,0.0530861258216581,0.9533333333333334,0.052068331172711015,1.8359
100,10,sqrt,2,5,0.9591750841750841,0.045565474444073016,0.9600000000000002,0.044221663871405324,1.8495
100,10,sqrt,2,10,0.9458417508417508,0.050867947071959914,0.9466666666666667,0.04988876515698587,1.8383
100,10,sqrt,5,1,0.9525757575757575,0.0530861258216581,0.9533333333333334,0.052068331172711015,1.8413
100,10,sqrt,5,2,0.9525757575757575,0.0530861258216581,0.9533333333333334,0.052068331172711015,1.843
100,10,sqrt,5,5,0.9591750841750841,0.045565474444073016,0.9600000000000002,0.044221663871405324,1.9137
100,10,sqrt,5,10,0.9458417508417508,0.050867947071959914,0.9466666666666667,0.04988876515698587,1.8536
100,10,sqrt,10,1,0.9525757575757575,0.0530861258216581,0.9533333333333334,0.052068331172711015,1.8409
100,10,sqrt,10,2,0.9525757575757575,0.0530861258216581,0.9533333333333334,0.052068331172711015,1.8156
100,10,sqrt,10,5,0.9591750841750841,0.045565474444073016,0.9600000000000002,0.044221663871405324,1.8317
100,10,sqrt,10,10,0.9458417508417508,0.050867947071959914,0.9466666666666667,0.04988876515698587,1.8376
100,10,sqrt,20,1,0.9525757575757575,0.0530861258216581,0.9533333333333334,0.052068331172711015,1.8974
100,10,sqrt,20,2,0.9591750841750841,0.045565474444073016,0.9600000000000002,0.044221663871405324,1.8897
100,10,sqrt,20,5,0.9591750841750841,0.045565474444073016,0.9600000000000002,0.044221663871405324,1.8915
100,10,sqrt,20,10,0.9458417508417508,0.050867947071959914,0.9466666666666667,0.04988876515698587,1.8593
100,10,log2,2,1,0.9525757575757575,0.0530861258216581,0.9533333333333334,0.052068331172711015,1.8459
100,10,log2,2,2,0.9525757575757575,0.0530861258216581,0.9533333333333334,0.052068331172711015,1.9507
100,10,log2,2,5,0.9591750841750841,0.045565474444073016,0.9600000000000002,0.044221663871405324,1.9567
100,10,log2,2,10,0.9458417508417508,0.050867947071959914,0.9466666666666667,0.04988876515698587,1.8515
100,10,log2,5,1,0.9525757575757575,0.0530861258216581,0.9533333333333334,0.052068331172711015,1.9035
100,10,log2,5,2,0.9525757575757575,0.0530861258216581,0.9533333333333334,0.052068331172711015,1.915
100,10,log2,5,5,0.9591750841750841,0.045565474444073016,0.9600000000000002,0.044221663871405324,1.902
100,10,log2,5,10,0.9458417508417508,0.050867947071959914,0.9466666666666667,0.04988876515698587,1.8943
100,10,log2,10,1,0.9525757575757575,0.0530861258216581,0.9533333333333334,0.052068331172711015,1.8653
100,10,log2,10,2,0.9525757575757575,0.0530861258216581,0.9533333333333334,0.052068331172711015,1.8701
100,10,log2,10,5,0.9591750841750841,0.045565474444073016,0.9600000000000002,0.044221663871405324,1.8463
100,10,log2,10,10,0.9458417508417508,0.050867947071959914,0.9466666666666667,0.04988876515698587,1.8702
100,10,log2,20,1,0.9525757575757575,0.0530861258216581,0.9533333333333334,0.052068331172711015,1.877
100,10,log2,20,2,0.9591750841750841,0.045565474444073016,0.9600000000000002,0.044221663871405324,1.9193
100,10,log2,20,5,0.9591750841750841,0.045565474444073016,0.9600000000000002,0.044221663871405324,1.8425
100,10,log2,20,10,0.9458417508417508,0.050867947071959914,0.9466666666666667,0.04988876515698587,1.9209
100,10,0.5,2,1,0.9525757575757575,0.0530861258216581,0.9533333333333334,0.052068331172711015,1.8433
100,10,0.5,2,2,0.9525757575757575,0.0530861258216581,0.9533333333333334,0.052068331172711015,1.8512
100,10,0.5,2,5,0.9591750841750841,0.045565474444073016,0.9600000000000002,0.044221663871405324,1.8635
100,10,0.5,2,10,0.9458417508417508,0.050867947071959914,0.9466666666666667,0.04988876515698587,1.901
100,10,0.5,5,1,0.9525757575757575,0.0530861258216581,0.9533333333333334,0.052068331172711015,1.873
100,10,0.5,5,2,0.9525757575757575,0.0530861258216581,0.9533333333333334,0.052068331172711015,1.8763
100,10,0.5,5,5,0.9591750841750841,0.045565474444073016,0.9600000000000002,0.044221663871405324,1.8772
100,10,0.5,5,10,0.9458417508417508,0.050867947071959914,0.9466666666666667,0.04988876515698587,1.8406
100,10,0.5,10,1,0.9525757575757575,0.0530861258216581,0.9533333333333334,0.052068331172711015,1.8639
100,10,0.5,10,2,0.9525757575757575,0.0530861258216581,0.9533333333333334,0.052068331172711015,1.9021
100,10,0.5,10,5,0.9591750841750841,0.045565474444073016,0.9600000000000002,0.044221663871405324,1.8921
100,10,0.5,10,10,0.9458417508417508,0.050867947071959914,0.9466666666666667,0.04988876515698587,1.9026
100,10,0.5,20,1,0.9525757575757575,0.0530861258216581,0.9533333333333334,0.052068331172711015,1.9013
100,10,0.5,20,2,0.9591750841750841,0.045565474444073016,0.9600000000000002,0.044221663871405324,1.8465
100,10,0.5,20,5,0.9591750841750841,0.045565474444073016,0.9600000000000002,0.044221663871405324,1.9039
100,10,0.5,20,10,0.9458417508417508,0.050867947071959914,0.9466666666666667,0.04988876515698587,1.8863
100,10,1.0,2,1,0.9458417508417508,0.050867947071959914,0.9466666666666667,0.04988876515698587,2.0948
100,10,1.0,2,2,0.9458417508417508,0.050867947071959914,0.9466666666666667,0.04988876515698587,2.0193
100,10,1.0,2,5,0.9323737373737373,0.06763948794822675,0.9333333333333333,0.06666666666666665,1.9835
100,10,1.0,2,10,0.9256397306397306,0.06381559789188865,0.9266666666666667,0.06289320754704401,1.9967
100,10,1.0,5,1,0.9597306397306398,0.04438502302601822,0.96,0.04422166387140532,1.9111
100,10,1.0,5,2,0.9525757575757575,0.0530861258216581,0.9533333333333334,0.052068331172711015,1.9171
100,10,1.0,5,5,0.9323737373737373,0.06763948794822675,0.9333333333333333,0.06666666666666665,1.9173
100,10,1.0,5,10,0.9256397306397306,0.06381559789188865,0.9266666666666667,0.06289320754704401,1.9378
100,10,1.0,10,1,0.9597306397306398,0.04438502302601822,0.96,0.04422166387140532,1.8869
100,10,1.0,10,2,0.9525757575757575,0.0530861258216581,0.9533333333333334,0.052068331172711015,1.8807
100,10,1.0,10,5,0.9323737373737373,0.06763948794822675,0.9333333333333333,0.06666666666666665,1.8639
100,10,1.0,10,10,0.9256397306397306,0.06381559789188865,0.9266666666666667,0.06289320754704401,1.923
100,10,1.0,20,1,0.9597306397306398,0.04438502302601822,0.96,0.04422166387140532,1.9327
100,10,1.0,20,2,0.9525757575757575,0.0530861258216581,0.9533333333333334,0.052068331172711015,1.9178
100,10,1.0,20,5,0.9323737373737373,0.06763948794822675,0.9333333333333333,0.06666666666666665,1.9392
100,10,1.0,20,10,0.9256397306397306,0.06381559789188865,0.9266666666666667,0.06289320754704401,1.9363
100,20,sqrt,2,1,0.9525757575757575,0.0530861258216581,0.9533333333333334,0.052068331172711015,1.9153
100,20,sqrt,2,2,0.9525757575757575,0.0530861258216581,0.9533333333333334,0.052068331172711015,1.9071
100,20,sqrt,2,5,0.9591750841750841,0.045565474444073016,0.9600000000000002,0.044221663871405324,1.8843
100,20,sqrt,2,10,0.9458417508417508,0.050867947071959914,0.9466666666666667,0.04988876515698587,1.8614
100,20,sqrt,5,1,0.9525757575757575,0.0530861258216581,0.9533333333333334,0.052068331172711015,1.9
100,20,sqrt,5,2,0.9525757575757575,0.0530861258216581,0.9533333333333334,0.052068331172711015,1.9111
100,20,sqrt,5,5,0.9591750841750841,0.045565474444073016,0.9600000000000002,0.044221663871405324,1.8802
100,20,sqrt,5,10,0.9458417508417508,0.050867947071959914,0.9466666666666667,0.04988876515698587,1.897
100,20,sqrt,10,1,0.9525757575757575,0.0530861258216581,0.9533333333333334,0.052068331172711015,1.9214
100,20,sqrt,10,2,0.9525757575757575,0.0530861258216581,0.9533333333333334,0.052068331172711015,1.8605
100,20,sqrt,10,5,0.9591750841750841,0.045565474444073016,0.9600000000000002,0.044221663871405324,1.884
100,20,sqrt,10,10,0.9458417508417508,0.050867947071959914,0.9466666666666667,0.04988876515698587,1.8715
100,20,sqrt,20,1,0.9525757575757575,0.0530861258216581,0.9533333333333334,0.052068331172711015,1.8887
100,20,sqrt,20,2,0.9591750841750841,0.045565474444073016,0.9600000000000002,0.044221663871405324,1.8862
100,20,sqrt,20,5,0.9591750841750841,0.045565474444073016,0.9600000000000002,0.044221663871405324,1.8674
100,20,sqrt,20,10,0.9458417508417508,0.050867947071959914,0.9466666666666667,0.04988876515698587,1.8857
100,20,log2,2,1,0.9525757575757575,0.0530861258216581,0.9533333333333334,0.052068331172711015,1.8848
100,20,log2,2,2,0.9525757575757575,0.0530861258216581,0.9533333333333334,0.052068331172711015,1.8964
100,20,log2,2,5,0.9591750841750841,0.045565474444073016,0.9600000000000002,0.044221663871405324,1.8935
100,20,log2,2,10,0.9458417508417508,0.050867947071959914,0.9466666666666667,0.04988876515698587,1.8766
100,20,log2,5,1,0.9525757575757575,0.0530861258216581,0.9533333333333334,0.052068331172711015,1.8967
100,20,log2,5,2,0.9525757575757575,0.0530861258216581,0.9533333333333334,0.052068331172711015,1.898
100,20,log2,5,5,0.9591750841750841,0.045565474444073016,0.9600000000000002,0.044221663871405324,1.9373
100,20,log2,5,10,0.9458417508417508,0.050867947071959914,0.9466666666666667,0.04988876515698587,1.8714
100,20,log2,10,1,0.9525757575757575,0.0530861258216581,0.9533333333333334,0.052068331172711015,1.8917
100,20,log2,10,2,0.9525757575757575,0.0530861258216581,0.9533333333333334,0.052068331172711015,1.8643
100,20,log2,10,5,0.9591750841750841,0.045565474444073016,0.9600000000000002,0.044221663871405324,1.8833
100,20,log2,10,10,0.9458417508417508,0.050867947071959914,0.9466666666666667,0.04988876515698587,1.9138
100,20,log2,20,1,0.9525757575757575,0.0530861258216581,0.9533333333333334,0.052068331172711015,1.8954
100,20,log2,20,2,0.9591750841750841,0.045565474444073016,0.9600000000000002,0.044221663871405324,1.9041
100,20,log2,20,5,0.9591750841750841,0.045565474444073016,0.9600000000000002,0.044221663871405324,1.924
100,20,log2,20,10,0.9458417508417508,0.050867947071959914,0.9466666666666667,0.04988876515698587,1.8714
100,20,0.5,2,1,0.9525757575757575,0.0530861258216581,0.9533333333333334,0.052068331172711015,1.9132
100,20,0.5,2,2,0.9525757575757575,0.0530861258216581,0.9533333333333334,0.052068331172711015,1.9249
100,20,0.5,2,5,0.9591750841750841,0.045565474444073016,0.9600000000000002,0.044221663871405324,1.8838
100,20,0.5,2,10,0.9458417508417508,0.050867947071959914,0.9466666666666667,0.04988876515698587,1.8957
100,20,0.5,5,1,0.9525757575757575,0.0530861258216581,0.9533333333333334,0.052068331172711015,1.9137
100,20,0.5,5,2,0.9525757575757575,0.0530861258216581,0.9533333333333334,0.052068331172711015,1.8883
100,20,0.5,5,5,0.9591750841750841,0.045565474444073016,0.9600000000000002,0.044221663871405324,1.8837
100,20,0.5,5,10,0.9458417508417508,0.050867947071959914,0.9466666666666667,0.04988876515698587,1.8429
100,20,0.5,10,1,0.9525757575757575,0.0530861258216581,0.9533333333333334,0.052068331172711015,1.8436
100,20,0.5,10,2,0.9525757575757575,0.0530861258216581,0.9533333333333334,0.052068331172711015,1.8951
100,20,0.5,10,5,0.9591750841750841,0.045565474444073016,0.9600000000000002,0.044221663871405324,1.916
100,20,0.5,10,10,0.9458417508417508,0.050867947071959914,0.9466666666666667,0.04988876515698587,1.8929
100,20,0.5,20,1,0.9525757575757575,0.0530861258216581,0.9533333333333334,0.052068331172711015,1.8773
100,20,0.5,20,2,0.9591750841750841,0.045565474444073016,0.9600000000000002,0.044221663871405324,1.8538
100,20,0.5,20,5,0.9591750841750841,0.045565474444073016,0.9600000000000002,0.044221663871405324,1.8682
100,20,0.5,20,10,0.9458417508417508,0.050867947071959914,0.9466666666666667,0.04988876515698587,1.9148
100,20,1.0,2,1,0.9458417508417508,0.050867947071959914,0.9466666666666667,0.04988876515698587,1.9212
100,20,1.0,2,2,0.9458417508417508,0.050867947071959914,0.9466666666666667,0.04988876515698587,1.9052
100,20,1.0,2,5,0.9323737373737373,0.06763948794822675,0.9333333333333333,0.06666666666666665,1.8783
100,20,1.0,2,10,0.9256397306397306,0.06381559789188865,0.9266666666666667,0.06289320754704401,1.9037
100,20,1.0,5,1,0.9597306397306398,0.04438502302601822,0.96,0.04422166387140532,1.8955
100,20,1.0,5,2,0.9525757575757575,0.0530861258216581,0.9533333333333334,0.052068331172711015,1.9278
100,20,1.0,5,5,0.9323737373737373,0.06763948794822675,0.9333333333333333,0.06666666666666665,1.9239
100,20,1.0,5,10,0.9256397306397306,0.06381559789188865,0.9266666666666667,0.06289320754704401,2.0051
100,20,1.0,10,1,0.9597306397306398,0.04438502302601822,0.96,0.04422166387140532,1.9411
100,20,1.0,10,2,0.9525757575757575,0.0530861258216581,0.9533333333333334,0.052068331172711015,1.9496
100,20,1.0,10,5,0.9323737373737373,0.06763948794822675,0.9333333333333333,0.06666666666666665,1.9187
100,20,1.0,10,10,0.9256397306397306,0.06381559789188865,0.9266666666666667,0.06289320754704401,1.9382
100,20,1.0,20,1,0.9597306397306398,0.04438502302601822,0.96,0.04422166387140532,1.8979
100,20,1.0,20,2,0.9525757575757575,0.0530861258216581,0.9533333333333334,0.052068331172711015,1.9321
100,20,1.0,20,5,0.9323737373737373,0.06763948794822675,0.9333333333333333,0.06666666666666665,2.0753
100,20,1.0,20,10,0.9256397306397306,0.06381559789188865,0.9266666666666667,0.06289320754704401,1.904
200,,sqrt,2,1,0.9525757575757575,0.0530861258216581,0.9533333333333334,0.052068331172711015,3.3332
200,,sqrt,2,2,0.9525757575757575,0.0530861258216581,0.9533333333333334,0.052068331172711015,3.386
200,,sqrt,2,5,0.9525757575757575,0.0530861258216581,0.9533333333333334,0.052068331172711015,3.4265
200,,sqrt,2,10,0.9525757575757575,0.0530861258216581,0.9533333333333334,0.052068331172711015,3.3707
200,,sqrt,5,1,0.9525757575757575,0.0530861258216581,0.9533333333333334,0.052068331172711015,3.3832
200,,sqrt,5,2,0.9525757575757575,0.0530861258216581,0.9533333333333334,0.052068331172711015,3.3629
200,,sqrt,5,5,0.9525757575757575,0.0530861258216581,0.9533333333333334,0.052068331172711015,3.4574
200,,sqrt,5,10,0.9525757575757575,0.0530861258216581,0.9533333333333334,0.052068331172711015,3.3711
200,,sqrt,10,1,0.9525757575757575,0.0530861258216581,0.9533333333333334,0.052068331172711015,3.3699
200,,sqrt,10,2,0.9525757575757575,0.0530861258216581,0.9533333333333334,0.052068331172711015,3.3587
200,,sqrt,10,5,0.9525757575757575,0.0530861258216581,0.9533333333333334,0.052068331172711015,3.3485
200,,sqrt,10,10,0.9525757575757575,0.0530861258216581,0.9533333333333334,0.052068331172711015,3.3391
200,,sqrt,20,1,0.9597306397306398,0.04438502302601822,0.96,0.04422166387140532,3.5058
200,,sqrt,20,2,0.9525757575757575,0.0530861258216581,0.9533333333333334,0.052068331172711015,3.3958
200,,sqrt,20,5,0.9525757575757575,0.0530861258216581,0.9533333333333334,0.052068331172711015,3.4424
200,,sqrt,20,10,0.9525757575757575,0.0530861258216581,0.9533333333333334,0.052068331172711015,3.4121
200,,log2,2,1,0.9525757575757575,0.0530861258216581,0.9533333333333334,0.052068331172711015,3.403
200,,log2,2,2,0.9525757575757575,0.0530861258216581,0.9533333333333334,0.052068331172711015,3.371
200,,log2,2,5,0.9525757575757575,0.0530861258216581,0.9533333333333334,0.052068331172711015,3.3646
200,,log2,2,10,0.9525757575757575,0.0530861258216581,0.9533333333333334,0.052068331172711015,3.3798
200,,log2,5,1,0.9525757575757575,0.0530861258216581,0.9533333333333334,0.052068331172711015,3.3838
200,,log2,5,2,0.9525757575757575,0.0530861258216581,0.9533333333333334,0.052068331172711015,3.511
200,,log2,5,5,0.9525757575757575,0.0530861258216581,0.9533333333333334,0.052068331172711015,3.3725
200,,log2,5,10,0.9525757575757575,0.0530861258216581,0.9533333333333334,0.052068331172711015,3.3683
200,,log2,10,1,0.9525757575757575,0.0530861258216581,0.9533333333333334,0.052068331172711015,3.3679
200,,log2,10,2,0.9525757575757575,0.0530861258216581,0.9533333333333334,0.052068331172711015,3.375
200,,log2,10,5,0.9525757575757575,0.0530861258216581,0.9533333333333334,0.052068331172711015,3.4918
200,,log2,10,10,0.9525757575757575,0.0530861258216581,0.9533333333333334,0.052068331172711015,3.4884
200,,log2,20,1,0.9597306397306398,0.04438502302601822,0.96,0.04422166387140532,3.3575
200,,log2,20,2,0.9525757575757575,0.0530861258216581,0.9533333333333334,0.052068331172711015,3.4797
200,,log2,20,5,0.9525757575757575,0.0530861258216581,0.9533333333333334,0.052068331172711015,3.4035
200,,log2,20,10,0.9525757575757575,0.0530861258216581,0.9533333333333334,0.052068331172711015,3.4212
200,,0.5,2,1,0.9525757575757575,0.0530861258216581,0.9533333333333334,0.052068331172711015,3.3735
200,,0.5,2,2,0.9525757575757575,0.0530861258216581,0.9533333333333334,0.052068331172711015,3.36
200,,0.5,2,5,0.9525757575757575,0.0530861258216581,0.9533333333333334,0.052068331172711015,3.36
200,,0.5,2,10,0.9525757575757575,0.0530861258216581,0.9533333333333334,0.052068331172711015,3.3849
200,,0.5,5,1,0.9525757575757575,0.0530861258216581,0.9533333333333334,0.052068331172711015,3.3578
200,,0.5,5,2,0.9525757575757575,0.0530861258216581,0.9533333333333334,0.052068331172711015,3.4256
200,,0.5,5,5,0.9525757575757575,0.0530861258216581,0.9533333333333334,0.052068331172711015,3.3584
200,,0.5,5,10,0.9525757575757575,0.0530861258216581,0.9533333333333334,0.052068331172711015,3.4253
200,,0.5,10,1,0.9525757575757575,0.0530861258216581,0.9533333333333334,0.052068331172711015,3.1728
200,,0.5,10,2,0.9525757575757575,0.0530861258216581,0.9533333333333334,0.052068331172711015,2.0657
200,,0.5,10,5,0.9525757575757575,0.0530861258216581,0.9533333333333334,0.052068331172711015,2.0478
200,,0.5,10,10,0.9525757575757575,0.0530861258216581,0.9533333333333334,0.052068331172711015,1.9904
200,,0.5,20,1,0.9597306397306398,0.04438502302601822,0.96,0.04422166387140532,2.0286
200,,0.5,20,2,0.9525757575757575,0.0530861258216581,0.9533333333333334,0.052068331172711015,1.9953
200,,0.5,20,5,0.9525757575757575,0.0530861258216581,0.9533333333333334,0.052068331172711015,2.0509
200,,0.5,20,10,0.9525757575757575,0.0530861258216581,0.9533333333333334,0.052068331172711015,2.3072
200,,1.0,2,1,0.9458417508417508,0.050867947071959914,0.9466666666666667,0.04988876515698587,2.1204
200,,1.0,2,2,0.9458417508417508,0.050867947071959914,0.9466666666666667,0.04988876515698587,3.16
200,,1.0,2,5,0.9323737373737373,0.06763948794822675,0.9333333333333333,0.06666666666666665,3.3177
200,,1.0,2,10,0.9256397306397306,0.06381559789188865,0.9266666666666667,0.06289320754704401,3.4609
200,,1.0,5,1,0.9597306397306398,0.04438502302601822,0.96,0.04422166387140532,3.3859
200,,1.0,5,2,0.9525757575757575,0.0530861258216581,0.9533333333333334,0.052068331172711015,3.3858
200,,1.0,5,5,0.9323737373737373,0.06763948794822675,0.9333333333333333,0.06666666666666665,3.3552
200,,1.0,5,10,0.9256397306397306,0.06381559789188865,0.9266666666666667,0.06289320754704401,3.3513
200,,1.0,10,1,0.9597306397306398,0.04438502302601822,0.96,0.04422166387140532,3.4474
200,,1.0,10,2,0.9525757575757575,0.0530861258216581,0.9533333333333334,0.052068331172711015,3.4024
200,,1.0,10,5,0.9323737373737373,0.06763948794822675,0.9333333333333333,0.06666666666666665,3.3765
200,,1.0,10,10,0.9256397306397306,0.06381559789188865,0.9266666666666667,0.06289320754704401,3.3862
200,,1.0,20,1,0.9597306397306398,0.04438502302601822,0.96,0.04422166387140532,3.4052
200,,1.0,20,2,0.9525757575757575,0.0530861258216581,0.9533333333333334,0.052068331172711015,3.3983
200,,1.0,20,5,0.9323737373737373,0.06763948794822675,0.9333333333333333,0.06666666666666665,3.4968
200,,1.0,20,10,0.9256397306397306,0.06381559789188865,0.9266666666666667,0.06289320754704401,3.3885
200,5,sqrt,2,1,0.9525757575757575,0.0530861258216581,0.9533333333333334,0.052068331172711015,3.3854
200,5,sqrt,2,2,0.9525757575757575,0.0530861258216581,0.9533333333333334,0.052068331172711015,3.3749
200,5,sqrt,2,5,0.9525757575757575,0.0530861258216581,0.9533333333333334,0.052068331172711015,3.3258
200,5,sqrt,2,10,0.9525757575757575,0.0530861258216581,0.9533333333333334,0.052068331172711015,3.2978
200,5,sqrt,5,1,0.9525757575757575,0.0530861258216581,0.9533333333333334,0.052068331172711015,3.4282
200,5,sqrt,5,2,0.9525757575757575,0.0530861258216581,0.9533333333333334,0.052068331172711015,3.3879
200,5,sqrt,5,5,0.9525757575757575,0.0530861258216581,0.9533333333333334,0.052068331172711015,3.4087
200,5,sqrt,5,10,0.9525757575757575,0.0530861258216581,0.9533333333333334,0.052068331172711015,3.3889
200,5,sqrt,10,1,0.9525757575757575,0.0530861258216581,0.9533333333333334,0.052068331172711015,3.3589
200,5,sqrt,10,2,0.9525757575757575,0.0530861258216581,0.9533333333333334,0.052068331172711015,3.3547
200,5,sqrt,10,5,0.9525757575757575,0.0530861258216581,0.9533333333333334,0.052068331172711015,3.2973
200,5,sqrt,10,10,0.9525757575757575,0.0530861258216581,0.9533333333333334,0.052068331172711015,3.3533
200,5,sqrt,20,1,0.9597306397306398,0.04438502302601822,0.96,0.04422166387140532,3.3376
200,5,sqrt,20,2,0.9525757575757575,0.0530861258216581,0.9533333333333334,0.052068331172711015,3.3654
200,5,sqrt,20,5,0.9525757575757575,0.0530861258216581,0.9533333333333334,0.052068331172711015,3.4465
200,5,sqrt,20,10,0.9525757575757575,0.0530861258216581,0.9533333333333334,0.052068331172711015,3.3219
200,5,log2,2,1,0.9525757575757575,0.0530861258216581,0.9533333333333334,0.052068331172711015,3.4005
200,5,log2,2,2,0.9525757575757575,0.0530861258216581,0.9533333333333334,0.052068331172711015,3.4203
200,5,log2,2,5,0.9525757575757575,0.0530861258216581,0.9533333333333334,0.052068331172711015,3.3608
200,5,log2,2,10,0.9525757575757575,0.0530861258216581,0.9533333333333334,0.052068331172711015,3.3703
200,5,log2,5,1,0.9525757575757575,0.0530861258216581,0.9533333333333334,0.052068331172711015,3.4433
200,5,log2,5,2,0.9525757575757575,0.0530861258216581,0.9533333333333334,0.052068331172711015,2.1929
200,5,log2,5,5,0.9525757575757575,0.0530861258216581,0.9533333333333334,0.052068331172711015,2.0878
200,5,log2,5,10,0.9525757575757575,0.0530861258216581,0.9533333333333334,0.052068331172711015,2.0152
200,5,log2,10,1,0.9525757575757575,0.0530861258216581,0.9533333333333334,0.052068331172711015,2.0436
200,5,log2,10,2,0.9525757575757575,0.0530861258216581,0.9533333333333334,0.052068331172711015,2.0421
200,5,log2,10,5,0.9525757575757575,0.0530861258216581,0.9533333333333334,0.052068331172711015,1.9752
200,5,log2,10,10,0.9525757575757575,0.0530861258216581,0.9533333333333334,0.052068331172711015,2.0061
200,5,log2,20,1,0.9597306397306398,0.04438502302601822,0.96,0.04422166387140532,1.9891
200,5,log2,20,2,0.9525757575757575,0.0530861258216581,0.9533333333333334,0.052068331172711015,1.9868
200,5,log2,20,5,0.9525757575757575,0.0530861258216581,0.9533333333333334,0.052068331172711015,1.9972
200,5,log2,20,10,0.9525757575757575,0.0530861258216581,0.9533333333333334,0.052068331172711015,2.155
200,5,0.5,2,1,0.9525757575757575,0.0530861258216581,0.9533333333333334,0.052068331172711015,2.0874
200,5,0.5,2,2,0.9525757575757575,0.0530861258216581,0.9533333333333334,0.052068331172711015,2.092
200,5,0.5,2,5,0.9525757575757575,0.0530861258216581,0.9533333333333334,0.052068331172711015,2.0174
200,5,0.5,2,10,0.9525757575757575,0.0530861258216581,0.9533333333333334,0.052068331172711015,2.1016
200,5,0.5,5,1,0.9525757575757575,0.0530861258216581,0.9533333333333334,0.052068331172711015,2.0512
200,5,0.5,5,2,0.9525757575757575,0.0530861258216581,0.9533333333333334,0.052068331172711015,2.0652
200,5,0.5,5,5,0.9525757575757575,0.0530861258216581,0.9533333333333334,0.052068331172711015,2.1599
200,5,0.5,5,10,0.9525757575757575,0.0530861258216581,0.9533333333333334,0.052068331172711015,2.112
200,5,0.5,10,1,0.9525757575757575,0.0530861258216581,0.9533333333333334,0.052068331172711015,2.116
200,5,0.5,10,2,0.9525757575757575,0.0530861258216581,0.9533333333333334,0.052068331172711015,2.2379
200,5,0.5,10,5,0.9525757575757575,0.0530861258216581,0.9533333333333334,0.052068331172711015,2.3295
200,5,0.5,10,10,0.9525757575757575,0.0530861258216581,0.9533333333333334,0.052068331172711015,2.2525
200,5,0.5,20,1,0.9597306397306398,0.04438502302601822,0.96,0.04422166387140532,2.2306
200,5,0.5,20,2,0.9525757575757575,0.0530861258216581,0.9533333333333334,0.052068331172711015,2.1682
200,5,0.5,20,5,0.9525757575757575,0.0530861258216581,0.9533333333333334,0.052068331172711015,2.1108
200,5,0.5,20,10,0.9525757575757575,0.0530861258216581,0.9533333333333334,0.052068331172711015,2.2463
200,5,1.0,2,1,0.9458417508417508,0.050867947071959914,0.9466666666666667,0.04988876515698587,2.3662
200,5,1.0,2,2,0.9458417508417508,0.050867947071959914,0.9466666666666667,0.04988876515698587,2.1192
200,5,1.0,2,5,0.9323737373737373,0.06763948794822675,0.9333333333333333,0.06666666666666665,2.1642
200,5,1.0,2,10,0.9256397306397306,0.06381559789188865,0.9266666666666667,0.06289320754704401,2.2008
200,5,1.0,5,1,0.9597306397306398,0.04438502302601822,0.96,0.04422166387140532,2.1081
200,5,1.0,5,2,0.9525757575757575,0.0530861258216581,0.9533333333333334,0.052068331172711015,2.0192
200,5,1.0,5,5,0.9323737373737373,0.06763948794822675,0.9333333333333333,0.06666666666666665,2.0404
200,5,1.0,5,10,0.9256397306397306,0.06381559789188865,0.9266666666666667,0.06289320754704401,2.0574
200,5,1.0,10,1,0.9597306397306398,0.04438502302601822,0.96,0.04422166387140532,2.0345
200,5,1.0,10,2,0.9525757575757575,0.0530861258216581,0.9533333333333334,0.052068331172711015,2.036
200,5,1.0,10,5,0.9323737373737373,0.06763948794822675,0.9333333333333333,0.06666666666666665,2.0698
200,5,1.0,10,10,0.9256397306397306,0.06381559789188865,0.9266666666666667,0.06289320754704401,1.9683
200,5,1.0,20,1,0.9597306397306398,0.04438502302601822,0.96,0.04422166387140532,1.9942
200,5,1.0,20,2,0.9525757575757575,0.0530861258216581,0.9533333333333334,0.052068331172711015,1.993
200,5,1.0,20,5,0.9323737373737373,0.06763948794822675,0.9333333333333333,0.06666666666666665,2.0534
200,5,1.0,20,10,0.9256397306397306,0.06381559789188865,0.9266666666666667,0.06289320754704401,2.0267
200,10,sqrt,2,1,0.9525757575757575,0.0530861258216581,0.9533333333333334,0.052068331172711015,2.0032
200,10,sqrt,2,2,0.9525757575757575,0.0530861258216581,0.9533333333333334,0.052068331172711015,2.1197
200,10,sqrt,2,5,0.9525757575757575,0.0530861258216581,0.9533333333333334,0.052068331172711015,1.959
200,10,sqrt,2,10,0.9525757575757575,0.0530861258216581,0.9533333333333334,0.052068331172711015,1.9665
200,10,sqrt,5,1,0.9525757575757575,0.0530861258216581,0.9533333333333334,0.052068331172711015,2.0096
200,10,sqrt,5,2,0.9525757575757575,0.0530861258216581,0.9533333333333334,0.052068331172711015,1.9724
200,10,sqrt,5,5,0.9525757575757575,0.0530861258216581,0.9533333333333334,0.052068331172711015,2.0009
200,10,sqrt,5,10,0.9525757575757575,0.0530861258216581,0.9533333333333334,0.052068331172711015,2.036
200,10,sqrt,10,1,0.9525757575757575,0.0530861258216581,0.9533333333333334,0.052068331172711015,2.0118
200,10,sqrt,10,2,0.9525757575757575,0.0530861258216581,0.9533333333333334,0.052068331172711015,2.1226
200,10,sqrt,10,5,0.9525757575757575,0.0530861258216581,0.9533333333333334,0.052068331172711015,2.0114
200,10,sqrt,10,10,0.9525757575757575,0.0530861258216581,0.9533333333333334,0.052068331172711015,1.9747
200,10,sqrt,20,1,0.9597306397306398,0.04438502302601822,0.96,0.04422166387140532,2.0358
200,10,sqrt,20,2,0.9525757575757575,0.0530861258216581,0.9533333333333334,0.052068331172711015,1.9981
200,10,sqrt,20,5,0.9525757575757575,0.0530861258216581,0.9533333333333334,0.052068331172711015,2.0573
200,10,sqrt,20,10,0.9525757575757575,0.0530861258216581,0.9533333333333334,0.052068331172711015,1.9943
200,10,log2,2,1,0.9525757575757575,0.0530861258216581,0.9533333333333334,0.052068331172711015,2.0122
200,10,log2,2,2,0.9525757575757575,0.0530861258216581,0.9533333333333334,0.052068331172711015,2.0975
200,10,log2,2,5,0.9525757575757575,0.0530861258216581,0.9533333333333334,0.052068331172711015,2.0647
200,10,log2,2,10,0.9525757575757575,0.0530861258216581,0.9533333333333334,0.052068331172711015,2.0375
200,10,log2,5,1,0.9525757575757575,0.0530861258216581,0.9533333333333334,0.052068331172711015,2.0335
200,10,log2,5,2,0.9525757575757575,0.0530861258216581,0.9533333333333334,0.052068331172711015,1.9601
200,10,log2,5,5,0.9525757575757575,0.0530861258216581,0.9533333333333334,0.052068331172711015,2.0844
200,10,log2,5,10,0.9525757575757575,0.0530861258216581,0.9533333333333334,0.052068331172711015,2.0101
200,10,log2,10,1,0.9525757575757575,0.0530861258216581,0.9533333333333334,0.052068331172711015,2.3192
200,10,log2,10,2,0.9525757575757575,0.0530861258216581,0.9533333333333334,0.052068331172711015,2.2914
200,10,log2,10,5,0.9525757575757575,0.0530861258216581,0.9533333333333334,0.052068331172711015,2.1933
200,10,log2,10,10,0.9525757575757575,0.0530861258216581,0.9533333333333334,0.052068331172711015,2.189
200,10,log2,20,1,0.9597306397306398,0.04438502302601822,0.96,0.04422166387140532,2.2354
200,10,log2,20,2,0.9525757575757575,0.0530861258216581,0.9533333333333334,0.052068331172711015,2.1553
200,10,log2,20,5,0.9525757575757575,0.0530861258216581,0.9533333333333334,0.052068331172711015,2.2953
200,10,log2,20,10,0.9525757575757575,0.0530861258216581,0.9533333333333334,0.052068331172711015,2.2861
200,10,0.5,2,1,0.9525757575757575,0.0530861258216581,0.9533333333333334,0.052068331172711015,2.2378
200,10,0.5,2,2,0.9525757575757575,0.0530861258216581,0.9533333333333334,0.052068331172711015,2.0277
200,10,0.5,2,5,0.9525757575757575,0.0530861258216581,0.9533333333333334,0.052068331172711015,2.1904
200,10,0.5,2,10,0.9525757575757575,0.0530861258216581,0.9533333333333334,0.052068331172711015,2.1669
200,10,0.5,5,1,0.9525757575757575,0.0530861258216581,0.9533333333333334,0.052068331172711015,2.2756
200,10,0.5,5,2,0.9525757575757575,0.0530861258216581,0.9533333333333334,0.052068331172711015,2.1271
200,10,0.5,5,5,0.9525757575757575,0.0530861258216581,0.9533333333333334,0.052068331172711015,2.0876
200,10,0.5,5,10,0.9525757575757575,0.0530861258216581,0.9533333333333334,0.052068331172711015,2.1491
200,10,0.5,10,1,0.9525757575757575,0.0530861258216581,0.9533333333333334,0.052068331172711015,2.1581
200,10,0.5,10,2,0.9525757575757575,0.0530861258216581,0.9533333333333334,0.052068331172711015,2.0283
200,10,0.5,10,5,0.9525757575757575,0.0530861258216581,0.9533333333333334,0.052068331172711015,2.0501
200,10,0.5,10,10,0.9525757575757575,0.0530861258216581,0.9533333333333334,0.052068331172711015,2.0389
200,10,0.5,20,1,0.9597306397306398,0.04438502302601822,0.96,0.04422166387140532,2.0672
200,10,0.5,20,2,0.9525757575757575,0.0530861258216581,0.9533333333333334,0.052068331172711015,1.9784
200,10,0.5,20,5,0.9525757575757575,0.0530861258216581,0.9533333333333334,0.052068331172711015,2.0037
200,10,0.5,20,10,0.9525757575757575,0.0530861258216581,0.9533333333333334,0.052068331172711015,2.0692
200,10,1.0,2,1,0.9458417508417508,0.050867947071959914,0.9466666666666667,0.04988876515698587,2.0418
200,10,1.0,2,2,0.9458417508417508,0.050867947071959914,0.9466666666666667,0.04988876515698587,2.0657
200,10,1.0,2,5,0.9323737373737373,0.06763948794822675,0.9333333333333333,0.06666666666666665,2.049
200,10,1.0,2,10,0.9256397306397306,0.06381559789188865,0.9266666666666667,0.06289320754704401,2.0165
200,10,1.0,5,1,0.9597306397306398,0.04438502302601822,0.96,0.04422166387140532,2.0799
200,10,1.0,5,2,0.9525757575757575,0.0530861258216581,0.9533333333333334,0.052068331172711015,1.9993
200,10,1.0,5,5,0.9323737373737373,0.06763948794822675,0.9333333333333333,0.06666666666666665,2.0645
200,10,1.0,5,10,0.9256397306397306,0.06381559789188865,0.9266666666666667,0.06289320754704401,2.1794
200,10,1.0,10,1,0.9597306397306398,0.04438502302601822,0.96,0.04422166387140532,2.1298
200,10,1.0,10,2,0.9525757575757575,0.0530861258216581,0.9533333333333334,0.052068331172711015,2.0518
200,10,1.0,10,5,0.9323737373737373,0.06763948794822675,0.9333333333333333,0.06666666666666665,2.0937
200,10,1.0,10,10,0.9256397306397306,0.06381559789188865,0.9266666666666667,0.06289320754704401,2.0157
200,10,1.0,20,1,0.9597306397306398,0.04438502302601822,0.96,0.04422166387140532,2.0653
200,10,1.0,20,2,0.9525757575757575,0.0530861258216581,0.9533333333333334,0.052068331172711015,2.0929
200,10,1.0,20,5,0.9323737373737373,0.06763948794822675,0.9333333333333333,0.06666666666666665,2.1563
200,10,1.0,20,10,0.9256397306397306,0.06381559789188865,0.9266666666666667,0.06289320754704401,2.1111
200,20,sqrt,2,1,0.9525757575757575,0.0530861258216581,0.9533333333333334,0.052068331172711015,2.1868
200,20,sqrt,2,2,0.9525757575757575,0.0530861258216581,0.9533333333333334,0.052068331172711015,2.115
200,20,sqrt,2,5,0.9525757575757575,0.0530861258216581,0.9533333333333334,0.052068331172711015,2.1649
200,20,sqrt,2,10,0.9525757575757575,0.0530861258216581,0.9533333333333334,0.052068331172711015,2.1691
200,20,sqrt,5,1,0.9525757575757575,0.0530861258216581,0.9533333333333334,0.052068331172711015,2.1616
200,20,sqrt,5,2,0.9525757575757575,0.0530861258216581,0.9533333333333334,0.052068331172711015,2.1789
200,20,sqrt,5,5,0.9525757575757575,0.0530861258216581,0.9533333333333334,0.052068331172711015,2.155
200,20,sqrt,5,10,0.9525757575757575,0.0530861258216581,0.9533333333333334,0.052068331172711015,2.0002
200,20,sqrt,10,1,0.9525757575757575,0.0530861258216581,0.9533333333333334,0.052068331172711015,2.0578
200,20,sqrt,10,2,0.9525757575757575,0.0530861258216581,0.9533333333333334,0.052068331172711015,2.0325
200,20,sqrt,10,5,0.9525757575757575,0.0530861258216581,0.9533333333333334,0.052068331172711015,2.1123
200,20,sqrt,10,10,0.9525757575757575,0.0530861258216581,0.9533333333333334,0.052068331172711015,2.0183
200,20,sqrt,20,1,0.9597306397306398,0.04438502302601822,0.96,0.04422166387140532,2.0109
200,20,sqrt,20,2,0.9525757575757575,0.0530861258216581,0.9533333333333334,0.052068331172711015,2.0724
200,20,sqrt,20,5,0.9525757575757575,0.0530861258216581,0.9533333333333334,0.052068331172711015,2.1577
200,20,sqrt,20,10,0.9525757575757575,0.0530861258216581,0.9533333333333334,0.052068331172711015,2.0656
200,20,log2,2,1,0.9525757575757575,0.0530861258216581,0.9533333333333334,0.052068331172711015,2.0131
200,20,log2,2,2,0.9525757575757575,0.0530861258216581,0.9533333333333334,0.052068331172711015,2.0382
200,20,log2,2,5,0.9525757575757575,0.0530861258216581,0.9533333333333334,0.052068331172711015,2.0221
200,20,log2,2,10,0.9525757575757575,0.0530861258216581,0.9533333333333334,0.052068331172711015,2.0498
200,20,log2,5,1,0.9525757575757575,0.0530861258216581,0.9533333333333334,0.052068331172711015,2.1511
200,20,log2,5,2,0.9525757575757575,0.0530861258216581,0.9533333333333334,0.052068331172711015,2.1765
200,20,log2,5,5,0.9525757575757575,0.0530861258216581,0.9533333333333334,0.052068331172711015,2.1171
200,20,log2,5,10,0.9525757575757575,0.0530861258216581,0.9533333333333334,0.052068331172711015,2.0254
200,20,log2,10,1,0.9525757575757575,0.0530861258216581,0.9533333333333334,0.052068331172711015,2.0237
200,20,log2,10,2,0.9525757575757575,0.0530861258216581,0.9533333333333334,0.052068331172711015,2.0287
200,20,log2,10,5,0.9525757575757575,0.0530861258216581,0.9533333333333334,0.052068331172711015,2.0095
200,20,log2,10,10,0.9525757575757575,0.0530861258216581,0.9533333333333334,0.052068331172711015,2.0206
200,20,log2,20,1,0.9597306397306398,0.04438502302601822,0.96,0.04422166387140532,2.0424
200,20,log2,20,2,0.9525757575757575,0.0530861258216581,0.9533333333333334,0.052068331172711015,2.1832
200,20,log2,20,5,0.9525757575757575,0.0530861258216581,0.9533333333333334,0.052068331172711015,2.0771
200,20,log2,20,10,0.9525757575757575,0.0530861258216581,0.9533333333333334,0.052068331172711015,2.0611
200,20,0.5,2,1,0.9525757575757575,0.0530861258216581,0.9533333333333334,0.052068331172711015,2.029
200,20,0.5,2,2,0.9525757575757575,0.0530861258216581,0.9533333333333334,0.052068331172711015,2.0464
200,20,0.5,2,5,0.9525757575757575,0.0530861258216581,0.9533333333333334,0.052068331172711015,2.0209
200,20,0.5,2,10,0.9525757575757575,0.0530861258216581,0.9533333333333334,0.052068331172711015,2.0946
200,20,0.5,5,1,0.9525757575757575,0.0530861258216581,0.9533333333333334,0.052068331172711015,2.0303
200,20,0.5,5,2,0.9525757575757575,0.0530861258216581,0.9533333333333334,0.052068331172711015,2.1549
200,20,0.5,5,5,0.9525757575757575,0.0530861258216581,0.9533333333333334,0.052068331172711015,2.0079
200,20,0.5,5,10,0.9525757575757575,0.0530861258216581,0.9533333333333334,0.052068331172711015,2.0268
200,20,0.5,10,1,0.9525757575757575,0.0530861258216581,0.9533333333333334,0.052068331172711015,2.0656
200,20,0.5,10,2,0.9525757575757575,0.0530861258216581,0.9533333333333334,0.052068331172711015,2.1076
200,20,0.5,10,5,0.9525757575757575,0.0530861258216581,0.9533333333333334,0.052068331172711015,2.0512
200,20,0.5,10,10,0.9525757575757575,0.0530861258216581,0.9533333333333334,0.052068331172711015,2.0654
200,20,0.5,20,1,0.9597306397306398,0.04438502302601822,0.96,0.04422166387140532,2.1582
200,20,0.5,20,2,0.9525757575757575,0.0530861258216581,0.9533333333333334,0.052068331172711015,2.1743
200,20,0.5,20,5,0.9525757575757575,0.0530861258216581,0.9533333333333334,0.052068331172711015,2.0865
200,20,0.5,20,10,0.9525757575757575,0.0530861258216581,0.9533333333333334,0.052068331172711015,2.01
200,20,1.0,2,1,0.9458417508417508,0.050867947071959914,0.9466666666666667,0.04988876515698587,2.0198
200,20,1.0,2,2,0.9458417508417508,0.050867947071959914,0.9466666666666667,0.04988876515698587,2.1181
200,20,1.0,2,5,0.9323737373737373,0.06763948794822675,0.9333333333333333,0.06666666666666665,2.0936
200,20,1.0,2,10,0.9256397306397306,0.06381559789188865,0.9266666666666667,0.06289320754704401,2.0976
200,20,1.0,5,1,0.9597306397306398,0.04438502302601822,0.96,0.04422166387140532,2.1661
200,20,1.0,5,2,0.9525757575757575,0.0530861258216581,0.9533333333333334,0.052068331172711015,2.1235
200,20,1.0,5,5,0.9323737373737373,0.06763948794822675,0.9333333333333333,0.06666666666666665,2.3267
200,20,1.0,5,10,0.9256397306397306,0.06381559789188865,0.9266666666666667,0.06289320754704401,2.1886
200,20,1.0,10,1,0.9597306397306398,0.04438502302601822,0.96,0.04422166387140532,2.2311
200,20,1.0,10,2,0.9525757575757575,0.0530861258216581,0.9533333333333334,0.052068331172711015,2.0732
200,20,1.0,10,5,0.9323737373737373,0.06763948794822675,0.9333333333333333,0.06666666666666665,2.06
200,20,1.0,10,10,0.9256397306397306,0.06381559789188865,0.9266666666666667,0.06289320754704401,2.0455
200,20,1.0,20,1,0.9597306397306398,0.04438502302601822,0.96,0.04422166387140532,2.1443
200,20,1.0,20,2,0.9525757575757575,0.0530861258216581,0.9533333333333334,0.052068331172711015,2.1284
200,20,1.0,20,5,0.9323737373737373,0.06763948794822675,0.9333333333333333,0.06666666666666665,2.0616
200,20,1.0,20,10,0.9256397306397306,0.06381559789188865,0.9266666666666667,0.06289320754704401,2.1887
500,,sqrt,2,1,0.9525757575757575,0.0530861258216581,0.9533333333333334,0.052068331172711015,4.8367
500,,sqrt,2,2,0.9525757575757575,0.0530861258216581,0.9533333333333334,0.052068331172711015,4.8824
500,,sqrt,2,5,0.9525757575757575,0.0530861258216581,0.9533333333333334,0.052068331172711015,4.7155
500,,sqrt,2,10,0.9525757575757575,0.0530861258216581,0.9533333333333334,0.052068331172711015,4.7278
500,,sqrt,5,1,0.9525757575757575,0.0530861258216581,0.9533333333333334,0.052068331172711015,4.9418
500,,sqrt,5,2,0.9525757575757575,0.0530861258216581,0.9533333333333334,0.052068331172711015,4.7756
500,,sqrt,5,5,0.9525757575757575,0.0530861258216581,0.9533333333333334,0.052068331172711015,4.981
500,,sqrt,5,10,0.9525757575757575,0.0530861258216581,0.9533333333333334,0.052068331172711015,5.2171
500,,sqrt,10,1,0.9525757575757575,0.0530861258216581,0.9533333333333334,0.052068331172711015,4.9496
500,,sqrt,10,2,0.9525757575757575,0.0530861258216581,0.9533333333333334,0.052068331172711015,4.6841
500,,sqrt,10,5,0.9525757575757575,0.0530861258216581,0.9533333333333334,0.052068331172711015,4.8201
500,,sqrt,10,10,0.9525757575757575,0.0530861258216581,0.9533333333333334,0.052068331172711015,4.8844
500,,sqrt,20,1,0.9525757575757575,0.0530861258216581,0.9533333333333334,0.052068331172711015,4.7461
500,,sqrt,20,2,0.9525757575757575,0.0530861258216581,0.9533333333333334,0.052068331172711015,4.7826
500,,sqrt,20,5,0.9525757575757575,0.0530861258216581,0.9533333333333334,0.052068331172711015,4.8606
500,,sqrt,20,10,0.9525757575757575,0.0530861258216581,0.9533333333333334,0.052068331172711015,4.6792
500,,log2,2,1,0.9525757575757575,0.0530861258216581,0.9533333333333334,0.052068331172711015,4.7615
500,,log2,2,2,0.9525757575757575,0.0530861258216581,0.9533333333333334,0.052068331172711015,4.6148
500,,log2,2,5,0.9525757575757575,0.0530861258216581,0.9533333333333334,0.052068331172711015,5.1007
500,,log2,2,10,0.9525757575757575,0.0530861258216581,0.9533333333333334,0.052068331172711015,4.6952
500,,log2,5,1,0.9525757575757575,0.0530861258216581,0.9533333333333334,0.052068331172711015,4.6908
500,,log2,5,2,0.9525757575757575,0.0530861258216581,0.9533333333333334,0.052068331172711015,4.87
500,,log2,5,5,0.9525757575757575,0.0530861258216581,0.9533333333333334,0.052068331172711015,4.6928
500,,log2,5,10,0.9525757575757575,0.0530861258216581,0.9533333333333334,0.052068331172711015,4.7122
500,,log2,10,1,0.9525757575757575,0.0530861258216581,0.9533333333333334,0.052068331172711015,4.8286
500,,log2,10,2,0.9525757575757575,0.0530861258216581,0.9533333333333334,0.052068331172711015,4.7142
500,,log2,10,5,0.9525757575757575,0.0530861258216581,0.9533333333333334,0.052068331172711015,4.806
500,,log2,10,10,0.9525757575757575,0.0530861258216581,0.9533333333333334,0.052068331172711015,4.7696
500,,log2,20,1,0.9525757575757575,0.0530861258216581,0.9533333333333334,0.052068331172711015,4.9169
500,,log2,20,2,0.9525757575757575,0.0530861258216581,0.9533333333333334,0.052068331172711015,4.6412
500,,log2,20,5,0.9525757575757575,0.0530861258216581,0.9533333333333334,0.052068331172711015,4.6606
500,,log2,20,10,0.9525757575757575,0.0530861258216581,0.9533333333333334,0.052068331172711015,5.1242
500,,0.5,2,1,0.9525757575757575,0.0530861258216581,0.9533333333333334,0.052068331172711015,4.6382
500,,0.5,2,2,0.9525757575757575,0.0530861258216581,0.9533333333333334,0.052068331172711015,4.6211
500,,0.5,2,5,0.9525757575757575,0.0530861258216581,0.9533333333333334,0.052068331172711015,4.8641
500,,0.5,2,10,0.9525757575757575,0.0530861258216581,0.9533333333333334,0.052068331172711015,4.6524
500,,0.5,5,1,0.9525757575757575,0.0530861258216581,0.9533333333333334,0.052068331172711015,4.6403
500,,0.5,5,2,0.9525757575757575,0.0530861258216581,0.9533333333333334,0.052068331172711015,4.7067
500,,0.5,5,5,0.9525757575757575,0.0530861258216581,0.9533333333333334,0.052068331172711015,4.8346
500,,0.5,5,10,0.9525757575757575,0.0530861258216581,0.9533333333333334,0.052068331172711015,4.7156
500,,0.5,10,1,0.9525757575757575,0.0530861258216581,0.9533333333333334,0.052068331172711015,4.7199
500,,0.5,10,2,0.9525757575757575,0.0530861258216581,0.9533333333333334,0.052068331172711015,4.9259
500,,0.5,10,5,0.9525757575757575,0.0530861258216581,0.9533333333333334,0.052068331172711015,4.6891
500,,0.5,10,10,0.9525757575757575,0.0530861258216581,0.9533333333333334,0.052068331172711015,4.8163
500,,0.5,20,1,0.9525757575757575,0.0530861258216581,0.9533333333333334,0.052068331172711015,4.6914
500,,0.5,20,2,0.9525757575757575,0.0530861258216581,0.9533333333333334,0.052068331172711015,4.7292
500,,0.5,20,5,0.9525757575757575,0.0530861258216581,0.9533333333333334,0.052068331172711015,4.7471
500,,0.5,20,10,0.9525757575757575,0.0530861258216581,0.9533333333333334,0.052068331172711015,4.7396
500,,1.0,2,1,0.9458417508417508,0.050867947071959914,0.9466666666666667,0.04988876515698587,4.8767
500,,1.0,2,2,0.9525757575757575,0.0530861258216581,0.9533333333333334,0.052068331172711015,4.7177
500,,1.0,2,5,0.9323737373737373,0.06763948794822675,0.9333333333333333,0.06666666666666665,4.7248
500,,1.0,2,10,0.9323737373737373,0.06763948794822675,0.9333333333333333,0.06666666666666665,4.8231
500,,1.0,5,1,0.9597306397306398,0.04438502302601822,0.96,0.04422166387140532,4.8113
500,,1.0,5,2,0.9525757575757575,0.0530861258216581,0.9533333333333334,0.052068331172711015,4.7982
500,,1.0,5,5,0.9323737373737373,0.06763948794822675,0.9333333333333333,0.06666666666666665,4.6697
500,,1.0,5,10,0.9323737373737373,0.06763948794822675,0.9333333333333333,0.06666666666666665,4.785
500,,1.0,10,1,0.9597306397306398,0.04438502302601822,0.96,0.04422166387140532,4.8626
500,,1.0,10,2,0.9525757575757575,0.0530861258216581,0.9533333333333334,0.052068331172711015,4.6661
500,,1.0,10,5,0.9323737373737373,0.06763948794822675,0.9333333333333333,0.06666666666666665,4.8941
500,,1.0,10,10,0.9323737373737373,0.06763948794822675,0.9333333333333333,0.06666666666666665,4.8582
500,,1.0,20,1,0.9597306397306398,0.04438502302601822,0.96,0.04422166387140532,4.6328
500,,1.0,20,2,0.9525757575757575,0.0530861258216581,0.9533333333333334,0.052068331172711015,5.0273
500,,1.0,20,5,0.9323737373737373,0.06763948794822675,0.9333333333333333,0.06666666666666665,4.6911
500,,1.0,20,10,0.9323737373737373,0.06763948794822675,0.9333333333333333,0.06666666666666665,4.7662
500,5,sqrt,2,1,0.9525757575757575,0.0530861258216581,0.9533333333333334,0.052068331172711015,4.8028
500,5,sqrt,2,2,0.9525757575757575,0.0530861258216581,0.9533333333333334,0.052068331172711015,4.8722
500,5,sqrt,2,5,0.9525757575757575,0.0530861258216581,0.9533333333333334,0.052068331172711015,4.7527
500,5,sqrt,2,10,0.9525757575757575,0.0530861258216581,0.9533333333333334,0.052068331172711015,4.8073
500,5,sqrt,5,1,0.9525757575757575,0.0530861258216581,0.9533333333333334,0.052068331172711015,4.9071
500,5,sqrt,5,2,0.9525757575757575,0.0530861258216581,0.9533333333333334,0.052068331172711015,4.8446
500,5,sqrt,5,5,0.9525757575757575,0.0530861258216581,0.9533333333333334,0.052068331172711015,4.7706
500,5,sqrt,5,10,0.9525757575757575,0.0530861258216581,0.9533333333333334,0.052068331172711015,4.7746
500,5,sqrt,10,1,0.9525757575757575,0.0530861258216581,0.9533333333333334,0.052068331172711015,4.9486
500,5,sqrt,10,2,0.9525757575757575,0.0530861258216581,0.9533333333333334,0.052068331172711015,4.807
500,5,sqrt,10,5,0.9525757575757575,0.0530861258216581,0.9533333333333334,0.052068331172711015,4.6983
500,5,sqrt,10,10,0.9525757575757575,0.0530861258216581,0.9533333333333334,0.052068331172711015,4.8565
500,5,sqrt,20,1,0.9525757575757575,0.0530861258216581,0.9533333333333334,0.052068331172711015,4.827
500,5,sqrt,20,2,0.9525757575757575,0.0530861258216581,0.9533333333333334,0.052068331172711015,5.0255
500,5,sqrt,20,5,0.9525757575757575,0.0530861258216581,0.9533333333333334,0.052068331172711015,4.9657
500,5,sqrt,20,10,0.9525757575757575,0.0530861258216581,0.9533333333333334,0.052068331172711015,4.6695
500,5,log2,2,1,0.9525757575757575,0.0530861258216581,0.9533333333333334,0.052068331172711015,4.6802
500,5,log2,2,2,0.9525757575757575,0.0530861258216581,0.9533333333333334,0.052068331172711015,5.0329
500,5,log2,2,5,0.9525757575757575,0.0530861258216581,0.9533333333333334,0.052068331172711015,4.6362
500,5,log2,2,10,0.9525757575757575,0.0530861258216581,0.9533333333333334,0.052068331172711015,4.6867
500,5,log2,5,1,0.9525757575757575,0.0530861258216581,0.9533333333333334,0.052068331172711015,4.7309
500,5,log2,5,2,0.9525757575757575,0.0530861258216581,0.9533333333333334,0.052068331172711015,4.8291
500,5,log2,5,5,0.9525757575757575,0.0530861258216581,0.9533333333333334,0.052068331172711015,4.7306
500,5,log2,5,10,0.9525757575757575,0.0530861258216581,0.9533333333333334,0.052068331172711015,4.6326
500,5,log2,10,1,0.9525757575757575,0.0530861258216581,0.9533333333333334,0.052068331172711015,4.7958
500,5,log2,10,2,0.9525757575757575,0.0530861258216581,0.9533333333333334,0.052068331172711015,4.6022
500,5,log2,10,5,0.9525757575757575,0.0530861258216581,0.9533333333333334,0.052068331172711015,4.6958
500,5,log2,10,10,0.9525757575757575,0.0530861258216581,0.9533333333333334,0.052068331172711015,4.8484
500,5,log2,20,1,0.9525757575757575,0.0530861258216581,0.9533333333333334,0.052068331172711015,4.7042
500,5,log2,20,2,0.9525757575757575,0.0530861258216581,0.9533333333333334,0.052068331172711015,4.7905
500,5,log2,20,5,0.9525757575757575,0.0530861258216581,0.9533333333333334,0.052068331172711015,4.6669
500,5,log2,20,10,0.9525757575757575,0.0530861258216581,0.9533333333333334,0.052068331172711015,4.8652
500,5,0.5,2,1,0.9525757575757575,0.0530861258216581,0.9533333333333334,0.052068331172711015,4.7394
500,5,0.5,2,2,0.9525757575757575,0.0530861258216581,0.9533333333333334,0.052068331172711015,4.6464
500,5,0.5,2,5,0.9525757575757575,0.0530861258216581,0.9533333333333334,0.052068331172711015,4.8481
500,5,0.5,2,10,0.9525757575757575,0.0530861258216581,0.9533333333333334,0.052068331172711015,4.6748
500,5,0.5,5,1,0.9525757575757575,0.0530861258216581,0.9533333333333334,0.052068331172711015,4.6521
500,5,0.5,5,2,0.9525757575757575,0.0530861258216581,0.9533333333333334,0.052068331172711015,4.7576
500,5,0.5,5,5,0.9525757575757575,0.0530861258216581,0.9533333333333334,0.052068331172711015,4.6911
500,5,0.5,5,10,0.9525757575757575,0.0530861258216581,0.9533333333333334,0.052068331172711015,4.746
500,5,0.5,10,1,0.9525757575757575,0.0530861258216581,0.9533333333333334,0.052068331172711015,4.6934
500,5,0.5,10,2,0.9525757575757575,0.0530861258216581,0.9533333333333334,0.052068331172711015,4.8249
500,5,0.5,10,5,0.9525757575757575,0.0530861258216581,0.9533333333333334,0.052068331172711015,4.9349
500,5,0.5,10,10,0.9525757575757575,0.0530861258216581,0.9533333333333334,0.052068331172711015,4.5905
500,5,0.5,20,1,0.9525757575757575,0.0530861258216581,0.9533333333333334,0.052068331172711015,4.7699
500,5,0.5,20,2,0.9525757575757575,0.0530861258216581,0.9533333333333334,0.052068331172711015,4.7072
500,5,0.5,20,5,0.9525757575757575,0.0530861258216581,0.9533333333333334,0.052068331172711015,4.6826
500,5,0.5,20,10,0.9525757575757575,0.0530861258216581,0.9533333333333334,0.052068331172711015,5.0126
500,5,1.0,2,1,0.9525757575757575,0.0530861258216581,0.9533333333333334,0.052068331172711015,4.7398
500,5,1.0,2,2,0.9525757575757575,0.0530861258216581,0.9533333333333334,0.052068331172711015,4.8791
500,5,1.0,2,5,0.9323737373737373,0.06763948794822675,0.9333333333333333,0.06666666666666665,4.6737
500,5,1.0,2,10,0.9323737373737373,0.06763948794822675,0.9333333333333333,0.06666666666666665,4.9253
500,5,1.0,5,1,0.9597306397306398,0.04438502302601822,0.96,0.04422166387140532,4.681
500,5,1.0,5,2,0.9525757575757575,0.0530861258216581,0.9533333333333334,0.052068331172711015,4.6916
500,5,1.0,5,5,0.9323737373737373,0.06763948794822675,0.9333333333333333,0.06666666666666665,4.7645
500,5,1.0,5,10,0.9323737373737373,0.06763948794822675,0.9333333333333333,0.06666666666666665,4.9863
500,5,1.0,10,1,0.9597306397306398,0.04438502302601822,0.96,0.04422166387140532,4.844
500,5,1.0,10,2,0.9525757575757575,0.0530861258216581,0.9533333333333334,0.052068331172711015,4.8355
500,5,1.0,10,5,0.9323737373737373,0.06763948794822675,0.9333333333333333,0.06666666666666665,4.729
500,5,1.0,10,10,0.9323737373737373,0.06763948794822675,0.9333333333333333,0.06666666666666665,4.7433
500,5,1.0,20,1,0.9597306397306398,0.04438502302601822,0.96,0.04422166387140532,5.1252
500,5,1.0,20,2,0.9525757575757575,0.0530861258216581,0.9533333333333334,0.052068331172711015,4.9051
500,5,1.0,20,5,0.9323737373737373,0.06763948794822675,0.9333333333333333,0.06666666666666665,4.794
500,5,1.0,20,10,0.9323737373737373,0.06763948794822675,0.9333333333333333,0.06666666666666665,5.336
500,10,sqrt,2,1,0.9525757575757575,0.0530861258216581,0.9533333333333334,0.052068331172711015,4.7144
500,10,sqrt,2,2,0.9525757575757575,0.0530861258216581,0.9533333333333334,0.052068331172711015,4.9269
500,10,sqrt,2,5,0.9525757575757575,0.0530861258216581,0.9533333333333334,0.052068331172711015,4.8868
500,10,sqrt,2,10,0.9525757575757575,0.0530861258216581,0.9533333333333334,0.052068331172711015,4.8866
500,10,sqrt,5,1,0.9525757575757575,0.0530861258216581,0.9533333333333334,0.052068331172711015,4.6231
500,10,sqrt,5,2,0.9525757575757575,0.0530861258216581,0.9533333333333334,0.052068331172711015,4.6638
500,10,sqrt,5,5,0.9525757575757575,0.0530861258216581,0.9533333333333334,0.052068331172711015,5.0619
500,10,sqrt,5,10,0.9525757575757575,0.0530861258216581,0.9533333333333334,0.052068331172711015,4.7146
500,10,sqrt,10,1,0.9525757575757575,0.0530861258216581,0.9533333333333334,0.052068331172711015,4.7393
500,10,sqrt,10,2,0.9525757575757575,0.0530861258216581,0.9533333333333334,0.052068331172711015,4.5856
500,10,sqrt,10,5,0.9525757575757575,0.0530861258216581,0.9533333333333334,0.052068331172711015,4.892
500,10,sqrt,10,10,0.9525757575757575,0.0530861258216581,0.9533333333333334,0.052068331172711015,4.6654
500,10,sqrt,20,1,0.9525757575757575,0.0530861258216581,0.9533333333333334,0.052068331172711015,4.8577
500,10,sqrt,20,2,0.9525757575757575,0.0530861258216581,0.9533333333333334,0.052068331172711015,4.6908
500,10,sqrt,20,5,0.9525757575757575,0.0530861258216581,0.9533333333333334,0.052068331172711015,4.6852
500,10,sqrt,20,10,0.9525757575757575,0.0530861258216581,0.9533333333333334,0.052068331172711015,4.6776
500,10,log2,2,1,0.9525757575757575,0.0530861258216581,0.9533333333333334,0.052068331172711015,4.6713
500,10,log2,2,2,0.9525757575757575,0.0530861258216581,0.9533333333333334,0.052068331172711015,4.6813
500,10,log2,2,5,0.9525757575757575,0.0530861258216581,0.9533333333333334,0.052068331172711015,4.8888
500,10,log2,2,10,0.9525757575757575,0.0530861258216581,0.9533333333333334,0.052068331172711015,4.4302
500,10,log2,5,1,0.9525757575757575,0.0530861258216581,0.9533333333333334,0.052068331172711015,4.6816
500,10,log2,5,2,0.9525757575757575,0.0530861258216581,0.9533333333333334,0.052068331172711015,4.9532
500,10,log2,5,5,0.9525757575757575,0.0530861258216581,0.9533333333333334,0.052068331172711015,4.9188
500,10,log2,5,10,0.9525757575757575,0.0530861258216581,0.9533333333333334,0.052068331172711015,5.0
500,10,log2,10,1,0.9525757575757575,0.0530861258216581,0.9533333333333334,0.052068331172711015,5.1374
500,10,log2,10,2,0.9525757575757575,0.0530861258216581,0.9533333333333334,0.052068331172711015,5.0307
500,10,log2,10,5,0.9525757575757575,0.0530861258216581,0.9533333333333334,0.052068331172711015,4.5556
500,10,log2,10,10,0.9525757575757575,0.0530861258216581,0.9533333333333334,0.052068331172711015,4.9785
500,10,log2,20,1,0.9525757575757575,0.0530861258216581,0.9533333333333334,0.052068331172711015,4.7988
500,10,log2,20,2,0.9525757575757575,0.0530861258216581,0.9533333333333334,0.052068331172711015,4.7136
500,10,log2,20,5,0.9525757575757575,0.0530861258216581,0.9533333333333334,0.052068331172711015,5.0773
500,10,log2,20,10,0.9525757575757575,0.0530861258216581,0.9533333333333334,0.052068331172711015,4.5837
500,10,0.5,2,1,0.9525757575757575,0.0530861258216581,0.9533333333333334,0.052068331172711015,4.6998
500,10,0.5,2,2,0.9525757575757575,0.0530861258216581,0.9533333333333334,0.052068331172711015,4.4929
500,10,0.5,2,5,0.9525757575757575,0.0530861258216581,0.9533333333333334,0.052068331172711015,4.4044
500,10,0.5,2,10,0.9525757575757575,0.0530861258216581,0.9533333333333334,0.052068331172711015,4.3743
500,10,0.5,5,1,0.9525757575757575,0.0530861258216581,0.9533333333333334,0.052068331172711015,4.3698
500,10,0.5,5,2,0.9525757575757575,0.0530861258216581,0.9533333333333334,0.052068331172711015,4.5813
500,10,0.5,5,5,0.9525757575757575,0.0530861258216581,0.9533333333333334,0.052068331172711015,4.587
500,10,0.5,5,10,0.9525757575757575,0.0530861258216581,0.9533333333333334,0.052068331172711015,4.5451
500,10,0.5,10,1,0.9525757575757575,0.0530861258216581,0.9533333333333334,0.052068331172711015,4.576
500,10,0.5,10,2,0.9525757575757575,0.0530861258216581,0.9533333333333334,0.052068331172711015,4.678
500,10,0.5,10,5,0.9525757575757575,0.0530861258216581,0.9533333333333334,0.052068331172711015,4.3762
500,10,0.5,10,10,0.9525757575757575,0.0530861258216581,0.9533333333333334,0.052068331172711015,4.3797
500,10,0.5,20,1,0.9525757575757575,0.0530861258216581,0.9533333333333334,0.052068331172711015,4.397
500,10,0.5,20,2,0.9525757575757575,0.0530861258216581,0.9533333333333334,0.052068331172711015,4.5186
500,10,0.5,20,5,0.9525757575757575,0.0530861258216581,0.9533333333333334,0.052068331172711015,4.4871
500,10,0.5,20,10,0.9525757575757575,0.0530861258216581,0.9533333333333334,0.052068331172711015,4.4728
500,10,1.0,2,1,0.9458417508417508,0.050867947071959914,0.9466666666666667,0.04988876515698587,4.7765
500,10,1.0,2,2,0.9525757575757575,0.0530861258216581,0.9533333333333334,0.052068331172711015,4.7498
500,10,1.0,2,5,0.9323737373737373,0.06763948794822675,0.9333333333333333,0.06666666666666665,4.7803
500,10,1.0,2,10,0.9323737373737373,0.06763948794822675,0.9333333333333333,0.06666666666666665,4.6095
500,10,1.0,5,1,0.9597306397306398,0.04438502302601822,0.96,0.04422166387140532,5.0004
500,10,1.0,5,2,0.9525757575757575,0.0530861258216581,0.9533333333333334,0.052068331172711015,4.6346
500,10,1.0,5,5,0.9323737373737373,0.06763948794822675,0.9333333333333333,0.06666666666666665,4.796
500,10,1.0,5,10,0.9323737373737373,0.06763948794822675,0.9333333333333333,0.06666666666666665,4.5558
500,10,1.0,10,1,0.9597306397306398,0.04438502302601822,0.96,0.04422166387140532,4.6224
500,10,1.0,10,2,0.9525757575757575,0.0530861258216581,0.9533333333333334,0.052068331172711015,4.5731
500,10,1.0,10,5,0.9323737373737373,0.06763948794822675,0.9333333333333333,0.06666666666666665,4.6555
500,10,1.0,10,10,0.9323737373737373,0.06763948794822675,0.9333333333333333,0.06666666666666665,4.5921
500,10,1.0,20,1,0.9597306397306398,0.04438502302601822,0.96,0.04422166387140532,4.4236
500,10,1.0,20,2,0.9525757575757575,0.0530861258216581,0.9533333333333334,0.052068331172711015,4.5611
500,10,1.0,20,5,0.9323737373737373,0.06763948794822675,0.9333333333333333,0.06666666666666665,4.7529
500,10,1.0,20,10,0.9323737373737373,0.06763948794822675,0.9333333333333333,0.06666666666666665,4.7991
500,20,sqrt,2,1,0.9525757575757575,0.0530861258216581,0.9533333333333334,0.052068331172711015,4.6749
500,20,sqrt,2,2,0.9525757575757575,0.0530861258216581,0.9533333333333334,0.052068331172711015,4.7014
500,20,sqrt,2,5,0.9525757575757575,0.0530861258216581,0.9533333333333334,0.052068331172711015,4.5453
500,20,sqrt,2,10,0.9525757575757575,0.0530861258216581,0.9533333333333334,0.052068331172711015,4.5483
500,20,sqrt,5,1,0.9525757575757575,0.0530861258216581,0.9533333333333334,0.052068331172711015,4.5087
500,20,sqrt,5,2,0.9525757575757575,0.0530861258216581,0.9533333333333334,0.052068331172711015,4.3989
500,20,sqrt,5,5,0.9525757575757575,0.0530861258216581,0.9533333333333334,0.052068331172711015,4.4716
500,20,sqrt,5,10,0.9525757575757575,0.0530861258216581,0.9533333333333334,0.052068331172711015,4.3618
500,20,sqrt,10,1,0.9525757575757575,0.0530861258216581,0.9533333333333334,0.052068331172711015,4.4907
500,20,sqrt,10,2,0.9525757575757575,0.0530861258216581,0.9533333333333334,0.052068331172711015,4.4527
500,20,sqrt,10,5,0.9525757575757575,0.0530861258216581,0.9533333333333334,0.052068331172711015,4.4617
500,20,sqrt,10,10,0.9525757575757575,0.0530861258216581,0.9533333333333334,0.052068331172711015,4.4314
500,20,sqrt,20,1,0.9525757575757575,0.0530861258216581,0.9533333333333334,0.052068331172711015,4.5178
500,20,sqrt,20,2,0.9525757575757575,0.0530861258216581,0.9533333333333334,0.052068331172711015,4.464
500,20,sqrt,20,5,0.9525757575757575,0.0530861258216581,0.9533333333333334,0.052068331172711015,5.0844
500,20,sqrt,20,10,0.9525757575757575,0.0530861258216581,0.9533333333333334,0.052068331172711015,4.8626
500,20,log2,2,1,0.9525757575757575,0.0530861258216581,0.9533333333333334,0.052068331172711015,5.0527
500,20,log2,2,2,0.9525757575757575,0.0530861258216581,0.9533333333333334,0.052068331172711015,4.5937
500,20,log2,2,5,0.9525757575757575,0.0530861258216581,0.9533333333333334,0.052068331172711015,4.6979
500,20,log2,2,10,0.9525757575757575,0.0530861258216581,0.9533333333333334,0.052068331172711015,4.5824
500,20,log2,5,1,0.9525757575757575,0.0530861258216581,0.9533333333333334,0.052068331172711015,4.4803
500,20,log2,5,2,0.9525757575757575,0.0530861258216581,0.9533333333333334,0.052068331172711015,4.4779
500,20,log2,5,5,0.9525757575757575,0.0530861258216581,0.9533333333333334,0.052068331172711015,4.5059
500,20,log2,5,10,0.9525757575757575,0.0530861258216581,0.9533333333333334,0.052068331172711015,4.4094
500,20,log2,10,1,0.9525757575757575,0.0530861258216581,0.9533333333333334,0.052068331172711015,4.7561
500,20,log2,10,2,0.9525757575757575,0.0530861258216581,0.9533333333333334,0.052068331172711015,5.2521
500,20,log2,10,5,0.9525757575757575,0.0530861258216581,0.9533333333333334,0.052068331172711015,4.8395
500,20,log2,10,10,0.9525757575757575,0.0530861258216581,0.9533333333333334,0.052068331172711015,4.5973
500,20,log2,20,1,0.9525757575757575,0.0530861258216581,0.9533333333333334,0.052068331172711015,4.5814
500,20,log2,20,2,0.9525757575757575,0.0530861258216581,0.9533333333333334,0.052068331172711015,4.7275
500,20,log2,20,5,0.9525757575757575,0.0530861258216581,0.9533333333333334,0.052068331172711015,4.4096
500,20,log2,20,10,0.9525757575757575,0.0530861258216581,0.9533333333333334,0.052068331172711015,4.6967
500,20,0.5,2,1,0.9525757575757575,0.0530861258216581,0.9533333333333334,0.052068331172711015,4.5842
500,20,0.5,2,2,0.9525757575757575,0.0530861258216581,0.9533333333333334,0.052068331172711015,4.5069
500,20,0.5,2,5,0.9525757575757575,0.0530861258216581,0.9533333333333334,0.052068331172711015,4.4375
500,20,0.5,2,10,0.9525757575757575,0.0530861258216581,0.9533333333333334,0.052068331172711015,4.4746
500,20,0.5,5,1,0.9525757575757575,0.0530861258216581,0.9533333333333334,0.052068331172711015,4.5102
500,20,0.5,5,2,0.9525757575757575,0.0530861258216581,0.9533333333333334,0.052068331172711015,4.5209
500,20,0.5,5,5,0.9525757575757575,0.0530861258216581,0.9533333333333334,0.052068331172711015,4.4046
500,20,0.5,5,10,0.9525757575757575,0.0530861258216581,0.9533333333333334,0.052068331172711015,4.6864
500,20,0.5,10,1,0.9525757575757575,0.0530861258216581,0.9533333333333334,0.052068331172711015,4.7253
500,20,0.5,10,2,0.9525757575757575,0.0530861258216581,0.9533333333333334,0.052068331172711015,4.8693
500,20,0.5,10,5,0.9525757575757575,0.0530861258216581,0.9533333333333334,0.052068331172711015,4.8848
500,20,0.5,10,10,0.9525757575757575,0.0530861258216581,0.9533333333333334,0.052068331172711015,4.6996
500,20,0.5,20,1,0.9525757575757575,0.0530861258216581,0.9533333333333334,0.052068331172711015,4.6067
500,20,0.5,20,2,0.9525757575757575,0.0530861258216581,0.9533333333333334,0.052068331172711015,4.4717
500,20,0.5,20,5,0.9525757575757575,0.0530861258216581,0.9533333333333334,0.052068331172711015,4.7665
500,20,0.5,20,10,0.9525757575757575,0.0530861258216581,0.9533333333333334,0.052068331172711015,4.6551
500,20,1.0,2,1,0.9458417508417508,0.050867947071959914,0.9466666666666667,0.04988876515698587,4.6844
500,20,1.0,2,2,0.9525757575757575,0.0530861258216581,0.9533333333333334,0.052068331172711015,4.6527
500,20,1.0,2,5,0.9323737373737373,0.06763948794822675,0.9333333333333333,0.06666666666666665,4.579
500,20,1.0,2,10,0.9323737373737373,0.06763948794822675,0.9333333333333333,0.06666666666666665,4.5266
500,20,1.0,5,1,0.9597306397306398,0.04438502302601822,0.96,0.04422166387140532,4.74
500,20,1.0,5,2,0.9525757575757575,0.0530861258216581,0.9533333333333334,0.052068331172711015,4.5894
500,20,1.0,5,5,0.9323737373737373,0.06763948794822675,0.9333333333333333,0.06666666666666665,4.6425
500,20,1.0,5,10,0.9323737373737373,0.06763948794822675,0.9333333333333333,0.06666666666666665,4.7241
500,20,1.0,10,1,0.9597306397306398,0.04438502302601822,0.96,0.04422166387140532,4.7034
500,20,1.0,10,2,0.9525757575757575,0.0530861258216581,0.9533333333333334,0.052068331172711015,4.4583
500,20,1.0,10,5,0.9323737373737373,0.06763948794822675,0.9333333333333333,0.06666666666666665,4.4562
500,20,1.0,10,10,0.9323737373737373,0.06763948794822675,0.9333333333333333,0.06666666666666665,4.4492
500,20,1.0,20,1,0.9597306397306398,0.04438502302601822,0.96,0.04422166387140532,4.6077
500,20,1.0,20,2,0.9525757575757575,0.0530861258216581,0.9533333333333334,0.052068331172711015,5.0593
500,20,1.0,20,5,0.9323737373737373,0.06763948794822675,0.9333333333333333,0.06666666666666665,5.0246
500,20,1.0,20,10,0.9323737373737373,0.06763948794822675,0.9333333333333333,0.06666666666666665,5.1279
