n_estimators,max_depth,max_features,min_samples_split,min_samples_leaf,mean_f1,std_f1,mean_accuracy,std_accuracy,time_s
50,,sqrt,2,1,0.725194458082963,0.03573711018119758,0.7329131652661064,0.03512570418746529,0.9599
50,,sqrt,2,2,0.7461526182895105,0.041419377473414586,0.7542156862745097,0.03823454765793346,0.9133
50,,sqrt,2,5,0.7158701704698478,0.03050764628691596,0.729313725490196,0.028636374392439507,0.8648
50,,sqrt,2,10,0.6901620600707329,0.02936488704718715,0.7080532212885153,0.02664094176759237,0.8816
50,,sqrt,5,1,0.7424790296478797,0.04748819056900586,0.7483893557422969,0.04430785771050225,0.8712
50,,sqrt,5,2,0.7479656707798075,0.04562494165095103,0.7542156862745097,0.043248993573030026,0.8814
50,,sqrt,5,5,0.7158701704698478,0.03050764628691596,0.729313725490196,0.028636374392439507,0.8639
50,,sqrt,5,10,0.6901620600707329,0.02936488704718715,0.7080532212885153,0.02664094176759237,0.8933
50,,sqrt,10,1,0.7352830667694474,0.02849786942965351,0.7435294117647059,0.02704603278252389,0.9049
50,,sqrt,10,2,0.7259614394345733,0.023745105822280937,0.7352661064425771,0.021410970234166198,0.9019
50,,sqrt,10,5,0.7158701704698478,0.03050764628691596,0.729313725490196,0.028636374392439507,0.8862
50,,sqrt,10,10,0.6901620600707329,0.02936488704718715,0.7080532212885153,0.02664094176759237,0.8938
50,,sqrt,20,1,0.7288041482411985,0.037411790678507625,0.7399439775910365,0.03420836737824483,0.8911
50,,sqrt,20,2,0.7265660711323354,0.045538424811052,0.7387955182072828,0.041499145385242735,0.8866
50,,sqrt,20,5,0.7144377385295815,0.04868561532339055,0.7293417366946778,0.044799026564340046,0.8969
50,,sqrt,20,10,0.6901620600707329,0.02936488704718715,0.7080532212885153,0.02664094176759237,0.8939
50,,log2,2,1,0.725194458082963,0.03573711018119758,0.7329131652661064,0.03512570418746529,0.8938
50,,log2,2,2,0.7461526182895105,0.041419377473414586,0.7542156862745097,0.03823454765793346,0.8892
50,,log2,2,5,0.7158701704698478,0.03050764628691596,0.729313725490196,0.028636374392439507,0.9143
50,,log2,2,10,0.6901620600707329,0.02936488704718715,0.7080532212885153,0.02664094176759237,0.9091
50,,log2,5,1,0.7424790296478797,0.04748819056900586,0.7483893557422969,0.04430785771050225,0.8955
50,,log2,5,2,0.7479656707798075,0.04562494165095103,0.7542156862745097,0.043248993573030026,0.9016
50,,log2,5,5,0.7158701704698478,0.03050764628691596,0.729313725490196,0.028636374392439507,0.8944
50,,log2,5,10,0.6901620600707329,0.02936488704718715,0.7080532212885153,0.02664094176759237,0.8828
50,,log2,10,1,0.7352830667694474,0.02849786942965351,0.7435294117647059,0.02704603278252389,0.8808
50,,log2,10,2,0.7259614394345733,0.023745105822280937,0.7352661064425771,0.021410970234166198,0.9075
50,,log2,10,5,0.7158701704698478,0.03050764628691596,0.729313725490196,0.028636374392439507,0.916
50,,log2,10,10,0.6901620600707329,0.02936488704718715,0.7080532212885153,0.02664094176759237,0.9037
50,,log2,20,1,0.7288041482411985,0.037411790678507625,0.7399439775910365,0.03420836737824483,0.9031
50,,log2,20,2,0.7265660711323354,0.045538424811052,0.7387955182072828,0.041499145385242735,0.9451
50,,log2,20,5,0.7144377385295815,0.04868561532339055,0.7293417366946778,0.044799026564340046,0.9257
50,,log2,20,10,0.6901620600707329,0.02936488704718715,0.7080532212885153,0.02664094176759237,0.9238
50,,0.5,2,1,0.7461319842909437,0.03971214043398507,0.7530252100840336,0.03661913021911762,0.9137
50,,0.5,2,2,0.7352893583066242,0.03299882450110226,0.742296918767507,0.03391293980142068,0.8976
50,,0.5,2,5,0.738443269992463,0.035259555864350194,0.7482773109243698,0.0312524618682055,0.8838
50,,0.5,2,10,0.7116521771072883,0.04321582779485808,0.7269887955182073,0.03967275899678122,0.9187
50,,0.5,5,1,0.7333289913684901,0.03880668699946871,0.74,0.03799357211760907,1.0294
50,,0.5,5,2,0.734482998408533,0.030188193613010315,0.7423669467787115,0.02932234305566066,0.9562
50,,0.5,5,5,0.738443269992463,0.035259555864350194,0.7482773109243698,0.0312524618682055,0.9235
50,,0.5,5,10,0.7116521771072883,0.04321582779485808,0.7269887955182073,0.03967275899678122,0.917
50,,0.5,10,1,0.7314598758217883,0.045515576879249925,0.7400280112044817,0.04311282002845795,0.9199
50,,0.5,10,2,0.7327663457625861,0.03565754597034705,0.7411344537815127,0.033944220417122035,0.9124
50,,0.5,10,5,0.738443269992463,0.035259555864350194,0.7482773109243698,0.0312524618682055,0.92
50,,0.5,10,10,0.7116521771072883,0.04321582779485808,0.7269887955182073,0.03967275899678122,0.9239
50,,0.5,20,1,0.7167304837223032,0.04676686133693302,0.7269747899159664,0.04414014810128185,0.9294
50,,0.5,20,2,0.7200283455792187,0.03918883492074053,0.7305042016806722,0.03876829632783988,0.9114
50,,0.5,20,5,0.7136286411994354,0.045109303160331404,0.7257703081232493,0.04289241696599808,0.9045
50,,0.5,20,10,0.7116521771072883,0.04321582779485808,0.7269887955182073,0.03967275899678122,0.9224
50,,1.0,2,1,0.7512406002467371,0.03240877572570718,0.7577591036414566,0.03073355094672355,1.0369
50,,1.0,2,2,0.7314314892476872,0.022977803847114713,0.74,0.02114170593562444,1.057
50,,1.0,2,5,0.7262709509007801,0.047565576511086984,0.7351820728291317,0.0461880809920305,1.0271
50,,1.0,2,10,0.7070355939150872,0.04598691221963861,0.7211064425770308,0.040170550360996364,0.9792
50,,1.0,5,1,0.7359499452629634,0.037628522868515646,0.7435294117647059,0.03629660921189761,1.0827
50,,1.0,5,2,0.7250244325149497,0.0359399065107799,0.7328991596638657,0.0346837336604738,1.0648
50,,1.0,5,5,0.7262709509007801,0.047565576511086984,0.7351820728291317,0.0461880809920305,1.0534
50,,1.0,5,10,0.7070355939150872,0.04598691221963861,0.7211064425770308,0.040170550360996364,1.0038
50,,1.0,10,1,0.7263174442932143,0.03991133947762274,0.7340896358543417,0.037391925935891246,1.0304
50,,1.0,10,2,0.7313818611980724,0.0406350021550649,0.7399439775910365,0.037612581334797134,1.0052
50,,1.0,10,5,0.7262709509007801,0.047565576511086984,0.7351820728291317,0.0461880809920305,1.0355
50,,1.0,10,10,0.7070355939150872,0.04598691221963861,0.7211064425770308,0.040170550360996364,1.0123
50,,1.0,20,1,0.7227955845929024,0.03936260032279966,0.7328851540616247,0.03596445582398598,1.0131
50,,1.0,20,2,0.7203849042790018,0.04126143905330726,0.7317226890756303,0.03652876136456584,1.0298
50,,1.0,20,5,0.7180011247759007,0.04967554741220765,0.729313725490196,0.04634758517145416,0.975
50,,1.0,20,10,0.7070355939150872,0.04598691221963861,0.7211064425770308,0.040170550360996364,0.9761
50,5,sqrt,2,1,0.7119102692051537,0.033253419780407925,0.7316806722689075,0.02975409685025738,0.9247
50,5,sqrt,2,2,0.7068045449738591,0.041307424463671596,0.7270168067226892,0.03803512362325025,0.9136
50,5,sqrt,2,5,0.7003780815923399,0.04938894544031372,0.7222829131652662,0.0427726345914791,0.9034
50,5,sqrt,2,10,0.7014055956737911,0.047247710083190585,0.7234173669467787,0.04204983762352854,0.9159
50,5,sqrt,5,1,0.6994315248750449,0.04084729660795044,0.7210644257703082,0.03635753992046136,0.9836
50,5,sqrt,5,2,0.7046158492154805,0.04694310908896253,0.7257703081232493,0.041675222152032676,0.998
50,5,sqrt,5,5,0.7003780815923399,0.04938894544031372,0.7222829131652662,0.0427726345914791,0.9168
50,5,sqrt,5,10,0.7014055956737911,0.047247710083190585,0.7234173669467787,0.04204983762352854,0.9252
50,5,sqrt,10,1,0.7073013569384641,0.03917538297247943,0.7269887955182074,0.03554521689061764,0.919
50,5,sqrt,10,2,0.705137389392746,0.043605924024659834,0.7257703081232494,0.03895330390519554,0.9347
50,5,sqrt,10,5,0.7003780815923399,0.04938894544031372,0.7222829131652662,0.0427726345914791,0.9384
50,5,sqrt,10,10,0.7014055956737911,0.047247710083190585,0.7234173669467787,0.04204983762352854,0.9062
50,5,sqrt,20,1,0.7010018888008855,0.051297553631656376,0.7234593837535014,0.04469675715790049,0.9187
50,5,sqrt,20,2,0.7038650112664713,0.058003825631289245,0.7258403361344539,0.05061703900641244,0.9394
50,5,sqrt,20,5,0.7027023863101273,0.046246863511188195,0.7246218487394959,0.040512608043978035,0.9249
50,5,sqrt,20,10,0.7014055956737911,0.047247710083190585,0.7234173669467787,0.04204983762352854,0.8904
50,5,log2,2,1,0.7119102692051537,0.033253419780407925,0.7316806722689075,0.02975409685025738,0.8622
50,5,log2,2,2,0.7068045449738591,0.041307424463671596,0.7270168067226892,0.03803512362325025,0.8592
50,5,log2,2,5,0.7003780815923399,0.04938894544031372,0.7222829131652662,0.0427726345914791,0.8664
50,5,log2,2,10,0.7014055956737911,0.047247710083190585,0.7234173669467787,0.04204983762352854,0.8763
50,5,log2,5,1,0.6994315248750449,0.04084729660795044,0.7210644257703082,0.03635753992046136,0.8772
50,5,log2,5,2,0.7046158492154805,0.04694310908896253,0.7257703081232493,0.041675222152032676,0.8851
50,5,log2,5,5,0.7003780815923399,0.04938894544031372,0.7222829131652662,0.0427726345914791,0.9377
50,5,log2,5,10,0.7014055956737911,0.047247710083190585,0.7234173669467787,0.04204983762352854,0.8849
50,5,log2,10,1,0.7073013569384641,0.03917538297247943,0.7269887955182074,0.03554521689061764,0.8432
50,5,log2,10,2,0.705137389392746,0.043605924024659834,0.7257703081232494,0.03895330390519554,0.8789
50,5,log2,10,5,0.7003780815923399,0.04938894544031372,0.7222829131652662,0.0427726345914791,0.8632
50,5,log2,10,10,0.7014055956737911,0.047247710083190585,0.7234173669467787,0.04204983762352854,0.8655
50,5,log2,20,1,0.7010018888008855,0.051297553631656376,0.7234593837535014,0.04469675715790049,0.8606
50,5,log2,20,2,0.7038650112664713,0.058003825631289245,0.7258403361344539,0.05061703900641244,0.9424
50,5,log2,20,5,0.7027023863101273,0.046246863511188195,0.7246218487394959,0.040512608043978035,0.8733
50,5,log2,20,10,0.7014055956737911,0.047247710083190585,0.7234173669467787,0.04204983762352854,0.8475
50,5,0.5,2,1,0.7218024383707596,0.04595712785983813,0.7376750700280112,0.04191387953356638,0.8823
50,5,0.5,2,2,0.7208541512904667,0.04672338997728179,0.7376610644257704,0.0409308040542023,0.9027
50,5,0.5,2,5,0.706047779211443,0.04757204115851153,0.7247058823529412,0.044641643856748466,0.9338
50,5,0.5,2,10,0.6936934288829532,0.05422871207703144,0.714047619047619,0.050181900837070643,0.916
50,5,0.5,5,1,0.7137186485943047,0.034703095087968455,0.7293697478991598,0.032642371927789605,0.9309
50,5,0.5,5,2,0.7091347435655625,0.040106690825179966,0.7258543417366947,0.03693063529427973,0.939
50,5,0.5,5,5,0.706047779211443,0.04757204115851153,0.7247058823529412,0.044641643856748466,0.9443
50,5,0.5,5,10,0.6936934288829532,0.05422871207703144,0.714047619047619,0.050181900837070643,0.9742
50,5,0.5,10,1,0.712257100300449,0.03207697771102457,0.7293697478991596,0.03134452842799177,1.0455
50,5,0.5,10,2,0.7109496177971375,0.040048211978114465,0.7294117647058823,0.03715282661072948,0.9248
50,5,0.5,10,5,0.706047779211443,0.04757204115851153,0.7247058823529412,0.044641643856748466,0.9319
50,5,0.5,10,10,0.6936934288829532,0.05422871207703144,0.714047619047619,0.050181900837070643,0.935
50,5,0.5,20,1,0.7034829426451713,0.051961451736264846,0.7223669467787115,0.045193196492606884,0.9216
50,5,0.5,20,2,0.6969789695186281,0.057441968215000895,0.7164705882352942,0.05214901691162246,0.9268
50,5,0.5,20,5,0.6957079982191747,0.052553309874742465,0.7152240896358544,0.046385406503470936,0.9072
50,5,0.5,20,10,0.6936934288829532,0.05422871207703144,0.714047619047619,0.050181900837070643,0.8942
50,5,1.0,2,1,0.7191739604670055,0.04269589921623398,0.7328851540616246,0.0385987791286416,0.9668
50,5,1.0,2,2,0.7170276579284313,0.04040872079824986,0.730532212885154,0.03722861902225534,0.9543
50,5,1.0,2,5,0.7119785039799673,0.037489982127816554,0.7269467787114846,0.03390450548926352,0.962
50,5,1.0,2,10,0.6990617422633479,0.03818326846767979,0.7163585434173669,0.03247166787626189,0.9438
50,5,1.0,5,1,0.7159943022183847,0.03886874596551781,0.729327731092437,0.0349850412413081,0.9438
50,5,1.0,5,2,0.7157323087680922,0.041544590181174824,0.7293417366946778,0.038259155194055934,0.993
50,5,1.0,5,5,0.7119785039799673,0.037489982127816554,0.7269467787114846,0.03390450548926352,0.9636
50,5,1.0,5,10,0.6990617422633479,0.03818326846767979,0.7163585434173669,0.03247166787626189,0.9467
50,5,1.0,10,1,0.7140709906269403,0.039900816363815636,0.7281232492997198,0.03652207787516901,1.0382
50,5,1.0,10,2,0.711062305976941,0.04118176763366231,0.725812324929972,0.03680474277234086,1.0362
50,5,1.0,10,5,0.7119785039799673,0.037489982127816554,0.7269467787114846,0.03390450548926352,0.9552
50,5,1.0,10,10,0.6990617422633479,0.03818326846767979,0.7163585434173669,0.03247166787626189,0.9725
50,5,1.0,20,1,0.7177255134819818,0.040566295536135034,0.7316806722689077,0.037924615845983396,0.953
50,5,1.0,20,2,0.7169574843691028,0.04309788220791753,0.7317226890756302,0.03909120147970609,0.9667
50,5,1.0,20,5,0.7146490503890449,0.04488970479570027,0.7293837535014005,0.03980956874725967,0.9657
50,5,1.0,20,10,0.6990617422633479,0.03818326846767979,0.7163585434173669,0.03247166787626189,0.9722
50,10,sqrt,2,1,0.7479737400069848,0.03473903176742189,0.7554061624649859,0.032291537155399515,0.9196
50,10,sqrt,2,2,0.7481987332778116,0.04011904351701814,0.7565826330532213,0.03716961236028161,0.9089
50,10,sqrt,2,5,0.7225599285276726,0.03698108553974656,0.7364565826330531,0.03372891290317809,0.9283
50,10,sqrt,2,10,0.6969827814293299,0.034985026280877324,0.7139635854341737,0.03303345620412061,0.931
50,10,sqrt,5,1,0.7386076706748403,0.03869550257976903,0.7471288515406161,0.03559535588758613,0.9407
50,10,sqrt,5,2,0.7337621645994672,0.03666943953892502,0.7423529411764705,0.03374927039744366,0.9185
50,10,sqrt,5,5,0.7225599285276726,0.03698108553974656,0.7364565826330531,0.03372891290317809,0.9197
50,10,sqrt,5,10,0.6969827814293299,0.034985026280877324,0.7139635854341737,0.03303345620412061,0.9268
50,10,sqrt,10,1,0.7414660777035188,0.03637335234001701,0.7494117647058822,0.03407236903000495,0.9474
50,10,sqrt,10,2,0.7081068814261047,0.02619590221494598,0.7198879551820728,0.02321501978213339,0.9838
50,10,sqrt,10,5,0.7225599285276726,0.03698108553974656,0.7364565826330531,0.03372891290317809,1.0859
50,10,sqrt,10,10,0.6969827814293299,0.034985026280877324,0.7139635854341737,0.03303345620412061,0.947
50,10,sqrt,20,1,0.7374415053832541,0.035414036815915574,0.7482633053221288,0.03221734228085505,0.9261
50,10,sqrt,20,2,0.735106002559975,0.03929360652348794,0.7447478991596638,0.03649738749973697,0.9354
50,10,sqrt,20,5,0.7138022823292949,0.040774358962372435,0.7281932773109243,0.03649189430016419,0.9435
50,10,sqrt,20,10,0.6969827814293299,0.034985026280877324,0.7139635854341737,0.03303345620412061,0.9088
50,10,log2,2,1,0.7479737400069848,0.03473903176742189,0.7554061624649859,0.032291537155399515,0.9239
50,10,log2,2,2,0.7481987332778116,0.04011904351701814,0.7565826330532213,0.03716961236028161,0.9315
50,10,log2,2,5,0.7225599285276726,0.03698108553974656,0.7364565826330531,0.03372891290317809,0.9236
50,10,log2,2,10,0.6969827814293299,0.034985026280877324,0.7139635854341737,0.03303345620412061,0.9259
50,10,log2,5,1,0.7386076706748403,0.03869550257976903,0.7471288515406161,0.03559535588758613,0.8871
50,10,log2,5,2,0.7337621645994672,0.03666943953892502,0.7423529411764705,0.03374927039744366,0.9237
50,10,log2,5,5,0.7225599285276726,0.03698108553974656,0.7364565826330531,0.03372891290317809,0.9251
50,10,log2,5,10,0.6969827814293299,0.034985026280877324,0.7139635854341737,0.03303345620412061,0.9123
50,10,log2,10,1,0.7414660777035188,0.03637335234001701,0.7494117647058822,0.03407236903000495,0.91
50,10,log2,10,2,0.7081068814261047,0.02619590221494598,0.7198879551820728,0.02321501978213339,0.8959
50,10,log2,10,5,0.7225599285276726,0.03698108553974656,0.7364565826330531,0.03372891290317809,0.9642
50,10,log2,10,10,0.6969827814293299,0.034985026280877324,0.7139635854341737,0.03303345620412061,0.9875
50,10,log2,20,1,0.7374415053832541,0.035414036815915574,0.7482633053221288,0.03221734228085505,0.9852
50,10,log2,20,2,0.735106002559975,0.03929360652348794,0.7447478991596638,0.03649738749973697,1.0029
50,10,log2,20,5,0.7138022823292949,0.040774358962372435,0.7281932773109243,0.03649189430016419,0.9546
50,10,log2,20,10,0.6969827814293299,0.034985026280877324,0.7139635854341737,0.03303345620412061,0.8907
50,10,0.5,2,1,0.7330309624800401,0.035479724951325384,0.738767507002801,0.034357418018080864,0.9723
50,10,0.5,2,2,0.7329727132585087,0.04141458007536344,0.7387675070028011,0.04001201280592166,0.9649
50,10,0.5,2,5,0.7375081473238296,0.035463081930598925,0.7470868347338936,0.03312736781591814,0.9643
50,10,0.5,2,10,0.7204215897055956,0.04269214481077031,0.7352941176470589,0.0394124714499074,0.9365
50,10,0.5,5,1,0.7306992111995223,0.034766386674501604,0.7375350140056023,0.03282914360283145,0.963
50,10,0.5,5,2,0.7260030907167472,0.03813804153958399,0.7329131652661065,0.03578490299744496,0.9438
50,10,0.5,5,5,0.7375081473238296,0.035463081930598925,0.7470868347338936,0.03312736781591814,0.9819
50,10,0.5,5,10,0.7204215897055956,0.04269214481077031,0.7352941176470589,0.0394124714499074,0.9769
50,10,0.5,10,1,0.7333246951107804,0.036671347635616136,0.74109243697479,0.03622554908291416,1.037
50,10,0.5,10,2,0.7302230572411673,0.04614407563389767,0.7388375350140056,0.04455864468964031,1.0147
50,10,0.5,10,5,0.7375081473238296,0.035463081930598925,0.7470868347338936,0.03312736781591814,1.006
50,10,0.5,10,10,0.7204215897055956,0.04269214481077031,0.7352941176470589,0.0394124714499074,1.0574
50,10,0.5,20,1,0.7231651177894919,0.04004989192091275,0.7328711484593837,0.0377122290274736,1.0175
50,10,0.5,20,2,0.7195069321240265,0.054472080158455845,0.7305042016806723,0.05189055028178217,0.9837
50,10,0.5,20,5,0.7222614187311385,0.046446999839051685,0.7340756302521009,0.04346044894255156,0.9768
50,10,0.5,20,10,0.7204215897055956,0.04269214481077031,0.7352941176470589,0.0394124714499074,0.9502
50,10,1.0,2,1,0.7465352946249586,0.034321483896510706,0.7530252100840336,0.03257037054590187,1.0355
50,10,1.0,2,2,0.7277810792235243,0.0396928575323511,0.735280112044818,0.03799327524987989,1.0443
50,10,1.0,2,5,0.7252734359775154,0.04967070154222093,0.7340336134453781,0.04806105619438254,1.0354
50,10,1.0,2,10,0.7053312659942416,0.05017915917194784,0.7199439775910365,0.043672971293063,1.0125
50,10,1.0,5,1,0.7444824041113228,0.045685780902956184,0.7518347338935574,0.04342285363362333,1.0458
50,10,1.0,5,2,0.7316956412919997,0.03540757809493343,0.7388235294117648,0.03428878073469719,1.0596
50,10,1.0,5,5,0.7252734359775154,0.04967070154222093,0.7340336134453781,0.04806105619438254,1.0608
50,10,1.0,5,10,0.7053312659942416,0.05017915917194784,0.7199439775910365,0.043672971293063,1.0075
50,10,1.0,10,1,0.7315385626335067,0.04484485883427771,0.7400140056022408,0.04043454236393173,1.0449
50,10,1.0,10,2,0.7233446847455975,0.04243435853301812,0.7317226890756302,0.04083127903859254,1.0362
50,10,1.0,10,5,0.7252734359775154,0.04967070154222093,0.7340336134453781,0.04806105619438254,1.0693
50,10,1.0,10,10,0.7053312659942416,0.05017915917194784,0.7199439775910365,0.043672971293063,1.088
50,10,1.0,20,1,0.7197433870975704,0.044085213057426825,0.7305322128851541,0.03976264228149493,1.0752
50,10,1.0,20,2,0.7204031312054386,0.044564625878934824,0.7317226890756303,0.04049907032673603,1.0466
50,10,1.0,20,5,0.7155512583165349,0.04828832638639688,0.7269607843137255,0.04445234518709163,1.0534
50,10,1.0,20,10,0.7053312659942416,0.05017915917194784,0.7199439775910365,0.043672971293063,1.0274
50,20,sqrt,2,1,0.7257989904712525,0.03667062123934006,0.7329271708683474,0.03544078557902013,0.9687
50,20,sqrt,2,2,0.7447495092034746,0.03979619134977484,0.7530252100840336,0.037030992426790116,1.0027
50,20,sqrt,2,5,0.7158701704698478,0.03050764628691596,0.729313725490196,0.028636374392439507,0.9837
50,20,sqrt,2,10,0.6901620600707329,0.02936488704718715,0.7080532212885153,0.02664094176759237,1.0102
50,20,sqrt,5,1,0.743698882319108,0.04622330366821026,0.7495658263305323,0.04266454269437966,0.9821
50,20,sqrt,5,2,0.7453829552292565,0.04644749348610474,0.7518487394957983,0.043957684302552966,0.9548
50,20,sqrt,5,5,0.7158701704698478,0.03050764628691596,0.729313725490196,0.028636374392439507,0.9579
50,20,sqrt,5,10,0.6901620600707329,0.02936488704718715,0.7080532212885153,0.02664094176759237,0.994
50,20,sqrt,10,1,0.7340196931273076,0.027269257383613042,0.7423529411764707,0.025815421479401992,0.9508
50,20,sqrt,10,2,0.7272239932365819,0.022841435460887793,0.7364425770308124,0.020722688318365986,0.9595
50,20,sqrt,10,5,0.7158701704698478,0.03050764628691596,0.729313725490196,0.028636374392439507,1.0025
50,20,sqrt,10,10,0.6901620600707329,0.02936488704718715,0.7080532212885153,0.02664094176759237,1.0433
50,20,sqrt,20,1,0.7288041482411985,0.037411790678507625,0.7399439775910365,0.03420836737824483,0.9432
50,20,sqrt,20,2,0.7265660711323354,0.045538424811052,0.7387955182072828,0.041499145385242735,0.9446
50,20,sqrt,20,5,0.7144377385295815,0.04868561532339055,0.7293417366946778,0.044799026564340046,0.9525
50,20,sqrt,20,10,0.6901620600707329,0.02936488704718715,0.7080532212885153,0.02664094176759237,1.0053
50,20,log2,2,1,0.7257989904712525,0.03667062123934006,0.7329271708683474,0.03544078557902013,0.9221
50,20,log2,2,2,0.7447495092034746,0.03979619134977484,0.7530252100840336,0.037030992426790116,0.9313
50,20,log2,2,5,0.7158701704698478,0.03050764628691596,0.729313725490196,0.028636374392439507,1.0461
50,20,log2,2,10,0.6901620600707329,0.02936488704718715,0.7080532212885153,0.02664094176759237,1.0032
50,20,log2,5,1,0.743698882319108,0.04622330366821026,0.7495658263305323,0.04266454269437966,1.0359
50,20,log2,5,2,0.7453829552292565,0.04644749348610474,0.7518487394957983,0.043957684302552966,1.0221
50,20,log2,5,5,0.7158701704698478,0.03050764628691596,0.729313725490196,0.028636374392439507,1.1209
50,20,log2,5,10,0.6901620600707329,0.02936488704718715,0.7080532212885153,0.02664094176759237,1.0915
50,20,log2,10,1,0.7340196931273076,0.027269257383613042,0.7423529411764707,0.025815421479401992,1.1226
50,20,log2,10,2,0.7272239932365819,0.022841435460887793,0.7364425770308124,0.020722688318365986,1.1162
50,20,log2,10,5,0.7158701704698478,0.03050764628691596,0.729313725490196,0.028636374392439507,1.1416
50,20,log2,10,10,0.6901620600707329,0.02936488704718715,0.7080532212885153,0.02664094176759237,1.1026
50,20,log2,20,1,0.7288041482411985,0.037411790678507625,0.7399439775910365,0.03420836737824483,1.0694
50,20,log2,20,2,0.7265660711323354,0.045538424811052,0.7387955182072828,0.041499145385242735,1.0977
50,20,log2,20,5,0.7144377385295815,0.04868561532339055,0.7293417366946778,0.044799026564340046,1.0778
50,20,log2,20,10,0.6901620600707329,0.02936488704718715,0.7080532212885153,0.02664094176759237,1.1166
50,20,0.5,2,1,0.7471194279249237,0.04141527482514143,0.7542156862745097,0.03857766549315961,1.11
50,20,0.5,2,2,0.7366121830086729,0.03226255942487974,0.7434733893557424,0.033234689150392384,1.0814
50,20,0.5,2,5,0.738443269992463,0.035259555864350194,0.7482773109243698,0.0312524618682055,1.0843
50,20,0.5,2,10,0.7116521771072883,0.04321582779485808,0.7269887955182073,0.03967275899678122,1.0772
50,20,0.5,5,1,0.7333289913684901,0.03880668699946871,0.74,0.03799357211760907,1.0824
50,20,0.5,5,2,0.734482998408533,0.030188193613010315,0.7423669467787115,0.02932234305566066,1.1046
50,20,0.5,5,5,0.738443269992463,0.035259555864350194,0.7482773109243698,0.0312524618682055,1.0626
50,20,0.5,5,10,0.7116521771072883,0.04321582779485808,0.7269887955182073,0.03967275899678122,1.0651
50,20,0.5,10,1,0.7314598758217883,0.045515576879249925,0.7400280112044817,0.04311282002845795,1.1374
50,20,0.5,10,2,0.7327663457625861,0.03565754597034705,0.7411344537815127,0.033944220417122035,1.187
50,20,0.5,10,5,0.738443269992463,0.035259555864350194,0.7482773109243698,0.0312524618682055,1.0949
50,20,0.5,10,10,0.7116521771072883,0.04321582779485808,0.7269887955182073,0.03967275899678122,1.1082
50,20,0.5,20,1,0.7182213588602371,0.04585463769776416,0.7281512605042016,0.0437170465417993,1.1104
50,20,0.5,20,2,0.7200283455792187,0.03918883492074053,0.7305042016806722,0.03876829632783988,1.0557
50,20,0.5,20,5,0.7136286411994354,0.045109303160331404,0.7257703081232493,0.04289241696599808,1.0562
50,20,0.5,20,10,0.7116521771072883,0.04321582779485808,0.7269887955182073,0.03967275899678122,1.0609
50,20,1.0,2,1,0.7512406002467371,0.03240877572570718,0.7577591036414566,0.03073355094672355,1.0972
50,20,1.0,2,2,0.7314314892476872,0.022977803847114713,0.74,0.02114170593562444,1.1261
50,20,1.0,2,5,0.7262709509007801,0.047565576511086984,0.7351820728291317,0.0461880809920305,1.0993
50,20,1.0,2,10,0.7070355939150872,0.04598691221963861,0.7211064425770308,0.040170550360996364,1.058
50,20,1.0,5,1,0.7357916753678514,0.03757925453092392,0.7435294117647059,0.03629660921189761,1.2212
50,20,1.0,5,2,0.7250244325149497,0.0359399065107799,0.7328991596638657,0.0346837336604738,1.1939
50,20,1.0,5,5,0.7262709509007801,0.047565576511086984,0.7351820728291317,0.0461880809920305,1.1805
50,20,1.0,5,10,0.7070355939150872,0.04598691221963861,0.7211064425770308,0.040170550360996364,1.2069
50,20,1.0,10,1,0.7263174442932143,0.03991133947762274,0.7340896358543417,0.037391925935891246,1.1961
50,20,1.0,10,2,0.7313818611980724,0.0406350021550649,0.7399439775910365,0.037612581334797134,1.1596
50,20,1.0,10,5,0.7262709509007801,0.047565576511086984,0.7351820728291317,0.0461880809920305,1.1374
50,20,1.0,10,10,0.7070355939150872,0.04598691221963861,0.7211064425770308,0.040170550360996364,1.0883
50,20,1.0,20,1,0.7227955845929024,0.03936260032279966,0.7328851540616247,0.03596445582398598,1.1026
50,20,1.0,20,2,0.7203849042790018,0.04126143905330726,0.7317226890756303,0.03652876136456584,1.1079
50,20,1.0,20,5,0.7180011247759007,0.04967554741220765,0.729313725490196,0.04634758517145416,1.1017
50,20,1.0,20,10,0.7070355939150872,0.04598691221963861,0.7211064425770308,0.040170550360996364,1.0629
100,,sqrt,2,1,0.7353642973492068,0.029074115530045082,0.7423249299719888,0.02775222011564772,1.8159
100,,sqrt,2,2,0.7479464562215072,0.035264940194551994,0.7565686274509804,0.0329018068487204,1.7914
100,,sqrt,2,5,0.7188240634479055,0.036632245874693756,0.7328991596638655,0.03270867099944134,1.771
100,,sqrt,2,10,0.6980586483460505,0.03883424370571893,0.7163025210084033,0.03415651403896838,1.9136
100,,sqrt,5,1,0.743126362379068,0.03356278500963333,0.750686274509804,0.03016635386524187,1.7122
100,,sqrt,5,2,0.7563359697933778,0.038524675588240485,0.7636694677871148,0.034914098361155124,1.74
100,,sqrt,5,5,0.7188240634479055,0.036632245874693756,0.7328991596638655,0.03270867099944134,1.6871
100,,sqrt,5,10,0.6980586483460505,0.03883424370571893,0.7163025210084033,0.03415651403896838,1.6736
100,,sqrt,10,1,0.7432487315605456,0.026996272168005323,0.7518207282913165,0.026455318465644587,1.7657
100,,sqrt,10,2,0.7378042288656934,0.03424573158422003,0.7482633053221288,0.03223791501083918,1.8421
100,,sqrt,10,5,0.7188240634479055,0.036632245874693756,0.7328991596638655,0.03270867099944134,1.7891
100,,sqrt,10,10,0.6980586483460505,0.03883424370571893,0.7163025210084033,0.03415651403896838,1.7252
100,,sqrt,20,1,0.7221246200157434,0.03979356575975219,0.7340476190476191,0.03427451312332695,1.8419
100,,sqrt,20,2,0.7301858794807159,0.054092860641388386,0.7423389355742297,0.04927500693620084,1.8172
100,,sqrt,20,5,0.7001566717611677,0.042835868125580975,0.7163165266106442,0.03905796866004033,1.8199
100,,sqrt,20,10,0.6980586483460505,0.03883424370571893,0.7163025210084033,0.03415651403896838,1.766
100,,log2,2,1,0.7353642973492068,0.029074115530045082,0.7423249299719888,0.02775222011564772,1.7551
100,,log2,2,2,0.7479464562215072,0.035264940194551994,0.7565686274509804,0.0329018068487204,1.7834
100,,log2,2,5,0.7188240634479055,0.036632245874693756,0.7328991596638655,0.03270867099944134,1.7207
100,,log2,2,10,0.6980586483460505,0.03883424370571893,0.7163025210084033,0.03415651403896838,1.7565
100,,log2,5,1,0.743126362379068,0.03356278500963333,0.750686274509804,0.03016635386524187,1.7685
100,,log2,5,2,0.7563359697933778,0.038524675588240485,0.7636694677871148,0.034914098361155124,1.8728
100,,log2,5,5,0.7188240634479055,0.036632245874693756,0.7328991596638655,0.03270867099944134,1.765
100,,log2,5,10,0.6980586483460505,0.03883424370571893,0.7163025210084033,0.03415651403896838,1.6779
100,,log2,10,1,0.7432487315605456,0.026996272168005323,0.7518207282913165,0.026455318465644587,1.7225
100,,log2,10,2,0.7378042288656934,0.03424573158422003,0.7482633053221288,0.03223791501083918,1.7516
100,,log2,10,5,0.7188240634479055,0.036632245874693756,0.7328991596638655,0.03270867099944134,1.6911
100,,log2,10,10,0.6980586483460505,0.03883424370571893,0.7163025210084033,0.03415651403896838,1.7983
100,,log2,20,1,0.7221246200157434,0.03979356575975219,0.7340476190476191,0.03427451312332695,1.7304
100,,log2,20,2,0.7301858794807159,0.054092860641388386,0.7423389355742297,0.04927500693620084,1.7444
100,,log2,20,5,0.7001566717611677,0.042835868125580975,0.7163165266106442,0.03905796866004033,1.8936
100,,log2,20,10,0.6980586483460505,0.03883424370571893,0.7163025210084033,0.03415651403896838,1.8064
100,,0.5,2,1,0.7364840092671933,0.031074892417137283,0.7435854341736695,0.02911318365204141,1.8232
100,,0.5,2,2,0.7320894636355518,0.03900237561574425,0.7388515406162466,0.03801695284628661,1.8463
100,,0.5,2,5,0.7384263096157778,0.029490022882670146,0.7482633053221288,0.02756473315744071,1.8031
100,,0.5,2,10,0.7231651956006624,0.04116995574285188,0.7376470588235294,0.03793506242142881,1.7785
100,,0.5,5,1,0.7432688217458393,0.03495626142055389,0.7505882352941177,0.03391206060207734,1.8607
100,,0.5,5,2,0.730376150662582,0.037989797773579984,0.737577030812325,0.03882321868016847,1.7675
100,,0.5,5,5,0.7384263096157778,0.029490022882670146,0.7482633053221288,0.02756473315744071,1.8246
100,,0.5,5,10,0.7231651956006624,0.04116995574285188,0.7376470588235294,0.03793506242142881,1.9035
100,,0.5,10,1,0.736937200175679,0.03631327334370632,0.7459103641456583,0.03477762224318723,1.8581
100,,0.5,10,2,0.7281511600355574,0.034872904340058866,0.7364565826330532,0.03383685385720627,1.7824
100,,0.5,10,5,0.7384263096157778,0.029490022882670146,0.7482633053221288,0.02756473315744071,1.7755
100,,0.5,10,10,0.7231651956006624,0.04116995574285188,0.7376470588235294,0.03793506242142881,1.7023
100,,0.5,20,1,0.729790545395713,0.04268893907759448,0.7387535014005603,0.04256307129627902,1.4717
100,,0.5,20,2,0.7304105987944005,0.04531012547055405,0.7399859943977591,0.043996108877625555,1.4774
100,,0.5,20,5,0.7185630295083847,0.04028876783584365,0.7316946778711484,0.03751227675813239,1.4976
100,,0.5,20,10,0.7231651956006624,0.04116995574285188,0.7376470588235294,0.03793506242142881,1.5099
100,,1.0,2,1,0.7462565093893504,0.031126387373162083,0.7529971988795519,0.02915596378390017,1.7006
100,,1.0,2,2,0.738004709362174,0.03833303594889439,0.7447198879551821,0.036628227406933764,1.8462
100,,1.0,2,5,0.7259603995965357,0.0498645066791845,0.7351820728291317,0.04709256660057564,1.6914
100,,1.0,2,10,0.7035217497637692,0.03660548451898814,0.7175070028011205,0.03373344592875328,1.7747
100,,1.0,5,1,0.7399106140690032,0.020268675361332273,0.7458543417366947,0.019957388560604552,1.7515
100,,1.0,5,2,0.7389194494675954,0.04125825354983591,0.7459383753501401,0.040047500611596495,1.7238
100,,1.0,5,5,0.7259603995965357,0.0498645066791845,0.7351820728291317,0.04709256660057564,1.6326
100,,1.0,5,10,0.7035217497637692,0.03660548451898814,0.7175070028011205,0.03373344592875328,1.6528
100,,1.0,10,1,0.7300637363334371,0.03678276419818893,0.7375630252100841,0.03500564606090955,1.6941
100,,1.0,10,2,0.7312297897160338,0.04036634686678359,0.7399719887955182,0.037081968419892905,1.7888
100,,1.0,10,5,0.7259603995965357,0.0498645066791845,0.7351820728291317,0.04709256660057564,1.9159
100,,1.0,10,10,0.7035217497637692,0.03660548451898814,0.7175070028011205,0.03373344592875328,1.757
100,,1.0,20,1,0.7246410538301413,0.04585454772211269,0.7352240896358544,0.0405081750669151,1.7259
100,,1.0,20,2,0.7304979896339862,0.050237652496910895,0.741204481792717,0.04481411048174331,1.7172
100,,1.0,20,5,0.7216228097655037,0.04689172781835672,0.7328711484593838,0.043110192409608714,2.1926
100,,1.0,20,10,0.7035217497637692,0.03660548451898814,0.7175070028011205,0.03373344592875328,3.2023
100,5,sqrt,2,1,0.7120052993717715,0.04342349221780643,0.7328851540616246,0.038221173042146186,3.0645
100,5,sqrt,2,2,0.6997327197842813,0.035095254452615375,0.7210784313725491,0.03217603848074308,2.8543
100,5,sqrt,2,5,0.7056373745281419,0.0462845120661182,0.7270028011204482,0.040931587604536974,3.0255
100,5,sqrt,2,10,0.6992246805486655,0.060550697519166974,0.7222829131652662,0.052912025306053094,2.9582
100,5,sqrt,5,1,0.7000150507169514,0.038045203709955296,0.7222829131652662,0.034153541967251635,2.9378
100,5,sqrt,5,2,0.7031043834782951,0.04212499303500197,0.7246218487394958,0.0384425998904303,2.8635
100,5,sqrt,5,5,0.7056373745281419,0.0462845120661182,0.7270028011204482,0.040931587604536974,3.3669
100,5,sqrt,5,10,0.6992246805486655,0.060550697519166974,0.7222829131652662,0.052912025306053094,2.9477
100,5,sqrt,10,1,0.710155203366985,0.04063178242102056,0.7317226890756303,0.03692367923614021,2.7819
100,5,sqrt,10,2,0.7019107634103623,0.04387569156923477,0.7246218487394958,0.039906618395289854,2.8632
100,5,sqrt,10,5,0.7056373745281419,0.0462845120661182,0.7270028011204482,0.040931587604536974,2.6598
100,5,sqrt,10,10,0.6992246805486655,0.060550697519166974,0.7222829131652662,0.052912025306053094,2.5989
100,5,sqrt,20,1,0.7094895029917281,0.054753736263449836,0.730546218487395,0.049320304223800134,2.9297
100,5,sqrt,20,2,0.7129330306701839,0.05707732362360646,0.7340756302521008,0.051182420898437275,3.7576
100,5,sqrt,20,5,0.707330782841739,0.05102824212040984,0.7281792717086836,0.04467694035892822,3.7103
100,5,sqrt,20,10,0.6992246805486655,0.060550697519166974,0.7222829131652662,0.052912025306053094,3.4222
100,5,log2,2,1,0.7120052993717715,0.04342349221780643,0.7328851540616246,0.038221173042146186,3.4819
100,5,log2,2,2,0.6997327197842813,0.035095254452615375,0.7210784313725491,0.03217603848074308,3.111
100,5,log2,2,5,0.7056373745281419,0.0462845120661182,0.7270028011204482,0.040931587604536974,3.2681
100,5,log2,2,10,0.6992246805486655,0.060550697519166974,0.7222829131652662,0.052912025306053094,3.6135
100,5,log2,5,1,0.7000150507169514,0.038045203709955296,0.7222829131652662,0.034153541967251635,3.8546
100,5,log2,5,2,0.7031043834782951,0.04212499303500197,0.7246218487394958,0.0384425998904303,4.2704
100,5,log2,5,5,0.7056373745281419,0.0462845120661182,0.7270028011204482,0.040931587604536974,3.3963
100,5,log2,5,10,0.6992246805486655,0.060550697519166974,0.7222829131652662,0.052912025306053094,3.0833
100,5,log2,10,1,0.710155203366985,0.04063178242102056,0.7317226890756303,0.03692367923614021,3.0752
100,5,log2,10,2,0.7019107634103623,0.04387569156923477,0.7246218487394958,0.039906618395289854,3.2935
100,5,log2,10,5,0.7056373745281419,0.0462845120661182,0.7270028011204482,0.040931587604536974,3.7323
100,5,log2,10,10,0.6992246805486655,0.060550697519166974,0.7222829131652662,0.052912025306053094,3.4502
100,5,log2,20,1,0.7094895029917281,0.054753736263449836,0.730546218487395,0.049320304223800134,3.3369
100,5,log2,20,2,0.7129330306701839,0.05707732362360646,0.7340756302521008,0.051182420898437275,3.0704
100,5,log2,20,5,0.707330782841739,0.05102824212040984,0.7281792717086836,0.04467694035892822,3.0767
100,5,log2,20,10,0.6992246805486655,0.060550697519166974,0.7222829131652662,0.052912025306053094,3.2847
100,5,0.5,2,1,0.714949752612128,0.03887616674225547,0.731750700280112,0.03638934970493422,3.4885
100,5,0.5,2,2,0.7215449426581227,0.04999381494399329,0.7376610644257704,0.045729844131819145,3.6764
100,5,0.5,2,5,0.7240328964592366,0.04892556151042132,0.740014005602241,0.044942668229279684,3.2396
100,5,0.5,2,10,0.7003375856612928,0.05140667533803743,0.7199299719887955,0.047272053012888324,3.3733
100,5,0.5,5,1,0.7280311278136947,0.03779181419572094,0.7435294117647058,0.03548842737109185,3.1937
100,5,0.5,5,2,0.7239824861328923,0.043628564163030785,0.74,0.040136361422757345,3.1843
100,5,0.5,5,5,0.7240328964592366,0.04892556151042132,0.740014005602241,0.044942668229279684,2.4367
100,5,0.5,5,10,0.7003375856612928,0.05140667533803743,0.7199299719887955,0.047272053012888324,2.4541
100,5,0.5,10,1,0.7183610870955977,0.03745294651061661,0.7352941176470588,0.03447956267093805,2.5211
100,5,0.5,10,2,0.7148640565814184,0.037536741066973765,0.7317366946778712,0.03529718540755832,2.5059
100,5,0.5,10,5,0.7240328964592366,0.04892556151042132,0.740014005602241,0.044942668229279684,2.4447
100,5,0.5,10,10,0.7003375856612928,0.05140667533803743,0.7199299719887955,0.047272053012888324,2.4865
100,5,0.5,20,1,0.7184211229557053,0.04993914476671947,0.7353501400560224,0.045283610061205216,2.4493
100,5,0.5,20,2,0.7153965297989888,0.04676478182911053,0.7329411764705882,0.042984459649865435,2.4182
100,5,0.5,20,5,0.7107045415703468,0.05528083995128244,0.7293977591036415,0.050741175839684335,2.4892
100,5,0.5,20,10,0.7003375856612928,0.05140667533803743,0.7199299719887955,0.047272053012888324,2.3882
100,5,1.0,2,1,0.725050846319512,0.04834811041122925,0.7388095238095238,0.0455460139155621,2.5772
100,5,1.0,2,2,0.7237145840111131,0.04651463343639282,0.7376330532212885,0.04373310917207593,2.6169
100,5,1.0,2,5,0.7193771135068915,0.05266062360657912,0.7340756302521008,0.04957346372243747,2.6796
100,5,1.0,2,10,0.7078751448970475,0.05268881967929617,0.7246358543417368,0.04831902123070898,2.5429
100,5,1.0,5,1,0.7214306820239996,0.044138942438708834,0.735266106442577,0.04126473514089797,2.7459
100,5,1.0,5,2,0.7209334504041777,0.046807456624071174,0.735266106442577,0.043866064941429306,2.7293
100,5,1.0,5,5,0.7193771135068915,0.05266062360657912,0.7340756302521008,0.04957346372243747,2.6642
100,5,1.0,5,10,0.7078751448970475,0.05268881967929617,0.7246358543417368,0.04831902123070898,2.5511
100,5,1.0,10,1,0.714082382407741,0.044034329787899174,0.7293417366946778,0.04143520201558939,2.6455
100,5,1.0,10,2,0.716139761315593,0.04734793449375264,0.7316946778711484,0.04459244091178966,2.6209
100,5,1.0,10,5,0.7193771135068915,0.05266062360657912,0.7340756302521008,0.04957346372243747,2.591
100,5,1.0,10,10,0.7078751448970475,0.05268881967929617,0.7246358543417368,0.04831902123070898,2.6349
100,5,1.0,20,1,0.7218886400710792,0.042928489623977654,0.7364425770308124,0.0402212903686441,2.588
100,5,1.0,20,2,0.7228309548392116,0.04403637333845005,0.7376330532212886,0.04076102131759391,2.5742
100,5,1.0,20,5,0.7200584476553871,0.05378404303974321,0.7352801120448179,0.04972274619945538,2.5764
100,5,1.0,20,10,0.7078751448970475,0.05268881967929617,0.7246358543417368,0.04831902123070898,2.573
100,10,sqrt,2,1,0.7469733147899934,0.0313947322175318,0.754187675070028,0.0278203194860486,2.4648
100,10,sqrt,2,2,0.7445174257767977,0.04054510479145367,0.7542296918767507,0.03743175310790027,2.504
100,10,sqrt,2,5,0.7165319865212992,0.03259953647905785,0.7304761904761905,0.028433042133368447,2.5097
100,10,sqrt,2,10,0.6988492485576003,0.042395701659477945,0.7174789915966386,0.037475380112642113,2.518
100,10,sqrt,5,1,0.7467056660195736,0.03706819349356322,0.7541736694677871,0.034227686105715686,2.5404
100,10,sqrt,5,2,0.745201562178157,0.025325727713827146,0.75296918767507,0.023019757135760512,2.5243
100,10,sqrt,5,5,0.7165319865212992,0.03259953647905785,0.7304761904761905,0.028433042133368447,2.4442
100,10,sqrt,5,10,0.6988492485576003,0.042395701659477945,0.7174789915966386,0.037475380112642113,2.4712
100,10,sqrt,10,1,0.7363895892667532,0.03408397534891687,0.7446918767507003,0.032465182362256345,2.5217
100,10,sqrt,10,2,0.72643682387731,0.031858447419505026,0.7376330532212886,0.029280824308052865,2.4262
100,10,sqrt,10,5,0.7165319865212992,0.03259953647905785,0.7304761904761905,0.028433042133368447,2.3943
100,10,sqrt,10,10,0.6988492485576003,0.042395701659477945,0.7174789915966386,0.037475380112642113,2.5145
100,10,sqrt,20,1,0.7255596476271073,0.04070337601504401,0.7364425770308123,0.035845630944660097,2.418
100,10,sqrt,20,2,0.7217030281985901,0.039186252259685,0.7340476190476191,0.03538107036001925,2.4051
100,10,sqrt,20,5,0.7073817790901176,0.04229301373453437,0.7222408963585434,0.039072859152969326,2.5353
100,10,sqrt,20,10,0.6988492485576003,0.042395701659477945,0.7174789915966386,0.037475380112642113,2.4279
100,10,log2,2,1,0.7469733147899934,0.0313947322175318,0.754187675070028,0.0278203194860486,2.3967
100,10,log2,2,2,0.7445174257767977,0.04054510479145367,0.7542296918767507,0.03743175310790027,2.4315
100,10,log2,2,5,0.7165319865212992,0.03259953647905785,0.7304761904761905,0.028433042133368447,2.5275
100,10,log2,2,10,0.6988492485576003,0.042395701659477945,0.7174789915966386,0.037475380112642113,2.4741
100,10,log2,5,1,0.7467056660195736,0.03706819349356322,0.7541736694677871,0.034227686105715686,2.4354
100,10,log2,5,2,0.745201562178157,0.025325727713827146,0.75296918767507,0.023019757135760512,2.475
100,10,log2,5,5,0.7165319865212992,0.03259953647905785,0.7304761904761905,0.028433042133368447,2.4343
100,10,log2,5,10,0.6988492485576003,0.042395701659477945,0.7174789915966386,0.037475380112642113,2.4486
100,10,log2,10,1,0.7363895892667532,0.03408397534891687,0.7446918767507003,0.032465182362256345,2.4024
100,10,log2,10,2,0.72643682387731,0.031858447419505026,0.7376330532212886,0.029280824308052865,2.3869
100,10,log2,10,5,0.7165319865212992,0.03259953647905785,0.7304761904761905,0.028433042133368447,2.5634
100,10,log2,10,10,0.6988492485576003,0.042395701659477945,0.7174789915966386,0.037475380112642113,2.4431
100,10,log2,20,1,0.7255596476271073,0.04070337601504401,0.7364425770308123,0.035845630944660097,2.402
100,10,log2,20,2,0.7217030281985901,0.039186252259685,0.7340476190476191,0.03538107036001925,2.4893
100,10,log2,20,5,0.7073817790901176,0.04229301373453437,0.7222408963585434,0.039072859152969326,2.4429
100,10,log2,20,10,0.6988492485576003,0.042395701659477945,0.7174789915966386,0.037475380112642113,2.4816
100,10,0.5,2,1,0.7409444074061867,0.04322507575357357,0.7482773109243699,0.04119590472992191,2.6211
100,10,0.5,2,2,0.7361956630894383,0.0310746211502981,0.743515406162465,0.02970304279762984,2.5749
100,10,0.5,2,5,0.7378529353469329,0.028400140974621388,0.7470588235294118,0.02636686211706834,2.6722
100,10,0.5,2,10,0.723739954131486,0.040836536672996325,0.7376330532212886,0.03800853382822381,2.6435
100,10,0.5,5,1,0.7363425383939133,0.047569016825539774,0.7434593837535014,0.044964355072599,2.6354
100,10,0.5,5,2,0.7345364051437256,0.031402144075609706,0.7423389355742297,0.03141004474486075,2.583
100,10,0.5,5,5,0.7378529353469329,0.028400140974621388,0.7470588235294118,0.02636686211706834,2.4842
100,10,0.5,5,10,0.723739954131486,0.040836536672996325,0.7376330532212886,0.03800853382822381,2.4695
100,10,0.5,10,1,0.7364972938469653,0.03606675843215202,0.7446778711484594,0.0355641376099279,2.5769
100,10,0.5,10,2,0.7298963315193255,0.03478982810725962,0.7376050420168068,0.034880037829286406,2.5231
100,10,0.5,10,5,0.7378529353469329,0.028400140974621388,0.7470588235294118,0.02636686211706834,2.5216
100,10,0.5,10,10,0.723739954131486,0.040836536672996325,0.7376330532212886,0.03800853382822381,2.4968
100,10,0.5,20,1,0.7247396403899712,0.041246502983169,0.7352521008403362,0.039730368550868006,2.5912
100,10,0.5,20,2,0.7264050790608332,0.0535349376911168,0.7364145658263306,0.05113000179329522,2.5181
100,10,0.5,20,5,0.7201733481804966,0.04197736530112903,0.7328571428571429,0.039863605147492154,2.5453
100,10,0.5,20,10,0.723739954131486,0.040836536672996325,0.7376330532212886,0.03800853382822381,2.5671
100,10,1.0,2,1,0.7465892820316273,0.0378342291487562,0.7541736694677871,0.035055482436520395,3.2611
100,10,1.0,2,2,0.7437308024697343,0.04876276108784243,0.7506582633053221,0.04686062076921576,3.1177
100,10,1.0,2,5,0.7244727934892542,0.04583156704618398,0.7340196078431374,0.042673782982470015,2.8657
100,10,1.0,2,10,0.7032540542585897,0.03748151335825187,0.7175070028011205,0.03456348820116034,2.6934
100,10,1.0,5,1,0.738870520169655,0.037506313290355565,0.7458683473389355,0.03648303463928544,3.0269
100,10,1.0,5,2,0.7326984617008362,0.04890775470139296,0.7399439775910365,0.046830629201067134,3.0628
100,10,1.0,5,5,0.7244727934892542,0.04583156704618398,0.7340196078431374,0.042673782982470015,2.874
100,10,1.0,5,10,0.7032540542585897,0.03748151335825187,0.7175070028011205,0.03456348820116034,3.3123
100,10,1.0,10,1,0.7347132452621761,0.03646875587581449,0.7423249299719887,0.03353719175222612,3.7108
100,10,1.0,10,2,0.7311385877013359,0.03742789070955523,0.7399579831932773,0.03485150245596874,3.4204
100,10,1.0,10,5,0.7244727934892542,0.04583156704618398,0.7340196078431374,0.042673782982470015,3.5812
100,10,1.0,10,10,0.7032540542585897,0.03748151335825187,0.7175070028011205,0.03456348820116034,3.6518
100,10,1.0,20,1,0.727722467551882,0.04556713115418518,0.738767507002801,0.03959766944485879,3.8625
100,10,1.0,20,2,0.733575947139296,0.04550118824484281,0.7446918767507003,0.040804088477913926,3.6006
100,10,1.0,20,5,0.720542551573057,0.04591172064505674,0.7316806722689075,0.04211616636604122,3.5629
100,10,1.0,20,10,0.7032540542585897,0.03748151335825187,0.7175070028011205,0.03456348820116034,3.2474
100,20,sqrt,2,1,0.7363496025555721,0.026134250888820185,0.7434873949579832,0.024329246907747012,3.0779
100,20,sqrt,2,2,0.7466856002104201,0.03410930903845352,0.7553781512605042,0.03202951094716995,3.1754
100,20,sqrt,2,5,0.7188240634479055,0.036632245874693756,0.7328991596638655,0.03270867099944134,3.349
100,20,sqrt,2,10,0.6980586483460505,0.03883424370571893,0.7163025210084033,0.03415651403896838,3.2359
100,20,sqrt,5,1,0.7443079283111559,0.03334216934686638,0.7518627450980392,0.030001494024475134,3.3155
100,20,sqrt,5,2,0.7561411524853376,0.03719805674490906,0.7636694677871148,0.033674326285272185,3.4897
100,20,sqrt,5,5,0.7188240634479055,0.036632245874693756,0.7328991596638655,0.03270867099944134,3.1312
100,20,sqrt,5,10,0.6980586483460505,0.03883424370571893,0.7163025210084033,0.03415651403896838,3.3847
100,20,sqrt,10,1,0.7432487315605456,0.026996272168005323,0.7518207282913165,0.026455318465644587,3.4047
100,20,sqrt,10,2,0.7403853501591052,0.03414477039110917,0.7506302521008403,0.03193972908168824,3.393
100,20,sqrt,10,5,0.7188240634479055,0.036632245874693756,0.7328991596638655,0.03270867099944134,3.5278
100,20,sqrt,10,10,0.6980586483460505,0.03883424370571893,0.7163025210084033,0.03415651403896838,3.0298
100,20,sqrt,20,1,0.7221246200157434,0.03979356575975219,0.7340476190476191,0.03427451312332695,3.165
100,20,sqrt,20,2,0.7301858794807159,0.054092860641388386,0.7423389355742297,0.04927500693620084,3.3939
100,20,sqrt,20,5,0.7001566717611677,0.042835868125580975,0.7163165266106442,0.03905796866004033,3.0984
100,20,sqrt,20,10,0.6980586483460505,0.03883424370571893,0.7163025210084033,0.03415651403896838,2.8668
100,20,log2,2,1,0.7363496025555721,0.026134250888820185,0.7434873949579832,0.024329246907747012,2.9902
100,20,log2,2,2,0.7466856002104201,0.03410930903845352,0.7553781512605042,0.03202951094716995,3.1817
100,20,log2,2,5,0.7188240634479055,0.036632245874693756,0.7328991596638655,0.03270867099944134,3.0931
100,20,log2,2,10,0.6980586483460505,0.03883424370571893,0.7163025210084033,0.03415651403896838,2.9209
100,20,log2,5,1,0.7443079283111559,0.03334216934686638,0.7518627450980392,0.030001494024475134,3.18
100,20,log2,5,2,0.7561411524853376,0.03719805674490906,0.7636694677871148,0.033674326285272185,3.0474
100,20,log2,5,5,0.7188240634479055,0.036632245874693756,0.7328991596638655,0.03270867099944134,3.3243
100,20,log2,5,10,0.6980586483460505,0.03883424370571893,0.7163025210084033,0.03415651403896838,3.2079
100,20,log2,10,1,0.7432487315605456,0.026996272168005323,0.7518207282913165,0.026455318465644587,3.219
100,20,log2,10,2,0.7403853501591052,0.03414477039110917,0.7506302521008403,0.03193972908168824,3.3198
100,20,log2,10,5,0.7188240634479055,0.036632245874693756,0.7328991596638655,0.03270867099944134,3.2805
100,20,log2,10,10,0.6980586483460505,0.03883424370571893,0.7163025210084033,0.03415651403896838,3.0635
100,20,log2,20,1,0.7221246200157434,0.03979356575975219,0.7340476190476191,0.03427451312332695,3.0786
100,20,log2,20,2,0.7301858794807159,0.054092860641388386,0.7423389355742297,0.04927500693620084,2.8924
100,20,log2,20,5,0.7001566717611677,0.042835868125580975,0.7163165266106442,0.03905796866004033,3.1716
100,20,log2,20,10,0.6980586483460505,0.03883424370571893,0.7163025210084033,0.03415651403896838,3.1532
100,20,0.5,2,1,0.7364933766190467,0.029620903555832,0.7435714285714285,0.02824818869340013,3.4896
100,20,0.5,2,2,0.7320894636355518,0.03900237561574425,0.7388515406162466,0.03801695284628661,3.4969
100,20,0.5,2,5,0.7384263096157778,0.029490022882670146,0.7482633053221288,0.02756473315744071,3.0531
100,20,0.5,2,10,0.7231651956006624,0.04116995574285188,0.7376470588235294,0.03793506242142881,3.1812
100,20,0.5,5,1,0.7420668650074269,0.03549589016722849,0.7493977591036415,0.03494099109852924,3.2761
100,20,0.5,5,2,0.730376150662582,0.037989797773579984,0.737577030812325,0.03882321868016847,3.2647
100,20,0.5,5,5,0.7384263096157778,0.029490022882670146,0.7482633053221288,0.02756473315744071,3.0689
100,20,0.5,5,10,0.7231651956006624,0.04116995574285188,0.7376470588235294,0.03793506242142881,3.3196
100,20,0.5,10,1,0.736937200175679,0.03631327334370632,0.7459103641456583,0.03477762224318723,3.4105
100,20,0.5,10,2,0.7281511600355574,0.034872904340058866,0.7364565826330532,0.03383685385720627,3.2796
100,20,0.5,10,5,0.7384263096157778,0.029490022882670146,0.7482633053221288,0.02756473315744071,3.2333
100,20,0.5,10,10,0.7231651956006624,0.04116995574285188,0.7376470588235294,0.03793506242142881,3.1165
100,20,0.5,20,1,0.729790545395713,0.04268893907759448,0.7387535014005603,0.04256307129627902,3.3788
100,20,0.5,20,2,0.7304105987944005,0.04531012547055405,0.7399859943977591,0.043996108877625555,3.1975
100,20,0.5,20,5,0.7185630295083847,0.04028876783584365,0.7316946778711484,0.03751227675813239,3.7431
100,20,0.5,20,10,0.7231651956006624,0.04116995574285188,0.7376470588235294,0.03793506242142881,3.6468
100,20,1.0,2,1,0.7471989452162535,0.031155533512079153,0.7541876750700279,0.029252164678882447,4.1482
100,20,1.0,2,2,0.738004709362174,0.03833303594889439,0.7447198879551821,0.036628227406933764,3.7623
100,20,1.0,2,5,0.7259603995965357,0.0498645066791845,0.7351820728291317,0.04709256660057564,3.6908
100,20,1.0,2,10,0.7035217497637692,0.03660548451898814,0.7175070028011205,0.03373344592875328,3.7871
100,20,1.0,5,1,0.7399106140690032,0.020268675361332273,0.7458543417366947,0.019957388560604552,3.8336
100,20,1.0,5,2,0.7389194494675954,0.04125825354983591,0.7459383753501401,0.040047500611596495,4.0532
100,20,1.0,5,5,0.7259603995965357,0.0498645066791845,0.7351820728291317,0.04709256660057564,4.6298
100,20,1.0,5,10,0.7035217497637692,0.03660548451898814,0.7175070028011205,0.03373344592875328,4.2973
100,20,1.0,10,1,0.7314943067920514,0.03717553937497558,0.7387394957983193,0.03530374240736661,5.3509
100,20,1.0,10,2,0.7312297897160338,0.04036634686678359,0.7399719887955182,0.037081968419892905,5.5201
100,20,1.0,10,5,0.7259603995965357,0.0498645066791845,0.7351820728291317,0.04709256660057564,5.2011
100,20,1.0,10,10,0.7035217497637692,0.03660548451898814,0.7175070028011205,0.03373344592875328,4.7151
100,20,1.0,20,1,0.7246410538301413,0.04585454772211269,0.7352240896358544,0.0405081750669151,4.6126
100,20,1.0,20,2,0.7304979896339862,0.050237652496910895,0.741204481792717,0.04481411048174331,4.9181
100,20,1.0,20,5,0.7216228097655037,0.04689172781835672,0.7328711484593838,0.043110192409608714,4.0569
100,20,1.0,20,10,0.7035217497637692,0.03660548451898814,0.7175070028011205,0.03373344592875328,5.4422
200,,sqrt,2,1,0.7443741525786992,0.02316740402219628,0.7518207282913165,0.021903346970857305,9.6346
200,,sqrt,2,2,0.7499865647674828,0.03796202173994766,0.7577591036414565,0.035712813722617545,7.1896
200,,sqrt,2,5,0.7234916041561554,0.03317556770469013,0.7364285714285714,0.029640265513394267,7.8566
200,,sqrt,2,10,0.6949727599173916,0.03684201163656595,0.7139915966386555,0.032368607287832536,8.0525
200,,sqrt,5,1,0.7524973673158727,0.03290893508777246,0.7600840336134453,0.02956449606694904,7.7345
200,,sqrt,5,2,0.7478359198873026,0.034392818665141545,0.7565406162464986,0.031010380150502434,9.0146
200,,sqrt,5,5,0.7234916041561554,0.03317556770469013,0.7364285714285714,0.029640265513394267,9.8095
200,,sqrt,5,10,0.6949727599173916,0.03684201163656595,0.7139915966386555,0.032368607287832536,9.451
200,,sqrt,10,1,0.7365454435160357,0.028260285847050946,0.7458683473389356,0.02590932316782371,7.7785
200,,sqrt,10,2,0.7511653547089508,0.02657475367180139,0.7600700280112045,0.025056288584450942,6.5318
200,,sqrt,10,5,0.7234916041561554,0.03317556770469013,0.7364285714285714,0.029640265513394267,7.1594
200,,sqrt,10,10,0.6949727599173916,0.03684201163656595,0.7139915966386555,0.032368607287832536,8.9165
200,,sqrt,20,1,0.7252305338459205,0.03728795348119342,0.7364425770308123,0.03387959524443625,8.3271
200,,sqrt,20,2,0.724100940288637,0.04133023015531756,0.7364565826330532,0.03804526143876066,7.4983
200,,sqrt,20,5,0.7176328572149437,0.04031935689032266,0.7317086834733895,0.03669324520905858,6.7398
200,,sqrt,20,10,0.6949727599173916,0.03684201163656595,0.7139915966386555,0.032368607287832536,7.1155
200,,log2,2,1,0.7443741525786992,0.02316740402219628,0.7518207282913165,0.021903346970857305,7.9648
200,,log2,2,2,0.7499865647674828,0.03796202173994766,0.7577591036414565,0.035712813722617545,7.4237
200,,log2,2,5,0.7234916041561554,0.03317556770469013,0.7364285714285714,0.029640265513394267,8.7467
200,,log2,2,10,0.6949727599173916,0.03684201163656595,0.7139915966386555,0.032368607287832536,7.8333
200,,log2,5,1,0.7524973673158727,0.03290893508777246,0.7600840336134453,0.02956449606694904,8.8959
200,,log2,5,2,0.7478359198873026,0.034392818665141545,0.7565406162464986,0.031010380150502434,11.8807
200,,log2,5,5,0.7234916041561554,0.03317556770469013,0.7364285714285714,0.029640265513394267,12.2866
200,,log2,5,10,0.6949727599173916,0.03684201163656595,0.7139915966386555,0.032368607287832536,14.172
200,,log2,10,1,0.7365454435160357,0.028260285847050946,0.7458683473389356,0.02590932316782371,12.0591
200,,log2,10,2,0.7511653547089508,0.02657475367180139,0.7600700280112045,0.025056288584450942,5.7406
200,,log2,10,5,0.7234916041561554,0.03317556770469013,0.7364285714285714,0.029640265513394267,6.9052
200,,log2,10,10,0.6949727599173916,0.03684201163656595,0.7139915966386555,0.032368607287832536,7.458
200,,log2,20,1,0.7252305338459205,0.03728795348119342,0.7364425770308123,0.03387959524443625,5.6175
200,,log2,20,2,0.724100940288637,0.04133023015531756,0.7364565826330532,0.03804526143876066,8.19
200,,log2,20,5,0.7176328572149437,0.04031935689032266,0.7317086834733895,0.03669324520905858,8.3172
200,,log2,20,10,0.6949727599173916,0.03684201163656595,0.7139915966386555,0.032368607287832536,6.8979
200,,0.5,2,1,0.7493520678890949,0.025567716157257267,0.7553501400560224,0.024381802614314864,6.906
200,,0.5,2,2,0.7349547179521693,0.034981563777340095,0.7423109243697479,0.03450301929105371,6.8959
200,,0.5,2,5,0.7221730148184404,0.036747079211988255,0.7328711484593837,0.034565761069358054,7.3078
200,,0.5,2,10,0.717824931398878,0.04330925239369223,0.7328711484593837,0.03982022278202251,5.9529
200,,0.5,5,1,0.7462536222755956,0.026512363173453356,0.75296918767507,0.024771298141004202,5.697
200,,0.5,5,2,0.7349076987822244,0.02832198588119282,0.7422829131652662,0.028106382417363428,6.5958
200,,0.5,5,5,0.7221730148184404,0.036747079211988255,0.7328711484593837,0.034565761069358054,7.2915
200,,0.5,5,10,0.717824931398878,0.04330925239369223,0.7328711484593837,0.03982022278202251,6.6868
200,,0.5,10,1,0.7351128204928545,0.032777507408669,0.7422549019607844,0.033344456515706146,7.3508
200,,0.5,10,2,0.732342280568555,0.03614961634050415,0.7399859943977591,0.03428783394062948,6.2374
200,,0.5,10,5,0.7221730148184404,0.036747079211988255,0.7328711484593837,0.034565761069358054,7.1327
200,,0.5,10,10,0.717824931398878,0.04330925239369223,0.7328711484593837,0.03982022278202251,7.051
200,,0.5,20,1,0.728675673444217,0.045831186344180014,0.7364425770308124,0.044861883206545175,5.556
200,,0.5,20,2,0.7240967227115703,0.04201499280022695,0.7340896358543418,0.040310215762380766,6.2481
200,,0.5,20,5,0.7233857463623979,0.040286511372866075,0.7352380952380952,0.03938310601091039,7.2037
200,,0.5,20,10,0.717824931398878,0.04330925239369223,0.7328711484593837,0.03982022278202251,7.5286
200,,1.0,2,1,0.7420317128936919,0.024465978751254388,0.7494257703081233,0.02265026334191409,8.6594
200,,1.0,2,2,0.7342354687059999,0.02455336857490351,0.7411204481792717,0.023915089749050107,7.8092
200,,1.0,2,5,0.7274308598212104,0.04478844144859197,0.7364005602240896,0.041917176462855234,7.924
200,,1.0,2,10,0.7056858876397386,0.041669330721880275,0.7187254901960785,0.038224778209349185,6.9597
200,,1.0,5,1,0.731459650614768,0.020534188988520344,0.7387675070028011,0.020001039604519464,7.8389
200,,1.0,5,2,0.7349941572398492,0.040513398864465956,0.7423249299719887,0.03784036920711026,6.4054
200,,1.0,5,5,0.7274308598212104,0.04478844144859197,0.7364005602240896,0.041917176462855234,5.4957
200,,1.0,5,10,0.7056858876397386,0.041669330721880275,0.7187254901960785,0.038224778209349185,5.1602
200,,1.0,10,1,0.7282424030804038,0.03314556648346504,0.7364145658263305,0.03154072819161093,5.8325
200,,1.0,10,2,0.7229334261659365,0.039136034581579,0.7328711484593838,0.03609524124720494,5.5571
200,,1.0,10,5,0.7274308598212104,0.04478844144859197,0.7364005602240896,0.041917176462855234,5.3048
200,,1.0,10,10,0.7056858876397386,0.041669330721880275,0.7187254901960785,0.038224778209349185,4.9535
200,,1.0,20,1,0.7190617952311611,0.043155894263589206,0.7293137254901961,0.04064256126203053,5.2335
200,,1.0,20,2,0.7216222833288783,0.052170705566231705,0.7329131652661065,0.047809185402516184,5.1971
200,,1.0,20,5,0.718073758923746,0.04996448843229537,0.729313725490196,0.04665236673982374,4.9161
200,,1.0,20,10,0.7056858876397386,0.041669330721880275,0.7187254901960785,0.038224778209349185,4.8067
200,5,sqrt,2,1,0.7120963790659315,0.03953607207278964,0.7317366946778712,0.034921850715565105,4.414
200,5,sqrt,2,2,0.7033268767889655,0.038864571775228354,0.7246638655462185,0.03352670004408931,4.2559
200,5,sqrt,2,5,0.7065447073236462,0.04951058987914347,0.7282212885154061,0.042922463996820835,4.2508
200,5,sqrt,2,10,0.6969478394204527,0.04144308415728544,0.7199439775910365,0.03547838828686814,4.2631
200,5,sqrt,5,1,0.7084371295772735,0.04142417391123146,0.7293697478991598,0.036647019856611084,4.2787
200,5,sqrt,5,2,0.70368477807547,0.04091956491451078,0.7258263305322129,0.03562229047986126,4.3594
200,5,sqrt,5,5,0.7065447073236462,0.04951058987914347,0.7282212885154061,0.042922463996820835,4.3855
200,5,sqrt,5,10,0.6969478394204527,0.04144308415728544,0.7199439775910365,0.03547838828686814,4.3031
200,5,sqrt,10,1,0.7093056503315406,0.042594881401739046,0.7305602240896358,0.037110607019707365,4.32
200,5,sqrt,10,2,0.706088900356179,0.04433614145622365,0.7281792717086836,0.03841932502610168,4.2402
200,5,sqrt,10,5,0.7065447073236462,0.04951058987914347,0.7282212885154061,0.042922463996820835,4.3285
200,5,sqrt,10,10,0.6969478394204527,0.04144308415728544,0.7199439775910365,0.03547838828686814,4.2783
200,5,sqrt,20,1,0.7079163902043734,0.04518733396625462,0.7293837535014006,0.04049895166102575,4.2835
200,5,sqrt,20,2,0.7066128435163292,0.049580535111077254,0.7282072829131653,0.04390952644612256,4.2231
200,5,sqrt,20,5,0.7012114024295307,0.047087662247150754,0.7234593837535015,0.04117390996058812,4.3521
200,5,sqrt,20,10,0.6969478394204527,0.04144308415728544,0.7199439775910365,0.03547838828686814,4.3337
200,5,log2,2,1,0.7120963790659315,0.03953607207278964,0.7317366946778712,0.034921850715565105,4.3294
200,5,log2,2,2,0.7033268767889655,0.038864571775228354,0.7246638655462185,0.03352670004408931,4.3258
200,5,log2,2,5,0.7065447073236462,0.04951058987914347,0.7282212885154061,0.042922463996820835,4.4184
200,5,log2,2,10,0.6969478394204527,0.04144308415728544,0.7199439775910365,0.03547838828686814,4.3104
200,5,log2,5,1,0.7084371295772735,0.04142417391123146,0.7293697478991598,0.036647019856611084,4.278
200,5,log2,5,2,0.70368477807547,0.04091956491451078,0.7258263305322129,0.03562229047986126,4.248
200,5,log2,5,5,0.7065447073236462,0.04951058987914347,0.7282212885154061,0.042922463996820835,4.2496
200,5,log2,5,10,0.6969478394204527,0.04144308415728544,0.7199439775910365,0.03547838828686814,4.2364
200,5,log2,10,1,0.7093056503315406,0.042594881401739046,0.7305602240896358,0.037110607019707365,4.3076
200,5,log2,10,2,0.706088900356179,0.04433614145622365,0.7281792717086836,0.03841932502610168,4.3506
200,5,log2,10,5,0.7065447073236462,0.04951058987914347,0.7282212885154061,0.042922463996820835,4.29
200,5,log2,10,10,0.6969478394204527,0.04144308415728544,0.7199439775910365,0.03547838828686814,4.3139
200,5,log2,20,1,0.7079163902043734,0.04518733396625462,0.7293837535014006,0.04049895166102575,4.3808
200,5,log2,20,2,0.7066128435163292,0.049580535111077254,0.7282072829131653,0.04390952644612256,4.2685
200,5,log2,20,5,0.7012114024295307,0.047087662247150754,0.7234593837535015,0.04117390996058812,4.2864
200,5,log2,20,10,0.6969478394204527,0.04144308415728544,0.7199439775910365,0.03547838828686814,4.2855
200,5,0.5,2,1,0.7176204177042023,0.043732935155551246,0.73406162464986,0.04139582192782517,4.3989
200,5,0.5,2,2,0.7176865693212477,0.05664266576361307,0.7352661064425771,0.052239724831225305,4.5109
200,5,0.5,2,5,0.7268665878157133,0.04441740468050661,0.743515406162465,0.04066991769253216,5.7719
200,5,0.5,2,10,0.7055929901407019,0.0496334005983846,0.7246498599439776,0.045545693058941926,5.7749
200,5,0.5,5,1,0.7165669881591035,0.04219660654100134,0.7328711484593838,0.0394122748568911,5.5687
200,5,0.5,5,2,0.7112556998968939,0.04469155673342022,0.7293697478991596,0.040920911339613814,5.5997
200,5,0.5,5,5,0.7268665878157133,0.04441740468050661,0.743515406162465,0.04066991769253216,5.4245
200,5,0.5,5,10,0.7055929901407019,0.0496334005983846,0.7246498599439776,0.045545693058941926,5.592
200,5,0.5,10,1,0.7233295865670084,0.044984986631247344,0.74,0.042170410174202096,5.3009
200,5,0.5,10,2,0.7221674262206553,0.044054612889535466,0.7388235294117648,0.04161737309674722,5.3832
200,5,0.5,10,5,0.7268665878157133,0.04441740468050661,0.743515406162465,0.04066991769253216,5.4747
200,5,0.5,10,10,0.7055929901407019,0.0496334005983846,0.7246498599439776,0.045545693058941926,5.7647
200,5,0.5,20,1,0.7184522074988261,0.04859246889420697,0.736484593837535,0.0445869067745882,5.8464
200,5,0.5,20,2,0.717539714355579,0.04628994105579597,0.7352941176470588,0.042447789619537234,5.4462
200,5,0.5,20,5,0.7187827161531499,0.04468808200413851,0.7364565826330532,0.040852113839321434,5.8289
200,5,0.5,20,10,0.7055929901407019,0.0496334005983846,0.7246498599439776,0.045545693058941926,5.5946
200,5,1.0,2,1,0.7245460487276282,0.03794691973272545,0.7376470588235294,0.036364477510334774,5.7805
200,5,1.0,2,2,0.7223624519317183,0.0398077669353391,0.7364425770308124,0.038074574227617806,6.2916
200,5,1.0,2,5,0.7246090957005927,0.04502116521765098,0.7387955182072828,0.042097960842391674,6.1462
200,5,1.0,2,10,0.7163222738766886,0.04692816417231596,0.7316946778711485,0.04361336666965403,6.3522
200,5,1.0,5,1,0.7213887167227239,0.03574355693706938,0.7352521008403362,0.03436588101679111,5.9651
200,5,1.0,5,2,0.7234605625960688,0.03748460278235038,0.7376330532212886,0.03527388431193898,6.2692
200,5,1.0,5,5,0.7246090957005927,0.04502116521765098,0.7387955182072828,0.042097960842391674,5.8641
200,5,1.0,5,10,0.7163222738766886,0.04692816417231596,0.7316946778711485,0.04361336666965403,5.616
200,5,1.0,10,1,0.7178699642978514,0.04172196780407418,0.7317366946778712,0.03970825113105684,6.0981
200,5,1.0,10,2,0.7210485702811601,0.04260721149373952,0.735280112044818,0.04011955794386398,5.706
200,5,1.0,10,5,0.7246090957005927,0.04502116521765098,0.7387955182072828,0.042097960842391674,5.7645
200,5,1.0,10,10,0.7163222738766886,0.04692816417231596,0.7316946778711485,0.04361336666965403,5.4867
200,5,1.0,20,1,0.7253145760491778,0.03813515234174232,0.7399719887955183,0.035557639661475265,6.0865
200,5,1.0,20,2,0.7234356821001688,0.040964447198580875,0.738795518207283,0.038311095484093734,6.1142
200,5,1.0,20,5,0.7266947246138333,0.04768382029403125,0.7411484593837535,0.04409077479584875,5.7622
200,5,1.0,20,10,0.7163222738766886,0.04692816417231596,0.7316946778711485,0.04361336666965403,6.1474
200,10,sqrt,2,1,0.7457748717258709,0.02812264657549797,0.7529551820728291,0.026582872874095664,5.7951
200,10,sqrt,2,2,0.7432751969789325,0.03042162922519264,0.7518207282913165,0.02847122264177096,5.4095
200,10,sqrt,2,5,0.7207036151534861,0.033275947570672065,0.7340616246498599,0.029237297667342284,5.6525
200,10,sqrt,2,10,0.7011461169788321,0.03645333096739705,0.7199159663865548,0.03195425342701301,5.1303
200,10,sqrt,5,1,0.7491584974511574,0.0283603798236074,0.7565406162464986,0.027182059695268195,5.5367
200,10,sqrt,5,2,0.7392750469867755,0.02541719973113269,0.7482352941176471,0.023525092974327658,7.1966
200,10,sqrt,5,5,0.7207036151534861,0.033275947570672065,0.7340616246498599,0.029237297667342284,7.1671
200,10,sqrt,5,10,0.7011461169788321,0.03645333096739705,0.7199159663865548,0.03195425342701301,7.3435
200,10,sqrt,10,1,0.7417169409943114,0.024174758474729618,0.7506022408963585,0.022481504610963442,8.3294
200,10,sqrt,10,2,0.7367646031922841,0.03220435426244446,0.7471008403361343,0.029373995356939905,7.626
200,10,sqrt,10,5,0.7207036151534861,0.033275947570672065,0.7340616246498599,0.029237297667342284,7.0973
200,10,sqrt,10,10,0.7011461169788321,0.03645333096739705,0.7199159663865548,0.03195425342701301,6.8469
200,10,sqrt,20,1,0.724921056052589,0.03353977907441699,0.7364425770308124,0.029535341297073334,7.2407
200,10,sqrt,20,2,0.7226863108687798,0.038345677874454066,0.7352521008403362,0.03438516829484137,7.2343
200,10,sqrt,20,5,0.7146602457823767,0.039886366402963364,0.7293557422969188,0.03602262677944698,6.9993
200,10,sqrt,20,10,0.7011461169788321,0.03645333096739705,0.7199159663865548,0.03195425342701301,7.9782
200,10,log2,2,1,0.7457748717258709,0.02812264657549797,0.7529551820728291,0.026582872874095664,7.6417
200,10,log2,2,2,0.7432751969789325,0.03042162922519264,0.7518207282913165,0.02847122264177096,6.9599
200,10,log2,2,5,0.7207036151534861,0.033275947570672065,0.7340616246498599,0.029237297667342284,6.6628
200,10,log2,2,10,0.7011461169788321,0.03645333096739705,0.7199159663865548,0.03195425342701301,6.641
200,10,log2,5,1,0.7491584974511574,0.0283603798236074,0.7565406162464986,0.027182059695268195,7.8828
200,10,log2,5,2,0.7392750469867755,0.02541719973113269,0.7482352941176471,0.023525092974327658,6.5463
200,10,log2,5,5,0.7207036151534861,0.033275947570672065,0.7340616246498599,0.029237297667342284,7.7385
200,10,log2,5,10,0.7011461169788321,0.03645333096739705,0.7199159663865548,0.03195425342701301,6.5001
200,10,log2,10,1,0.7417169409943114,0.024174758474729618,0.7506022408963585,0.022481504610963442,7.7252
200,10,log2,10,2,0.7367646031922841,0.03220435426244446,0.7471008403361343,0.029373995356939905,7.8268
200,10,log2,10,5,0.7207036151534861,0.033275947570672065,0.7340616246498599,0.029237297667342284,6.8745
200,10,log2,10,10,0.7011461169788321,0.03645333096739705,0.7199159663865548,0.03195425342701301,7.2748
200,10,log2,20,1,0.724921056052589,0.03353977907441699,0.7364425770308124,0.029535341297073334,7.5513
200,10,log2,20,2,0.7226863108687798,0.038345677874454066,0.7352521008403362,0.03438516829484137,6.742
200,10,log2,20,5,0.7146602457823767,0.039886366402963364,0.7293557422969188,0.03602262677944698,6.932
200,10,log2,20,10,0.7011461169788321,0.03645333096739705,0.7199159663865548,0.03195425342701301,7.5866
200,10,0.5,2,1,0.7420020417992561,0.03876150235714447,0.7494117647058823,0.036419133520892606,8.5517
200,10,0.5,2,2,0.7369286778178763,0.030294359535018474,0.7435014005602241,0.02885570120391007,7.6578
200,10,0.5,2,5,0.7280984022026252,0.0396291136720621,0.738781512605042,0.03703926822180945,8.1049
200,10,0.5,2,10,0.7173069699412741,0.04611805905962696,0.7328991596638657,0.042668220660711326,8.6856
200,10,0.5,5,1,0.7305275975484419,0.03898422156264421,0.7375630252100841,0.03808971784027633,8.1979
200,10,0.5,5,2,0.7255520116619512,0.03143598311086013,0.7328571428571429,0.030850701845516578,7.4496
200,10,0.5,5,5,0.7280984022026252,0.0396291136720621,0.738781512605042,0.03703926822180945,6.9228
200,10,0.5,5,10,0.7173069699412741,0.04611805905962696,0.7328991596638657,0.042668220660711326,6.6281
200,10,0.5,10,1,0.7387598800254581,0.04331300370054962,0.7457983193277311,0.04271042791465826,6.0868
200,10,0.5,10,2,0.7310084047099202,0.04215070524777697,0.7388235294117647,0.041435748796362394,6.135
200,10,0.5,10,5,0.7280984022026252,0.0396291136720621,0.738781512605042,0.03703926822180945,6.6738
200,10,0.5,10,10,0.7173069699412741,0.04611805905962696,0.7328991596638657,0.042668220660711326,5.4359
200,10,0.5,20,1,0.7356002440234295,0.045867676597268724,0.7446498599439776,0.04508933054388231,6.814
200,10,0.5,20,2,0.7294067489194702,0.04131938126252249,0.7387675070028011,0.04004513965501779,7.8499
200,10,0.5,20,5,0.7298762783563668,0.04289493388749845,0.7411204481792717,0.04136251535392759,6.9713
200,10,0.5,20,10,0.7173069699412741,0.04611805905962696,0.7328991596638657,0.042668220660711326,5.6317
200,10,1.0,2,1,0.7351621282288302,0.03481733647105852,0.7423669467787115,0.03448663062494012,7.9531
200,10,1.0,2,2,0.7400520713457858,0.035344583405054336,0.7470588235294118,0.033676994083231306,7.2524
200,10,1.0,2,5,0.7211173272551168,0.04258827097939672,0.7305042016806722,0.0403829288168517,6.9309
200,10,1.0,2,10,0.70312399510352,0.04238278150121881,0.7163585434173669,0.039034234069032996,7.0186
200,10,1.0,5,1,0.7345994476197185,0.031274679104252356,0.7423249299719887,0.029590678980528615,7.7161
200,10,1.0,5,2,0.7321880818877495,0.03354901267182071,0.7399439775910364,0.032070064587959496,7.2513
200,10,1.0,5,5,0.7211173272551168,0.04258827097939672,0.7305042016806722,0.0403829288168517,7.479
200,10,1.0,5,10,0.70312399510352,0.04238278150121881,0.7163585434173669,0.039034234069032996,6.9666
200,10,1.0,10,1,0.7299899541378918,0.03597416494212813,0.7375910364145658,0.03439829514450164,7.8723
200,10,1.0,10,2,0.7251708989658446,0.04309974892922508,0.7352380952380952,0.039399937305418735,6.8078
200,10,1.0,10,5,0.7211173272551168,0.04258827097939672,0.7305042016806722,0.0403829288168517,6.21
200,10,1.0,10,10,0.70312399510352,0.04238278150121881,0.7163585434173669,0.039034234069032996,6.1747
200,10,1.0,20,1,0.7236175797606836,0.040660015744600174,0.7340476190476191,0.03802965653829091,7.6279
200,10,1.0,20,2,0.720502572504032,0.04534750695380162,0.7317226890756303,0.04218110965977949,6.9378
200,10,1.0,20,5,0.7182339532912575,0.04868808398729407,0.729313725490196,0.0457319287677829,7.2945
200,10,1.0,20,10,0.70312399510352,0.04238278150121881,0.7163585434173669,0.039034234069032996,6.455
200,20,sqrt,2,1,0.7417965057276349,0.02773032202737563,0.7482913165266106,0.02691385562498955,5.518
200,20,sqrt,2,2,0.7499865647674828,0.03796202173994766,0.7577591036414565,0.035712813722617545,6.4532
200,20,sqrt,2,5,0.7234916041561554,0.03317556770469013,0.7364285714285714,0.029640265513394267,5.9933
200,20,sqrt,2,10,0.6949727599173916,0.03684201163656595,0.7139915966386555,0.032368607287832536,6.0767
200,20,sqrt,5,1,0.7523690308030312,0.033161659093460964,0.7600840336134453,0.02956449606694904,4.5551
200,20,sqrt,5,2,0.7478359198873026,0.034392818665141545,0.7565406162464986,0.031010380150502434,4.5306
200,20,sqrt,5,5,0.7234916041561554,0.03317556770469013,0.7364285714285714,0.029640265513394267,4.4703
200,20,sqrt,5,10,0.6949727599173916,0.03684201163656595,0.7139915966386555,0.032368607287832536,4.5084
200,20,sqrt,10,1,0.7365454435160357,0.028260285847050946,0.7458683473389356,0.02590932316782371,4.4087
200,20,sqrt,10,2,0.7499293645968718,0.024221331634920806,0.7588935574229692,0.022773664809703404,4.401
200,20,sqrt,10,5,0.7234916041561554,0.03317556770469013,0.7364285714285714,0.029640265513394267,4.3587
200,20,sqrt,10,10,0.6949727599173916,0.03684201163656595,0.7139915966386555,0.032368607287832536,4.386
200,20,sqrt,20,1,0.7252305338459205,0.03728795348119342,0.7364425770308123,0.03387959524443625,4.3648
200,20,sqrt,20,2,0.724100940288637,0.04133023015531756,0.7364565826330532,0.03804526143876066,4.59
200,20,sqrt,20,5,0.7176328572149437,0.04031935689032266,0.7317086834733895,0.03669324520905858,4.5207
200,20,sqrt,20,10,0.6949727599173916,0.03684201163656595,0.7139915966386555,0.032368607287832536,4.4387
200,20,log2,2,1,0.7417965057276349,0.02773032202737563,0.7482913165266106,0.02691385562498955,4.6604
200,20,log2,2,2,0.7499865647674828,0.03796202173994766,0.7577591036414565,0.035712813722617545,4.5368
200,20,log2,2,5,0.7234916041561554,0.03317556770469013,0.7364285714285714,0.029640265513394267,4.4391
200,20,log2,2,10,0.6949727599173916,0.03684201163656595,0.7139915966386555,0.032368607287832536,4.2064
200,20,log2,5,1,0.7523690308030312,0.033161659093460964,0.7600840336134453,0.02956449606694904,4.4961
200,20,log2,5,2,0.7478359198873026,0.034392818665141545,0.7565406162464986,0.031010380150502434,4.6956
200,20,log2,5,5,0.7234916041561554,0.03317556770469013,0.7364285714285714,0.029640265513394267,4.632
200,20,log2,5,10,0.6949727599173916,0.03684201163656595,0.7139915966386555,0.032368607287832536,4.3781
200,20,log2,10,1,0.7365454435160357,0.028260285847050946,0.7458683473389356,0.02590932316782371,4.4943
200,20,log2,10,2,0.7499293645968718,0.024221331634920806,0.7588935574229692,0.022773664809703404,4.8032
200,20,log2,10,5,0.7234916041561554,0.03317556770469013,0.7364285714285714,0.029640265513394267,4.6984
200,20,log2,10,10,0.6949727599173916,0.03684201163656595,0.7139915966386555,0.032368607287832536,4.7079
200,20,log2,20,1,0.7252305338459205,0.03728795348119342,0.7364425770308123,0.03387959524443625,4.5541
200,20,log2,20,2,0.724100940288637,0.04133023015531756,0.7364565826330532,0.03804526143876066,4.6295
200,20,log2,20,5,0.7176328572149437,0.04031935689032266,0.7317086834733895,0.03669324520905858,4.6653
200,20,log2,20,10,0.6949727599173916,0.03684201163656595,0.7139915966386555,0.032368607287832536,4.5949
200,20,0.5,2,1,0.7481967096142742,0.025179173971426383,0.7541456582633053,0.025033398901888954,5.0593
200,20,0.5,2,2,0.736245966158769,0.03547253135782745,0.7434873949579832,0.035041795694398976,5.0675
200,20,0.5,2,5,0.7221730148184404,0.036747079211988255,0.7328711484593837,0.034565761069358054,4.9433
200,20,0.5,2,10,0.717824931398878,0.04330925239369223,0.7328711484593837,0.03982022278202251,4.9409
200,20,0.5,5,1,0.7462536222755956,0.026512363173453356,0.75296918767507,0.024771298141004202,5.0087
200,20,0.5,5,2,0.7397791182034869,0.030999663324209586,0.74703081232493,0.02959120929654208,5.0816
200,20,0.5,5,5,0.7221730148184404,0.036747079211988255,0.7328711484593837,0.034565761069358054,4.7931
200,20,0.5,5,10,0.717824931398878,0.04330925239369223,0.7328711484593837,0.03982022278202251,4.6748
200,20,0.5,10,1,0.7351128204928545,0.032777507408669,0.7422549019607844,0.033344456515706146,4.9281
200,20,0.5,10,2,0.732342280568555,0.03614961634050415,0.7399859943977591,0.03428783394062948,4.8797
200,20,0.5,10,5,0.7221730148184404,0.036747079211988255,0.7328711484593837,0.034565761069358054,4.8013
200,20,0.5,10,10,0.717824931398878,0.04330925239369223,0.7328711484593837,0.03982022278202251,4.7767
200,20,0.5,20,1,0.728675673444217,0.045831186344180014,0.7364425770308124,0.044861883206545175,5.0427
200,20,0.5,20,2,0.7240967227115703,0.04201499280022695,0.7340896358543418,0.040310215762380766,4.8832
200,20,0.5,20,5,0.7233857463623979,0.040286511372866075,0.7352380952380952,0.03938310601091039,4.7622
200,20,0.5,20,10,0.717824931398878,0.04330925239369223,0.7328711484593837,0.03982022278202251,4.8213
200,20,1.0,2,1,0.7449573862822162,0.021012193763824086,0.7517927170868347,0.02013329557764249,5.8713
200,20,1.0,2,2,0.7342354687059999,0.02455336857490351,0.7411204481792717,0.023915089749050107,5.7893
200,20,1.0,2,5,0.7274308598212104,0.04478844144859197,0.7364005602240896,0.041917176462855234,5.7224
200,20,1.0,2,10,0.7056858876397386,0.041669330721880275,0.7187254901960785,0.038224778209349185,5.8222
200,20,1.0,5,1,0.731459650614768,0.020534188988520344,0.7387675070028011,0.020001039604519464,7.2622
200,20,1.0,5,2,0.7349941572398492,0.040513398864465956,0.7423249299719887,0.03784036920711026,7.5747
200,20,1.0,5,5,0.7274308598212104,0.04478844144859197,0.7364005602240896,0.041917176462855234,8.1049
200,20,1.0,5,10,0.7056858876397386,0.041669330721880275,0.7187254901960785,0.038224778209349185,7.6004
200,20,1.0,10,1,0.7282424030804038,0.03314556648346504,0.7364145658263305,0.03154072819161093,7.0349
200,20,1.0,10,2,0.7229334261659365,0.039136034581579,0.7328711484593838,0.03609524124720494,7.6491
200,20,1.0,10,5,0.7274308598212104,0.04478844144859197,0.7364005602240896,0.041917176462855234,7.092
200,20,1.0,10,10,0.7056858876397386,0.041669330721880275,0.7187254901960785,0.038224778209349185,6.901
200,20,1.0,20,1,0.7190617952311611,0.043155894263589206,0.7293137254901961,0.04064256126203053,6.3778
200,20,1.0,20,2,0.7216222833288783,0.052170705566231705,0.7329131652661065,0.047809185402516184,7.1026
200,20,1.0,20,5,0.718073758923746,0.04996448843229537,0.729313725490196,0.04665236673982374,6.7218
200,20,1.0,20,10,0.7056858876397386,0.041669330721880275,0.7187254901960785,0.038224778209349185,6.3251
500,,sqrt,2,1,0.74860750483088,0.022275065369483156,0.7553781512605042,0.021116361268610367,14.967
500,,sqrt,2,2,0.7423696390426568,0.03432790944199847,0.7506162464985995,0.03116711953404975,13.6993
500,,sqrt,2,5,0.7279202644640242,0.0369057744102765,0.7399439775910365,0.03508389663223789,14.5066
500,,sqrt,2,10,0.7030023997663399,0.042705941924562965,0.7222689075630253,0.037719195677267496,13.5132
500,,sqrt,5,1,0.7471496865059952,0.023861676202856476,0.7541596638655462,0.02198969203688977,13.3693
500,,sqrt,5,2,0.750485154866562,0.0307702570522827,0.7577170868347338,0.028738420786813677,13.6304
500,,sqrt,5,5,0.7279202644640242,0.0369057744102765,0.7399439775910365,0.03508389663223789,14.4859
500,,sqrt,5,10,0.7030023997663399,0.042705941924562965,0.7222689075630253,0.037719195677267496,15.2348
500,,sqrt,10,1,0.7509836634404281,0.025000809159353002,0.7588935574229692,0.023401869377652235,15.2422
500,,sqrt,10,2,0.7464518815637327,0.02313934454437644,0.7553501400560224,0.02138667844312113,14.9503
500,,sqrt,10,5,0.7279202644640242,0.0369057744102765,0.7399439775910365,0.03508389663223789,19.0615
500,,sqrt,10,10,0.7030023997663399,0.042705941924562965,0.7222689075630253,0.037719195677267496,18.281
500,,sqrt,20,1,0.7272678142685763,0.042691094918060016,0.738781512605042,0.040237461495446616,17.8232
500,,sqrt,20,2,0.7233553968805426,0.03977626890552866,0.7364145658263306,0.036446172450028944,17.9822
500,,sqrt,20,5,0.7151159591531557,0.04829408085820018,0.7305042016806723,0.04367605234935331,19.0128
500,,sqrt,20,10,0.7030023997663399,0.042705941924562965,0.7222689075630253,0.037719195677267496,17.9048
500,,log2,2,1,0.74860750483088,0.022275065369483156,0.7553781512605042,0.021116361268610367,17.6992
500,,log2,2,2,0.7423696390426568,0.03432790944199847,0.7506162464985995,0.03116711953404975,17.6198
500,,log2,2,5,0.7279202644640242,0.0369057744102765,0.7399439775910365,0.03508389663223789,18.0795
500,,log2,2,10,0.7030023997663399,0.042705941924562965,0.7222689075630253,0.037719195677267496,18.4319
500,,log2,5,1,0.7471496865059952,0.023861676202856476,0.7541596638655462,0.02198969203688977,17.6876
500,,log2,5,2,0.750485154866562,0.0307702570522827,0.7577170868347338,0.028738420786813677,17.1778
500,,log2,5,5,0.7279202644640242,0.0369057744102765,0.7399439775910365,0.03508389663223789,17.3609
500,,log2,5,10,0.7030023997663399,0.042705941924562965,0.7222689075630253,0.037719195677267496,21.0933
500,,log2,10,1,0.7509836634404281,0.025000809159353002,0.7588935574229692,0.023401869377652235,18.7425
500,,log2,10,2,0.7464518815637327,0.02313934454437644,0.7553501400560224,0.02138667844312113,16.0822
500,,log2,10,5,0.7279202644640242,0.0369057744102765,0.7399439775910365,0.03508389663223789,14.1416
500,,log2,10,10,0.7030023997663399,0.042705941924562965,0.7222689075630253,0.037719195677267496,12.6223
500,,log2,20,1,0.7272678142685763,0.042691094918060016,0.738781512605042,0.040237461495446616,12.5253
500,,log2,20,2,0.7233553968805426,0.03977626890552866,0.7364145658263306,0.036446172450028944,11.6852
500,,log2,20,5,0.7151159591531557,0.04829408085820018,0.7305042016806723,0.04367605234935331,12.0816
500,,log2,20,10,0.7030023997663399,0.042705941924562965,0.7222689075630253,0.037719195677267496,12.9667
500,,0.5,2,1,0.7415417954946618,0.03270067756314944,0.7482633053221288,0.03133577526630387,14.6252
500,,0.5,2,2,0.7305696299654016,0.033587678982100695,0.7375910364145659,0.03361351540608952,13.4853
500,,0.5,2,5,0.7317218417794432,0.03525312634884936,0.7411204481792717,0.03448019984169799,13.1225
500,,0.5,2,10,0.7129869823340191,0.04155835134673697,0.7281372549019608,0.03904240678714188,11.8543
500,,0.5,5,1,0.737059150767518,0.02324520693232032,0.7435014005602241,0.022909346794754818,14.3698
500,,0.5,5,2,0.7336842663073437,0.03616658701914698,0.7411484593837535,0.03434411276685571,12.7914
500,,0.5,5,5,0.7317218417794432,0.03525312634884936,0.7411204481792717,0.03448019984169799,9.6473
500,,0.5,5,10,0.7129869823340191,0.04155835134673697,0.7281372549019608,0.03904240678714188,9.4142
500,,0.5,10,1,0.7323802776595179,0.04370424886877559,0.7399719887955182,0.04166845322535689,9.9242
500,,0.5,10,2,0.725522099405725,0.0385336910400717,0.7329131652661065,0.0369359888934582,9.7335
500,,0.5,10,5,0.7317218417794432,0.03525312634884936,0.7411204481792717,0.03448019984169799,9.6943
500,,0.5,10,10,0.7129869823340191,0.04155835134673697,0.7281372549019608,0.03904240678714188,9.4269
500,,0.5,20,1,0.7242772201092842,0.045825449750251684,0.732843137254902,0.04460256598910006,9.6345
500,,0.5,20,2,0.7258159137049296,0.03895921036466234,0.7352521008403362,0.03752027648718432,9.5335
500,,0.5,20,5,0.7236303244015454,0.04248849968119256,0.7352661064425771,0.04022943403709749,9.6271
500,,0.5,20,10,0.7129869823340191,0.04155835134673697,0.7281372549019608,0.03904240678714188,9.5105
500,,1.0,2,1,0.7442301820909848,0.021138693587747524,0.7505602240896359,0.02166119319796214,11.6817
500,,1.0,2,2,0.7394439458235479,0.028491955245336473,0.7458543417366947,0.029003515865381108,11.3984
500,,1.0,2,5,0.7269253479009488,0.03369654317667253,0.736358543417367,0.03201487063164458,10.7876
500,,1.0,2,10,0.7101381697021709,0.04388561951683297,0.7234593837535014,0.041141691995273795,10.2536
500,,1.0,5,1,0.7403875159532347,0.02584560113266507,0.7470028011204481,0.026272374534726164,11.6886
500,,1.0,5,2,0.7318006365127311,0.03285226150621857,0.7387394957983193,0.03203477737354802,11.4214
500,,1.0,5,5,0.7269253479009488,0.03369654317667253,0.736358543417367,0.03201487063164458,10.7944
500,,1.0,5,10,0.7101381697021709,0.04388561951683297,0.7234593837535014,0.041141691995273795,10.169
500,,1.0,10,1,0.735435971193041,0.03304818245392964,0.7422829131652662,0.032631216812756686,11.8789
500,,1.0,10,2,0.7321190768503956,0.042160875856839676,0.7399299719887955,0.03921360788810122,11.5886
500,,1.0,10,5,0.7269253479009488,0.03369654317667253,0.736358543417367,0.03201487063164458,10.8492
500,,1.0,10,10,0.7101381697021709,0.04388561951683297,0.7234593837535014,0.041141691995273795,10.4096
500,,1.0,20,1,0.7258683150122462,0.0390872222003812,0.7352240896358544,0.03726207519240114,11.0695
500,,1.0,20,2,0.7220715017159766,0.037587554074399336,0.7316526610644257,0.03625839166904383,10.8814
500,,1.0,20,5,0.7240123790249342,0.040337765453132335,0.7352521008403361,0.03782607217858191,10.6777
500,,1.0,20,10,0.7101381697021709,0.04388561951683297,0.7234593837535014,0.041141691995273795,10.2671
500,5,sqrt,2,1,0.7103995327889251,0.03948095816206245,0.7305742296918768,0.034264645056824264,9.3179
500,5,sqrt,2,2,0.702151484259982,0.046325111438340144,0.7234453781512605,0.03955650221062289,9.1646
500,5,sqrt,2,5,0.7008636109861281,0.04572584977764419,0.7222829131652662,0.04019126890286899,9.2459
500,5,sqrt,2,10,0.6923924101862331,0.04251219579795628,0.7163445378151261,0.0369578121831408,9.159
500,5,sqrt,5,1,0.7062037250533395,0.04474319804241626,0.7269747899159664,0.03906193348497389,9.2514
500,5,sqrt,5,2,0.7075901824129756,0.04604885709320306,0.7281512605042016,0.03929408929239337,9.8375
500,5,sqrt,5,5,0.7008636109861281,0.04572584977764419,0.7222829131652662,0.04019126890286899,9.9882
500,5,sqrt,5,10,0.6923924101862331,0.04251219579795628,0.7163445378151261,0.0369578121831408,9.6202
500,5,sqrt,10,1,0.7114809154106236,0.04410593899283847,0.7317226890756303,0.03846282379583263,9.5848
500,5,sqrt,10,2,0.7078807919621397,0.04134538512182781,0.7281932773109243,0.03608306608103338,9.8651
500,5,sqrt,10,5,0.7008636109861281,0.04572584977764419,0.7222829131652662,0.04019126890286899,9.8353
500,5,sqrt,10,10,0.6923924101862331,0.04251219579795628,0.7163445378151261,0.0369578121831408,9.669
500,5,sqrt,20,1,0.7046450749783313,0.0420432489611003,0.7257983193277312,0.03767198762811565,9.7323
500,5,sqrt,20,2,0.702988610871879,0.04392528842950307,0.724607843137255,0.03925638394419575,9.8472
500,5,sqrt,20,5,0.6971388751773612,0.04786099220952113,0.7198879551820728,0.041931566196291084,9.914
500,5,sqrt,20,10,0.6923924101862331,0.04251219579795628,0.7163445378151261,0.0369578121831408,9.6161
500,5,log2,2,1,0.7103995327889251,0.03948095816206245,0.7305742296918768,0.034264645056824264,9.6473
500,5,log2,2,2,0.702151484259982,0.046325111438340144,0.7234453781512605,0.03955650221062289,9.8515
500,5,log2,2,5,0.7008636109861281,0.04572584977764419,0.7222829131652662,0.04019126890286899,9.7382
500,5,log2,2,10,0.6923924101862331,0.04251219579795628,0.7163445378151261,0.0369578121831408,11.5899
500,5,log2,5,1,0.7062037250533395,0.04474319804241626,0.7269747899159664,0.03906193348497389,13.4777
500,5,log2,5,2,0.7075901824129756,0.04604885709320306,0.7281512605042016,0.03929408929239337,13.2604
500,5,log2,5,5,0.7008636109861281,0.04572584977764419,0.7222829131652662,0.04019126890286899,14.5193
500,5,log2,5,10,0.6923924101862331,0.04251219579795628,0.7163445378151261,0.0369578121831408,13.2039
500,5,log2,10,1,0.7114809154106236,0.04410593899283847,0.7317226890756303,0.03846282379583263,13.3953
500,5,log2,10,2,0.7078807919621397,0.04134538512182781,0.7281932773109243,0.03608306608103338,14.1885
500,5,log2,10,5,0.7008636109861281,0.04572584977764419,0.7222829131652662,0.04019126890286899,11.5154
500,5,log2,10,10,0.6923924101862331,0.04251219579795628,0.7163445378151261,0.0369578121831408,10.9254
500,5,log2,20,1,0.7046450749783313,0.0420432489611003,0.7257983193277312,0.03767198762811565,11.7424
500,5,log2,20,2,0.702988610871879,0.04392528842950307,0.724607843137255,0.03925638394419575,11.9601
500,5,log2,20,5,0.6971388751773612,0.04786099220952113,0.7198879551820728,0.041931566196291084,11.955
500,5,log2,20,10,0.6923924101862331,0.04251219579795628,0.7163445378151261,0.0369578121831408,11.0888
500,5,0.5,2,1,0.7120140667329595,0.0386121066242075,0.7293557422969188,0.035976583892589516,12.5429
500,5,0.5,2,2,0.7064212920273141,0.04566699052251132,0.7246218487394958,0.04221767113700025,13.7151
500,5,0.5,2,5,0.7154586577302326,0.04391729156026559,0.7328991596638655,0.04093334394880635,12.3506
500,5,0.5,2,10,0.706560914872155,0.05386863241869955,0.7270028011204481,0.048697170843203984,12.0574
500,5,0.5,5,1,0.7120147291536598,0.04276661644661624,0.7293697478991598,0.03953645572081238,10.2005
500,5,0.5,5,2,0.7102565474177808,0.04513834166559947,0.7281652661064426,0.04191478978339427,9.3619
500,5,0.5,5,5,0.7154586577302326,0.04391729156026559,0.7328991596638655,0.04093334394880635,9.2713
500,5,0.5,5,10,0.706560914872155,0.05386863241869955,0.7270028011204481,0.048697170843203984,9.2077
500,5,0.5,10,1,0.7166673383946776,0.0424126607594285,0.7340896358543417,0.03951700962097789,8.8938
500,5,0.5,10,2,0.7117758516639392,0.04505187441135667,0.7293697478991596,0.041915426244538374,8.9603
500,5,0.5,10,5,0.7154586577302326,0.04391729156026559,0.7328991596638655,0.04093334394880635,9.0474
500,5,0.5,10,10,0.706560914872155,0.05386863241869955,0.7270028011204481,0.048697170843203984,8.9758
500,5,0.5,20,1,0.7170347843513778,0.043527454091776205,0.7352801120448179,0.040144339084328434,9.0246
500,5,0.5,20,2,0.7109659750427075,0.04672223400284231,0.7293837535014006,0.04313879185300825,8.9881
500,5,0.5,20,5,0.7124220947923241,0.04564525521318512,0.730546218487395,0.04175048415821651,8.9474
500,5,0.5,20,10,0.706560914872155,0.05386863241869955,0.7270028011204481,0.048697170843203984,8.9911
500,5,1.0,2,1,0.7271290733512383,0.04270965379307698,0.7387535014005602,0.04066099389598167,9.5442
500,5,1.0,2,2,0.7227069472426114,0.03997919111665409,0.7352240896358543,0.03836022980044722,9.851
500,5,1.0,2,5,0.7199047965438147,0.04338011307570657,0.732843137254902,0.040926097644210256,9.5717
500,5,1.0,2,10,0.7189390762934417,0.04655401780134311,0.7340476190476191,0.04341869745860503,9.2896
500,5,1.0,5,1,0.7267235882928357,0.041925788927354254,0.7387535014005602,0.039974405596703386,9.5938
500,5,1.0,5,2,0.7238943490325958,0.03961757311305515,0.7364005602240896,0.03798165686472289,9.4569
500,5,1.0,5,5,0.7199047965438147,0.04338011307570657,0.732843137254902,0.040926097644210256,9.3827
500,5,1.0,5,10,0.7189390762934417,0.04655401780134311,0.7340476190476191,0.04341869745860503,9.2943
500,5,1.0,10,1,0.7254464665623424,0.04365682172087901,0.7375770308123248,0.04141781488492857,9.6428
500,5,1.0,10,2,0.7210757967625152,0.04173406152142482,0.7340476190476191,0.039757829657888544,9.4751
500,5,1.0,10,5,0.7199047965438147,0.04338011307570657,0.732843137254902,0.040926097644210256,9.3793
500,5,1.0,10,10,0.7189390762934417,0.04655401780134311,0.7340476190476191,0.04341869745860503,9.2359
500,5,1.0,20,1,0.7299255261508166,0.041524276684769525,0.7422829131652661,0.039518858615483654,9.4389
500,5,1.0,20,2,0.7271469057764197,0.04178409862135084,0.7399299719887955,0.03951468894839548,9.3316
500,5,1.0,20,5,0.7270154843151839,0.0422231097940655,0.7399299719887955,0.03985510372945906,9.4545
500,5,1.0,20,10,0.7189390762934417,0.04655401780134311,0.7340476190476191,0.04341869745860503,9.2525
500,10,sqrt,2,1,0.7469832124886875,0.03651558802242804,0.7541456582633053,0.034927354965881834,8.9682
500,10,sqrt,2,2,0.7425976590533561,0.02939632912425681,0.7506162464985995,0.02793330905855603,8.9486
500,10,sqrt,2,5,0.7205469447277439,0.038301888023051116,0.7328431372549019,0.03554853888279493,8.9591
500,10,sqrt,2,10,0.7005427871514884,0.040342732667551146,0.7198879551820728,0.0358748518892784,8.8953
500,10,sqrt,5,1,0.7422704989012614,0.028894379652745036,0.7506302521008403,0.027264073151587288,9.0114
500,10,sqrt,5,2,0.7431951264121224,0.030278630332971124,0.7518067226890757,0.028169959785913967,8.8579
500,10,sqrt,5,5,0.7205469447277439,0.038301888023051116,0.7328431372549019,0.03554853888279493,9.0322
500,10,sqrt,5,10,0.7005427871514884,0.040342732667551146,0.7198879551820728,0.0358748518892784,8.9384
500,10,sqrt,10,1,0.7450556971217448,0.025735131986508848,0.7529551820728291,0.024425099732526694,9.0018
500,10,sqrt,10,2,0.7310385521340399,0.02927295407197513,0.7411484593837535,0.028548474879262424,8.9092
500,10,sqrt,10,5,0.7205469447277439,0.038301888023051116,0.7328431372549019,0.03554853888279493,8.9723
500,10,sqrt,10,10,0.7005427871514884,0.040342732667551146,0.7198879551820728,0.0358748518892784,8.981
500,10,sqrt,20,1,0.7245122556547853,0.04152272944508225,0.7363865546218488,0.039641832254016546,9.0008
500,10,sqrt,20,2,0.7170444136579854,0.03999389304485049,0.7304761904761905,0.03700492151423574,8.9649
500,10,sqrt,20,5,0.7122335040327853,0.04726476898532543,0.7281512605042018,0.04276445002500377,8.9829
500,10,sqrt,20,10,0.7005427871514884,0.040342732667551146,0.7198879551820728,0.0358748518892784,8.9523
500,10,log2,2,1,0.7469832124886875,0.03651558802242804,0.7541456582633053,0.034927354965881834,8.9978
500,10,log2,2,2,0.7425976590533561,0.02939632912425681,0.7506162464985995,0.02793330905855603,9.0141
500,10,log2,2,5,0.7205469447277439,0.038301888023051116,0.7328431372549019,0.03554853888279493,8.8471
500,10,log2,2,10,0.7005427871514884,0.040342732667551146,0.7198879551820728,0.0358748518892784,9.0109
500,10,log2,5,1,0.7422704989012614,0.028894379652745036,0.7506302521008403,0.027264073151587288,8.9469
500,10,log2,5,2,0.7431951264121224,0.030278630332971124,0.7518067226890757,0.028169959785913967,8.9737
500,10,log2,5,5,0.7205469447277439,0.038301888023051116,0.7328431372549019,0.03554853888279493,8.9234
500,10,log2,5,10,0.7005427871514884,0.040342732667551146,0.7198879551820728,0.0358748518892784,9.0186
500,10,log2,10,1,0.7450556971217448,0.025735131986508848,0.7529551820728291,0.024425099732526694,8.9563
500,10,log2,10,2,0.7310385521340399,0.02927295407197513,0.7411484593837535,0.028548474879262424,8.9827
500,10,log2,10,5,0.7205469447277439,0.038301888023051116,0.7328431372549019,0.03554853888279493,8.9404
500,10,log2,10,10,0.7005427871514884,0.040342732667551146,0.7198879551820728,0.0358748518892784,9.0241
500,10,log2,20,1,0.7245122556547853,0.04152272944508225,0.7363865546218488,0.039641832254016546,8.9834
500,10,log2,20,2,0.7170444136579854,0.03999389304485049,0.7304761904761905,0.03700492151423574,8.9156
500,10,log2,20,5,0.7122335040327853,0.04726476898532543,0.7281512605042018,0.04276445002500377,9.0299
500,10,log2,20,10,0.7005427871514884,0.040342732667551146,0.7198879551820728,0.0358748518892784,8.9405
500,10,0.5,2,1,0.7368469248951852,0.03267043449897747,0.7434873949579832,0.03130684458701378,9.6468
500,10,0.5,2,2,0.7394058052875471,0.03876295177733428,0.7458963585434173,0.03753752500067121,9.1062
500,10,0.5,2,5,0.7251648418221839,0.03221242540389189,0.7352100840336134,0.031828617793406705,9.0347
500,10,0.5,2,10,0.716589161705388,0.04094330728380994,0.7316946778711484,0.038960204711696964,9.0091
500,10,0.5,5,1,0.7325572188764738,0.04002016529810052,0.7399579831932772,0.03835433854023611,9.2853
500,10,0.5,5,2,0.7271358664240319,0.044137203783932585,0.73406162464986,0.04251196561691468,9.2378
500,10,0.5,5,5,0.7251648418221839,0.03221242540389189,0.7352100840336134,0.031828617793406705,9.2218
500,10,0.5,5,10,0.716589161705388,0.04094330728380994,0.7316946778711484,0.038960204711696964,9.0343
500,10,0.5,10,1,0.72841929650403,0.04823534172798322,0.7352100840336135,0.04724105206836212,9.5507
500,10,0.5,10,2,0.7333478659313354,0.043371934735656835,0.7399719887955182,0.042992006912875,9.1214
500,10,0.5,10,5,0.7251648418221839,0.03221242540389189,0.7352100840336134,0.031828617793406705,9.1618
500,10,0.5,10,10,0.716589161705388,0.04094330728380994,0.7316946778711484,0.038960204711696964,9.0725
500,10,0.5,20,1,0.7284059164617025,0.04511527668947071,0.7375770308123248,0.04319465105518695,9.1171
500,10,0.5,20,2,0.7290761548993184,0.04658276005267565,0.7388095238095238,0.04504465802211921,9.0451
500,10,0.5,20,5,0.7240244405225484,0.04280189436074449,0.7352521008403362,0.04066437069795673,9.0869
500,10,0.5,20,10,0.716589161705388,0.04094330728380994,0.7316946778711484,0.038960204711696964,9.0493
500,10,1.0,2,1,0.7351282379043828,0.03380731229517509,0.7423109243697479,0.03329773833316886,10.7484
500,10,1.0,2,2,0.7334758074660288,0.029687296721581508,0.7399299719887955,0.029496307065449038,10.5257
500,10,1.0,2,5,0.7321681822761235,0.035874497185345244,0.7411344537815125,0.03387578822125094,9.9775
500,10,1.0,2,10,0.7126238159226028,0.043579873866634956,0.7258263305322129,0.040651110314649554,9.794
500,10,1.0,5,1,0.7456733723735118,0.028273263491959997,0.751750700280112,0.027605908915154964,10.6603
500,10,1.0,5,2,0.7309734839067623,0.03358711479421528,0.737563025210084,0.03298958884629698,10.5129
500,10,1.0,5,5,0.7321681822761235,0.035874497185345244,0.7411344537815125,0.03387578822125094,10.0256
500,10,1.0,5,10,0.7126238159226028,0.043579873866634956,0.7258263305322129,0.040651110314649554,9.4542
500,10,1.0,10,1,0.73526937610284,0.035756866405957224,0.7422829131652662,0.03471589903899775,10.4646
500,10,1.0,10,2,0.7270170423889996,0.03660240267039283,0.7352100840336135,0.034701303948521924,10.2783
500,10,1.0,10,5,0.7321681822761235,0.035874497185345244,0.7411344537815125,0.03387578822125094,9.9851
500,10,1.0,10,10,0.7126238159226028,0.043579873866634956,0.7258263305322129,0.040651110314649554,9.9113
500,10,1.0,20,1,0.7283978987744558,0.03902807774951835,0.7375770308123248,0.037201054680593724,10.0595
500,10,1.0,20,2,0.7242013615151869,0.03651231433402557,0.7340056022408964,0.03486465627133665,9.9371
500,10,1.0,20,5,0.7239669516029374,0.03910460179655983,0.7352380952380952,0.036804963952711434,9.7031
500,10,1.0,20,10,0.7126238159226028,0.043579873866634956,0.7258263305322129,0.040651110314649554,9.4342
500,20,sqrt,2,1,0.7450267759110683,0.02153978763574678,0.7518347338935574,0.02034146302236625,8.9366
500,20,sqrt,2,2,0.7423696390426568,0.03432790944199847,0.7506162464985995,0.03116711953404975,8.9815
500,20,sqrt,2,5,0.7279202644640242,0.0369057744102765,0.7399439775910365,0.03508389663223789,8.9203
500,20,sqrt,2,10,0.7030023997663399,0.042705941924562965,0.7222689075630253,0.037719195677267496,8.8792
500,20,sqrt,5,1,0.7523262192182947,0.02169067808184297,0.7588795518207283,0.020349152024996795,8.9655
500,20,sqrt,5,2,0.749280323529603,0.031082088721576636,0.7565406162464986,0.029147744558983283,8.9164
500,20,sqrt,5,5,0.7279202644640242,0.0369057744102765,0.7399439775910365,0.03508389663223789,8.8829
500,20,sqrt,5,10,0.7030023997663399,0.042705941924562965,0.7222689075630253,0.037719195677267496,8.82
500,20,sqrt,10,1,0.7509836634404281,0.025000809159353002,0.7588935574229692,0.023401869377652235,8.8704
500,20,sqrt,10,2,0.7464518815637327,0.02313934454437644,0.7553501400560224,0.02138667844312113,8.9317
500,20,sqrt,10,5,0.7279202644640242,0.0369057744102765,0.7399439775910365,0.03508389663223789,8.882
500,20,sqrt,10,10,0.7030023997663399,0.042705941924562965,0.7222689075630253,0.037719195677267496,8.9065
500,20,sqrt,20,1,0.7272678142685763,0.042691094918060016,0.738781512605042,0.040237461495446616,8.8886
500,20,sqrt,20,2,0.7233553968805426,0.03977626890552866,0.7364145658263306,0.036446172450028944,9.102
500,20,sqrt,20,5,0.7151159591531557,0.04829408085820018,0.7305042016806723,0.04367605234935331,8.9368
500,20,sqrt,20,10,0.7030023997663399,0.042705941924562965,0.7222689075630253,0.037719195677267496,8.8705
500,20,log2,2,1,0.7450267759110683,0.02153978763574678,0.7518347338935574,0.02034146302236625,8.9914
500,20,log2,2,2,0.7423696390426568,0.03432790944199847,0.7506162464985995,0.03116711953404975,9.0065
500,20,log2,2,5,0.7279202644640242,0.0369057744102765,0.7399439775910365,0.03508389663223789,8.9888
500,20,log2,2,10,0.7030023997663399,0.042705941924562965,0.7222689075630253,0.037719195677267496,8.8879
500,20,log2,5,1,0.7523262192182947,0.02169067808184297,0.7588795518207283,0.020349152024996795,9.05
500,20,log2,5,2,0.749280323529603,0.031082088721576636,0.7565406162464986,0.029147744558983283,9.0069
500,20,log2,5,5,0.7279202644640242,0.0369057744102765,0.7399439775910365,0.03508389663223789,8.9841
500,20,log2,5,10,0.7030023997663399,0.042705941924562965,0.7222689075630253,0.037719195677267496,8.8739
500,20,log2,10,1,0.7509836634404281,0.025000809159353002,0.7588935574229692,0.023401869377652235,9.0861
500,20,log2,10,2,0.7464518815637327,0.02313934454437644,0.7553501400560224,0.02138667844312113,9.0034
500,20,log2,10,5,0.7279202644640242,0.0369057744102765,0.7399439775910365,0.03508389663223789,8.9478
500,20,log2,10,10,0.7030023997663399,0.042705941924562965,0.7222689075630253,0.037719195677267496,8.9599
500,20,log2,20,1,0.7272678142685763,0.042691094918060016,0.738781512605042,0.040237461495446616,8.9177
500,20,log2,20,2,0.7233553968805426,0.03977626890552866,0.7364145658263306,0.036446172450028944,8.9916
500,20,log2,20,5,0.7151159591531557,0.04829408085820018,0.7305042016806723,0.04367605234935331,9.0298
500,20,log2,20,10,0.7030023997663399,0.042705941924562965,0.7222689075630253,0.037719195677267496,9.2011
500,20,0.5,2,1,0.7404409320723698,0.03197960000458026,0.7470728291316526,0.03101944962521159,9.3912
500,20,0.5,2,2,0.7305696299654016,0.033587678982100695,0.7375910364145659,0.03361351540608952,9.4108
500,20,0.5,2,5,0.7317218417794432,0.03525312634884936,0.7411204481792717,0.03448019984169799,9.0272
500,20,0.5,2,10,0.7129869823340191,0.04155835134673697,0.7281372549019608,0.03904240678714188,9.2047
500,20,0.5,5,1,0.737059150767518,0.02324520693232032,0.7435014005602241,0.022909346794754818,9.3901
500,20,0.5,5,2,0.7325427403420192,0.03708256985617716,0.7399719887955183,0.035316741670633006,9.2639
500,20,0.5,5,5,0.7317218417794432,0.03525312634884936,0.7411204481792717,0.03448019984169799,9.1051
500,20,0.5,5,10,0.7129869823340191,0.04155835134673697,0.7281372549019608,0.03904240678714188,8.9194
500,20,0.5,10,1,0.7312714523615383,0.04353666092396154,0.738781512605042,0.041874617016551416,9.1892
500,20,0.5,10,2,0.725522099405725,0.0385336910400717,0.7329131652661065,0.0369359888934582,9.2738
500,20,0.5,10,5,0.7317218417794432,0.03525312634884936,0.7411204481792717,0.03448019984169799,9.0576
500,20,0.5,10,10,0.7129869823340191,0.04155835134673697,0.7281372549019608,0.03904240678714188,9.0298
500,20,0.5,20,1,0.7242772201092842,0.045825449750251684,0.732843137254902,0.04460256598910006,9.1755
500,20,0.5,20,2,0.7258159137049296,0.03895921036466234,0.7352521008403362,0.03752027648718432,9.0412
500,20,0.5,20,5,0.7236303244015454,0.04248849968119256,0.7352661064425771,0.04022943403709749,9.0886
500,20,0.5,20,10,0.7129869823340191,0.04155835134673697,0.7281372549019608,0.03904240678714188,9.0357
500,20,1.0,2,1,0.7455961865475645,0.02131280362416088,0.751750700280112,0.021923241683660107,11.0646
500,20,1.0,2,2,0.7394439458235479,0.028491955245336473,0.7458543417366947,0.029003515865381108,10.6585
500,20,1.0,2,5,0.7269253479009488,0.03369654317667253,0.736358543417367,0.03201487063164458,10.0316
500,20,1.0,2,10,0.7101381697021709,0.04388561951683297,0.7234593837535014,0.041141691995273795,9.9749
500,20,1.0,5,1,0.7392405937697271,0.02588920577100091,0.745812324929972,0.02637909357664299,10.8397
500,20,1.0,5,2,0.7318006365127311,0.03285226150621857,0.7387394957983193,0.03203477737354802,10.5654
500,20,1.0,5,5,0.7269253479009488,0.03369654317667253,0.736358543417367,0.03201487063164458,10.1534
500,20,1.0,5,10,0.7101381697021709,0.04388561951683297,0.7234593837535014,0.041141691995273795,9.5555
500,20,1.0,10,1,0.735435971193041,0.03304818245392964,0.7422829131652662,0.032631216812756686,10.7763
500,20,1.0,10,2,0.7321190768503956,0.042160875856839676,0.7399299719887955,0.03921360788810122,10.3307
500,20,1.0,10,5,0.7269253479009488,0.03369654317667253,0.736358543417367,0.03201487063164458,9.7823
500,20,1.0,10,10,0.7101381697021709,0.04388561951683297,0.7234593837535014,0.041141691995273795,9.4481
500,20,1.0,20,1,0.7258683150122462,0.0390872222003812,0.7352240896358544,0.03726207519240114,10.2161
500,20,1.0,20,2,0.7220715017159766,0.037587554074399336,0.7316526610644257,0.03625839166904383,10.219
500,20,1.0,20,5,0.7240123790249342,0.040337765453132335,0.7352521008403361,0.03782607217858191,9.8535
500,20,1.0,20,10,0.7101381697021709,0.04388561951683297,0.7234593837535014,0.041141691995273795,9.6262
