n_estimators,max_depth,max_features,min_samples_split,min_samples_leaf,mean_r2,std_r2,mean_rmse,std_rmse,time_s
50,,sqrt,2,1,0.548301573326597,0.02380018354905954,2.1551397971479496,0.1444398816275675,2.9626
50,,sqrt,2,2,0.5499714400550986,0.025642660747833817,2.1506319218952723,0.13995265805665072,2.9838
50,,sqrt,2,5,0.5546519157299628,0.025905316201672995,2.139785164067369,0.14521678866912804,2.2477
50,,sqrt,2,10,0.547606666524272,0.020362383099754564,2.157335704438367,0.14629329569906363,2.1019
50,,sqrt,5,1,0.5462718362002283,0.027192394463780533,2.159070063297726,0.13653416820911043,2.5622
50,,sqrt,5,2,0.5543719809751504,0.022507707508637377,2.141114114975918,0.1488527607366125,2.1555
50,,sqrt,5,5,0.5546519157299628,0.025905316201672985,2.139785164067369,0.1452167886691281,2.3803
50,,sqrt,5,10,0.547606666524272,0.020362383099754584,2.157335704438367,0.14629329569906369,2.9528
50,,sqrt,10,1,0.5538065699549171,0.021388282205328714,2.1425593951871913,0.14783432276110095,2.2972
50,,sqrt,10,2,0.5544512070412995,0.020275351674502607,2.1410691153632717,0.14741282046931756,9.8398
50,,sqrt,10,5,0.5546519157299628,0.025905316201672978,2.139785164067369,0.1452167886691282,9.6736
50,,sqrt,10,10,0.547606666524272,0.020362383099754546,2.157335704438367,0.14629329569906363,12.1728
50,,sqrt,20,1,0.5533669634142158,0.02588972555952721,2.1430778510197928,0.14833894335680714,11.3846
50,,sqrt,20,2,0.5521157435486833,0.020263505561441426,2.1469147532974717,0.1512023076135351,5.8759
50,,sqrt,20,5,0.5540808375403932,0.02128518822225239,2.1416644107400353,0.14520863070337683,7.2696
50,,sqrt,20,10,0.5476066665242719,0.020362383099754577,2.157335704438367,0.1462932956990637,7.1434
50,,log2,2,1,0.5483476252913826,0.027081151454117137,2.154727645598937,0.14505693005295908,9.496
50,,log2,2,2,0.5486458798145754,0.025409965401095816,2.153805401086761,0.13888654049457175,7.665
50,,log2,2,5,0.5590391191423074,0.02623893233589912,2.1292957328854647,0.1467923288455684,7.2269
50,,log2,2,10,0.5581737722210877,0.021249648194449855,2.1319873818642083,0.14661684581720072,7.3951
50,,log2,5,1,0.5502319330770037,0.029010525826358137,2.1497000471031145,0.1418082060035833,7.5212
50,,log2,5,2,0.5540504237898017,0.023580687032439533,2.1413990319205594,0.14260785106909973,7.3573
50,,log2,5,5,0.5590391191423076,0.026238932335899138,2.1292957328854643,0.14679232884556853,7.3502
50,,log2,5,10,0.5581737722210877,0.021249648194449872,2.1319873818642083,0.1466168458172007,7.5024
50,,log2,10,1,0.5561655793031519,0.02306721112474421,2.1363076647088004,0.1421235721377421,6.3509
50,,log2,10,2,0.5585720586604151,0.023228387163937318,2.130544093190676,0.14285296421557717,7.6992
50,,log2,10,5,0.5590391191423076,0.026238932335899145,2.1292957328854647,0.14679232884556848,8.8667
50,,log2,10,10,0.5581737722210877,0.021249648194449886,2.1319873818642083,0.14661684581720064,7.2322
50,,log2,20,1,0.5577089315979148,0.01964200765389053,2.1330192340378074,0.14285632585788707,7.4484
50,,log2,20,2,0.5587524693578924,0.02245466007981447,2.129911443264258,0.1383715109040403,7.2267
50,,log2,20,5,0.559228686999495,0.021562778460724,2.1290768901526094,0.1417822314968047,7.1439
50,,log2,20,10,0.5581737722210877,0.021249648194449862,2.1319873818642083,0.14661684581720066,7.0967
50,,0.5,2,1,0.5430470151642981,0.024467377793416147,2.166941389895369,0.13406553386006553,8.2905
50,,0.5,2,2,0.547494263090351,0.02798230337666233,2.1555895627797,0.12858925142724184,9.3984
50,,0.5,2,5,0.5563489203525318,0.023953480646463594,2.135792768333766,0.1424512669295696,7.5228
50,,0.5,2,10,0.5571009319405541,0.023183645455392237,2.1346704583822773,0.1512737679153683,7.3669
50,,0.5,5,1,0.5489803761550813,0.02504611109731517,2.1531137177669666,0.1402467179690251,9.441
50,,0.5,5,2,0.5527575790908182,0.02605667699956353,2.1435274193959577,0.13253178728883136,9.3525
50,,0.5,5,5,0.5563489203525318,0.0239534806464636,2.1357927683337654,0.14245126692956972,7.5025
50,,0.5,5,10,0.5571009319405541,0.023183645455392195,2.1346704583822773,0.15127376791536845,7.3081
50,,0.5,10,1,0.5488873251746733,0.02561345234672267,2.1534394697496877,0.14275505622533743,10.833
50,,0.5,10,2,0.5558913585703082,0.02389457296374622,2.136399246822569,0.13397953153972,9.6065
50,,0.5,10,5,0.5563489203525318,0.023953480646463608,2.135792768333766,0.14245126692956964,8.1031
50,,0.5,10,10,0.5571009319405539,0.023183645455392254,2.1346704583822773,0.1512737679153684,7.7312
50,,0.5,20,1,0.5572641240805598,0.01886335974719845,2.1339377613794026,0.13923023663295647,7.8397
50,,0.5,20,2,0.5592213193744232,0.02054445173395913,2.1293559362256147,0.14307863760256287,8.9267
50,,0.5,20,5,0.5588098181572783,0.021995144285453967,2.1301345024540366,0.14306964593004365,7.3537
50,,0.5,20,10,0.5571009319405541,0.023183645455392244,2.1346704583822773,0.15127376791536837,7.2965
50,,1.0,2,1,0.5354707111154356,0.03383801782784936,2.1837172951888215,0.13773122075279748,12.2168
50,,1.0,2,2,0.537351827471389,0.031015916567212858,2.1794294348015155,0.13242192330367197,12.4727
50,,1.0,2,5,0.5519262674303761,0.028807963145985875,2.1457246399400214,0.14199410779551003,14.0278
50,,1.0,2,10,0.5568756195070576,0.0248990205642352,2.13457612469933,0.145103691423217,11.0651
50,,1.0,5,1,0.5379195326110306,0.02967075053887369,2.1784554186813967,0.13587296484121628,17.2305
50,,1.0,5,2,0.5386195517271737,0.029450063866176046,2.176642629121891,0.1318458160512866,16.0939
50,,1.0,5,5,0.5519262674303761,0.0288079631459859,2.1457246399400214,0.1419941077955101,13.4444
50,,1.0,5,10,0.5568756195070576,0.024899020564235184,2.1345761246993304,0.145103691423217,12.3828
50,,1.0,10,1,0.5434875717890935,0.0281520973705476,2.165689098109406,0.13847935397990432,15.2829
50,,1.0,10,2,0.5457149860862522,0.027844118312253797,2.1601952493980567,0.1342710468846242,15.5605
50,,1.0,10,5,0.5519262674303761,0.028807963145985854,2.1457246399400214,0.1419941077955101,13.3897
50,,1.0,10,10,0.5568756195070576,0.024899020564235194,2.13457612469933,0.14510369142321702,10.8757
50,,1.0,20,1,0.5512403236514934,0.026134815826078846,2.1473743113055144,0.1364204077239303,15.493
50,,1.0,20,2,0.5531512616533999,0.025547480004916984,2.1426843363953436,0.13310741481340008,12.9718
50,,1.0,20,5,0.5577308990218116,0.025325880952538887,2.1323602782479303,0.14319521617430017,12.8396
50,,1.0,20,10,0.5568756195070577,0.02489902056423516,2.1345761246993304,0.145103691423217,12.7119
50,5,sqrt,2,1,0.47600404728935863,0.023322910967243385,2.322545058307967,0.1679167455740437,9.3852
50,5,sqrt,2,2,0.47482942995121336,0.024098027481841318,2.3251934130334586,0.16995814233558498,9.3932
50,5,sqrt,2,5,0.4769207338408791,0.024984687180864815,2.3201426413942787,0.16524396424074742,11.684
50,5,sqrt,2,10,0.4780431349874159,0.025688229816281886,2.3174515486033473,0.16338415188710573,11.8072
50,5,sqrt,5,1,0.47547043858470317,0.024193795587816914,2.3237261137607716,0.16934849203373067,9.8446
50,5,sqrt,5,2,0.47486835906004166,0.024611314958295168,2.32504054706635,0.16977963234078705,9.8963
50,5,sqrt,5,5,0.47692073384087896,0.024984687180864856,2.320142641394279,0.16524396424074764,11.2446
50,5,sqrt,5,10,0.4780431349874159,0.025688229816281886,2.317451548603347,0.16338415188710562,9.5782
50,5,sqrt,10,1,0.47589568939500965,0.025585677828139183,2.3223849678347204,0.16576102701486786,9.2993
50,5,sqrt,10,2,0.4762836483418,0.026057459895247388,2.3213640099009414,0.16433263619820668,9.3017
50,5,sqrt,10,5,0.4769207338408791,0.024984687180864825,2.320142641394279,0.16524396424074758,11.1459
50,5,sqrt,10,10,0.4780431349874159,0.02568822981628183,2.317451548603347,0.1633841518871055,9.5358
50,5,sqrt,20,1,0.47515833609417746,0.02572774979692263,2.32425622902696,0.16930707017283003,9.4479
50,5,sqrt,20,2,0.47517473788815423,0.02659478394457745,2.3239637837977325,0.16698937543994063,11.5127
50,5,sqrt,20,5,0.4760661682742664,0.025362389709532713,2.321859564356165,0.16324218797534465,9.2178
50,5,sqrt,20,10,0.478043134987416,0.025688229816281872,2.3174515486033473,0.16338415188710562,9.2882
50,5,log2,2,1,0.5004121768992554,0.023803959245261276,2.2673089054926345,0.15991775957526103,9.2338
50,5,log2,2,2,0.5010704482003143,0.02399617760647938,2.2658398146891474,0.16023012728297445,9.3914
50,5,log2,2,5,0.5012351532013665,0.024282194199468737,2.2654784366892313,0.16130833252481852,9.3756
50,5,log2,2,10,0.503576614684451,0.022946518035539445,2.2604917580066664,0.16347400013790606,9.3539
50,5,log2,5,1,0.5006912100562415,0.024468745725389335,2.266712050073282,0.1613454043741085,11.4124
50,5,log2,5,2,0.5016018387520631,0.02444489769755113,2.2645184897905404,0.15944800489319583,12.3194
50,5,log2,5,5,0.5012351532013665,0.02428219419946875,2.2654784366892313,0.16130833252481847,12.1798
50,5,log2,5,10,0.5035766146844509,0.02294651803553939,2.2604917580066664,0.16347400013790597,12.1257
50,5,log2,10,1,0.5013922341684778,0.023979242356500466,2.265200928821119,0.16170689556381676,12.3218
50,5,log2,10,2,0.5020939835669027,0.024468876021938604,2.2634130655693356,0.15976292616095839,12.1846
50,5,log2,10,5,0.5012351532013665,0.024282194199468716,2.2654784366892313,0.16130833252481844,14.6137
50,5,log2,10,10,0.503576614684451,0.022946518035539477,2.2604917580066664,0.16347400013790603,11.7565
50,5,log2,20,1,0.4998759933062688,0.02405078177115154,2.268842305983699,0.16438932708977197,11.6494
50,5,log2,20,2,0.5002701687071643,0.02401972206250042,2.2677804999785574,0.1618517766339308,11.7091
50,5,log2,20,5,0.5016637384091885,0.023861325223131134,2.2646459265722747,0.16201030485158185,12.2846
50,5,log2,20,10,0.503576614684451,0.022946518035539445,2.2604917580066664,0.16347400013790597,12.2061
50,5,0.5,2,1,0.5129255921866982,0.020337184137619257,2.2393355201484453,0.16150604621519082,12.2918
50,5,0.5,2,2,0.5131243071213274,0.02109713106852913,2.2385702505236678,0.15824660955845882,12.1781
50,5,0.5,2,5,0.5161612167709192,0.022310578320804398,2.2312890116400426,0.15593225515911424,12.1154
50,5,0.5,2,10,0.5151686707721099,0.021498560362950607,2.233655300100115,0.156705190948425,11.8246
50,5,0.5,5,1,0.5129395635579092,0.01947777213741558,2.2392889832528136,0.16050940315213955,11.9477
50,5,0.5,5,2,0.5137763639728992,0.02043988373924565,2.237156848708028,0.1587240634367302,11.8623
50,5,0.5,5,5,0.5161612167709191,0.0223105783208044,2.2312890116400426,0.15593225515911432,9.0636
50,5,0.5,5,10,0.5151686707721101,0.021498560362950545,2.233655300100115,0.15670519094842492,11.5935
50,5,0.5,10,1,0.513838741226131,0.02003701751353593,2.2370766450166744,0.15928956280318715,6.8285
50,5,0.5,10,2,0.5136516920405894,0.0210274936225051,2.237229332655024,0.15669665711756922,2.2205
50,5,0.5,10,5,0.5161612167709191,0.02231057832080445,2.2312890116400426,0.1559322551591143,1.8896
50,5,0.5,10,10,0.51516867077211,0.02149856036295054,2.233655300100115,0.15670519094842486,2.6263
50,5,0.5,20,1,0.5141022479781305,0.019836713671523933,2.2363653080414343,0.1581341487192837,2.179
50,5,0.5,20,2,0.5140192135153475,0.02057722276333093,2.2363838308848596,0.15665120310107195,12.0875
50,5,0.5,20,5,0.5154603378433593,0.02183756046150262,2.23291489864311,0.1562720181437794,12.1006
50,5,0.5,20,10,0.51516867077211,0.021498560362950607,2.233655300100115,0.15670519094842494,11.9375
50,5,1.0,2,1,0.5301982210423896,0.018573537365787776,2.1985529787266183,0.14706881617907935,15.1898
50,5,1.0,2,2,0.5302293283318822,0.01869907455572271,2.1983975646544294,0.1460335097883339,12.2626
50,5,1.0,2,5,0.531779676094325,0.018846931113934994,2.194893952020404,0.14816261437332517,12.119
50,5,1.0,2,10,0.5320297924765758,0.019599913203222342,2.194330837355149,0.14961524825586525,15.199
50,5,1.0,5,1,0.5302746457647531,0.01850647576791045,2.1983669828855352,0.14682654651194832,12.6377
50,5,1.0,5,2,0.5301570799639771,0.018666952009726824,2.1985685773618977,0.1460268718286251,13.0507
50,5,1.0,5,5,0.531779676094325,0.018846931113934987,2.194893952020404,0.1481626143733252,15.8374
50,5,1.0,5,10,0.5320297924765758,0.019599913203222328,2.194330837355149,0.14961524825586525,13.5993
50,5,1.0,10,1,0.5302009244426502,0.01864351616327731,2.1985690656151147,0.1474973838478109,14.9008
50,5,1.0,10,2,0.5302654105906845,0.01874364811570278,2.198316335590513,0.14616322919040145,12.8138
50,5,1.0,10,5,0.531779676094325,0.018846931113934984,2.194893952020404,0.14816261437332517,14.7842
50,5,1.0,10,10,0.5320297924765758,0.019599913203222356,2.194330837355149,0.1496152482558653,12.4817
50,5,1.0,20,1,0.5305799397430377,0.018376959877978324,2.1977132351380955,0.14747406149924824,15.546
50,5,1.0,20,2,0.5304532806091581,0.018366260230971324,2.1979767515644726,0.14709740627553936,23.7704
50,5,1.0,20,5,0.5319058704870747,0.018742482663011782,2.1946154053158713,0.14820048896315705,27.7628
50,5,1.0,20,10,0.5320297924765758,0.019599913203222352,2.194330837355149,0.1496152482558653,27.149
50,10,sqrt,2,1,0.5491775430985102,0.017113068493808153,2.1536763362893665,0.14311027493835127,18.1629
50,10,sqrt,2,2,0.5489744567525603,0.0210596608360755,2.154015130808447,0.14701777769537297,23.0297
50,10,sqrt,2,5,0.5503669936972514,0.023405302429124197,2.1509700084823153,0.15493486101736065,17.4529
50,10,sqrt,2,10,0.5463276588265767,0.022997349516384873,2.1604315351228593,0.1516558012632326,22.7116
50,10,sqrt,5,1,0.5484187749419287,0.01982683428949889,2.1552454927381803,0.14329271244729766,17.482
50,10,sqrt,5,2,0.5509844865635263,0.021288893893234868,2.148961694604831,0.14280013190603902,22.2748
50,10,sqrt,5,5,0.5503669936972514,0.02340530242912421,2.1509700084823153,0.1549348610173606,17.1217
50,10,sqrt,5,10,0.5463276588265769,0.022997349516384883,2.1604315351228593,0.15165580126323255,22.5985
50,10,sqrt,10,1,0.5490113033101153,0.02206218327783724,2.153872319835016,0.14796898575443868,17.8225
50,10,sqrt,10,2,0.5515141254389035,0.020849155575663095,2.1480493497911946,0.14745306810636033,23.3543
50,10,sqrt,10,5,0.5503669936972515,0.023405302429124232,2.1509700084823153,0.15493486101736068,17.7688
50,10,sqrt,10,10,0.5463276588265769,0.022997349516384866,2.1604315351228593,0.1516558012632326,17.3691
50,10,sqrt,20,1,0.5492050762549878,0.022238950398238675,2.153602732614098,0.1504706035868854,18.3846
50,10,sqrt,20,2,0.5486077332214208,0.02006114094853952,2.1552554945898588,0.15046693302968928,16.5872
50,10,sqrt,20,5,0.5488948554722445,0.01955139996349112,2.153991207525613,0.14110802200371272,17.3436
50,10,sqrt,20,10,0.5463276588265769,0.022997349516384834,2.1604315351228593,0.15165580126323255,22.6165
50,10,log2,2,1,0.5495900025568531,0.024185851444982132,2.152003920244869,0.14377557850810146,17.7024
50,10,log2,2,2,0.5539274496167581,0.023123945712241526,2.14182587951169,0.14477506680038899,22.411
50,10,log2,2,5,0.5599045333631013,0.023995317456035135,2.1272608506834474,0.1431078180628138,18.4854
50,10,log2,2,10,0.5577789840133587,0.022654060138119547,2.1329492558463805,0.1492579986496551,24.1165
50,10,log2,5,1,0.5564261500038254,0.023906843601230587,2.135550940951757,0.14171634020418727,19.8062
50,10,log2,5,2,0.5535604532215529,0.019056114423137763,2.143280983338208,0.14672630401413428,24.9554
50,10,log2,5,5,0.5599045333631013,0.023995317456035125,2.1272608506834474,0.1431078180628138,19.0693
50,10,log2,5,10,0.5577789840133589,0.022654060138119558,2.13294925584638,0.14925799864965505,19.1597
50,10,log2,10,1,0.5568238887753517,0.021358224025603858,2.134820587055601,0.14054252318268698,24.788
50,10,log2,10,2,0.5579056971891116,0.02224523130005895,2.1326878194574133,0.14933796396149657,24.3896
50,10,log2,10,5,0.5599045333631013,0.02399531745603517,2.1272608506834474,0.14310781806281384,18.9597
50,10,log2,10,10,0.5577789840133589,0.02265406013811956,2.1329492558463805,0.14925799864965514,18.7329
50,10,log2,20,1,0.5564351502213445,0.021232778938320825,2.13547727844333,0.13635811038390375,23.3248
50,10,log2,20,2,0.5569816295830152,0.02248459643686257,2.134541089797028,0.14430261943428774,20.7627
50,10,log2,20,5,0.558611002293498,0.02290133191629649,2.1309061749366545,0.14969743973391256,19.4471
50,10,log2,20,10,0.5577789840133589,0.022654060138119554,2.13294925584638,0.14925799864965517,19.6227
50,10,0.5,2,1,0.5490768051109483,0.019667630415971502,2.1537679861146115,0.143617145238208,25.7903
50,10,0.5,2,2,0.5544660585965993,0.022977733353298006,2.1404656351912945,0.14284915547870888,22.0342
50,10,0.5,2,5,0.5566373260281168,0.022957142587011564,2.1351441452213495,0.141252853307649,20.7343
50,10,0.5,2,10,0.5583795592657477,0.021946176159817695,2.1311415742396522,0.14281851455917552,26.3917
50,10,0.5,5,1,0.5579559785552701,0.022577990615011714,2.1319878617915338,0.1415017753262382,20.8946
50,10,0.5,5,2,0.5540491175621349,0.022634379819596696,2.141200260657661,0.1382898773961733,26.6709
50,10,0.5,5,5,0.5566373260281168,0.02295714258701158,2.1351441452213495,0.14125285330764906,20.1784
50,10,0.5,5,10,0.5583795592657476,0.02194617615981768,2.1311415742396522,0.14281851455917557,25.2356
50,10,0.5,10,1,0.5569504735911427,0.022936574493277545,2.1346182902895574,0.14406501986691084,19.0751
50,10,0.5,10,2,0.5558626424288201,0.019811877267512858,2.1376119584857762,0.1452985048366148,18.8071
50,10,0.5,10,5,0.5566373260281168,0.022957142587011557,2.135144145221349,0.1412528533076489,22.1361
50,10,0.5,10,10,0.5583795592657477,0.021946176159817716,2.1311415742396522,0.14281851455917552,13.516
50,10,0.5,20,1,0.5593214233882532,0.024967251342066604,2.12795085430487,0.13382460673657398,13.3327
50,10,0.5,20,2,0.5579899497060172,0.02149839533863592,2.1319696085959134,0.14058896858128866,13.1004
50,10,0.5,20,5,0.5600296941033539,0.023410015637373126,2.1264491313106846,0.134769005292144,11.4061
50,10,0.5,20,10,0.5583795592657477,0.021946176159817695,2.1311415742396522,0.14281851455917552,11.4379
50,10,1.0,2,1,0.5453191291848881,0.02852557882133098,2.1613042623084016,0.13835551462406998,14.1108
50,10,1.0,2,2,0.5459520319048657,0.027017542723242565,2.1596308955713432,0.1321956894753822,12.8545
50,10,1.0,2,5,0.5536329894588257,0.026524953676977884,2.1417786404066956,0.13918741066201124,11.8873
50,10,1.0,2,10,0.5577471388776971,0.024791815437820594,2.132479314423743,0.14478980049673282,9.4407
50,10,1.0,5,1,0.5468101009841966,0.02573902883050227,2.157994022562348,0.13616874646710633,13.4071
50,10,1.0,5,2,0.5467045995714364,0.02652716434966467,2.1579379333869606,0.132773086444636,15.5553
50,10,1.0,5,5,0.5536329894588257,0.026524953676977908,2.141778640406696,0.13918741066201126,14.6221
50,10,1.0,5,10,0.5577471388776971,0.024791815437820535,2.132479314423743,0.14478980049673276,18.0644
50,10,1.0,10,1,0.5480893007627892,0.024431946644934616,2.1552848857917626,0.13873339530302004,13.9188
50,10,1.0,10,2,0.5496089744996416,0.026288678054349587,2.1510998546863744,0.13379876246534592,13.0417
50,10,1.0,10,5,0.5536329894588257,0.026524953676977894,2.141778640406696,0.13918741066201124,12.1636
50,10,1.0,10,10,0.5577471388776971,0.024791815437820504,2.132479314423743,0.14478980049673285,11.7003
50,10,1.0,20,1,0.5527204899423737,0.024350398829617984,2.1440594379588296,0.1363603827904618,13.1006
50,10,1.0,20,2,0.5536813046362258,0.024579648510244294,2.14153411295585,0.13302476183996412,14.4689
50,10,1.0,20,5,0.5585663069083493,0.024510030624556232,2.1302578604419993,0.14020412188724632,11.4928
50,10,1.0,20,10,0.5577471388776971,0.024791815437820577,2.132479314423743,0.1447898004967327,13.6522
50,20,sqrt,2,1,0.5498258166467215,0.020412947783856418,2.1523001177284966,0.1498487702794918,10.9852
50,20,sqrt,2,2,0.5509372303586979,0.023848937902714615,2.149009980016699,0.14612275299154232,11.8826
50,20,sqrt,2,5,0.555374503849252,0.026070890905862537,2.1380557941386407,0.14565281924567874,9.7503
50,20,sqrt,2,10,0.547606666524272,0.020362383099754564,2.157335704438367,0.14629329569906369,6.7596
50,20,sqrt,5,1,0.5504210544666062,0.02294477988966357,2.1500848096610996,0.1422396111115775,8.98
50,20,sqrt,5,2,0.5504521156605546,0.018206319035944902,2.150689220910019,0.14534116026071645,9.2332
50,20,sqrt,5,5,0.555374503849252,0.02607089090586251,2.1380557941386407,0.14565281924567877,10.0741
50,20,sqrt,5,10,0.547606666524272,0.020362383099754584,2.157335704438367,0.14629329569906366,9.7996
50,20,sqrt,10,1,0.5552275244963528,0.018307005738221766,2.1392363819256297,0.14445851320516662,7.9341
50,20,sqrt,10,2,0.5546138395128668,0.024164604678511222,2.1402418525903664,0.14789351430980568,9.7137
50,20,sqrt,10,5,0.555374503849252,0.02607089090586254,2.1380557941386407,0.14565281924567877,9.703
50,20,sqrt,10,10,0.547606666524272,0.02036238309975454,2.157335704438367,0.14629329569906366,9.1617
50,20,sqrt,20,1,0.5534036103569043,0.02467944236759309,2.1430424907164847,0.14678503402865184,9.2759
50,20,sqrt,20,2,0.5527013060842177,0.01961853738053703,2.14553166745565,0.15055931819544438,7.2735
50,20,sqrt,20,5,0.5539272357560818,0.02109692656809096,2.1420257318715876,0.14475639848611518,8.8599
50,20,sqrt,20,10,0.547606666524272,0.020362383099754577,2.157335704438367,0.14629329569906366,8.5196
50,20,log2,2,1,0.5472531065723808,0.027748861733843697,2.1564600553863116,0.1341165308661596,16.4776
50,20,log2,2,2,0.5519969901501764,0.02265281270109889,2.14630660529206,0.14124927572995627,18.7944
50,20,log2,2,5,0.5595825404135593,0.026275771892491244,2.128049725176937,0.14776680755706917,13.9705
50,20,log2,2,10,0.5581737722210877,0.02124964819444988,2.1319873818642083,0.14661684581720072,12.2148
50,20,log2,5,1,0.5509955814874827,0.02526150465487252,2.148178964578405,0.13791739157318744,15.9872
50,20,log2,5,2,0.5538786860080569,0.02685153468712986,2.140766529989981,0.13365798124614522,15.3661
50,20,log2,5,5,0.5595825404135591,0.026275771892491247,2.128049725176937,0.1477668075570692,10.2589
50,20,log2,5,10,0.5581737722210877,0.021249648194449872,2.1319873818642083,0.14661684581720077,13.1477
50,20,log2,10,1,0.5539104125774914,0.02571421612842699,2.141565161621062,0.1449796953928318,12.915
50,20,log2,10,2,0.5567309729706279,0.024241529317842597,2.1347500176499996,0.14177504937275448,14.5089
50,20,log2,10,5,0.5595825404135594,0.02627577189249122,2.128049725176937,0.14776680755706914,9.9044
50,20,log2,10,10,0.5581737722210877,0.02124964819444988,2.1319873818642088,0.14661684581720066,15.7108
50,20,log2,20,1,0.5587917566502746,0.02065804414260268,2.12998565001231,0.13804044251436862,14.2398
50,20,log2,20,2,0.5579864883579981,0.02271653214403359,2.131848903014633,0.14029272342819973,14.2569
50,20,log2,20,5,0.5590708185795566,0.021447644653932136,2.1294419340606594,0.14136736960197444,15.8827
50,20,log2,20,10,0.5581737722210877,0.021249648194449904,2.1319873818642083,0.14661684581720072,14.9417
50,20,0.5,2,1,0.5466384228015402,0.029717283683610683,2.1577715320970787,0.13468283188749208,17.3753
50,20,0.5,2,2,0.5476859309440809,0.024040183461870174,2.1558016139931064,0.13124848719883941,13.9418
50,20,0.5,2,5,0.555452038504566,0.023785058791900526,2.138043283782911,0.14355200272870583,12.8528
50,20,0.5,2,10,0.557176554142446,0.023062987274420268,2.134494221727868,0.15115564000460982,12.0225
50,20,0.5,5,1,0.5498945523254075,0.02499130728420476,2.1507534906016827,0.13620546877483847,15.9853
50,20,0.5,5,2,0.5547057958117131,0.02433547611408549,2.1393477698733023,0.1373807067240885,16.7643
50,20,0.5,5,5,0.555452038504566,0.02378505879190052,2.138043283782911,0.14355200272870583,16.264
50,20,0.5,5,10,0.557176554142446,0.023062987274420275,2.134494221727868,0.15115564000460993,14.6376
50,20,0.5,10,1,0.5464446990689699,0.024100956122278288,2.1593228837285694,0.1403909491244163,18.1538
50,20,0.5,10,2,0.5547000780266561,0.024796399320218016,2.139360669542495,0.13775565235998855,14.1475
50,20,0.5,10,5,0.555452038504566,0.023785058791900498,2.138043283782911,0.1435520027287058,13.3767
50,20,0.5,10,10,0.557176554142446,0.02306298727442024,2.1344942217278686,0.15115564000460982,13.3736
50,20,0.5,20,1,0.5575371363100586,0.0186734080861531,2.1332489177068497,0.13831859507024888,12.3962
50,20,0.5,20,2,0.5598962576842609,0.021227711905182516,2.1275364332899915,0.14148891098101982,12.4398
50,20,0.5,20,5,0.5584907268167947,0.02172773119493785,2.130870721074716,0.14210964847075433,15.5357
50,20,0.5,20,10,0.557176554142446,0.02306298727442024,2.1344942217278686,0.15115564000460988,13.7415
50,20,1.0,2,1,0.5364747568291249,0.032494532470832733,2.181433539742958,0.13558743309917146,22.0789
50,20,1.0,2,2,0.5380215670105144,0.030566394923517152,2.1777504131525993,0.1296447368640008,21.5285
50,20,1.0,2,5,0.5519199349176735,0.028806262968393104,2.145737060473503,0.14196016923023602,19.4532
50,20,1.0,2,10,0.5568767644471215,0.024897368087791114,2.1345736221774607,0.145104388076673,16.3793
50,20,1.0,5,1,0.5390091184409656,0.031034472558508965,2.1756859280291048,0.13596365656212467,17.0194
50,20,1.0,5,2,0.5389291001933391,0.029284703218836177,2.1758149165171132,0.1300078977609205,21.6328
50,20,1.0,5,5,0.5519199349176735,0.028806262968393122,2.145737060473503,0.14196016923023602,24.3918
50,20,1.0,5,10,0.5568767644471215,0.024897368087791097,2.1345736221774607,0.14510438807667292,18.9413
50,20,1.0,10,1,0.5438236277976298,0.028053484976766675,2.1646466501855692,0.13460388567382378,23.6278
50,20,1.0,10,2,0.5454499762035793,0.028060976853209133,2.160885279772657,0.1357006881704856,22.169
50,20,1.0,10,5,0.5519199349176735,0.028806262968393104,2.145737060473503,0.1419601692302359,25.81
50,20,1.0,10,10,0.5568767644471215,0.024897368087791055,2.1345736221774607,0.145104388076673,17.9464
50,20,1.0,20,1,0.5511723920730128,0.026017547480591832,2.1475828476315986,0.13684078185307638,22.8054
50,20,1.0,20,2,0.5530266114300725,0.025502585981259485,2.142964469950377,0.13274449382139242,23.6588
50,20,1.0,20,5,0.5577297873782044,0.025327002699794935,2.1323628790271245,0.1431965211663433,20.9083
50,20,1.0,20,10,0.5568767644471215,0.02489736808779107,2.1345736221774607,0.14510438807667295,21.8711
100,,sqrt,2,1,0.5527541088255645,0.024015338839386238,2.144445161154219,0.14276516718530746,27.3931
100,,sqrt,2,2,0.5548807399363637,0.022537636404688085,2.1393749158171076,0.14106301620994044,26.1758
100,,sqrt,2,5,0.5557810719623002,0.021940335818162324,2.1376450867164096,0.14624359948753954,25.3707
100,,sqrt,2,10,0.5500019454023214,0.020998755668677316,2.151841520373763,0.15075829934951354,21.8059
100,,sqrt,5,1,0.5514141094768952,0.023802343602455624,2.1475773019641213,0.1414921372072294,22.363
100,,sqrt,5,2,0.5565912401947176,0.020709863350023366,2.135880374320944,0.14708417468470214,22.8159
100,,sqrt,5,5,0.5557810719623002,0.021940335818162342,2.1376450867164096,0.14624359948753946,19.9825
100,,sqrt,5,10,0.5500019454023213,0.020998755668677357,2.1518415203737624,0.15075829934951349,24.1828
100,,sqrt,10,1,0.5564126079815634,0.020118027851411386,2.136044125992571,0.14183564303181534,24.5393
100,,sqrt,10,2,0.5571863453215051,0.019558096342944576,2.134582915738378,0.14697733310760536,23.4331
100,,sqrt,10,5,0.5557810719623003,0.02194033581816239,2.1376450867164096,0.14624359948753957,22.599
100,,sqrt,10,10,0.5500019454023214,0.02099875566867736,2.151841520373763,0.1507582993495136,21.2072
100,,sqrt,20,1,0.5557578233189446,0.021547501897926,2.1377761076098443,0.1470228846856429,20.5759
100,,sqrt,20,2,0.5553708442431187,0.01897583431060013,2.1389377018320195,0.14648624579258412,22.2139
100,,sqrt,20,5,0.5542388823981752,0.021301567839141777,2.1414552443233004,0.1475004954939256,20.1552
100,,sqrt,20,10,0.5500019454023213,0.02099875566867732,2.151841520373763,0.15075829934951343,24.1575
100,,log2,2,1,0.5531091513967543,0.023338908636326892,2.1438855435013764,0.14577515590992135,26.2506
100,,log2,2,2,0.5517304349135179,0.025271454501917947,2.146472312182779,0.1391112799954748,26.5357
100,,log2,2,5,0.5595748153369262,0.02367532060452351,2.128166731055023,0.14418080750042023,20.3676
100,,log2,2,10,0.559027157707426,0.021147873580925895,2.1300048157332334,0.14756167883872615,19.642
100,,log2,5,1,0.5544169837725101,0.026086161547145766,2.1399772499056593,0.14002361537614721,23.0134
100,,log2,5,2,0.5573851389164701,0.022782083277686396,2.133398951246846,0.14154307716210615,19.4797
100,,log2,5,5,0.5595748153369261,0.023675320604523525,2.128166731055023,0.14418080750042028,40.4847
100,,log2,5,10,0.5590271577074261,0.02114787358092591,2.1300048157332325,0.1475616788387261,32.3375
100,,log2,10,1,0.5599002001129617,0.022449041218905032,2.1273531456126613,0.14132613527107832,32.6973
100,,log2,10,2,0.5600127668364439,0.020848325757822254,2.1274137236415465,0.14379090342172424,37.7749
100,,log2,10,5,0.5595748153369262,0.02367532060452355,2.128166731055023,0.14418080750042028,38.2136
100,,log2,10,10,0.5590271577074261,0.021147873580925916,2.1300048157332325,0.14756167883872606,33.903
100,,log2,20,1,0.5592560717171831,0.0186618326095655,2.1292675696648065,0.1405652734324282,40.0358
100,,log2,20,2,0.5610170593861171,0.02107332780698146,2.124787524660261,0.1411564491801737,31.3244
100,,log2,20,5,0.5608178008026277,0.02092608417694045,2.125308751963027,0.14164904928106092,34.3532
100,,log2,20,10,0.5590271577074261,0.021147873580925913,2.1300048157332325,0.14756167883872612,37.1834
100,,0.5,2,1,0.5490518030078,0.02318194597345669,2.1528426126944273,0.13431771029890088,41.1808
100,,0.5,2,2,0.5534500569883645,0.02459165501200843,2.142121464339893,0.1339358366065616,36.6587
100,,0.5,2,5,0.5606479640246261,0.023946642735508665,2.125460465165627,0.14286243033111795,43.6647
100,,0.5,2,10,0.5601317814579022,0.023215031274683367,2.1269315548151533,0.14512731899112868,37.9773
100,,0.5,5,1,0.5543044759553515,0.024599703878883154,2.1406867139652426,0.14315808920080444,44.7136
100,,0.5,5,2,0.5559047422022896,0.02339858112918958,2.1367367435161797,0.13914753098231436,39.0792
100,,0.5,5,5,0.5606479640246261,0.02394664273550864,2.125460465165627,0.14286243033111803,29.3812
100,,0.5,5,10,0.5601317814579022,0.023215031274683395,2.126931554815153,0.14512731899112863,35.7578
100,,0.5,10,1,0.5558509055073301,0.02403236262386148,2.1366602566313224,0.1377030332432554,37.1999
100,,0.5,10,2,0.5588974714804498,0.024557520752139548,2.128980072490159,0.13284570614130395,38.0517
100,,0.5,10,5,0.560647964024626,0.023946642735508634,2.1254604651656273,0.14286243033111815,37.7245
100,,0.5,10,10,0.5601317814579022,0.023215031274683374,2.1269315548151533,0.14512731899112857,44.2029
100,,0.5,20,1,0.5589181617886021,0.017427924659422663,2.1302558087237915,0.14154663440779033,42.7172
100,,0.5,20,2,0.5601214542865258,0.018747921153597188,2.127021813375784,0.1382255905663425,68.88
100,,0.5,20,5,0.5616927803294821,0.020917171809727613,2.123018928128066,0.13886175101415466,51.3917
100,,0.5,20,10,0.5601317814579022,0.023215031274683374,2.126931554815153,0.14512731899112868,37.6351
100,,1.0,2,1,0.5388243747412356,0.029058280346667558,2.1760858346350176,0.1304399904346043,41.1346
100,,1.0,2,2,0.5420764619717902,0.027594735285091054,2.1688625473098453,0.13413069670980385,40.8767
100,,1.0,2,5,0.5539598946183715,0.027319124913120905,2.141050128877662,0.1417765540231342,43.2207
100,,1.0,2,10,0.558031792580337,0.02445634052526438,2.1318804340004016,0.14549575234795006,37.8718
100,,1.0,5,1,0.5413800664748633,0.027815056992121116,2.170287223177523,0.1314326405237556,44.6502
100,,1.0,5,2,0.5427697867558122,0.02759818491605361,2.1672714461653646,0.1348836568129743,43.189
100,,1.0,5,5,0.5539598946183715,0.027319124913120905,2.141050128877662,0.14177655402313424,40.873
100,,1.0,5,10,0.5580317925803371,0.024456340525264346,2.1318804340004016,0.14549575234795012,39.283
100,,1.0,10,1,0.5456749729470745,0.025225374966905946,2.1606596856574236,0.1349094822895347,39.5919
100,,1.0,10,2,0.5487898404864882,0.025831937457018613,2.153182304664239,0.13493816048629204,41.0835
100,,1.0,10,5,0.5539598946183715,0.027319124913120902,2.141050128877662,0.14177655402313424,29.3641
100,,1.0,10,10,0.5580317925803371,0.02445634052526437,2.1318804340004016,0.14549575234795017,28.6349
100,,1.0,20,1,0.5529729585033689,0.022584373546287364,2.1436659452983804,0.13622841382792625,33.9881
100,,1.0,20,2,0.5549063969132316,0.02296647405858053,2.1389059251037335,0.13479460778428484,27.93
100,,1.0,20,5,0.5584611611688741,0.024431925834678365,2.1307039249764266,0.14303497468247384,24.9506
100,,1.0,20,10,0.5580317925803371,0.024456340525264395,2.1318804340004016,0.14549575234795006,26.0114
100,5,sqrt,2,1,0.47741861597416924,0.021619915713046764,2.3196102287645064,0.16847362929685136,18.71
100,5,sqrt,2,2,0.4766646706145713,0.022159271174117732,2.321255326994522,0.16896001071635494,18.3019
100,5,sqrt,2,5,0.4782119489693545,0.023455262848942074,2.3173569073528713,0.16400964315239444,20.2812
100,5,sqrt,2,10,0.47769105704986814,0.02422678174688549,2.3185339283410906,0.16545393931600982,19.3738
100,5,sqrt,5,1,0.47647212765450425,0.02241411775920196,2.3216468202448906,0.16871740496900622,16.0531
100,5,sqrt,5,2,0.4761799233815416,0.021920577461991955,2.322264916883859,0.16783729540608633,16.2924
100,5,sqrt,5,5,0.47821194896935443,0.023455262848942032,2.3173569073528713,0.1640096431523946,17.8257
100,5,sqrt,5,10,0.47769105704986803,0.02422678174688542,2.3185339283410906,0.16545393931600985,18.6269
100,5,sqrt,10,1,0.4763608656848731,0.023203322889098682,2.3215288227881747,0.16458428899506644,22.7595
100,5,sqrt,10,2,0.4766918080526459,0.023335687347209498,2.3206681516398446,0.16296982902520893,22.4123
100,5,sqrt,10,5,0.4782119489693545,0.02345526284894198,2.3173569073528713,0.16400964315239444,21.338
100,5,sqrt,10,10,0.47769105704986814,0.024226781746885494,2.3185339283410906,0.16545393931600993,21.415
100,5,sqrt,20,1,0.47458703627204973,0.023719076437057517,2.3256136718240383,0.16766952229089188,21.3537
100,5,sqrt,20,2,0.47514829394591873,0.02467826330365733,2.3241922277256015,0.1664324416172785,19.2783
100,5,sqrt,20,5,0.4764023399394288,0.024336860090933186,2.321329642160145,0.16472970602104636,17.9848
100,5,sqrt,20,10,0.47769105704986814,0.024226781746885466,2.3185339283410906,0.16545393931600988,16.7237
100,5,log2,2,1,0.5017121999175352,0.02147923833973135,2.2647475579066794,0.16194704862730339,14.7187
100,5,log2,2,2,0.5025803269194874,0.022204361605279128,2.2627589287534122,0.1625325367246929,15.6345
100,5,log2,2,5,0.5030127814711889,0.02263830072822367,2.2617636261117595,0.16310643397230842,15.7966
100,5,log2,2,10,0.5040463058363298,0.022183082704153142,2.259641118149985,0.1652481295402376,15.8573
100,5,log2,5,1,0.5021616353584724,0.022189844357298594,2.2637838867180635,0.16364615014606543,18.5525
100,5,log2,5,2,0.5025933519762928,0.022669321500109963,2.2626954404434203,0.16281322041419677,19.9507
100,5,log2,5,5,0.5030127814711889,0.022638300728223718,2.261763626111759,0.16310643397230826,20.2137
100,5,log2,5,10,0.5040463058363298,0.022183082704153072,2.259641118149985,0.16524812954023754,19.7463
100,5,log2,10,1,0.5011910678948943,0.022081572702817836,2.266021043683792,0.1639424306103038,19.1248
100,5,log2,10,2,0.5018461695367766,0.022270065557647677,2.26443107290869,0.16277844752812803,7.4928
100,5,log2,10,5,0.5030127814711889,0.022638300728223665,2.261763626111759,0.16310643397230837,3.6987
100,5,log2,10,10,0.5040463058363298,0.02218308270415309,2.259641118149985,0.1652481295402376,2.6223
100,5,log2,20,1,0.5009259039018226,0.021515803403134283,2.2668496450136466,0.16605115634375714,10.8843
100,5,log2,20,2,0.5010114792780892,0.021607097083684842,2.26654880785774,0.16458335426880283,17.2008
100,5,log2,20,5,0.5026743521551009,0.021968373528230764,2.262728346752919,0.16441270296529895,18.0809
100,5,log2,20,10,0.5040463058363298,0.022183082704153104,2.259641118149985,0.1652481295402376,12.5341
100,5,0.5,2,1,0.5149884537713852,0.02061411918565641,2.2344300481923876,0.15986123495094398,15.6374
100,5,0.5,2,2,0.5151983462759208,0.021268966454176894,2.2336898948863966,0.15711115888911162,15.4344
100,5,0.5,2,5,0.5174211243480936,0.020427417616630566,2.228599829806992,0.15648432233493573,15.7875
100,5,0.5,2,10,0.5167951157485718,0.02219524503195235,2.229809172536983,0.15629798462260375,12.2194
100,5,0.5,5,1,0.514451592063178,0.020322750326508016,2.2355846818877616,0.1584666326722427,19.7782
100,5,0.5,5,2,0.5150824367777298,0.02086660538641757,2.2340175916948133,0.15754969545157832,20.0108
100,5,0.5,5,5,0.5174211243480936,0.020427417616630587,2.228599829806991,0.15648432233493562,19.2472
100,5,0.5,5,10,0.5167951157485718,0.02219524503195228,2.229809172536983,0.15629798462260366,18.3738
100,5,0.5,10,1,0.5152580622341938,0.0201091321573144,2.2337493756015627,0.15852394472706346,18.6317
100,5,0.5,10,2,0.5154713427299307,0.02071706388649852,2.2330823416068286,0.15679701747192837,18.5954
100,5,0.5,10,5,0.5174211243480937,0.020427417616630555,2.228599829806992,0.15648432233493567,13.9582
100,5,0.5,10,10,0.5167951157485718,0.02219524503195232,2.229809172536983,0.15629798462260366,17.6641
100,5,0.5,20,1,0.5153090458798536,0.02068834208560839,2.233386004101046,0.15621536959965873,17.77
100,5,0.5,20,2,0.5154264552854019,0.02135485241001557,2.232991219223305,0.15538069502525886,17.5396
100,5,0.5,20,5,0.5168180041158796,0.02176327696297567,2.229772933673864,0.15579203083071397,16.5988
100,5,0.5,20,10,0.516795115748572,0.022195245031952318,2.229809172536983,0.15629798462260378,16.9002
100,5,1.0,2,1,0.5304944016815869,0.017024047096564316,2.198245927369941,0.15095831028733778,17.6172
100,5,1.0,2,2,0.5310178553871499,0.017636499550918987,2.196881674268905,0.14970675463502853,19.5122
100,5,1.0,2,5,0.5320014607043728,0.017914879995881414,2.1946671619001266,0.1514935518223159,28.9306
100,5,1.0,2,10,0.5334533642288006,0.018377398619404732,2.19132137033146,0.15295584693101597,32.7794
100,5,1.0,5,1,0.5305935874696086,0.017138448712631277,2.197979248726445,0.15057131766893808,24.0908
100,5,1.0,5,2,0.5309728453888186,0.01770013984776294,2.1969791615971532,0.14967604424316208,28.0825
100,5,1.0,5,5,0.5320014607043728,0.01791487999588141,2.1946671619001257,0.15149355182231591,20.4674
100,5,1.0,5,10,0.5334533642288006,0.01837739861940473,2.19132137033146,0.15295584693101602,20.4317
100,5,1.0,10,1,0.5305824194448718,0.017220489189448216,2.1980218535668987,0.15095187299119636,17.92
100,5,1.0,10,2,0.5310223972134966,0.01771837056271773,2.196869857824727,0.14982208976456943,3.7149
100,5,1.0,10,5,0.5320014607043727,0.017914879995881372,2.1946671619001266,0.15149355182231586,3.3171
100,5,1.0,10,10,0.5334533642288005,0.018377398619404753,2.19132137033146,0.15295584693101594,3.3903
100,5,1.0,20,1,0.5309462212336157,0.017162358815889137,2.197167665544555,0.15076050659316886,3.8417
100,5,1.0,20,2,0.531201741482488,0.01755118333303224,2.196491923780053,0.1501778983016981,4.7567
100,5,1.0,20,5,0.5323189506997397,0.017836550223281924,2.1939215268220496,0.15128290699714375,24.3436
100,5,1.0,20,10,0.5334533642288005,0.018377398619404756,2.19132137033146,0.152955846931016,24.3218
100,10,sqrt,2,1,0.5505037398254398,0.017264124493482677,2.150542536886385,0.14331935389134434,16.3313
100,10,sqrt,2,2,0.5527801642871844,0.020431937425470347,2.145189742741837,0.14957940934421343,21.1569
100,10,sqrt,2,5,0.5532484315516266,0.022108279955488152,2.143899308466604,0.14975248359277582,20.6422
100,10,sqrt,2,10,0.5471504272209862,0.019962405785381897,2.1587404748021446,0.15058341852996354,20.9142
100,10,sqrt,5,1,0.5502841920932758,0.020462450166253494,2.150754856359021,0.14376208680296357,29.325
100,10,sqrt,5,2,0.5542411244675097,0.02020050383825895,2.1414508070573737,0.1452404499468832,22.0783
100,10,sqrt,5,5,0.5532484315516266,0.0221082799554881,2.1438993084666036,0.14975248359277588,28.0411
100,10,sqrt,5,10,0.5471504272209863,0.019962405785381884,2.1587404748021446,0.1505834185299635,22.6562
100,10,sqrt,10,1,0.5525551585751531,0.02098490575009188,2.145178192793227,0.14261150286435434,19.6386
100,10,sqrt,10,2,0.5534882123340867,0.021007887064675667,2.1433300120711216,0.14790161313910843,27.6496
100,10,sqrt,10,5,0.5532484315516266,0.022108279955488086,2.143899308466604,0.14975248359277574,19.1006
100,10,sqrt,10,10,0.5471504272209862,0.01996240578538194,2.1587404748021446,0.15058341852996354,25.9592
100,10,sqrt,20,1,0.5515995474168915,0.021159446581118808,2.147778299783721,0.14718989229689083,18.1863
100,10,sqrt,20,2,0.5507747019071602,0.020978388577952152,2.1496963583376365,0.14625640655890762,23.4584
100,10,sqrt,20,5,0.5507996671450649,0.01987072407249758,2.1497981876696155,0.1471652029574291,23.774
100,10,sqrt,20,10,0.5471504272209863,0.019962405785381897,2.1587404748021446,0.15058341852996354,23.5342
100,10,log2,2,1,0.5548811462346608,0.022706647739111498,2.139661203908037,0.14550201218667153,22.193
100,10,log2,2,2,0.5572968930458077,0.022904650157934615,2.133816228638055,0.1459676103545586,22.7062
100,10,log2,2,5,0.5612938115030077,0.02236916364429419,2.124105042509494,0.1432606184694582,21.8553
100,10,log2,2,10,0.5566889121581264,0.020884715683672454,2.135632919684351,0.14734866052970866,25.379
100,10,log2,5,1,0.556859586570691,0.023514664779827305,2.134357652677946,0.13869884616127287,22.3648
100,10,log2,5,2,0.5566706851040124,0.020014138968764028,2.1355908959270993,0.14463482157605884,27.4058
100,10,log2,5,5,0.5612938115030077,0.022369163644294178,2.124105042509494,0.14326061846945815,20.9366
100,10,log2,5,10,0.5566889121581262,0.02088471568367248,2.135632919684351,0.14734866052970863,25.464
100,10,log2,10,1,0.5571999366374817,0.020319860687318617,2.1341395081096373,0.1423654277992666,27.283
100,10,log2,10,2,0.5595642926028942,0.02138801233259825,2.1283796560301367,0.143343881566662,26.9603
100,10,log2,10,5,0.5612938115030076,0.022369163644294157,2.124105042509494,0.14326061846945803,18.6462
100,10,log2,10,10,0.5566889121581263,0.020884715683672492,2.135632919684351,0.14734866052970863,24.3185
100,10,log2,20,1,0.5580205268124517,0.020036838194899802,2.1318769376245963,0.1374108265508603,24.7843
100,10,log2,20,2,0.5588189796571611,0.019656279876274742,2.1304200509920466,0.14413190083797453,24.1045
100,10,log2,20,5,0.5592751152278309,0.02215170148989633,2.129058340836347,0.14473330853103486,21.3072
100,10,log2,20,10,0.5566889121581264,0.020884715683672464,2.135632919684351,0.14734866052970866,21.118
100,10,0.5,2,1,0.5526172113551584,0.01890374262667782,2.145296026270142,0.142566246576402,22.1221
100,10,0.5,2,2,0.5569881437605168,0.021898012255521262,2.134196055944872,0.13744042268443582,24.1551
100,10,0.5,2,5,0.5586992227199828,0.021113347489578313,2.1304641313868866,0.1424608355858845,32.2564
100,10,0.5,2,10,0.5596307423707592,0.021236514346540187,2.1281265773953497,0.14159161645436438,21.8657
100,10,0.5,5,1,0.5589659123008432,0.02208812135848834,2.129427112190359,0.13828997342952645,27.6496
100,10,0.5,5,2,0.5582028459674924,0.02214509042547759,2.131061509354286,0.13510767359940196,24.4496
100,10,0.5,5,5,0.5586992227199827,0.021113347489578327,2.1304641313868866,0.14246083558588452,24.2086
100,10,0.5,5,10,0.5596307423707592,0.02123651434654014,2.1281265773953497,0.1415916164543644,25.1492
100,10,0.5,10,1,0.559951754232063,0.02134305771154176,2.127372669693983,0.14135011326257071,24.4291
100,10,0.5,10,2,0.5585694063628803,0.01942304255478764,2.1310371247265985,0.14360272929004209,24.1896
100,10,0.5,10,5,0.5586992227199827,0.021113347489578323,2.130464131386887,0.14246083558588446,25.8588
100,10,0.5,10,10,0.5596307423707592,0.021236514346540173,2.128126577395349,0.14159161645436447,21.8998
100,10,0.5,20,1,0.560850948988314,0.02324702216845602,2.124592194701927,0.13573503625111374,23.3907
100,10,0.5,20,2,0.5600412496978405,0.022228456809092068,2.1269451953762504,0.1407362924988429,22.762
100,10,0.5,20,5,0.5615808468290273,0.021563653070434174,2.122938590663271,0.13495404881060286,32.5757
100,10,0.5,20,10,0.5596307423707592,0.021236514346540194,2.128126577395349,0.1415916164543645,36.3891
100,10,1.0,2,1,0.5478337116771567,0.02458088944313884,2.1556626188309655,0.13524324200735235,34.4713
100,10,1.0,2,2,0.5485578421955688,0.02428456353955118,2.1538521073676606,0.13358639965664415,45.5891
100,10,1.0,2,5,0.5562385401411589,0.025156237576814025,2.1357108939601313,0.13933839112642413,29.6635
100,10,1.0,2,10,0.558785927624419,0.02421268008966798,2.1300217545901345,0.14441147550621405,38.3121
100,10,1.0,5,1,0.548566624102522,0.023124677443617375,2.154010500614364,0.1341652564641675,38.9462
100,10,1.0,5,2,0.549163861123773,0.0247604013479991,2.152347139262346,0.13354133143022423,39.6211
100,10,1.0,5,5,0.5562385401411589,0.025156237576813994,2.135710893960132,0.1393383911264241,32.6517
100,10,1.0,5,10,0.558785927624419,0.024212680089667996,2.1300217545901345,0.144411475506214,31.9928
100,10,1.0,10,1,0.5500561325725613,0.022423753488193282,2.150604190699227,0.13520855652561378,32.8281
100,10,1.0,10,2,0.551784654305682,0.02430329154079919,2.146173873369756,0.1342072719490355,33.7321
100,10,1.0,10,5,0.5562385401411589,0.025156237576814018,2.1357108939601313,0.13933839112642402,32.4523
100,10,1.0,10,10,0.558785927624419,0.024212680089667996,2.1300217545901345,0.14441147550621405,23.1709
100,10,1.0,20,1,0.5540929448577884,0.021115152131888523,2.1410607098521597,0.13486375764922787,38.6697
100,10,1.0,20,2,0.5547620832913409,0.022181745558321368,2.1393203611785356,0.1345147564927375,36.3498
100,10,1.0,20,5,0.5591057222078434,0.023360283113420564,2.1291315577452075,0.14078289902121682,36.3685
100,10,1.0,20,10,0.558785927624419,0.02421268008966793,2.1300217545901345,0.14441147550621392,38.2637
100,20,sqrt,2,1,0.5528743474273685,0.02234831042751405,2.144819311295817,0.15005732537548477,30.4995
100,20,sqrt,2,2,0.5544488192254811,0.02164079015965329,2.1408748485759053,0.14607636122297546,35.3001
100,20,sqrt,2,5,0.5558709426985335,0.021681640864559367,2.1375139093710795,0.14697157355690801,28.5317
100,20,sqrt,2,10,0.5500019454023213,0.020998755668677326,2.151841520373763,0.1507582993495136,25.5493
100,20,sqrt,5,1,0.5549898729953462,0.021638914347236568,2.1390971465706867,0.13851907811414946,24.5807
100,20,sqrt,5,2,0.5552232154951915,0.018511288778606416,2.138967319538864,0.14073724976602872,31.9615
100,20,sqrt,5,5,0.5558709426985335,0.02168164086455936,2.1375139093710795,0.14697157355690807,30.4801
100,20,sqrt,5,10,0.5500019454023214,0.02099875566867733,2.151841520373763,0.1507582993495135,22.6813
100,20,sqrt,10,1,0.5571416064366148,0.01953472025930548,2.134468372557084,0.14391133429118547,29.9879
100,20,sqrt,10,2,0.5580195705138872,0.02119440411908388,2.132389807567511,0.1470468826768429,24.1172
100,20,sqrt,10,5,0.5558709426985335,0.021681640864559402,2.1375139093710795,0.14697157355690807,22.5701
100,20,sqrt,10,10,0.5500019454023213,0.020998755668677295,2.151841520373763,0.1507582993495134,26.4517
100,20,sqrt,20,1,0.5557391466943289,0.02096927673016557,2.1378004420095165,0.1456447625942457,25.6241
100,20,sqrt,20,2,0.5560115678775822,0.01878728511043449,2.1374324315393194,0.1466854733446649,36.4432
100,20,sqrt,20,5,0.5542291020372978,0.021290993409846,2.1415100783385927,0.14790711355512767,35.8294
100,20,sqrt,20,10,0.5500019454023214,0.020998755668677347,2.151841520373763,0.1507582993495136,24.7577
100,20,log2,2,1,0.5519824975603213,0.025030015214900992,2.1456416667348526,0.1348858782149316,35.8574
100,20,log2,2,2,0.5554638409422404,0.022383375570036494,2.1379749585681225,0.14023712676202923,33.2963
100,20,log2,2,5,0.5594860781341439,0.02375024569300514,2.12845589092654,0.1453404644758957,25.7402
100,20,log2,2,10,0.5590271577074261,0.021147873580925926,2.1300048157332334,0.1475616788387262,33.2607
100,20,log2,5,1,0.5547060114895302,0.023375331285738307,2.1394592609914316,0.13691914433296612,31.5407
100,20,log2,5,2,0.556614308484885,0.02517164906341124,2.1346474230839747,0.1373486303831448,30.4942
100,20,log2,5,5,0.5594860781341439,0.023750245693005097,2.12845589092654,0.14534046447589571,22.1933
100,20,log2,5,10,0.559027157707426,0.02114787358092591,2.1300048157332325,0.14756167883872606,28.2459
100,20,log2,10,1,0.5580131209168078,0.02296278748443589,2.1319587162039104,0.14335343450552498,27.5898
100,20,log2,10,2,0.5588598441750623,0.02296021247596837,2.1298428186927496,0.1425744777693567,27.307
100,20,log2,10,5,0.5594860781341439,0.02375024569300511,2.12845589092654,0.1453404644758956,28.4086
100,20,log2,10,10,0.559027157707426,0.021147873580925874,2.1300048157332325,0.1475616788387262,27.7799
100,20,log2,20,1,0.560087728049313,0.018753434284382368,2.127122108853052,0.1385896564026025,26.0138
100,20,log2,20,2,0.5604960921012131,0.02096738382638502,2.126043470567681,0.1410353424212687,32.4666
100,20,log2,20,5,0.5608174910081618,0.020764562395784527,2.125285029820886,0.1410060672008642,22.8844
100,20,log2,20,10,0.5590271577074261,0.021147873580925916,2.1300048157332334,0.1475616788387262,29.7503
100,20,0.5,2,1,0.5507365309565462,0.02537266492019666,2.148601708939688,0.13467995808866104,33.0746
100,20,0.5,2,2,0.552894901019192,0.023111010177157564,2.1438336123520094,0.13676748809186265,35.5099
100,20,0.5,2,5,0.5600660539382294,0.0238285406440769,2.1268977785993846,0.14310586236521214,26.005
100,20,0.5,2,10,0.560170616796383,0.02315941563932991,2.1268407489067838,0.1450734908323974,28.5259
100,20,0.5,5,1,0.5523393720986218,0.023225150203060735,2.1451136677010303,0.13616868108280206,30.327
100,20,0.5,5,2,0.5562260838194646,0.024606629876851128,2.1356554569781174,0.13680775339052292,28.8253
100,20,0.5,5,5,0.5600660539382294,0.023828540644076888,2.1268977785993846,0.14310586236521214,31.7538
100,20,0.5,5,10,0.560170616796383,0.023159415639329925,2.1268407489067838,0.14507349083239746,24.0734
100,20,0.5,10,1,0.5528612652774333,0.023373470034364775,2.1438763183672735,0.13689179042655789,40.4512
100,20,0.5,10,2,0.5590800577814756,0.02465217614700062,2.1290853183145613,0.14124423047330043,42.2735
100,20,0.5,10,5,0.5600660539382294,0.02382854064407689,2.1268977785993846,0.14310586236521214,48.7709
100,20,0.5,10,10,0.560170616796383,0.023159415639329935,2.1268407489067838,0.14507349083239743,33.7232
100,20,0.5,20,1,0.5594427831500798,0.017636562580748243,2.128923848775696,0.14075172244316858,50.6051
100,20,0.5,20,2,0.5608258156031128,0.0194344293876404,2.125168070891083,0.13706735904246817,46.3447
100,20,0.5,20,5,0.5613761641588851,0.020914977118171755,2.1237183361272907,0.13786287833340902,36.6743
100,20,0.5,20,10,0.560170616796383,0.02315941563932989,2.1268407489067838,0.1450734908323975,46.2365
100,20,1.0,2,1,0.5395651747677328,0.029065206296800653,2.1742682487496245,0.12908212018367923,59.9284
100,20,1.0,2,2,0.5418544803672419,0.027539200694497664,2.169391135630591,0.1340505882146992,60.0106
100,20,1.0,2,5,0.5539622324981714,0.02730188690669755,2.1410455774327226,0.14176108507926843,51.1542
100,20,1.0,2,10,0.5580323856443536,0.02445542176785501,2.131879138801255,0.14549607247734056,39.6311
100,20,1.0,5,1,0.5422100526016893,0.0277289757564805,2.168284954485199,0.13056204842598024,60.4844
100,20,1.0,5,2,0.542868895139966,0.02790107077147012,2.1669266823902182,0.133831461130791,57.5103
100,20,1.0,5,5,0.5539622324981714,0.027301886906697565,2.1410455774327226,0.14176108507926835,44.1443
100,20,1.0,5,10,0.5580323856443536,0.024455421767854986,2.131879138801255,0.1454960724773405,49.8214
100,20,1.0,10,1,0.5461373735726729,0.025379653457468513,2.1594263758018513,0.13315414249445226,49.9021
100,20,1.0,10,2,0.5485814217260756,0.026093928343984146,2.1536961848209346,0.13575762122552248,48.5627
100,20,1.0,10,5,0.5539622324981714,0.027301886906697583,2.141045577432723,0.14176108507926843,46.5425
100,20,1.0,10,10,0.5580323856443536,0.024455421767855045,2.131879138801255,0.14549607247734053,50.0166
100,20,1.0,20,1,0.5528821129754101,0.022572112716397637,2.143859930535231,0.13586786048034982,54.9861
100,20,1.0,20,2,0.5549232704651044,0.02295447067805756,2.1388554648831817,0.13464463202751384,50.1963
100,20,1.0,20,5,0.5584627496009459,0.02443036661530528,2.1307004524932522,0.14303761633891496,45.2398
100,20,1.0,20,10,0.5580323856443536,0.02445542176785505,2.131879138801255,0.14549607247734048,49.2766
200,,sqrt,2,1,0.5550395091289577,0.022872784907087874,2.139306881482643,0.14577508162801106,65.4329
200,,sqrt,2,2,0.5565925145813855,0.023220279335864083,2.1354634899089233,0.14506850828114537,47.5329
200,,sqrt,2,5,0.5575570397598402,0.021829271174910608,2.1335131126941183,0.14825196832793822,63.1122
200,,sqrt,2,10,0.551354585697005,0.020334426984011895,2.1486846672780437,0.1504802754385608,49.1245
200,,sqrt,5,1,0.5537745501389567,0.024740717120777748,2.1419294167629555,0.14350438180709293,57.7283
200,,sqrt,5,2,0.5578998138545281,0.021840959798439464,2.1325763358502305,0.14616578157672214,66.0388
200,,sqrt,5,5,0.5575570397598401,0.02182927117491061,2.1335131126941183,0.14825196832793827,56.1662
200,,sqrt,5,10,0.551354585697005,0.020334426984011868,2.1486846672780437,0.15048027543856088,47.8357
200,,sqrt,10,1,0.5558760832434463,0.019587615454839544,2.137552857427392,0.14459539498293827,54.577
200,,sqrt,10,2,0.5583007201165507,0.02020356306612481,2.1317971397582887,0.14641450428668462,50.356
200,,sqrt,10,5,0.5575570397598402,0.021829271174910608,2.1335131126941183,0.14825196832793824,53.4614
200,,sqrt,10,10,0.551354585697005,0.020334426984011823,2.148684667278044,0.15048027543856088,63.6439
200,,sqrt,20,1,0.5562990326070676,0.021141761284220857,2.136513498914084,0.1468514682138457,56.5714
200,,sqrt,20,2,0.5560320438783128,0.01988276510248868,2.1371013855827976,0.14405611488657993,55.4089
200,,sqrt,20,5,0.5549167956904756,0.02082696877748607,2.1398054426617303,0.14645193598766418,52.277
200,,sqrt,20,10,0.551354585697005,0.02033442698401184,2.1486846672780437,0.15048027543856088,53.7312
200,,log2,2,1,0.5547787584500832,0.02356731706101546,2.139712181757136,0.1437133341418791,55.8719
200,,log2,2,2,0.5549117150872875,0.024261666488840167,2.1390709156764958,0.14013782856687237,52.815
200,,log2,2,5,0.5608435650483938,0.022941271144218105,2.1253458496390296,0.1464609066399832,58.8081
200,,log2,2,10,0.5586256138687874,0.020542806035256343,2.131120823146626,0.1487363544545984,56.4744
200,,log2,5,1,0.5561397760701391,0.025038375025191528,2.1360824265157548,0.14133494192958587,58.0572
200,,log2,5,2,0.5583756414786989,0.02258167111528852,2.130751155991191,0.13707785001345907,57.0284
200,,log2,5,5,0.5608435650483938,0.022941271144218105,2.1253458496390296,0.14646090663998318,51.5047
200,,log2,5,10,0.5586256138687875,0.02054280603525633,2.131120823146626,0.14873635445459849,50.9854
200,,log2,10,1,0.5612023898520259,0.022426203173175896,2.1243963149544847,0.1440280653102682,51.8139
200,,log2,10,2,0.559902001691138,0.020943098092886973,2.127604629548118,0.1427800128472858,61.363
200,,log2,10,5,0.5608435650483938,0.022941271144218095,2.1253458496390296,0.14646090663998312,62.3408
200,,log2,10,10,0.5586256138687874,0.020542806035256364,2.131120823146626,0.14873635445459849,42.9524
200,,log2,20,1,0.5602141976446314,0.019421247285016433,2.126899104887981,0.14096800041844904,60.4201
200,,log2,20,2,0.5617902278291538,0.020577184600830113,2.12300865222173,0.1415514897983901,50.8368
200,,log2,20,5,0.5614444237919798,0.020490860441306227,2.1239252783596,0.14307277118154846,49.8356
200,,log2,20,10,0.5586256138687875,0.020542806035256333,2.131120823146626,0.1487363544545985,59.0717
200,,0.5,2,1,0.5511813041722105,0.021981448548798018,2.148107420181406,0.13728485258515524,46.2071
200,,0.5,2,2,0.5548440568668964,0.02396147060029013,2.138892495923563,0.13430808448812764,7.7022
200,,0.5,2,5,0.5611929926290121,0.023657897701761993,2.124130292690269,0.14180598749216122,8.2894
200,,0.5,2,10,0.5605065511717551,0.022530325718103823,2.1260319033345936,0.14394156424149412,8.5906
200,,0.5,5,1,0.5541414148699204,0.02463915578237212,2.140776126648959,0.13889410880542352,10.1533
200,,0.5,5,2,0.5565458973745219,0.02289820120153022,2.135286740258361,0.13981511287587794,9.5862
200,,0.5,5,5,0.5611929926290121,0.02365789770176201,2.124130292690269,0.1418059874921612,8.5585
200,,0.5,5,10,0.5605065511717551,0.022530325718103796,2.1260319033345936,0.14394156424149396,8.9313
200,,0.5,10,1,0.5573129055843796,0.022586201743031185,2.1334086907241634,0.1387228311968202,7.3322
200,,0.5,10,2,0.5605584675984613,0.023479798618164335,2.1252880389232214,0.13597009064325433,8.8204
200,,0.5,10,5,0.5611929926290121,0.023657897701762007,2.124130292690269,0.14180598749216117,7.56
200,,0.5,10,10,0.5605065511717551,0.0225303257181038,2.1260319033345936,0.143941564241494,7.628
200,,0.5,20,1,0.5606216723805619,0.019187454255495614,2.1259581441559403,0.1411795440705115,8.8438
200,,0.5,20,2,0.5614821294755906,0.019690705452515705,2.123751855523346,0.1400437913478288,7.2661
200,,0.5,20,5,0.5620568965009249,0.020618379906611067,2.1223008841940407,0.14077317901952496,4.2173
200,,0.5,20,10,0.5605065511717551,0.022530325718103837,2.1260319033345936,0.14394156424149387,4.1425
200,,1.0,2,1,0.5411362741172079,0.027818278358502466,2.171117092271259,0.13537957016053576,7.5637
200,,1.0,2,2,0.5437442975798898,0.027513402207171505,2.164966430255419,0.1350873908267745,6.6335
200,,1.0,2,5,0.5542675765929369,0.02701133664478931,2.140213885508829,0.1397277772419635,5.3696
200,,1.0,2,10,0.5582006723643043,0.024498646918081856,2.131363863059798,0.14400940704937668,4.962
200,,1.0,5,1,0.5431930245294562,0.026524528404837194,2.1663762454297535,0.1347152503586407,6.7357
200,,1.0,5,2,0.5443661063033561,0.027358773337601627,2.1635485889512913,0.1355957547532189,7.5646
200,,1.0,5,5,0.5542675765929369,0.02701133664478927,2.140213885508829,0.1397277772419635,6.2898
200,,1.0,5,10,0.5582006723643043,0.024498646918081884,2.131363863059798,0.14400940704937665,4.9225
200,,1.0,10,1,0.5479808424704353,0.024803000592883935,2.155345477806343,0.13673914045859528,6.5136
200,,1.0,10,2,0.5497371942875985,0.0256359301981973,2.1509651640691416,0.13526878870448383,5.7093
200,,1.0,10,5,0.5542675765929369,0.027011336644789306,2.140213885508829,0.1397277772419635,5.4418
200,,1.0,10,10,0.5582006723643043,0.024498646918081856,2.131363863059798,0.14400940704937668,5.4686
200,,1.0,20,1,0.5539466966600178,0.022949900901160475,2.1413447438300235,0.13712440686419416,5.8829
200,,1.0,20,2,0.555457139965692,0.02251952126178329,2.1377031064613226,0.13605463591119224,5.9602
200,,1.0,20,5,0.5582783811983818,0.024271663816131838,2.131012975621855,0.14096746009855077,5.7315
200,,1.0,20,10,0.5582006723643043,0.024498646918081887,2.131363863059798,0.1440094070493767,4.8584
200,5,sqrt,2,1,0.4765928048643273,0.02130739301972086,2.321415558425951,0.16806144389767666,3.7816
200,5,sqrt,2,2,0.47742586643961626,0.022150339562461336,2.31953532066391,0.16863838693019698,3.8919
200,5,sqrt,2,5,0.4788705081076756,0.021633796880849404,2.3161429364082884,0.1651872121242063,3.6269
200,5,sqrt,2,10,0.4785267855259893,0.023588562492678062,2.3167537151208437,0.16579591635783172,3.5827
200,5,sqrt,5,1,0.47645120320945844,0.02175771585395369,2.3217402325793235,0.16881103495722255,3.9265
200,5,sqrt,5,2,0.4767997331302486,0.021824783912631554,2.320928706846978,0.16835439039312605,3.9871
200,5,sqrt,5,5,0.47887050810767573,0.021633796880849463,2.3161429364082884,0.1651872121242063,3.7346
200,5,sqrt,5,10,0.47852678552598926,0.023588562492678013,2.316753715120844,0.16579591635783186,4.1238
200,5,sqrt,10,1,0.4766735212079675,0.02188487783270789,2.3210852986176347,0.16659646626391364,3.6914
200,5,sqrt,10,2,0.4773977928230919,0.022072790421790566,2.319448279744903,0.1663405990463032,3.8486
200,5,sqrt,10,5,0.47887050810767573,0.021633796880849484,2.3161429364082884,0.1651872121242064,3.7947
200,5,sqrt,10,10,0.4785267855259893,0.023588562492678017,2.316753715120844,0.16579591635783186,3.7271
200,5,sqrt,20,1,0.47541842251257016,0.022624506295239523,2.3238276399134166,0.1670873138516342,3.5339
200,5,sqrt,20,2,0.4760036882538524,0.02352031093283463,2.3223941326254844,0.16631677959181182,3.7816
200,5,sqrt,20,5,0.47763679306862905,0.022937235133387912,2.318792149818196,0.16576812127182514,3.7193
200,5,sqrt,20,10,0.47852678552598926,0.02358856249267793,2.316753715120844,0.16579591635783186,3.5858
200,5,log2,2,1,0.5015063506912083,0.022031983375273116,2.26507012949151,0.16047288541198487,3.8924
200,5,log2,2,2,0.5021696389866388,0.022177190439986845,2.2635904854020157,0.16104974628323676,3.7614
200,5,log2,2,5,0.5032283839885766,0.022304214530407623,2.261339659631443,0.16365935561182635,3.6958
200,5,log2,2,10,0.5039288288605259,0.02157835147409818,2.2598854577736383,0.1642414940087892,3.5853
200,5,log2,5,1,0.5014736561626096,0.021792917339628785,2.265289569916521,0.1622047518539384,3.7051
200,5,log2,5,2,0.5017488650306228,0.02197797755365969,2.264594237950398,0.16146951709089857,3.5598
200,5,log2,5,5,0.5032283839885766,0.022304214530407675,2.261339659631443,0.16365935561182632,3.7365
200,5,log2,5,10,0.5039288288605259,0.021578351474098163,2.2598854577736387,0.16424149400878926,3.6156
200,5,log2,10,1,0.5013773926299447,0.0214580101153694,2.265640513070368,0.1638601330280523,3.821
200,5,log2,10,2,0.5018231734515323,0.021789541033678975,2.2645403741948504,0.16310288619834365,3.7524
200,5,log2,10,5,0.5032283839885766,0.022304214530407648,2.261339659631443,0.16365935561182635,3.8188
200,5,log2,10,10,0.5039288288605259,0.021578351474098163,2.2598854577736387,0.1642414940087893,3.7497
200,5,log2,20,1,0.5008644973290082,0.021016163399421247,2.2668661532306507,0.16396486426129397,3.7102
200,5,log2,20,2,0.5011660738266236,0.02092088193379539,2.2660998067341738,0.16261046410861993,3.7261
200,5,log2,20,5,0.5030783912884709,0.02145866064987963,2.261738001363854,0.16295204580266648,3.6689
200,5,log2,20,10,0.5039288288605259,0.02157835147409815,2.2598854577736387,0.16424149400878918,3.768
200,5,0.5,2,1,0.515393902684992,0.01998007588965797,2.2334521301430987,0.15860371142121296,3.7384
200,5,0.5,2,2,0.5158455824005214,0.020444274406069003,2.2322714031216893,0.15722073428189506,3.7364
200,5,0.5,2,5,0.5174376840259788,0.020529497700471137,2.2286176047930972,0.15757213103118775,3.7128
200,5,0.5,2,10,0.5171090812862373,0.021454688776248818,2.2293627913650624,0.15892985680053617,3.9204
200,5,0.5,5,1,0.5150668784373105,0.019356926954047796,2.2342175382794274,0.15804324610362006,3.8916
200,5,0.5,5,2,0.5155498068257416,0.019920706776032526,2.2329785455804303,0.15694788369692314,3.8714
200,5,0.5,5,5,0.5174376840259789,0.02052949770047109,2.228617604793097,0.15757213103118767,3.6795
200,5,0.5,5,10,0.5171090812862373,0.021454688776248818,2.229362791365062,0.15892985680053612,3.8089
200,5,0.5,10,1,0.5158424713474895,0.019863841746265844,2.2324589171534184,0.15901086616323873,3.5911
200,5,0.5,10,2,0.5158721021894641,0.02038478088028894,2.2322714927584397,0.1580443963846655,3.6131
200,5,0.5,10,5,0.5174376840259789,0.020529497700471105,2.2286176047930972,0.1575721310311876,3.5892
200,5,0.5,10,10,0.5171090812862373,0.02145468877624881,2.229362791365062,0.15892985680053606,3.7629
200,5,0.5,20,1,0.5155796878129005,0.02074032778804377,2.232914866826351,0.15823660952333146,3.6751
200,5,0.5,20,2,0.5155011245447998,0.02118870523473894,2.233024161654981,0.15791802916318026,3.7082
200,5,0.5,20,5,0.5166646303182338,0.021634316831980634,2.230288635733255,0.15772691721137272,3.7112
200,5,0.5,20,10,0.5171090812862373,0.021454688776248843,2.229362791365062,0.1589298568005361,3.7648
200,5,1.0,2,1,0.5314176307614134,0.0172449469294238,2.196059332800934,0.1507433691037608,4.1353
200,5,1.0,2,2,0.5316524969656646,0.017873699888071623,2.1953477644656405,0.14927408120557006,4.1042
200,5,1.0,2,5,0.5328137757561731,0.018299267755614,2.192612442185481,0.1497390216889709,3.9626
200,5,1.0,2,10,0.5338239176866699,0.01873417995502661,2.1903204779022323,0.15149701810932095,4.1756
200,5,1.0,5,1,0.5314164633422076,0.017368931910714123,2.1960466005037667,0.15067542295690922,4.4962
200,5,1.0,5,2,0.5316451951879946,0.017891718932313633,2.1953670822094304,0.1493250211658768,4.0092
200,5,1.0,5,5,0.5328137757561731,0.018299267755614003,2.192612442185481,0.14973902168897094,3.923
200,5,1.0,5,10,0.5338239176866698,0.01873417995502661,2.1903204779022323,0.15149701810932095,4.1751
200,5,1.0,10,1,0.5314635834882389,0.017536072054487366,2.1959426263085478,0.15102102524884775,4.1365
200,5,1.0,10,2,0.531778238045226,0.017993736884181395,2.1950522240801758,0.14943124197467744,3.9459
200,5,1.0,10,5,0.5328137757561731,0.018299267755613975,2.192612442185481,0.1497390216889709,4.0732
200,5,1.0,10,10,0.5338239176866698,0.018734179955026645,2.190320477902232,0.15149701810932095,4.0987
200,5,1.0,20,1,0.5317508712413921,0.01749031001810518,2.1952816662076917,0.15111922598398272,4.1868
200,5,1.0,20,2,0.5319338211317455,0.017871870664951186,2.194728051854991,0.14987269888244512,4.1942
200,5,1.0,20,5,0.5331209726977718,0.018216691409659914,2.1919277451072587,0.1501185749696691,4.0036
200,5,1.0,20,10,0.5338239176866699,0.018734179955026624,2.1903204779022323,0.15149701810932095,4.161
200,10,sqrt,2,1,0.5530518306429907,0.018266898680907993,2.144495163738717,0.14535857984398973,3.8015
200,10,sqrt,2,2,0.5535755962075463,0.02143096433479423,2.1432520494177925,0.15072181865414125,3.6995
200,10,sqrt,2,5,0.553286336227267,0.02129370453149181,2.1438746611860817,0.14923993643202235,3.6905
200,10,sqrt,2,10,0.548237696321406,0.020212064794757463,2.1563284615795237,0.15342560601533545,3.7885
200,10,sqrt,5,1,0.5516765538832006,0.018534308366179683,2.1477081902273643,0.14476145751063108,3.8024
200,10,sqrt,5,2,0.5543489245584539,0.020059717685335914,2.141307845338903,0.14704303303495292,3.6498
200,10,sqrt,5,5,0.553286336227267,0.021293704531491816,2.1438746611860813,0.1492399364320223,3.6258
200,10,sqrt,5,10,0.548237696321406,0.020212064794757467,2.1563284615795237,0.1534256060153354,3.616
200,10,sqrt,10,1,0.5530534161035379,0.02119840810910068,2.1440776923649927,0.14446055839343805,3.8508
200,10,sqrt,10,2,0.5539035453366975,0.019855270507599845,2.142446111765516,0.14775434632295303,3.6503
200,10,sqrt,10,5,0.553286336227267,0.02129370453149182,2.143874661186082,0.14923993643202235,3.7444
200,10,sqrt,10,10,0.548237696321406,0.020212064794757442,2.1563284615795237,0.15342560601533542,3.6307
200,10,sqrt,20,1,0.5517118417684201,0.02014919390310558,2.1477599073839255,0.14938560536067833,4.2555
200,10,sqrt,20,2,0.5519398046133579,0.02040796837696083,2.1470323353550533,0.14729495918229987,3.9097
200,10,sqrt,20,5,0.5519570521518247,0.019955648716535643,2.1472188146263496,0.14991066012303778,3.8071
200,10,sqrt,20,10,0.548237696321406,0.020212064794757414,2.1563284615795237,0.15342560601533545,3.7792
200,10,log2,2,1,0.5560141687602411,0.02134171031691886,2.137078349226266,0.1450299613767846,4.3791
200,10,log2,2,2,0.5580278170662455,0.0219564928148897,2.1319476573144405,0.14217420153301344,3.9559
200,10,log2,2,5,0.5609025170263521,0.021119020871329268,2.1252465266706198,0.14391859229785237,4.2389
200,10,log2,2,10,0.5578199468277408,0.02139569776533244,2.1328465739084783,0.14728327715675082,4.0289
200,10,log2,5,1,0.5568543736693148,0.022660485332078286,2.1345583091756515,0.14001141838571046,4.1324
200,10,log2,5,2,0.5579902320466605,0.019866323229125828,2.132451676434676,0.1447365194960026,4.1175
200,10,log2,5,5,0.5609025170263521,0.02111902087132922,2.1252465266706198,0.14391859229785248,3.9234
200,10,log2,5,10,0.5578199468277409,0.02139569776533242,2.1328465739084788,0.14728327715675074,4.0326
200,10,log2,10,1,0.559325629602549,0.020577475064716088,2.129191833655326,0.1452723105923613,4.2115
200,10,log2,10,2,0.5592438121537106,0.021290454715630156,2.129115923171722,0.1425448062155756,4.051
200,10,log2,10,5,0.5609025170263521,0.021119020871329233,2.1252465266706198,0.14391859229785262,4.0719
200,10,log2,10,10,0.5578199468277408,0.02139569776533244,2.1328465739084788,0.14728327715675077,3.847
200,10,log2,20,1,0.5582602359513589,0.019810533936759456,2.131606139670393,0.14167631623732205,4.5545
200,10,log2,20,2,0.5598868960009059,0.019753429630992823,2.127708979233145,0.1422021074539577,4.1191
200,10,log2,20,5,0.5592611217774099,0.02177252043916103,2.12913077609183,0.14447154717335825,3.808
200,10,log2,20,10,0.5578199468277409,0.02139569776533241,2.1328465739084783,0.14728327715675094,4.0559
200,10,0.5,2,1,0.5543583069836645,0.022161470407870493,2.140747501202388,0.14188306413589047,4.3892
200,10,0.5,2,2,0.5588118166371353,0.02121837273546635,2.1301921260944368,0.14222900579871156,4.317
200,10,0.5,2,5,0.5593122156391257,0.02185198302136773,2.128942253224797,0.1430312975666826,4.2621
200,10,0.5,2,10,0.5605596298035171,0.021106444397048195,2.126157247942198,0.14535099613720032,4.0155
200,10,0.5,5,1,0.5595280591170173,0.02160108951443426,2.128344045713349,0.14138990601873144,4.5751
200,10,0.5,5,2,0.558312674320846,0.022941769805456008,2.1308251133420746,0.13702868620762212,4.1129
200,10,0.5,5,5,0.5593122156391257,0.021851983021367778,2.128942253224797,0.14303129756668256,4.3131
200,10,0.5,5,10,0.560559629803517,0.021106444397048285,2.126157247942198,0.14535099613720034,4.4239
200,10,0.5,10,1,0.5602462384024045,0.02256338366813733,2.1266290845343128,0.142967375355233,4.3117
200,10,0.5,10,2,0.5603012898637527,0.02014195451677993,2.126749763160088,0.14305781062774428,4.1299
200,10,0.5,10,5,0.5593122156391257,0.021851983021367757,2.1289422532247975,0.14303129756668256,4.16
200,10,0.5,10,10,0.560559629803517,0.021106444397048257,2.126157247942198,0.14535099613720032,4.3315
200,10,0.5,20,1,0.5606304582395547,0.0224027087841474,2.1253125035786358,0.13732842375209647,4.4591
200,10,0.5,20,2,0.5610116801167803,0.02087422284208171,2.1247934625439853,0.14103610307537146,4.3554
200,10,0.5,20,5,0.5618097685600733,0.021207824580880344,2.1226270719428757,0.13799776507530673,4.8272
200,10,0.5,20,10,0.560559629803517,0.021106444397048275,2.126157247942198,0.14535099613720032,4.8925
200,10,1.0,2,1,0.5494996492238048,0.023594048559451526,2.151944098429759,0.1376010470683953,5.6134
200,10,1.0,2,2,0.5497736162156253,0.023490294327098198,2.151222377673355,0.13652559615213472,5.501
200,10,1.0,2,5,0.5562905614965147,0.025322586480824392,2.135532577602139,0.1389784024538924,5.4609
200,10,1.0,2,10,0.5586969288434198,0.02426017688108188,2.1301350238137,0.1430666750651302,5.1189
200,10,1.0,5,1,0.5495959801146012,0.02271730339739361,2.151772221279128,0.13705128175972991,5.6353
200,10,1.0,5,2,0.5505578365806836,0.02374865057460954,2.149339394107808,0.13687045797252276,5.6606
200,10,1.0,5,5,0.5562905614965148,0.025322586480824395,2.135532577602139,0.13897840245389248,4.9787
200,10,1.0,5,10,0.5586969288434198,0.024260176881081896,2.1301350238137,0.14306667506513016,5.0289
200,10,1.0,10,1,0.5514796225389893,0.02235551731723907,2.147341974749087,0.1373613909675778,5.5065
200,10,1.0,10,2,0.5528694269647025,0.02355334724068422,2.1437930439427584,0.13622284615767644,5.071
200,10,1.0,10,5,0.5562905614965148,0.025322586480824402,2.135532577602139,0.13897840245389245,5.5002
200,10,1.0,10,10,0.5586969288434198,0.024260176881081855,2.1301350238137,0.14306667506513018,5.2018
200,10,1.0,20,1,0.5548011285894989,0.021401146349583792,2.1393935752487856,0.13599623159397867,5.1267
200,10,1.0,20,2,0.5556239321479606,0.021747368132178885,2.137385129447135,0.13609790848247294,4.9803
200,10,1.0,20,5,0.5588032051548301,0.023489944025839562,2.129760591336866,0.1397456224149572,5.3595
200,10,1.0,20,10,0.5586969288434198,0.024260176881081928,2.1301350238137,0.14306667506513024,4.6475
200,20,sqrt,2,1,0.555161434892696,0.02253328156003823,2.1391166224349245,0.14703422425906643,4.1508
200,20,sqrt,2,2,0.5559224194000473,0.022141518367428944,2.137246833100085,0.14552803015133792,4.2303
200,20,sqrt,2,5,0.5577608361213937,0.021763630816135006,2.133027840728501,0.1482470943164119,3.9775
200,20,sqrt,2,10,0.551367570849752,0.020328168592241305,2.148655996623897,0.15050476437284796,3.8717
200,20,sqrt,5,1,0.5553076459188203,0.022999776375002275,2.1382414184713343,0.13995953479411893,3.9587
200,20,sqrt,5,2,0.5577711078329671,0.02013335555463833,2.1329144280256753,0.14391531824156245,4.4665
200,20,sqrt,5,5,0.5577608361213937,0.02176363081613502,2.1330278407285013,0.14824709431641184,4.1251
200,20,sqrt,5,10,0.551367570849752,0.020328168592241253,2.148655996623897,0.15050476437284788,5.0746
200,20,sqrt,10,1,0.5562156743757297,0.019850730166457938,2.1368795018108737,0.1470870158573713,5.8013
200,20,sqrt,10,2,0.5587006707323503,0.021011687092053373,2.130783864318919,0.14714371713855298,5.3775
200,20,sqrt,10,5,0.5577608361213937,0.021763630816135006,2.1330278407285013,0.14824709431641186,4.6767
200,20,sqrt,10,10,0.5513675708497519,0.020328168592241253,2.148655996623898,0.15050476437284802,5.1492
200,20,sqrt,20,1,0.5563600992441611,0.020880855650093653,2.1363752547375667,0.14653429131432277,5.1349
200,20,sqrt,20,2,0.5565662664596569,0.019954445389924958,2.135808565642289,0.1439981997389768,5.1701
200,20,sqrt,20,5,0.5549281314880142,0.02073158018484329,2.139814243306016,0.1468382357051447,5.0737
200,20,sqrt,20,10,0.551367570849752,0.020328168592241284,2.148655996623897,0.15050476437284796,5.2043
200,20,log2,2,1,0.5521241041538132,0.023011271835300537,2.1455891391356348,0.1353820224025921,5.3135
200,20,log2,2,2,0.5567558369185328,0.022853061293168914,2.134919077572622,0.14184339980225674,5.1762
200,20,log2,2,5,0.5608836470177946,0.02278590032323238,2.125288849066025,0.14677488563812324,6.0845
200,20,log2,2,10,0.5586241836697163,0.02054033859613178,2.131124507048733,0.14873539247702627,5.4551
200,20,log2,5,1,0.5555663416600474,0.023751515833787217,2.1376538024148175,0.14134013826173294,5.5689
200,20,log2,5,2,0.5587476749406732,0.023756904671895528,2.129664968933852,0.136593652347559,5.5519
200,20,log2,5,5,0.5608836470177946,0.022785900323232473,2.125288849066025,0.1467748856381232,4.8094
200,20,log2,5,10,0.5586241836697163,0.02054033859613178,2.131124507048733,0.14873539247702627,4.9957
200,20,log2,10,1,0.5599424732730919,0.021342881058077218,2.127565285373891,0.1443457976786062,5.5896
200,20,log2,10,2,0.5586916148541521,0.02163171441900655,2.130419695214262,0.14249480494935315,4.8038
200,20,log2,10,5,0.5608836470177946,0.022785900323232414,2.125288849066025,0.14677488563812316,5.141
200,20,log2,10,10,0.5586241836697163,0.02054033859613178,2.131124507048733,0.14873539247702633,5.4803
200,20,log2,20,1,0.5608902790628354,0.019136361705237605,2.1251343544058177,0.1384002188669619,4.6364
200,20,log2,20,2,0.5612397442754975,0.02083911603862049,2.1242911143243592,0.14128954202990424,5.2257
200,20,log2,20,5,0.5614775186529106,0.020355394862650797,2.1238404074706283,0.14275339122226652,6.2606
200,20,log2,20,10,0.5586241836697163,0.02054033859613181,2.131124507048733,0.14873539247702633,4.8332
200,20,0.5,2,1,0.5533356584485162,0.024387457449037683,2.1426282359420514,0.13645473215827444,6.271
200,20,0.5,2,2,0.5548283736493318,0.022194226019941154,2.1395100218315166,0.13985441019189754,6.3184
200,20,0.5,2,5,0.5609600221355,0.023698494955362148,2.124680582338523,0.1417311112194387,4.8785
200,20,0.5,2,10,0.5605243064044003,0.022502315930170158,2.12599019177085,0.1439111787944608,5.0488
200,20,0.5,5,1,0.5535573344645124,0.023602289014748284,2.141993221232946,0.13361393935816843,7.0859
200,20,0.5,5,2,0.5555313519895478,0.024360850821370076,2.1375225958863044,0.13933181897040414,5.7478
200,20,0.5,5,5,0.5609600221355,0.02369849495536216,2.124680582338523,0.1417311112194387,6.2044
200,20,0.5,5,10,0.5605243064044003,0.022502315930170148,2.1259901917708497,0.14391117879446083,5.6755
200,20,0.5,10,1,0.5559659997051417,0.021934103985241687,2.1366342333351365,0.13751918915891503,5.9769
200,20,0.5,10,2,0.5607093866954608,0.023443070336596865,2.125172423110887,0.1395632863354697,6.6505
200,20,0.5,10,5,0.5609600221355,0.023698494955362158,2.1246805823385233,0.1417311112194387,5.5627
200,20,0.5,10,10,0.5605243064044003,0.022502315930170148,2.12599019177085,0.14391117879446075,5.3784
200,20,0.5,20,1,0.561045127568011,0.019381299680755856,2.1249688853781032,0.14191446357398513,6.3395
200,20,0.5,20,2,0.5617849243670079,0.019886442711575948,2.12293371045641,0.1391741993761122,5.5549
200,20,0.5,20,5,0.5619453238580806,0.020565445523613855,2.1225456957065663,0.14033866302084155,5.8706
200,20,0.5,20,10,0.5605243064044003,0.02250231593017014,2.1259901917708497,0.1439111787944608,5.9744
200,20,1.0,2,1,0.5410761142369285,0.027352962460657746,2.1712935629850345,0.13482674366379713,8.3745
200,20,1.0,2,2,0.5435196764961894,0.02751489292305848,2.1654831356372566,0.1348082453624407,8.1608
200,20,1.0,2,5,0.5542623935681528,0.027004050731259492,2.1402284793145716,0.13974183117627934,7.2989
200,20,1.0,2,10,0.5582008968729207,0.024498172743512996,2.131363385766057,0.1440094937827484,7.1727
200,20,1.0,5,1,0.543229016476812,0.02645637778509992,2.166293996423822,0.13452418419285841,7.6515
200,20,1.0,5,2,0.5442814810410485,0.02732794769632977,2.1637668306681723,0.13586341776789615,8.5243
200,20,1.0,5,5,0.5542623935681528,0.0270040507312595,2.1402284793145716,0.1397418311762794,6.4824
200,20,1.0,5,10,0.5582008968729207,0.024498172743512972,2.131363385766057,0.14400949378274852,6.3305
200,20,1.0,10,1,0.5478100071475924,0.024793503601467662,2.1556637331203126,0.1354278559861929,6.9425
200,20,1.0,10,2,0.549706101212697,0.025725036171199908,2.1510756429505897,0.1360324756812855,7.0919
200,20,1.0,10,5,0.5542623935681528,0.02700405073125955,2.1402284793145716,0.13974183117627928,7.9352
200,20,1.0,10,10,0.5582008968729208,0.02449817274351302,2.1313633857660568,0.14400949378274835,5.8536
200,20,1.0,20,1,0.5539354739019696,0.022914803836607694,2.141372856135062,0.13707451530789,6.9808
200,20,1.0,20,2,0.5554864734827294,0.022454348886151207,2.1376314940276955,0.13592655621412345,6.1606
200,20,1.0,20,5,0.5582819395583163,0.024272942776261363,2.1310043104683176,0.14096927746476004,6.6096
200,20,1.0,20,10,0.5582008968729207,0.024498172743513028,2.131363385766057,0.1440094937827485,6.0928
500,,sqrt,2,1,0.5555649424149165,0.020993588377235434,2.1381805773797242,0.14464368278294354,11.861
500,,sqrt,2,2,0.5586946102086514,0.022912212266513906,2.1304565648488882,0.14536761383963778,11.291
500,,sqrt,2,5,0.5584809636557719,0.021289627876321292,2.1314202922191074,0.149141479187939,11.049
500,,sqrt,2,10,0.5510930564732018,0.02061893130361735,2.1493886981516384,0.1519778887664407,10.5994
500,,sqrt,5,1,0.556452537436442,0.022257441111442348,2.135884132198195,0.14443059168830852,10.4079
500,,sqrt,5,2,0.5582071259133075,0.022760562722029583,2.1316282660641455,0.14492984262170905,12.8518
500,,sqrt,5,5,0.5584809636557719,0.0212896278763213,2.131420292219108,0.14914147918793902,11.5422
500,,sqrt,5,10,0.5510930564732018,0.020618931303617354,2.1493886981516384,0.15197788876644072,13.5303
500,,sqrt,10,1,0.5580732841396728,0.02042174190506041,2.1321128386557535,0.14353440431107786,11.7427
500,,sqrt,10,2,0.558723941850957,0.02101349809706733,2.1306806212725773,0.14651457435181722,11.3447
500,,sqrt,10,5,0.558480963655772,0.02128962787632129,2.1314202922191074,0.14914147918793896,9.8071
500,,sqrt,10,10,0.5510930564732018,0.020618931303617336,2.1493886981516384,0.1519778887664408,9.8462
500,,sqrt,20,1,0.5581281786546403,0.02028490902830993,2.1321674042777303,0.14628423174087313,10.3078
500,,sqrt,20,2,0.5571233616576938,0.01950677160422284,2.1345702203052883,0.14470224363523193,9.6605
500,,sqrt,20,5,0.5552385769295711,0.02001360164866766,2.1392021252588562,0.1472744098548427,9.6139
500,,sqrt,20,10,0.5510930564732018,0.020618931303617333,2.1493886981516384,0.15197788876644078,9.7661
500,,log2,2,1,0.5558652423415672,0.022830083460504743,2.1371492112170314,0.1430245094996398,11.635
500,,log2,2,2,0.5578014910519361,0.022931851721743043,2.1323239989377925,0.14056284242905145,10.3205
500,,log2,2,5,0.5617204985770385,0.02231691580164699,2.1233670033741228,0.14723129819444494,10.3051
500,,log2,2,10,0.5594731294481085,0.0201309738260901,2.129134830843479,0.1487379917301814,9.6283
500,,log2,5,1,0.5583516775588457,0.022744791670277285,2.131060532189207,0.14132966167827915,10.473
500,,log2,5,2,0.5582452598240735,0.02266697745634105,2.131259882504494,0.14023873848707616,10.5927
500,,log2,5,5,0.5617204985770384,0.022316915801646957,2.1233670033741228,0.14723129819444497,10.0373
500,,log2,5,10,0.5594731294481085,0.020130973826090085,2.129134830843479,0.1487379917301815,9.7505
500,,log2,10,1,0.559891439602088,0.02253242620916439,2.127477919780343,0.1428877369776027,11.0924
500,,log2,10,2,0.5612811773530513,0.02143606206295425,2.1242243121881814,0.14246790988469732,10.2252
500,,log2,10,5,0.5617204985770385,0.02231691580164699,2.1233670033741228,0.14723129819444494,9.7279
500,,log2,10,10,0.5594731294481085,0.020130973826090096,2.129134830843479,0.1487379917301815,9.4661
500,,log2,20,1,0.5614276541161433,0.019929689330587284,2.1239818882033252,0.1418959754876948,9.7646
500,,log2,20,2,0.5624038169174834,0.02052367650303649,2.1216283733395156,0.14299917843921206,9.3406
500,,log2,20,5,0.5626920304031312,0.020288712088525004,2.120988035775471,0.14367313054844613,9.867
500,,log2,20,10,0.5594731294481085,0.020130973826090102,2.1291348308434785,0.1487379917301814,9.1716
500,,0.5,2,1,0.5516205765593744,0.023050765006070353,2.146846479839487,0.1358740609965243,12.6148
500,,0.5,2,2,0.5565925544981395,0.023261411462525073,2.1350225804254923,0.1380610352397473,11.1685
500,,0.5,2,5,0.5625605816675486,0.023370700625802092,2.1209303847948258,0.14283972268369824,10.3201
500,,0.5,2,10,0.5616596583555562,0.021471590409606254,2.123447297453789,0.1448926192474666,9.7045
500,,0.5,5,1,0.5557057251330891,0.02364420928842537,2.137181915150698,0.1392375053097313,11.7822
500,,0.5,5,2,0.5577087978280811,0.02268427914296263,2.132506542468354,0.13960819306864694,13.9621
500,,0.5,5,5,0.5625605816675487,0.023370700625802054,2.1209303847948258,0.14283972268369818,11.7906
500,,0.5,5,10,0.5616596583555562,0.021471590409606316,2.123447297453789,0.1448926192474667,11.5588
500,,0.5,10,1,0.5580145860204666,0.022530719542209646,2.1316899118220327,0.13814272625275914,12.8799
500,,0.5,10,2,0.5609403070399345,0.023266297721192635,2.1244793286592065,0.1370937099689813,12.5487
500,,0.5,10,5,0.5625605816675487,0.023370700625802043,2.1209303847948258,0.1428397226836982,11.3803
500,,0.5,10,10,0.5616596583555562,0.021471590409606257,2.123447297453788,0.14489261924746655,11.1617
500,,0.5,20,1,0.5613915582889768,0.019562581029802417,2.123850743446229,0.13801021114645579,10.9694
500,,0.5,20,2,0.5627044350231054,0.020339051711366244,2.120825002974666,0.14134068182453183,10.9683
500,,0.5,20,5,0.563525113574241,0.02089570155239385,2.1186779671586558,0.14006819088815886,11.9213
500,,0.5,20,10,0.5616596583555562,0.021471590409606275,2.123447297453789,0.14489261924746655,10.6025
500,,1.0,2,1,0.5438206794573361,0.025861982125288122,2.164922189003258,0.13368262788440033,19.113
500,,1.0,2,2,0.5470665194438477,0.026258251829603733,2.1572694680755533,0.13536954177663657,16.8393
500,,1.0,2,5,0.5561859130174345,0.026049188556621146,2.135709799683199,0.1392232832069597,15.3968
500,,1.0,2,10,0.5596596994558063,0.023876371971790943,2.127983063064338,0.14467518726357909,12.9535
500,,1.0,5,1,0.545891395679269,0.025403981552452767,2.160120312057505,0.13458982181071202,17.4197
500,,1.0,5,2,0.5476525999248757,0.026293448386161877,2.15590639866496,0.13599728360899838,17.0298
500,,1.0,5,5,0.5561859130174345,0.02604918855662119,2.135709799683199,0.13922328320695979,14.7644
500,,1.0,5,10,0.5596596994558063,0.02387637197179095,2.127983063064338,0.14467518726357922,13.1705
500,,1.0,10,1,0.5496830991635718,0.02401252074914599,2.151271097214342,0.13478602421433764,17.6933
500,,1.0,10,2,0.5517241093057342,0.02475736550764079,2.146340894096656,0.13529675435370778,15.7313
500,,1.0,10,5,0.5561859130174345,0.026049188556621146,2.135709799683199,0.13922328320695976,15.4104
500,,1.0,10,10,0.5596596994558063,0.023876371971790915,2.127983063064338,0.14467518726357917,13.4692
500,,1.0,20,1,0.5553343789436159,0.02246048803754102,2.1380523240140072,0.13668761835220292,15.2438
500,,1.0,20,2,0.5567606182639592,0.02214713836931231,2.1346541883582555,0.13661379508007251,14.6192
500,,1.0,20,5,0.5596122014463001,0.02354450563163574,2.127955037384098,0.14190108031693557,13.699
500,,1.0,20,10,0.5596596994558063,0.023876371971790933,2.127983063064338,0.1446751872635792,12.8901
500,5,sqrt,2,1,0.4778828669199438,0.02192236301432879,2.318603773413868,0.1693073060241354,10.2216
500,5,sqrt,2,2,0.4787120746267644,0.022425374779530133,2.3167693145448327,0.16997722362745354,9.903
500,5,sqrt,2,5,0.47972303447497,0.02268305371071443,2.314281386433983,0.16681236746357367,10.3107
500,5,sqrt,2,10,0.48008676574020415,0.022883000391132235,2.3135640743268384,0.16850578031231242,9.862
500,5,sqrt,5,1,0.4777327066867154,0.022007777047901765,2.3190079167155924,0.17035145066438076,9.8787
500,5,sqrt,5,2,0.47828993624563615,0.02215022079410383,2.317729738459979,0.16994681157040448,11.1328
500,5,sqrt,5,5,0.47972303447497,0.02268305371071442,2.314281386433983,0.16681236746357375,10.813
500,5,sqrt,5,10,0.48008676574020415,0.02288300039113227,2.3135640743268384,0.1685057803123125,11.0856
500,5,sqrt,10,1,0.47803276198605593,0.022230271203935198,2.3181996115307166,0.1686271478916704,10.1938
500,5,sqrt,10,2,0.4785589694297556,0.022378550103116995,2.3169851622880806,0.16815185183669712,11.9608
500,5,sqrt,10,5,0.47972303447497,0.02268305371071443,2.314281386433983,0.16681236746357367,10.8742
500,5,sqrt,10,10,0.48008676574020415,0.022883000391132228,2.3135640743268384,0.16850578031231242,9.9754
500,5,sqrt,20,1,0.4772852835067448,0.02252834900196666,2.319846230785471,0.1689130923700018,10.8039
500,5,sqrt,20,2,0.4780561890242806,0.022891955086899424,2.3180616900228346,0.1682981944618636,10.8989
500,5,sqrt,20,5,0.4793901899843746,0.022725056299432708,2.3150777628102697,0.1677524199928628,11.3187
500,5,sqrt,20,10,0.48008676574020415,0.022883000391132242,2.3135640743268384,0.16850578031231242,10.5783
500,5,log2,2,1,0.5023383777373827,0.021359437079059265,2.2633767012554653,0.16223239455014615,10.5139
500,5,log2,2,2,0.5027895319569538,0.021425059850255165,2.2623478257194707,0.16230125030794257,10.7914
500,5,log2,2,5,0.5041340089375639,0.02174125148295305,2.2592563170343913,0.16230460296761828,11.2177
500,5,log2,2,10,0.5042086160279657,0.02156046287388015,2.259241475757793,0.16413508510562447,10.8567
500,5,log2,5,1,0.502220294636446,0.021439667589898966,2.263737536193033,0.16365608910173618,11.4598
500,5,log2,5,2,0.5024688282508538,0.02156789173169604,2.263097028157772,0.16276545645651988,10.9793
500,5,log2,5,5,0.5041340089375639,0.021741251482953076,2.2592563170343913,0.16230460296761834,10.5935
500,5,log2,5,10,0.5042086160279659,0.02156046287388012,2.259241475757793,0.16413508510562447,11.3884
500,5,log2,10,1,0.5022837177100686,0.02092394561709098,2.263570526088489,0.16271706046524093,10.8118
500,5,log2,10,2,0.502731426298623,0.021257722679668276,2.2624820247980075,0.16216032722940876,11.162
500,5,log2,10,5,0.5041340089375639,0.021741251482953063,2.2592563170343913,0.16230460296761834,10.8473
500,5,log2,10,10,0.5042086160279657,0.021560462873880068,2.259241475757793,0.1641350851056244,10.9079
500,5,log2,20,1,0.5017588801524684,0.021254003233332836,2.264844313949632,0.16430608751069023,10.0061
500,5,log2,20,2,0.5023472634229835,0.021315123953327658,2.263447219888713,0.16347439045888815,10.8676
500,5,log2,20,5,0.5036758007958436,0.021664117875500773,2.2604127336654734,0.16372566999897495,11.1103
500,5,log2,20,10,0.5042086160279657,0.02156046287388009,2.259241475757793,0.1641350851056245,11.5972
500,5,0.5,2,1,0.5157374763064027,0.02058551124723735,2.2326078968015293,0.1584378495086026,10.6564
500,5,0.5,2,2,0.516297902294506,0.020603368651633144,2.231217733194682,0.15693241298702187,10.663
500,5,0.5,2,5,0.5177515503698187,0.020815586661301684,2.227871662597711,0.15744869613947501,11.9388
500,5,0.5,2,10,0.5175221685945153,0.021619053876943045,2.22831881579968,0.15770799823276344,11.5093
500,5,0.5,5,1,0.5153031283632239,0.020224164043093146,2.233626217821313,0.15822181522374085,11.8862
500,5,0.5,5,2,0.5161732462339315,0.020460906671592543,2.2315257784347478,0.15709673992952536,11.4636
500,5,0.5,5,5,0.5177515503698186,0.020815586661301677,2.227871662597711,0.15744869613947507,10.398
500,5,0.5,5,10,0.5175221685945152,0.021619053876943028,2.22831881579968,0.15770799823276357,11.312
500,5,0.5,10,1,0.5160151171170708,0.020586373934896506,2.2319982150244373,0.15892732606657237,10.9616
500,5,0.5,10,2,0.5164356890205787,0.02075172245391188,2.230970140079107,0.15830365916940878,10.9834
500,5,0.5,10,5,0.5177515503698187,0.02081558666130167,2.227871662597711,0.15744869613947504,11.7145
500,5,0.5,10,10,0.5175221685945152,0.02161905387694301,2.22831881579968,0.15770799823276352,12.5637
500,5,0.5,20,1,0.5154924061176558,0.020705694181142594,2.233132640308123,0.15823833759927902,12.8604
500,5,0.5,20,2,0.5157755102675955,0.020942662086189032,2.2324285100473733,0.15782348225151058,12.6782
500,5,0.5,20,5,0.5169943561366044,0.02121104743329839,2.229546951545834,0.15718767174696321,12.9253
500,5,0.5,20,10,0.5175221685945153,0.021619053876943014,2.22831881579968,0.1577079982327635,12.5619
500,5,1.0,2,1,0.5315827402643476,0.01667554477535004,2.1957624838956047,0.1513314456464164,14.9779
500,5,1.0,2,2,0.5317217215734938,0.01702205185951483,2.1953158910718105,0.1500505562364547,13.3554
500,5,1.0,2,5,0.5329168836475258,0.01775308580349828,2.192492270787597,0.15075135855697425,13.4576
500,5,1.0,2,10,0.5343484796507587,0.01819885018527203,2.1891677583352074,0.15186556701436385,14.7075
500,5,1.0,5,1,0.5315840850042827,0.016770345164790507,2.1957422011384167,0.15119815113300394,13.3513
500,5,1.0,5,2,0.5317323718975777,0.01706793098143944,2.1952904390522114,0.15009798088327084,13.067
500,5,1.0,5,5,0.5329168836475258,0.01775308580349828,2.192492270787597,0.15075135855697416,12.7894
500,5,1.0,5,10,0.5343484796507587,0.01819885018527202,2.1891677583352074,0.15186556701436385,14.3232
500,5,1.0,10,1,0.5315792053390951,0.016860893419032304,2.1957596836199302,0.15142086388575124,12.6563
500,5,1.0,10,2,0.5318046395555897,0.017160315854056828,2.195131274353046,0.1503772526640286,12.3023
500,5,1.0,10,5,0.5329168836475258,0.0177530858034983,2.192492270787597,0.15075135855697425,11.1784
500,5,1.0,10,10,0.5343484796507587,0.018198850185272012,2.1891677583352074,0.15186556701436388,12.6892
500,5,1.0,20,1,0.5319477215475514,0.016830162617105036,2.1949106215458274,0.15159773490633718,13.303
500,5,1.0,20,2,0.5321810691963615,0.01706567613935554,2.1942807047345303,0.15073521288875857,13.7623
500,5,1.0,20,5,0.5333412334678034,0.017681866174334693,2.191533233690566,0.15118315459167808,12.9997
500,5,1.0,20,10,0.5343484796507587,0.01819885018527201,2.1891677583352074,0.15186556701436388,12.6751
500,10,sqrt,2,1,0.5550153288161189,0.017595166300924683,2.1399842605006,0.1471860815042253,12.9368
500,10,sqrt,2,2,0.5541887637987389,0.02095344845846081,2.141740257267393,0.14914928577790634,12.8419
500,10,sqrt,2,5,0.5542073694348404,0.020956025872225892,2.141656650712528,0.1486568532187404,11.9407
500,10,sqrt,2,10,0.5487023839539628,0.020335632022116856,2.1552047627295776,0.15339098858761438,13.0478
500,10,sqrt,5,1,0.5541779692543598,0.019767894574656598,2.1417469983301425,0.14697943346425207,11.221
500,10,sqrt,5,2,0.5558420524017492,0.020333485811962426,2.137737650157077,0.1477183592981112,13.0471
500,10,sqrt,5,5,0.5542073694348404,0.020956025872225906,2.141656650712528,0.1486568532187403,11.8456
500,10,sqrt,5,10,0.5487023839539626,0.020335632022116905,2.1552047627295776,0.15339098858761438,12.2061
500,10,sqrt,10,1,0.5534971327182745,0.020662970623829737,2.1430739852728076,0.14405253559771483,12.4515
500,10,sqrt,10,2,0.5537005021462943,0.02005924403664226,2.1428032965448005,0.14632731770345264,11.6057
500,10,sqrt,10,5,0.5542073694348404,0.02095602587222589,2.141656650712528,0.14865685321874023,12.1882
500,10,sqrt,10,10,0.5487023839539626,0.0203356320221169,2.1552047627295776,0.15339098858761432,13.4035
500,10,sqrt,20,1,0.5525173934609307,0.01946872650131946,2.1458911626022403,0.1492984921503778,11.8417
500,10,sqrt,20,2,0.5521938540281618,0.019939266529403928,2.1465205407120687,0.1478329006609444,11.159
500,10,sqrt,20,5,0.5527509652682637,0.020690938505466078,2.14525257177639,0.15010186568516115,13.1117
500,10,sqrt,20,10,0.5487023839539628,0.020335632022116888,2.1552047627295776,0.15339098858761432,14.2444
500,10,log2,2,1,0.5589093015963804,0.02014194192567157,2.130237776145566,0.14490991306748727,13.8917
500,10,log2,2,2,0.5584311936886766,0.021492379653572084,2.13110075735121,0.1432987382145599,11.5878
500,10,log2,2,5,0.5616074961222408,0.02137526403763465,2.1236686059564294,0.1462858036605407,11.1836
500,10,log2,2,10,0.5585191480282866,0.020935549921027537,2.131174505098864,0.14655872972988873,11.4254
500,10,log2,5,1,0.559173869705718,0.022296046357907492,2.1291097360204283,0.1412351017847629,13.0469
500,10,log2,5,2,0.5590437499306312,0.020378091048008896,2.1298389082552207,0.1443023098345477,11.6134
500,10,log2,5,5,0.5616074961222408,0.021375264037634643,2.1236686059564294,0.14628580366054078,11.6104
500,10,log2,5,10,0.5585191480282866,0.020935549921027516,2.131174505098864,0.14655872972988873,12.1692
500,10,log2,10,1,0.5600213519594283,0.02052261719720909,2.1273823156442613,0.14328114805758085,12.4715
500,10,log2,10,2,0.5605741549412719,0.020308358443551267,2.126015162164555,0.1423202185395674,11.9671
500,10,log2,10,5,0.5616074961222409,0.021375264037634643,2.1236686059564294,0.14628580366054084,11.8503
500,10,log2,10,10,0.5585191480282866,0.020935549921027537,2.131174505098864,0.14655872972988876,12.0888
500,10,log2,20,1,0.559359259257486,0.019176041109762006,2.1291582979265775,0.14362474809288434,11.8769
500,10,log2,20,2,0.5606324451241839,0.0200991592093857,2.1258945797199407,0.1425205998817357,11.7574
500,10,log2,20,5,0.5610956446792461,0.02120797304662647,2.124849671225486,0.14557001580028953,12.5814
500,10,log2,20,10,0.5585191480282866,0.020935549921027547,2.131174505098864,0.14655872972988873,11.6741
500,10,0.5,2,1,0.557802161008889,0.021017014541910038,2.1326501682047643,0.14241530567109076,12.5332
500,10,0.5,2,2,0.5607468805963194,0.021470601356504655,2.1255573043638027,0.1432274846164081,12.3177
500,10,0.5,2,5,0.5617579146855839,0.022250646262014274,2.1229541628879582,0.14231262703977912,11.8279
500,10,0.5,2,10,0.5609459760173673,0.02147959029562197,2.125283636574595,0.14669465631422424,12.4042
500,10,0.5,5,1,0.5597791761045762,0.021472473691989704,2.127675931325436,0.14018683713805194,12.7756
500,10,0.5,5,2,0.5598154021377013,0.021936613082948375,2.1274131946569255,0.13824221545923518,12.0305
500,10,0.5,5,5,0.5617579146855837,0.02225064626201422,2.1229541628879582,0.1423126270397791,12.0277
500,10,0.5,5,10,0.5609459760173673,0.02147959029562199,2.125283636574595,0.14669465631422426,12.0594
500,10,0.5,10,1,0.5603562409729774,0.022023967603855478,2.126291918222509,0.14107728132776887,13.4955
500,10,0.5,10,2,0.5606403730187308,0.021071631015821962,2.1256089920192283,0.1396768802106445,12.3298
500,10,0.5,10,5,0.5617579146855837,0.022250646262014267,2.1229541628879582,0.14231262703977904,12.168
500,10,0.5,10,10,0.5609459760173673,0.021479590295621954,2.125283636574595,0.14669465631422426,10.7972
500,10,0.5,20,1,0.5615370348714834,0.020398975112729263,2.1234166557155936,0.13828601108483185,10.5332
500,10,0.5,20,2,0.5621266901976452,0.020223002007219965,2.1220893455140546,0.13964003088389568,11.6468
500,10,0.5,20,5,0.5625266543221545,0.021531375156421444,2.1209805770975647,0.1396976192739435,10.6543
500,10,0.5,20,10,0.5609459760173673,0.02147959029562196,2.125283636574595,0.14669465631422426,10.3708
500,10,1.0,2,1,0.5515862441174114,0.022518227424469763,2.1470800811618656,0.1372881905955803,13.815
500,10,1.0,2,2,0.5521367224109335,0.02336850258129351,2.1455672748575947,0.13599111404229608,13.4093
500,10,1.0,2,5,0.5576772835319513,0.024624218191250203,2.1322785904902744,0.13881018412134213,12.2195
500,10,1.0,2,10,0.5600817354146742,0.0235765887590625,2.1269394596236904,0.1437486073608933,11.9688
500,10,1.0,5,1,0.5515583424882651,0.021897911635101585,2.147160954756102,0.1365970387133407,14.2786
500,10,1.0,5,2,0.5526532580159829,0.02330347300938486,2.1443306793866115,0.13589903543281023,13.4816
500,10,1.0,5,5,0.5576772835319513,0.02462421819125017,2.132278590490275,0.13881018412134216,13.5396
500,10,1.0,5,10,0.5600817354146742,0.023576588759062485,2.12693945962369,0.14374860736089334,12.4339
500,10,1.0,10,1,0.5532731256247697,0.021440503276531936,2.143119423423188,0.13666757149468242,13.1641
500,10,1.0,10,2,0.5542684081074687,0.02296125654214789,2.140484765916027,0.13561257521476566,13.3925
500,10,1.0,10,5,0.5576772835319513,0.024624218191250182,2.132278590490275,0.13881018412134216,12.9548
500,10,1.0,10,10,0.5600817354146742,0.023576588759062496,2.1269394596236904,0.14374860736089332,12.308
500,10,1.0,20,1,0.556046685598344,0.02097217896530228,2.1364906944495994,0.13648262844191725,13.4989
500,10,1.0,20,2,0.5572301799818262,0.021270927065477455,2.133623181678052,0.13664793546397513,13.7039
500,10,1.0,20,5,0.5599489363127348,0.02284167849166859,2.127152851251979,0.14084180636771892,13.1947
500,10,1.0,20,10,0.5600817354146742,0.023576588759062468,2.12693945962369,0.1437486073608933,12.8808
500,20,sqrt,2,1,0.5565734389576052,0.022666752536448277,2.135852718870601,0.1489688904541168,11.4299
500,20,sqrt,2,2,0.5576477831149742,0.020912821151565078,2.1332090879319585,0.1450939031837845,10.5617
500,20,sqrt,2,5,0.5584432197296022,0.02136432137037295,2.131503577900056,0.14920616108165105,9.2275
500,20,sqrt,2,10,0.5510880794561238,0.020609285230645754,2.1494003445122383,0.15195582465426102,9.0005
500,20,sqrt,5,1,0.5569933536385703,0.02203952408438955,2.134521377611803,0.1432415359434114,10.1286
500,20,sqrt,5,2,0.5591568765251683,0.021458670624542233,2.129458570917877,0.1442974470456134,10.3989
500,20,sqrt,5,5,0.5584432197296022,0.021364321370372946,2.1315035779000566,0.1492061610816509,10.0554
500,20,sqrt,5,10,0.5510880794561239,0.020609285230645754,2.1494003445122383,0.15195582465426088,9.6609
500,20,sqrt,10,1,0.5585871513630952,0.020222345335741788,2.130968095552093,0.14443026949193344,9.8227
500,20,sqrt,10,2,0.5589702010519575,0.021494449424718228,2.1300873379345395,0.14732504228230617,9.3112
500,20,sqrt,10,5,0.5584432197296022,0.021364321370372922,2.1315035779000566,0.14920616108165097,9.4389
500,20,sqrt,10,10,0.5510880794561239,0.02060928523064576,2.1494003445122383,0.15195582465426077,8.8627
500,20,sqrt,20,1,0.5583758990974547,0.020463042043931196,2.131580099448274,0.14664827838566716,10.9052
500,20,sqrt,20,2,0.5574052990874923,0.01971779460802984,2.1338903395314515,0.14498543248825377,11.1476
500,20,sqrt,20,5,0.5552630309510433,0.020074445937217477,2.139158250531545,0.14761801447113398,10.1551
500,20,sqrt,20,10,0.5510880794561239,0.020609285230645726,2.149400344512238,0.15195582465426105,10.481
500,20,log2,2,1,0.5543153472992224,0.02298110254917086,2.1404516986048607,0.13713046476273325,12.4235
500,20,log2,2,2,0.5583041547315661,0.023181385219193152,2.1310457063765686,0.1403555457903794,12.2169
500,20,log2,2,5,0.5616157687228686,0.022362490971105792,2.1236445742507186,0.147655026982356,10.6071
500,20,log2,2,10,0.5594662007849716,0.020123421299042803,2.129150167363471,0.1487090174835596,10.3963
500,20,log2,5,1,0.5571584693296721,0.02302469378047613,2.1337732398968763,0.13926364679433506,11.1192
500,20,log2,5,2,0.5588909072024225,0.02224603390914039,2.129609701461778,0.13836718070074275,10.6333
500,20,log2,5,5,0.5616157687228684,0.02236249097110576,2.1236445742507186,0.14765502698235605,10.9725
500,20,log2,5,10,0.5594662007849717,0.020123421299042796,2.1291501673634716,0.14870901748355964,10.3312
500,20,log2,10,1,0.560368056672589,0.021287176266400306,2.126413844766552,0.1419945599380644,11.0392
500,20,log2,10,2,0.5606812558051423,0.021582501757751244,2.125647802540933,0.1424301151903323,11.4838
500,20,log2,10,5,0.5616157687228686,0.022362490971105767,2.1236445742507177,0.14765502698235602,11.117
500,20,log2,10,10,0.5594662007849716,0.020123421299042786,2.129150167363471,0.1487090174835596,10.4076
500,20,log2,20,1,0.5616855841544947,0.019580459651743473,2.123401702509476,0.1419138876889666,11.5568
500,20,log2,20,2,0.5623624061443455,0.02053969277982267,2.121733711472079,0.1431101382440624,11.0865
500,20,log2,20,5,0.5627190626221826,0.020204307868622207,2.120920856304353,0.14349002027060945,9.6632
500,20,log2,20,10,0.5594662007849717,0.02012342129904281,2.1291501673634716,0.14870901748355966,10.3242
500,20,0.5,2,1,0.5539588993423037,0.022760882906771345,2.1414202019943924,0.13795360250242195,12.7292
500,20,0.5,2,2,0.5574726866020249,0.023673627496067783,2.132995407515185,0.14024885069097842,11.8433
500,20,0.5,2,5,0.5623988083818487,0.0234461603663355,2.1213288191933253,0.14311770604846794,11.0461
500,20,0.5,2,10,0.5616745393711653,0.021466354182339005,2.1234103794255406,0.14487175295047033,11.0899
500,20,0.5,5,1,0.5556506875846837,0.023412005432519943,2.1371637437954982,0.13643808622400336,12.7264
500,20,0.5,5,2,0.5578584963523351,0.023410137749106955,2.1320135813700887,0.13899217645228495,11.7559
500,20,0.5,5,5,0.5623988083818489,0.023446160366335442,2.1213288191933253,0.14311770604846788,11.288
500,20,0.5,5,10,0.5616745393711655,0.021466354182339015,2.1234103794255406,0.1448717529504702,12.4865
500,20,0.5,10,1,0.5587546478456566,0.021910620003950897,2.1299407157367924,0.1376398833162,11.8077
500,20,0.5,10,2,0.5607759335141791,0.023309134723407236,2.124984228958467,0.1388583923344321,10.6768
500,20,0.5,10,5,0.5623988083818489,0.023446160366335442,2.1213288191933253,0.14311770604846788,11.3631
500,20,0.5,10,10,0.5616745393711655,0.021466354182338967,2.1234103794255406,0.14487175295047036,10.1183
500,20,0.5,20,1,0.5614059857734442,0.01979316719993373,2.1237668769577747,0.1376138080055257,11.0888
500,20,0.5,20,2,0.5628248666425496,0.020234354832301942,2.1205006625503633,0.14075422537755247,10.646
500,20,0.5,20,5,0.5634440256558964,0.02087565621176718,2.118865096364111,0.13990650685973358,10.3512
500,20,0.5,20,10,0.5616745393711655,0.021466354182338967,2.1234103794255406,0.14487175295047036,9.9704
500,20,1.0,2,1,0.5437455720138079,0.025912815803444997,2.1651900865000764,0.13513491451213538,18.5328
500,20,1.0,2,2,0.5470680172228164,0.026595683238839988,2.1572004566944747,0.1350551775568529,17.4407
500,20,1.0,2,5,0.5561999942896703,0.02605756091755864,2.1356761890825258,0.13924516275540846,14.9221
500,20,1.0,2,10,0.5596604138794068,0.023876682523772667,2.1279814801086845,0.14467763208625578,12.4722
500,20,1.0,5,1,0.5459982420773886,0.02551722286958197,2.1598280615624126,0.1342669814009607,17.9166
500,20,1.0,5,2,0.5474420057549809,0.026218609015371243,2.156424488212998,0.13613004976055013,16.4985
500,20,1.0,5,5,0.5561999942896703,0.026057560917558665,2.1356761890825253,0.13924516275540846,14.0612
500,20,1.0,5,10,0.5596604138794068,0.023876682523772706,2.1279814801086845,0.14467763208625578,13.861
500,20,1.0,10,1,0.5498752478867034,0.023899669906618327,2.150815344115727,0.134604803549737,17.6964
500,20,1.0,10,2,0.5516848233550562,0.02481475362362593,2.1464614505439057,0.13583088533254747,17.4761
500,20,1.0,10,5,0.5561999942896703,0.02605756091755863,2.1356761890825253,0.13924516275540852,15.5234
500,20,1.0,10,10,0.5596604138794066,0.023876682523772674,2.1279814801086845,0.14467763208625578,13.5586
500,20,1.0,20,1,0.5553349626478218,0.02247424349884673,2.1380462574431713,0.13664082288361148,15.5294
500,20,1.0,20,2,0.5567827344275498,0.02211523954535306,2.1346052942522844,0.13662582149452882,15.8334
500,20,1.0,20,5,0.5596129998685818,0.0235475698576268,2.12795365339093,0.1419144682002182,14.6127
500,20,1.0,20,10,0.5596604138794066,0.023876682523772674,2.1279814801086845,0.1446776320862558,13.3256
