n_estimators,max_depth,max_features,min_samples_split,min_samples_leaf,mean_f1,std_f1,mean_accuracy,std_accuracy,time_s
50,,sqrt,2,1,0.9777364802105953,0.007915580716739892,0.9777374301675978,0.007885514262223692,0.887
50,,sqrt,2,2,0.9743998267255456,0.006635427663092449,0.9744009931719428,0.006671138601879303,0.9074
50,,sqrt,2,5,0.9638063329739264,0.012107305588469394,0.9638299193047797,0.011982437553010048,0.899
50,,sqrt,2,10,0.9488008377598491,0.015622743450151402,0.9487988826815641,0.015501338017142343,0.9396
50,,sqrt,5,1,0.9772066178636939,0.00584531284007533,0.9771818746120422,0.005811491463973466,0.9103
50,,sqrt,5,2,0.9704972263656615,0.006773626184082244,0.9705058969584108,0.006605670425761223,0.9063
50,,sqrt,5,5,0.9638063329739264,0.012107305588469394,0.9638299193047797,0.011982437553010048,0.9416
50,,sqrt,5,10,0.9488008377598491,0.015622743450151402,0.9487988826815641,0.015501338017142343,0.9305
50,,sqrt,10,1,0.9693801459405922,0.010440692361812495,0.9693947858472998,0.01032262831002109,1.0042
50,,sqrt,10,2,0.9699128605281737,0.009120452969105007,0.9699441340782122,0.009059177229796501,0.9179
50,,sqrt,10,5,0.9638063329739264,0.012107305588469394,0.9638299193047797,0.011982437553010048,0.9044
50,,sqrt,10,10,0.9488008377598491,0.015622743450151402,0.9487988826815641,0.015501338017142343,0.8806
50,,sqrt,20,1,0.9633858371348649,0.013229353665548121,0.9632712600869026,0.013212383459230674,0.8819
50,,sqrt,20,2,0.9594572748321151,0.013551039707974347,0.9593730602110491,0.013403236795843172,0.8936
50,,sqrt,20,5,0.9544174607655117,0.012625531530631671,0.9543544382371196,0.012690336312002497,0.8829
50,,sqrt,20,10,0.9488008377598491,0.015622743450151402,0.9487988826815641,0.015501338017142343,0.8874
50,,log2,2,1,0.9738023281777941,0.01067366258159766,0.9738454376163872,0.01056264387131398,0.8984
50,,log2,2,2,0.9666025898610879,0.013799146443245916,0.9666139044072004,0.013607264428946022,0.9062
50,,log2,2,5,0.962783005120119,0.01340223005018647,0.9627250155183115,0.013374717738300642,0.916
50,,log2,2,10,0.9520337532856923,0.015145469344008932,0.9521353196772191,0.014987345938113144,0.9157
50,,log2,5,1,0.97055393347219,0.00976428080807464,0.9705058969584108,0.009648148047753364,0.9109
50,,log2,5,2,0.9705008141569718,0.01116199170791671,0.9705090006207324,0.011127569139089232,0.8875
50,,log2,5,5,0.962783005120119,0.01340223005018647,0.9627250155183115,0.013374717738300642,0.9098
50,,log2,5,10,0.9520337532856923,0.015145469344008932,0.9521353196772191,0.014987345938113144,0.9679
50,,log2,10,1,0.9704317413117722,0.013257402916371017,0.9705090006207324,0.013155500185784555,0.9259
50,,log2,10,2,0.967719853864249,0.013748112765593463,0.9677312228429547,0.013555417426387174,0.9433
50,,log2,10,5,0.962783005120119,0.01340223005018647,0.9627250155183115,0.013374717738300642,0.9213
50,,log2,10,10,0.9520337532856923,0.015145469344008932,0.9521353196772191,0.014987345938113144,0.9242
50,,log2,20,1,0.9644101475658298,0.010493554123495,0.9643823711980136,0.01032789701715983,0.893
50,,log2,20,2,0.962664818460507,0.009015695323666634,0.9627157045313469,0.00898348129449767,0.9046
50,,log2,20,5,0.9589759758633475,0.01319524514818738,0.9588330229671012,0.013393474921258836,0.8966
50,,log2,20,10,0.9520337532856923,0.015145469344008932,0.9521353196772191,0.014987345938113144,1.2875
50,,0.5,2,1,0.9660481983014775,0.011959043781195155,0.9660738671632526,0.01200682927655796,2.0159
50,,0.5,2,2,0.9591598726221479,0.01278177648944156,0.9593885785226567,0.012651954876483852,1.973
50,,0.5,2,5,0.9531905792892038,0.015737675953856254,0.9532712600869024,0.01552034251142667,9.0166
50,,0.5,2,10,0.9323020834381424,0.021138772790871643,0.9326784605834885,0.020533331009846126,8.8709
50,,0.5,5,1,0.963190791415178,0.009112918398831889,0.9632805710738671,0.008997992402902895,16.1045
50,,0.5,5,2,0.9670423395511083,0.011093411022061704,0.9671818746120422,0.010926400776040386,8.8551
50,,0.5,5,5,0.9531905792892038,0.015737675953856254,0.9532712600869024,0.01552034251142667,15.736
50,,0.5,5,10,0.9323020834381424,0.021138772790871643,0.9326784605834885,0.020533331009846126,8.8169
50,,0.5,10,1,0.9593430557527247,0.013945935701736715,0.9593916821849783,0.013810817475395943,15.8083
50,,0.5,10,2,0.9585338095277963,0.011238262942855699,0.9588268156424581,0.010864841524773955,3.2419
50,,0.5,10,5,0.9531905792892038,0.015737675953856254,0.9532712600869024,0.01552034251142667,3.9828
50,,0.5,10,10,0.9323020834381424,0.021138772790871643,0.9326784605834885,0.020533331009846126,2.5407
50,,0.5,20,1,0.9548218478850373,0.01621863808454998,0.9549410304158907,0.015964840762193306,2.6312
50,,0.5,20,2,0.9475542250239919,0.015402003777928417,0.9476939788950961,0.015150915058842744,4.2652
50,,0.5,20,5,0.9458044863925321,0.01574481985831271,0.9460242085661079,0.015319970542581331,2.5594
50,,0.5,20,10,0.9323020834381424,0.021138772790871643,0.9326784605834885,0.020533331009846126,3.111
50,,1.0,2,1,0.9514179287414581,0.015369214764499628,0.9516014897579144,0.015301616790015049,3.8304
50,,1.0,2,2,0.9508045870343486,0.014712650607260756,0.9510366232153942,0.014424353364490028,3.2394
50,,1.0,2,5,0.9343278279376385,0.01796348105375188,0.9343420235878336,0.017685120270116848,4.0968
50,,1.0,2,10,0.9102699859263931,0.019208979786061467,0.9104034761018003,0.01884779179553937,2.8805
50,,1.0,5,1,0.949798714736086,0.013710137316556029,0.9499224084419614,0.013598683268685918,4.3289
50,,1.0,5,2,0.9497285168875746,0.013836116921285528,0.9499286157666045,0.013575747166903986,2.9194
50,,1.0,5,5,0.9343278279376385,0.01796348105375188,0.9343420235878336,0.017685120270116848,3.6599
50,,1.0,5,10,0.9102699859263931,0.019208979786061467,0.9104034761018003,0.01884779179553937,3.2562
50,,1.0,10,1,0.943131785269219,0.01390673840292047,0.9432433271260086,0.013560021447338835,4.0513
50,,1.0,10,2,0.9430665479869564,0.01455935929898655,0.9432495344506517,0.014197735432375454,2.8024
50,,1.0,10,5,0.9343278279376385,0.01796348105375188,0.9343420235878336,0.017685120270116848,3.9705
50,,1.0,10,10,0.9102699859263931,0.019208979786061467,0.9104034761018003,0.01884779179553937,3.4511
50,,1.0,20,1,0.9343382100608881,0.0180444160836502,0.9343451272501552,0.017857612107546623,3.2889
50,,1.0,20,2,0.9336472557031822,0.015973045492653735,0.9337957790192426,0.015748732826658614,4.2949
50,,1.0,20,5,0.9259412129076043,0.01744323268244396,0.9259993792675356,0.017178164224890463,3.0015
50,,1.0,20,10,0.9102699859263931,0.019208979786061467,0.9104034761018003,0.01884779179553937,4.0977
50,5,sqrt,2,1,0.9348380316845002,0.014791669250472055,0.9348975791433892,0.014471111058370192,3.2511
50,5,sqrt,2,2,0.9374783300972552,0.014437948699491228,0.9376691495965238,0.014250718608972542,3.6117
50,5,sqrt,2,5,0.9369879007427526,0.011027561806556478,0.9371135940409683,0.01059195694334751,3.4467
50,5,sqrt,2,10,0.929846339068536,0.010382431522929494,0.9298882681564246,0.010279327734746149,2.551
50,5,sqrt,5,1,0.9342851638707451,0.022425000906123857,0.9343358162631905,0.02233213496783491,2.8071
50,5,sqrt,5,2,0.9364951342640719,0.016458542425748755,0.9365549348230913,0.016355727984309912,3.8502
50,5,sqrt,5,5,0.9369879007427526,0.011027561806556478,0.9371135940409683,0.01059195694334751,2.695
50,5,sqrt,5,10,0.929846339068536,0.010382431522929494,0.9298882681564246,0.010279327734746149,2.8337
50,5,sqrt,10,1,0.9398573320241761,0.01903453104593209,0.9399099937926753,0.018859975314769514,3.7304
50,5,sqrt,10,2,0.9370562031051731,0.017746078567765774,0.9371322160148976,0.017354719493831234,2.5986
50,5,sqrt,10,5,0.9369879007427526,0.011027561806556478,0.9371135940409683,0.01059195694334751,2.8574
50,5,sqrt,10,10,0.929846339068536,0.010382431522929494,0.9298882681564246,0.010279327734746149,4.1335
50,5,sqrt,20,1,0.9353406326580396,0.01348326105489392,0.9354500310366232,0.012947494209006106,2.385
50,5,sqrt,20,2,0.9315649535021248,0.010036265239511883,0.9315549348230912,0.009624296720395636,3.74
50,5,sqrt,20,5,0.9288809421756754,0.012119803461638167,0.9287709497206704,0.01159520102000163,2.6513
50,5,sqrt,20,10,0.929846339068536,0.010382431522929494,0.9298882681564246,0.010279327734746149,3.2843
50,5,log2,2,1,0.939655289705932,0.017009400664438998,0.9398851644941029,0.016702349195256806,3.2112
50,5,log2,2,2,0.9384779952781314,0.014453526320365269,0.9387771570453134,0.014324167925629652,2.6743
50,5,log2,2,5,0.9297378170853428,0.02188181930981452,0.9298820608317815,0.021724770755128932,3.4994
50,5,log2,2,10,0.9336623869327093,0.017893685624609426,0.9337647423960271,0.01770859235669111,2.2134
50,5,log2,5,1,0.9376928331474004,0.016440071506551978,0.9382184978274364,0.016046547719235794,3.3859
50,5,log2,5,2,0.9388292692888275,0.018763077910256866,0.9393327126008689,0.01837321460184608,2.4504
50,5,log2,5,5,0.9297378170853428,0.02188181930981452,0.9298820608317815,0.021724770755128932,3.5705
50,5,log2,5,10,0.9336623869327093,0.017893685624609426,0.9337647423960271,0.01770859235669111,2.1634
50,5,log2,10,1,0.9347380361432954,0.015119564145326643,0.9348975791433892,0.015113428276855615,3.4738
50,5,log2,10,2,0.9331407772919308,0.01698835885178267,0.9332122905027932,0.01708761844580764,2.2298
50,5,log2,10,5,0.9297378170853428,0.02188181930981452,0.9298820608317815,0.021724770755128932,3.0721
50,5,log2,10,10,0.9336623869327093,0.017893685624609426,0.9337647423960271,0.01770859235669111,3.6966
50,5,log2,20,1,0.9324557393416084,0.02193750285917099,0.9326629422718808,0.021738026084929415,2.6444
50,5,log2,20,2,0.9324834872982872,0.02028054895408084,0.9326629422718808,0.02011567904648434,3.8139
50,5,log2,20,5,0.9324806369581935,0.018546754359002805,0.9326598386095591,0.018362621079936334,2.6363
50,5,log2,20,10,0.9336623869327093,0.017893685624609426,0.9337647423960271,0.01770859235669111,2.573
50,5,0.5,2,1,0.9028921609313028,0.020542274588308117,0.9037399130974549,0.019846731460948116,4.0143
50,5,0.5,2,2,0.9043189744689218,0.01991623909903008,0.9048541278708877,0.01927485850369106,3.0631
50,5,0.5,2,5,0.9077839959475164,0.021963505718792305,0.9087461204220981,0.020966969012834916,2.5422
50,5,0.5,2,10,0.9031712149220509,0.02430157361734795,0.9042892613283675,0.023007446068162518,3.6631
50,5,0.5,5,1,0.9058638228554736,0.02135245200508282,0.9065238981998757,0.020717883118362704,2.9885
50,5,0.5,5,2,0.9058282782782652,0.023512294366565073,0.9065270018621974,0.0225607135520285,2.9283
50,5,0.5,5,5,0.9077839959475164,0.021963505718792305,0.9087461204220981,0.020966969012834916,3.8623
50,5,0.5,5,10,0.9031712149220509,0.02430157361734795,0.9042892613283675,0.023007446068162518,2.5568
50,5,0.5,10,1,0.9075257753680643,0.014539304114771943,0.9081812538795777,0.014116814195912639,3.0747
50,5,0.5,10,2,0.9110353944280354,0.016469525679040076,0.9115270018621974,0.015968631894583588,4.0773
50,5,0.5,10,5,0.9077839959475164,0.021963505718792305,0.9087461204220981,0.020966969012834916,2.7859
50,5,0.5,10,10,0.9031712149220509,0.02430157361734795,0.9042892613283675,0.023007446068162518,4.1066
50,5,0.5,20,1,0.9046638300374195,0.021641899002068865,0.9053941651148356,0.020818328571443376,2.4878
50,5,0.5,20,2,0.902482007963403,0.022816161908436813,0.9031688392302918,0.022010574719055195,3.69
50,5,0.5,20,5,0.9025155616185675,0.02243108983305484,0.903181253879578,0.021670561788433813,4.2646
50,5,0.5,20,10,0.9031712149220509,0.02430157361734795,0.9042892613283675,0.023007446068162518,3.431
50,5,1.0,2,1,0.8573061445663834,0.025178696269532175,0.8586623215394166,0.024078393316788065,3.3628
50,5,1.0,2,2,0.8562892414952769,0.023919105802804375,0.857548106765984,0.02249448207609005,3.4234
50,5,1.0,2,5,0.8540563732243138,0.02380936715625041,0.8553227808814402,0.02246818841244235,3.6282
50,5,1.0,2,10,0.8484087492690244,0.028043342188812038,0.849751707014277,0.02652887027591919,3.9539
50,5,1.0,5,1,0.8568577353457659,0.02473775275682758,0.8581067659838612,0.023561293834786487,2.6142
50,5,1.0,5,2,0.8569473808452516,0.023728449214460032,0.8581036623215395,0.022369459456003323,3.7356
50,5,1.0,5,5,0.8540563732243138,0.02380936715625041,0.8553227808814402,0.02246818841244235,2.731
50,5,1.0,5,10,0.8484087492690244,0.028043342188812038,0.849751707014277,0.02652887027591919,2.6377
50,5,1.0,10,1,0.8562928378162346,0.02368860137047723,0.8575512104283055,0.022613365674998834,4.3127
50,5,1.0,10,2,0.8557949715288945,0.022661833595979317,0.85699565487275,0.021466343975546774,2.8838
50,5,1.0,10,5,0.8540563732243138,0.02380936715625041,0.8553227808814402,0.02246818841244235,3.4725
50,5,1.0,10,10,0.8484087492690244,0.028043342188812038,0.849751707014277,0.02652887027591919,3.4695
50,5,1.0,20,1,0.8532488407097143,0.025557200196138902,0.8547703289882062,0.023957519267775514,2.7546
50,5,1.0,20,2,0.8527509744223742,0.024546860121649156,0.8542147734326507,0.022810359000338763,3.751
50,5,1.0,20,5,0.8499676716304325,0.024517628348629087,0.8514276846679083,0.02300451597041328,3.2093
50,5,1.0,20,10,0.8484087492690244,0.028043342188812038,0.849751707014277,0.02652887027591919,2.7824
50,10,sqrt,2,1,0.9749436216652418,0.009781715984822243,0.9749503414028553,0.00973461547288842,3.9178
50,10,sqrt,2,2,0.9728260891187566,0.007294066643835525,0.9727343265052761,0.007216321920008489,2.7736
50,10,sqrt,2,5,0.9627318599461798,0.011456548226726197,0.9627157045313469,0.011402477331254128,3.4436
50,10,sqrt,2,10,0.9481754533410477,0.01587576678629407,0.9482402234636871,0.015749152413290356,3.1134
50,10,sqrt,5,1,0.9744328636921512,0.007173862140035342,0.9743978895096213,0.0071343125021377865,2.48
50,10,sqrt,5,2,0.9726967803338422,0.011409366088652709,0.9727312228429547,0.011247170380549785,3.7931
50,10,sqrt,5,5,0.9627318599461798,0.011456548226726197,0.9627157045313469,0.011402477331254128,2.4962
50,10,sqrt,5,10,0.9481754533410477,0.01587576678629407,0.9482402234636871,0.015749152413290356,3.9277
50,10,sqrt,10,1,0.9692503414013552,0.010551860311380449,0.9693978895096214,0.010310046705073295,2.6771
50,10,sqrt,10,2,0.9693609736743773,0.012885246618158876,0.9693978895096214,0.01272213105640515,3.3564
50,10,sqrt,10,5,0.9627318599461798,0.011456548226726197,0.9627157045313469,0.011402477331254128,2.3644
50,10,sqrt,10,10,0.9481754533410477,0.01587576678629407,0.9482402234636871,0.015749152413290356,3.6625
50,10,sqrt,20,1,0.9617178531988098,0.012512648376698245,0.9616045934202357,0.012534281211840925,2.3939
50,10,sqrt,20,2,0.9617411541713361,0.012146291695103598,0.9616076970825572,0.012028699698178123,3.699
50,10,sqrt,20,5,0.9533508754932647,0.01477068055293712,0.9532464307883302,0.014774809673499575,2.171
50,10,sqrt,20,10,0.9481754533410477,0.01587576678629407,0.9482402234636871,0.015749152413290356,3.3516
50,10,log2,2,1,0.9720890283379864,0.00830295297233767,0.9721694599627559,0.00826987176570283,2.2716
50,10,log2,2,2,0.968340767784308,0.01305068081685664,0.9682867783985101,0.012910748809057074,3.4016
50,10,log2,2,5,0.9620796618168599,0.01623486463927313,0.9621694599627559,0.016047683744085217,3.1713
50,10,log2,2,10,0.95409756537943,0.013094575281922666,0.9543544382371196,0.012931259614511723,3.02
50,10,log2,5,1,0.9694182610831348,0.01100635323110994,0.9693916821849783,0.010909792907447615,3.5331
50,10,log2,5,2,0.9711990640432087,0.009854076894211578,0.9710614525139665,0.00988445262378441,2.8883
50,10,log2,5,5,0.9620796618168599,0.01623486463927313,0.9621694599627559,0.016047683744085217,2.7532
50,10,log2,5,10,0.95409756537943,0.013094575281922666,0.9543544382371196,0.012931259614511723,3.1772
50,10,log2,10,1,0.9677304794110112,0.010794335538610537,0.9677343265052762,0.010748473297034699,3.4166
50,10,log2,10,2,0.9655034338250145,0.012501190032534908,0.9655058969584109,0.012360233006100901,3.1239
50,10,log2,10,5,0.9620796618168599,0.01623486463927313,0.9621694599627559,0.016047683744085217,2.709
50,10,log2,10,10,0.95409756537943,0.013094575281922666,0.9543544382371196,0.012931259614511723,3.8353
50,10,log2,20,1,0.9677756068433606,0.006549880485843435,0.9677219118559901,0.006494297529311248,3.1486
50,10,log2,20,2,0.966559998220963,0.01098628078974014,0.9666170080695219,0.01081730467072067,2.5662
50,10,log2,20,5,0.9581315113443563,0.014855896436923572,0.9582712600869024,0.01453112856475277,3.2961
50,10,log2,20,10,0.95409756537943,0.013094575281922666,0.9543544382371196,0.012931259614511723,3.3021
50,10,0.5,2,1,0.9637944898886515,0.013839199380979803,0.9638454376163873,0.013862968714660556,2.8366
50,10,0.5,2,2,0.9602720490890245,0.016708554227052825,0.9604965859714463,0.0165523627846212,3.2299
50,10,0.5,2,5,0.9525894596699921,0.015504230994806226,0.9527126008690253,0.015130468095511405,3.8525
50,10,0.5,2,10,0.9333538617486811,0.02059412335040372,0.9337957790192426,0.019912723280221204,2.5653
50,10,0.5,5,1,0.9615635690413548,0.009612170386427244,0.9616045934202357,0.009437618612403833,3.9216
50,10,0.5,5,2,0.960358792970316,0.014302362327814623,0.9605090006207325,0.0141172440748496,2.6882
50,10,0.5,5,5,0.9525894596699921,0.015504230994806226,0.9527126008690253,0.015130468095511405,4.2806
50,10,0.5,5,10,0.9333538617486811,0.02059412335040372,0.9337957790192426,0.019912723280221204,2.5805
50,10,0.5,10,1,0.9554461681933676,0.019100617629801964,0.9555058969584108,0.01904612751393072,3.9271
50,10,0.5,10,2,0.9553907241076816,0.013588056536568218,0.9554934823091246,0.013346339830682952,2.4781
50,10,0.5,10,5,0.9525894596699921,0.015504230994806226,0.9527126008690253,0.015130468095511405,3.7788
50,10,0.5,10,10,0.9333538617486811,0.02059412335040372,0.9337957790192426,0.019912723280221204,2.9306
50,10,0.5,20,1,0.9508778499269605,0.018760127286965366,0.9510366232153942,0.018543582154467268,3.4845
50,10,0.5,20,2,0.9487315137887764,0.014977680066639945,0.9488144009931718,0.014625448785440743,2.4365
50,10,0.5,20,5,0.945232897316299,0.01547660616276219,0.9454686530105525,0.015062831395840118,3.4959
50,10,0.5,20,10,0.9333538617486811,0.02059412335040372,0.9337957790192426,0.019912723280221204,2.8589
50,10,1.0,2,1,0.9474501465948755,0.011126443623741274,0.9476908752327746,0.010891884496459352,3.3807
50,10,1.0,2,2,0.9502738167840862,0.014275186940869548,0.950477963997517,0.01392698879041173,4.2332
50,10,1.0,2,5,0.9332028492818601,0.018438809942213218,0.9332340161390441,0.018218343436765518,2.9913
50,10,1.0,2,10,0.9096713924648963,0.018948084673595326,0.9098479205462446,0.0185710821766524,3.33
50,10,1.0,5,1,0.9454135669279722,0.01248402968830483,0.9454748603351956,0.012338834300483305,4.4668
50,10,1.0,5,2,0.9458247480100022,0.014130727730331222,0.946030415890751,0.01382726986346733,3.2604
50,10,1.0,5,5,0.9332028492818601,0.018438809942213218,0.9332340161390441,0.018218343436765518,3.5475
50,10,1.0,5,10,0.9096713924648963,0.018948084673595326,0.9098479205462446,0.0185710821766524,3.816
50,10,1.0,10,1,0.9413799210228089,0.012706111976167483,0.9415766604593421,0.012458374271761477,3.0307
50,10,1.0,10,2,0.9419453785585115,0.014457286586449108,0.9421384233395406,0.014060077096685249,3.8402
50,10,1.0,10,5,0.9332028492818601,0.018438809942213218,0.9332340161390441,0.018218343436765518,3.7638
50,10,1.0,10,10,0.9096713924648963,0.018948084673595326,0.9098479205462446,0.0185710821766524,2.8655
50,10,1.0,20,1,0.9336901331216672,0.017355908583047752,0.9337926753569212,0.017084891771703452,3.7075
50,10,1.0,20,2,0.9331162758017332,0.016468124329027847,0.9332371198013656,0.016247205066807716,3.9774
50,10,1.0,20,5,0.9248141596791102,0.018743333328982346,0.9248913718187461,0.01840888845815421,3.2911
50,10,1.0,20,10,0.9096713924648963,0.018948084673595326,0.9098479205462446,0.0185710821766524,4.0269
50,20,sqrt,2,1,0.9777364802105953,0.007915580716739892,0.9777374301675978,0.007885514262223692,2.6031
50,20,sqrt,2,2,0.9743998267255456,0.006635427663092449,0.9744009931719428,0.006671138601879303,3.8104
50,20,sqrt,2,5,0.9638063329739264,0.012107305588469394,0.9638299193047797,0.011982437553010048,2.6879
50,20,sqrt,2,10,0.9488008377598491,0.015622743450151402,0.9487988826815641,0.015501338017142343,3.5534
50,20,sqrt,5,1,0.9772066178636939,0.00584531284007533,0.9771818746120422,0.005811491463973466,3.1216
50,20,sqrt,5,2,0.9704972263656615,0.006773626184082244,0.9705058969584108,0.006605670425761223,2.519
50,20,sqrt,5,5,0.9638063329739264,0.012107305588469394,0.9638299193047797,0.011982437553010048,3.2843
50,20,sqrt,5,10,0.9488008377598491,0.015622743450151402,0.9487988826815641,0.015501338017142343,3.3946
50,20,sqrt,10,1,0.9693801459405922,0.010440692361812495,0.9693947858472998,0.01032262831002109,2.768
50,20,sqrt,10,2,0.9699128605281737,0.009120452969105007,0.9699441340782122,0.009059177229796501,3.2991
50,20,sqrt,10,5,0.9638063329739264,0.012107305588469394,0.9638299193047797,0.011982437553010048,2.6661
50,20,sqrt,10,10,0.9488008377598491,0.015622743450151402,0.9487988826815641,0.015501338017142343,3.1712
50,20,sqrt,20,1,0.9633858371348649,0.013229353665548121,0.9632712600869026,0.013212383459230674,3.7016
50,20,sqrt,20,2,0.9594572748321151,0.013551039707974347,0.9593730602110491,0.013403236795843172,3.2187
50,20,sqrt,20,5,0.9544174607655117,0.012625531530631671,0.9543544382371196,0.012690336312002497,3.9304
50,20,sqrt,20,10,0.9488008377598491,0.015622743450151402,0.9487988826815641,0.015501338017142343,2.8944
50,20,log2,2,1,0.9738023281777941,0.01067366258159766,0.9738454376163872,0.01056264387131398,3.7816
50,20,log2,2,2,0.9660297985824142,0.01341083491911619,0.966058348851645,0.013248815768662183,3.4717
50,20,log2,2,5,0.962783005120119,0.01340223005018647,0.9627250155183115,0.013374717738300642,2.5101
50,20,log2,2,10,0.9520337532856923,0.015145469344008932,0.9521353196772191,0.014987345938113144,3.7461
50,20,log2,5,1,0.97055393347219,0.00976428080807464,0.9705058969584108,0.009648148047753364,2.6872
50,20,log2,5,2,0.9705008141569718,0.01116199170791671,0.9705090006207324,0.011127569139089232,3.1011
50,20,log2,5,5,0.962783005120119,0.01340223005018647,0.9627250155183115,0.013374717738300642,3.4859
50,20,log2,5,10,0.9520337532856923,0.015145469344008932,0.9521353196772191,0.014987345938113144,2.6225
50,20,log2,10,1,0.9704317413117722,0.013257402916371017,0.9705090006207324,0.013155500185784555,2.8782
50,20,log2,10,2,0.967719853864249,0.013748112765593463,0.9677312228429547,0.013555417426387174,3.5981
50,20,log2,10,5,0.962783005120119,0.01340223005018647,0.9627250155183115,0.013374717738300642,2.493
50,20,log2,10,10,0.9520337532856923,0.015145469344008932,0.9521353196772191,0.014987345938113144,3.6441
50,20,log2,20,1,0.9644101475658298,0.010493554123495,0.9643823711980136,0.01032789701715983,2.719
50,20,log2,20,2,0.962664818460507,0.009015695323666634,0.9627157045313469,0.00898348129449767,3.1028
50,20,log2,20,5,0.9589759758633475,0.01319524514818738,0.9588330229671012,0.013393474921258836,3.0397
50,20,log2,20,10,0.9520337532856923,0.015145469344008932,0.9521353196772191,0.014987345938113144,2.3932
50,20,0.5,2,1,0.9660481983014775,0.011959043781195155,0.9660738671632526,0.01200682927655796,3.953
50,20,0.5,2,2,0.9591598726221479,0.01278177648944156,0.9593885785226567,0.012651954876483852,2.5595
50,20,0.5,2,5,0.9531905792892038,0.015737675953856254,0.9532712600869024,0.01552034251142667,3.7399
50,20,0.5,2,10,0.9323020834381424,0.021138772790871643,0.9326784605834885,0.020533331009846126,2.4163
50,20,0.5,5,1,0.963190791415178,0.009112918398831889,0.9632805710738671,0.008997992402902895,3.6466
50,20,0.5,5,2,0.9670423395511083,0.011093411022061704,0.9671818746120422,0.010926400776040386,2.5407
50,20,0.5,5,5,0.9531905792892038,0.015737675953856254,0.9532712600869024,0.01552034251142667,3.7895
50,20,0.5,5,10,0.9323020834381424,0.021138772790871643,0.9326784605834885,0.020533331009846126,2.3167
50,20,0.5,10,1,0.9593430557527247,0.013945935701736715,0.9593916821849783,0.013810817475395943,3.6545
50,20,0.5,10,2,0.9585338095277963,0.011238262942855699,0.9588268156424581,0.010864841524773955,3.027
50,20,0.5,10,5,0.9531905792892038,0.015737675953856254,0.9532712600869024,0.01552034251142667,2.9855
50,20,0.5,10,10,0.9323020834381424,0.021138772790871643,0.9326784605834885,0.020533331009846126,3.8515
50,20,0.5,20,1,0.9548218478850373,0.01621863808454998,0.9549410304158907,0.015964840762193306,2.6373
50,20,0.5,20,2,0.9475542250239919,0.015402003777928417,0.9476939788950961,0.015150915058842744,3.3479
50,20,0.5,20,5,0.9458044863925321,0.01574481985831271,0.9460242085661079,0.015319970542581331,3.1627
50,20,0.5,20,10,0.9323020834381424,0.021138772790871643,0.9326784605834885,0.020533331009846126,2.5846
50,20,1.0,2,1,0.9514179287414581,0.015369214764499628,0.9516014897579144,0.015301616790015049,4.5149
50,20,1.0,2,2,0.9508045870343486,0.014712650607260756,0.9510366232153942,0.014424353364490028,2.8861
50,20,1.0,2,5,0.9343278279376385,0.01796348105375188,0.9343420235878336,0.017685120270116848,3.5497
50,20,1.0,2,10,0.9102699859263931,0.019208979786061467,0.9104034761018003,0.01884779179553937,3.4161
50,20,1.0,5,1,0.949798714736086,0.013710137316556029,0.9499224084419614,0.013598683268685918,3.0103
50,20,1.0,5,2,0.9497285168875746,0.013836116921285528,0.9499286157666045,0.013575747166903986,4.4862
50,20,1.0,5,5,0.9343278279376385,0.01796348105375188,0.9343420235878336,0.017685120270116848,2.7489
50,20,1.0,5,10,0.9102699859263931,0.019208979786061467,0.9104034761018003,0.01884779179553937,4.2258
50,20,1.0,10,1,0.943131785269219,0.01390673840292047,0.9432433271260086,0.013560021447338835,3.3054
50,20,1.0,10,2,0.9430665479869564,0.01455935929898655,0.9432495344506517,0.014197735432375454,4.2308
50,20,1.0,10,5,0.9343278279376385,0.01796348105375188,0.9343420235878336,0.017685120270116848,2.9963
50,20,1.0,10,10,0.9102699859263931,0.019208979786061467,0.9104034761018003,0.01884779179553937,3.6647
50,20,1.0,20,1,0.9343382100608881,0.0180444160836502,0.9343451272501552,0.017857612107546623,2.7111
50,20,1.0,20,2,0.9336472557031822,0.015973045492653735,0.9337957790192426,0.015748732826658614,3.9425
50,20,1.0,20,5,0.9259412129076043,0.01744323268244396,0.9259993792675356,0.017178164224890463,3.7319
50,20,1.0,20,10,0.9102699859263931,0.019208979786061467,0.9104034761018003,0.01884779179553937,2.8271
100,,sqrt,2,1,0.9788635641779845,0.007755147687258145,0.9788578522656735,0.007773503804194831,4.3037
100,,sqrt,2,2,0.9721837866092109,0.009659356233668231,0.972175667287399,0.009626360303806356,5.9108
100,,sqrt,2,5,0.9671197502809787,0.013167693598397173,0.967163252638113,0.01305304587810432,5.7401
100,,sqrt,2,10,0.9513802642062513,0.018431356573409795,0.951576660459342,0.018304798363609237,5.0734
100,,sqrt,5,1,0.9783337442124507,0.006843248841372269,0.9782898820608319,0.006810672100733245,4.9656
100,,sqrt,5,2,0.9716232652999086,0.008414140740341388,0.9716139044072005,0.008436770412569905,4.9254
100,,sqrt,5,5,0.9671197502809787,0.013167693598397173,0.967163252638113,0.01305304587810432,4.1424
100,,sqrt,5,10,0.9513802642062513,0.018431356573409795,0.951576660459342,0.018304798363609237,5.0315
100,,sqrt,10,1,0.9721619523871512,0.009659080796569049,0.9721818746120421,0.009608359600784478,5.3572
100,,sqrt,10,2,0.9693358515168018,0.010715925686166925,0.9693947858472998,0.010610898589497753,5.5253
100,,sqrt,10,5,0.9671197502809787,0.013167693598397173,0.967163252638113,0.01305304587810432,5.7029
100,,sqrt,10,10,0.9513802642062513,0.018431356573409795,0.951576660459342,0.018304798363609237,4.9402
100,,sqrt,20,1,0.9637953722651966,0.01301857312261127,0.9638299193047797,0.012977229811978071,5.0977
100,,sqrt,20,2,0.9627403152454461,0.013693660115143303,0.9627126008690254,0.013645700278444431,4.2972
100,,sqrt,20,5,0.958786151091496,0.01590709321129701,0.9588206083178148,0.015771936125986433,4.9999
100,,sqrt,20,10,0.9513802642062513,0.018431356573409795,0.951576660459342,0.018304798363609237,4.5302
100,,log2,2,1,0.9794734444741477,0.008600783179772649,0.979407200496586,0.008643933590716886,5.1608
100,,log2,2,2,0.9710810050275576,0.00895135949928218,0.9710614525139665,0.008902418103050893,5.5599
100,,log2,2,5,0.9638936965694824,0.010339043654218118,0.9638299193047795,0.01032190741455997,5.4457
100,,log2,2,10,0.9541734421147232,0.019640622938897,0.9543637492240844,0.01939536768213294,5.3263
100,,log2,5,1,0.974460251689339,0.010013308621542118,0.9744040968342643,0.00999536414230643,5.3756
100,,log2,5,2,0.9732714648886762,0.007502499140258008,0.9732867783985102,0.007382320988086693,5.3637
100,,log2,5,5,0.9638936965694824,0.010339043654218118,0.9638299193047795,0.01032190741455997,4.3192
100,,log2,5,10,0.9541734421147232,0.019640622938897,0.9543637492240844,0.01939536768213294,4.5202
100,,log2,10,1,0.9710108234048208,0.010894900734348477,0.9710614525139665,0.010780580790957292,4.8543
100,,log2,10,2,0.9698764970006337,0.012753821792241236,0.9699503414028554,0.012477415818989621,4.8973
100,,log2,10,5,0.9638936965694824,0.010339043654218118,0.9638299193047795,0.01032190741455997,4.3981
100,,log2,10,10,0.9541734421147232,0.019640622938897,0.9543637492240844,0.01939536768213294,5.6042
100,,log2,20,1,0.9666604649299734,0.012997220856509058,0.966617008069522,0.01290216878345598,5.5606
100,,log2,20,2,0.9638663513224254,0.014718851371491771,0.9638392302917442,0.014732509671446188,5.3879
100,,log2,20,5,0.9604582333076014,0.015100963076342825,0.9604965859714462,0.014986593932723,5.4721
100,,log2,20,10,0.9541734421147232,0.019640622938897,0.9543637492240844,0.01939536768213294,5.2752
100,,0.5,2,1,0.9721320218987876,0.010867724899404288,0.9721880819366853,0.010807587268054985,4.7698
100,,0.5,2,2,0.9681430686265753,0.015671715844389887,0.9682991930477964,0.01550619763054854,5.4875
100,,0.5,2,5,0.9564158921405734,0.01596531974512549,0.9566076970825573,0.015646672417135847,5.1115
100,,0.5,2,10,0.9363604966960164,0.017088697347796923,0.9365611421477343,0.016715208461265656,4.7773
100,,0.5,5,1,0.9631730053189294,0.011801139271520244,0.9632805710738671,0.011684152636723538,5.0255
100,,0.5,5,2,0.9637413368537837,0.012304054486991841,0.9638423339540658,0.01221179709980595,4.824
100,,0.5,5,5,0.9564158921405734,0.01596531974512549,0.9566076970825573,0.015646672417135847,4.8169
100,,0.5,5,10,0.9363604966960164,0.017088697347796923,0.9365611421477343,0.016715208461265656,4.9322
100,,0.5,10,1,0.9598206665627407,0.017742686645141184,0.9599472377405338,0.017512177782006436,5.0311
100,,0.5,10,2,0.9585531111308565,0.014624135392675281,0.9588392302917443,0.014279213362792607,4.7917
100,,0.5,10,5,0.9564158921405734,0.01596531974512549,0.9566076970825573,0.015646672417135847,4.8555
100,,0.5,10,10,0.9363604966960164,0.017088697347796923,0.9365611421477343,0.016715208461265656,4.8685
100,,0.5,20,1,0.9553866295989188,0.019735646554627454,0.9554934823091248,0.019381838175818233,4.9888
100,,0.5,20,2,0.952506451453206,0.016213002039790654,0.9527032898820608,0.015751986471052238,5.4519
100,,0.5,20,5,0.9448141093280217,0.017956309865121395,0.9449099937926754,0.017469798136407727,5.4196
100,,0.5,20,10,0.9363604966960164,0.017088697347796923,0.9365611421477343,0.016715208461265656,4.1074
100,,1.0,2,1,0.9530593818997743,0.012952497314106528,0.9532588454376164,0.012723773992817815,5.7224
100,,1.0,2,2,0.9497441292965879,0.013160912623628007,0.9499286157666045,0.012875651153288642,5.6798
100,,1.0,2,5,0.938083495379067,0.015026337473328025,0.9382278088144009,0.014598467929745843,5.7387
100,,1.0,2,10,0.9112161694688379,0.02186243316202134,0.9115145872129112,0.021459624449524244,6.3055
100,,1.0,5,1,0.950850187415543,0.01353023862041904,0.9510366232153942,0.013327143355650481,6.6112
100,,1.0,5,2,0.95037675223173,0.013068895040882562,0.950477963997517,0.012765519706654072,6.181
100,,1.0,5,5,0.938083495379067,0.015026337473328025,0.9382278088144009,0.014598467929745843,4.7797
100,,1.0,5,10,0.9112161694688379,0.02186243316202134,0.9115145872129112,0.021459624449524244,4.5471
100,,1.0,10,1,0.9431254716923597,0.016811345478658646,0.9432433271260086,0.01643851489066152,6.3474
100,,1.0,10,2,0.9414713457663412,0.015608817116941464,0.9415766604593421,0.015351400322451341,6.745
100,,1.0,10,5,0.938083495379067,0.015026337473328025,0.9382278088144009,0.014598467929745843,6.5241
100,,1.0,10,10,0.9112161694688379,0.02186243316202134,0.9115145872129112,0.021459624449524244,6.3341
100,,1.0,20,1,0.9390320298016347,0.014466104625738458,0.9393513345747981,0.014128172591494771,6.4763
100,,1.0,20,2,0.9369563931217512,0.017308604474769215,0.9371384233395407,0.016985712990763253,6.0107
100,,1.0,20,5,0.9253098313638484,0.014755388631678521,0.9254345127250154,0.01451469918483253,6.0466
100,,1.0,20,10,0.9112161694688379,0.02186243316202134,0.9115145872129112,0.021459624449524244,4.603
100,5,sqrt,2,1,0.9397715077733786,0.019202604697395827,0.9399099937926753,0.019184481955113103,4.1805
100,5,sqrt,2,2,0.9330495017466303,0.020363547048083432,0.9332309124767224,0.020314384138371857,4.966
100,5,sqrt,2,5,0.9397506203438752,0.01217344740796325,0.9399099937926753,0.012078546625817487,5.7191
100,5,sqrt,2,10,0.9296769132115038,0.013550508461561389,0.9298882681564246,0.013177062501727408,5.3032
100,5,sqrt,5,1,0.9346679813056497,0.019856514350717763,0.9348913718187462,0.01957304803703358,5.1242
100,5,sqrt,5,2,0.9331206432178822,0.01728645953440584,0.933227808814401,0.017370564460169186,5.1349
100,5,sqrt,5,5,0.9397506203438752,0.01217344740796325,0.9399099937926753,0.012078546625817487,5.0477
100,5,sqrt,5,10,0.9296769132115038,0.013550508461561389,0.9298882681564246,0.013177062501727408,4.6996
100,5,sqrt,10,1,0.9386059685308199,0.014796035337316745,0.9387957790192427,0.014664073694593263,4.9425
100,5,sqrt,10,2,0.9402772743309884,0.012332441632085663,0.9404593420235878,0.012175704866734515,5.0823
100,5,sqrt,10,5,0.9397506203438752,0.01217344740796325,0.9399099937926753,0.012078546625817487,5.0867
100,5,sqrt,10,10,0.9296769132115038,0.013550508461561389,0.9298882681564246,0.013177062501727408,4.8378
100,5,sqrt,20,1,0.9351242132747768,0.012670332653904957,0.9354500310366232,0.012211432666715571,4.8412
100,5,sqrt,20,2,0.9334722239444716,0.013639647680377422,0.9337833643699565,0.013228828643478673,4.3665
100,5,sqrt,20,5,0.9329360084506808,0.014909475812488528,0.9332247051520793,0.014477360511307399,4.9775
100,5,sqrt,20,10,0.9296769132115038,0.013550508461561389,0.9298882681564246,0.013177062501727408,4.8903
100,5,log2,2,1,0.9429546086683087,0.016241635634695637,0.9432278088144009,0.015913193145717888,4.5616
100,5,log2,2,2,0.9400228816546141,0.01585765728900022,0.9404469273743017,0.015365346666293533,5.2358
100,5,log2,2,5,0.9352361166929477,0.01863910239353505,0.935437616387337,0.018338425795307308,5.7598
100,5,log2,2,10,0.9351370037527316,0.017624587271298314,0.935437616387337,0.01729915673126745,4.6302
100,5,log2,5,1,0.9367457168941249,0.015653152964181967,0.9371073867163252,0.01537038871894979,4.5139
100,5,log2,5,2,0.9383584520888368,0.01735560792212008,0.9387771570453134,0.01689054097669664,4.7076
100,5,log2,5,5,0.9352361166929477,0.01863910239353505,0.935437616387337,0.018338425795307308,4.6754
100,5,log2,5,10,0.9351370037527316,0.017624587271298314,0.935437616387337,0.01729915673126745,4.6805
100,5,log2,10,1,0.9407550784004819,0.01443570988930905,0.9410024829298571,0.014145793192445525,5.2839
100,5,log2,10,2,0.9407100128512169,0.013934155850934592,0.9410024829298571,0.013702473719408942,5.4531
100,5,log2,10,5,0.9352361166929477,0.01863910239353505,0.935437616387337,0.018338425795307308,6.2743
100,5,log2,10,10,0.9351370037527316,0.017624587271298314,0.935437616387337,0.01729915673126745,5.5917
100,5,log2,20,1,0.9340542446192435,0.016256091325393865,0.9343296089385473,0.01628097625603562,5.3877
100,5,log2,20,2,0.9351741999526805,0.017884213543235286,0.9354407200496585,0.017809470225544376,4.8513
100,5,log2,20,5,0.9340757680674905,0.01872642643160412,0.9343358162631905,0.018556241581717595,4.6783
100,5,log2,20,10,0.9351370037527316,0.017624587271298314,0.935437616387337,0.01729915673126745,4.9455
100,5,0.5,2,1,0.90765639833847,0.02194117454011427,0.9087430167597766,0.021092864761009023,5.9148
100,5,0.5,2,2,0.9101226209012727,0.019943205571141508,0.910977653631285,0.01903170214918788,6.0376
100,5,0.5,2,5,0.9088851122418964,0.02295538407777533,0.9098634388578525,0.022028761454444757,5.7604
100,5,0.5,2,10,0.9009020311647656,0.02428700802263045,0.9020546244568592,0.02295676365739494,5.3077
100,5,0.5,5,1,0.9092996325994633,0.025564564945993212,0.9104189944134078,0.023867914133381615,4.9948
100,5,0.5,5,2,0.907675221390369,0.02316745545825241,0.9087430167597766,0.021678240622613903,4.5451
100,5,0.5,5,5,0.9088851122418964,0.02295538407777533,0.9098634388578525,0.022028761454444757,4.518
100,5,0.5,5,10,0.9009020311647656,0.02428700802263045,0.9020546244568592,0.02295676365739494,5.3469
100,5,0.5,10,1,0.9138602063701755,0.015267946501945722,0.9143109869646182,0.014916198857056494,5.4827
100,5,0.5,10,2,0.9132562794181653,0.0173179850320014,0.9137554314090626,0.016863621772667772,5.3428
100,5,0.5,10,5,0.9088851122418964,0.02295538407777533,0.9098634388578525,0.022028761454444757,5.4704
100,5,0.5,10,10,0.9009020311647656,0.02428700802263045,0.9020546244568592,0.02295676365739494,5.3078
100,5,0.5,20,1,0.9071016092051396,0.0218852807987187,0.9076256983240224,0.020970337465599766,4.9092
100,5,0.5,20,2,0.9088400957446513,0.023761136086020596,0.9092985723153323,0.02290715666042026,5.0919
100,5,0.5,20,5,0.9033798892731474,0.01939825837586839,0.9042830540037243,0.018240020406888595,4.9734
100,5,0.5,20,10,0.9009020311647656,0.02428700802263045,0.9020546244568592,0.02295676365739494,4.468
100,5,1.0,2,1,0.8619774045609943,0.02369429783397557,0.8631129733085041,0.022493336328518587,5.8461
100,5,1.0,2,2,0.8603116542179299,0.02248748126288032,0.8614432029795159,0.021262805491612802,5.0101
100,5,1.0,2,5,0.8578866863166187,0.016553612319976194,0.858659217877095,0.015522296198562154,4.7068
100,5,1.0,2,10,0.8502905767472526,0.023439640862364955,0.8514276846679081,0.022195829754560175,5.6773
100,5,1.0,5,1,0.8620397159339351,0.020632240202839484,0.8631129733085041,0.019557438203005977,5.5302
100,5,1.0,5,2,0.8603116542179299,0.02248748126288032,0.8614432029795159,0.021262805491612802,5.3175
100,5,1.0,5,5,0.8578866863166187,0.016553612319976194,0.858659217877095,0.015522296198562154,7.1422
100,5,1.0,5,10,0.8502905767472526,0.023439640862364955,0.8514276846679081,0.022195829754560175,18.0748
100,5,1.0,10,1,0.8603408973981713,0.021568674876523263,0.8614463066418374,0.020351075230948035,18.2052
100,5,1.0,10,2,0.8596770399923784,0.021497250211433044,0.8608907510862819,0.02027667726245837,17.2072
100,5,1.0,10,5,0.8578866863166187,0.016553612319976194,0.858659217877095,0.015522296198562154,16.7808
100,5,1.0,10,10,0.8502905767472526,0.023439640862364955,0.8514276846679081,0.022195829754560175,16.892
100,5,1.0,20,1,0.8591545171600721,0.019971235505963175,0.8603320918684048,0.0189495879041822,25.3885
100,5,1.0,20,2,0.8586574411366804,0.019237736740725195,0.8597765363128491,0.018169614334071646,21.6744
100,5,1.0,20,5,0.8550393406805259,0.01828452719655017,0.8558752327746741,0.01709360753939397,16.8112
100,5,1.0,20,10,0.8502905767472526,0.023439640862364955,0.8514276846679081,0.022195829754560175,16.829
100,10,sqrt,2,1,0.9738221753395347,0.010661953504335074,0.9738423339540658,0.010572959952871235,15.8813
100,10,sqrt,2,2,0.9750098305725026,0.007613687599154811,0.97495965238982,0.007562355869952047,15.1941
100,10,sqrt,2,5,0.9671412135340762,0.012936665058935107,0.9671663563004345,0.012804820454608058,17.3089
100,10,sqrt,2,10,0.9524446552002349,0.018653826732397405,0.9526908752327745,0.018497874564073296,17.6611
100,10,sqrt,5,1,0.974390645315585,0.009818215884935458,0.9743947858472998,0.009708789541143863,17.5085
100,10,sqrt,5,2,0.97324885180598,0.008586875422715043,0.9732867783985102,0.00854500916849501,32.9519
100,10,sqrt,5,5,0.9671412135340762,0.012936665058935107,0.9671663563004345,0.012804820454608058,17.768
100,10,sqrt,5,10,0.9524446552002349,0.018653826732397405,0.9526908752327745,0.018497874564073296,17.5056
100,10,sqrt,10,1,0.9682824962062784,0.01249692270290588,0.9682867783985103,0.01242343574854489,17.4925
100,10,sqrt,10,2,0.9688834375446312,0.012362130687701227,0.9688454376163873,0.012204899423335639,17.4732
100,10,sqrt,10,5,0.9671412135340762,0.012936665058935107,0.9671663563004345,0.012804820454608058,17.1681
100,10,sqrt,10,10,0.9524446552002349,0.018653826732397405,0.9526908752327745,0.018497874564073296,17.2767
100,10,sqrt,20,1,0.9632484108415131,0.012606318568907496,0.9632681564245809,0.012486965432099753,17.3153
100,10,sqrt,20,2,0.9621055508470711,0.01447937270053073,0.9621601489757913,0.014239207664976139,17.016
100,10,sqrt,20,5,0.9555487750634925,0.016733161811246722,0.9554810676598384,0.016681572607241006,17.3619
100,10,sqrt,20,10,0.9524446552002349,0.018653826732397405,0.9526908752327745,0.018497874564073296,17.2553
100,10,log2,2,1,0.9755237787309324,0.008456178772932922,0.9755090006207323,0.0083503220052894,24.1358
100,10,log2,2,2,0.9705418396361688,0.010987652657743388,0.9705058969584108,0.010849375827569575,25.03
100,10,log2,2,5,0.9643211395963356,0.01259480576053856,0.9643885785226567,0.012473620028637953,17.1176
100,10,log2,2,10,0.9535594013199452,0.018444953380861818,0.9538019863438857,0.018128593640568673,16.9295
100,10,log2,5,1,0.9727294955495311,0.008105825066346104,0.9727312228429547,0.008048008853585328,16.2121
100,10,log2,5,2,0.9711567671558562,0.00806398428613926,0.9710676598386095,0.008155108843289838,16.4789
100,10,log2,5,5,0.9643211395963356,0.01259480576053856,0.9643885785226567,0.012473620028637953,16.3289
100,10,log2,5,10,0.9535594013199452,0.018444953380861818,0.9538019863438857,0.018128593640568673,20.654
100,10,log2,10,1,0.9666152792372298,0.013765827142372854,0.9666139044072004,0.013607264428946008,25.8783
100,10,log2,10,2,0.9671984048141031,0.012807886947562798,0.9671725636250775,0.012772081811805017,16.5353
100,10,log2,10,5,0.9643211395963356,0.01259480576053856,0.9643885785226567,0.012473620028637953,16.3127
100,10,log2,10,10,0.9535594013199452,0.018444953380861818,0.9538019863438857,0.018128593640568673,16.5527
100,10,log2,20,1,0.9654683254708823,0.010287289336668832,0.9655027932960893,0.010172991269242754,16.2701
100,10,log2,20,2,0.962158568945523,0.012739209557855971,0.9621663563004346,0.012608625793821075,19.5675
100,10,log2,20,5,0.9598557052936375,0.014668097253211934,0.959937926753569,0.014437607300124753,15.5221
100,10,log2,20,10,0.9535594013199452,0.018444953380861818,0.9538019863438857,0.018128593640568673,11.2356
100,10,0.5,2,1,0.965999294838431,0.012979139795606208,0.9660738671632526,0.01298378433232269,26.7568
100,10,0.5,2,2,0.9647794461003564,0.015161768601022925,0.9649565487274984,0.014894258177848788,20.0805
100,10,0.5,2,5,0.9559826747182221,0.015685914928423875,0.9560552451893234,0.015370189738404094,16.7389
100,10,0.5,2,10,0.9357436662175266,0.017136602663621135,0.9360024829298572,0.016739032383633393,16.5771
100,10,0.5,5,1,0.9642920398433825,0.011946160299493637,0.9643885785226567,0.011698939666298615,17.192
100,10,0.5,5,2,0.9630999214934144,0.012327387493997734,0.9632867783985102,0.012191361403458814,16.5788
100,10,0.5,5,5,0.9559826747182221,0.015685914928423875,0.9560552451893234,0.015370189738404094,35.8232
100,10,0.5,5,10,0.9357436662175266,0.017136602663621135,0.9360024829298572,0.016739032383633393,3.4277
100,10,0.5,10,1,0.9591913507890265,0.016769083258284533,0.9593947858472998,0.01645984262139771,36.0683
100,10,0.5,10,2,0.9576403756150759,0.014824360203901116,0.9577250155183116,0.014707767163900683,3.8063
100,10,0.5,10,5,0.9559826747182221,0.015685914928423875,0.9560552451893234,0.015370189738404094,36.1264
100,10,0.5,10,10,0.9357436662175266,0.017136602663621135,0.9360024829298572,0.016739032383633393,3.3509
100,10,0.5,20,1,0.9526426531776646,0.016479698447359015,0.9527126008690254,0.016116019961266624,36.3615
100,10,0.5,20,2,0.950393242605049,0.014759760176431854,0.9504810676598385,0.01434397256340558,3.6113
100,10,0.5,20,5,0.9459041819976299,0.016966627610991165,0.9460242085661079,0.016488688859912806,35.7282
100,10,0.5,20,10,0.9357436662175266,0.017136602663621135,0.9360024829298572,0.016739032383633393,3.7275
100,10,1.0,2,1,0.9503268615292099,0.013475197468771469,0.950477963997517,0.013258518502863552,38.5618
100,10,1.0,2,2,0.9475908040536913,0.013800476339458174,0.9477001862197392,0.013403024422421982,5.6312
100,10,1.0,2,5,0.9369794123874066,0.016684274902632683,0.9371166977032898,0.016308500443570625,37.5812
100,10,1.0,2,10,0.9112161694688379,0.02186243316202134,0.9115145872129112,0.021459624449524244,5.0412
100,10,1.0,5,1,0.9519664489741722,0.014261244154015702,0.9521477343265052,0.01409107675855794,37.7655
100,10,1.0,5,2,0.9481847193511367,0.01385680774260774,0.9482557417752948,0.013595435419071197,5.5882
100,10,1.0,5,5,0.9369794123874066,0.016684274902632683,0.9371166977032898,0.016308500443570625,38.1396
100,10,1.0,5,10,0.9112161694688379,0.02186243316202134,0.9115145872129112,0.021459624449524244,16.46
100,10,1.0,10,1,0.9436749200833973,0.015064304240374471,0.9437988826815642,0.014791266640520856,26.5151
100,10,1.0,10,2,0.9420038539345491,0.015416024103350658,0.9421353196772191,0.015130003338346324,36.9376
100,10,1.0,10,5,0.9369794123874066,0.016684274902632683,0.9371166977032898,0.016308500443570625,14.4243
100,10,1.0,10,10,0.9112161694688379,0.02186243316202134,0.9115145872129112,0.021459624449524244,27.4656
100,10,1.0,20,1,0.9358135782673938,0.013850419366599202,0.9360180012414648,0.013616324078001953,22.8226
100,10,1.0,20,2,0.9352748262678215,0.016393028555075944,0.9354686530105525,0.01608174424461455,19.5853
100,10,1.0,20,5,0.924729294170308,0.014768830754274114,0.92487895716946,0.014520697034493673,36.2667
100,10,1.0,20,10,0.9112161694688379,0.02186243316202134,0.9115145872129112,0.021459624449524244,4.6167
100,20,sqrt,2,1,0.9788635641779845,0.007755147687258145,0.9788578522656735,0.007773503804194831,33.5967
100,20,sqrt,2,2,0.9721837866092109,0.009659356233668231,0.972175667287399,0.009626360303806356,2.5705
100,20,sqrt,2,5,0.9671197502809787,0.013167693598397173,0.967163252638113,0.01305304587810432,34.2415
100,20,sqrt,2,10,0.9513802642062513,0.018431356573409795,0.951576660459342,0.018304798363609237,2.438
100,20,sqrt,5,1,0.9783337442124507,0.006843248841372269,0.9782898820608319,0.006810672100733245,34.2832
100,20,sqrt,5,2,0.9716232652999086,0.008414140740341388,0.9716139044072005,0.008436770412569905,2.6335
100,20,sqrt,5,5,0.9671197502809787,0.013167693598397173,0.967163252638113,0.01305304587810432,33.9101
100,20,sqrt,5,10,0.9513802642062513,0.018431356573409795,0.951576660459342,0.018304798363609237,2.4135
100,20,sqrt,10,1,0.9721619523871512,0.009659080796569049,0.9721818746120421,0.009608359600784478,34.3676
100,20,sqrt,10,2,0.9693358515168018,0.010715925686166925,0.9693947858472998,0.010610898589497753,2.4883
100,20,sqrt,10,5,0.9671197502809787,0.013167693598397173,0.967163252638113,0.01305304587810432,16.1693
100,20,sqrt,10,10,0.9513802642062513,0.018431356573409795,0.951576660459342,0.018304798363609237,19.2757
100,20,sqrt,20,1,0.9637953722651966,0.01301857312261127,0.9638299193047797,0.012977229811978071,23.3833
100,20,sqrt,20,2,0.9627403152454461,0.013693660115143303,0.9627126008690254,0.013645700278444431,10.989
100,20,sqrt,20,5,0.958786151091496,0.01590709321129701,0.9588206083178148,0.015771936125986433,31.9195
100,20,sqrt,20,10,0.9513802642062513,0.018431356573409795,0.951576660459342,0.018304798363609237,2.6065
100,20,log2,2,1,0.9794734444741477,0.008600783179772649,0.979407200496586,0.008643933590716886,31.8476
100,20,log2,2,2,0.9710810050275576,0.00895135949928218,0.9710614525139665,0.008902418103050893,23.2769
100,20,log2,2,5,0.9638936965694824,0.010339043654218118,0.9638299193047795,0.01032190741455997,10.9082
100,20,log2,2,10,0.9541734421147232,0.019640622938897,0.9543637492240844,0.01939536768213294,27.0391
100,20,log2,5,1,0.974460251689339,0.010013308621542118,0.9744040968342643,0.00999536414230643,7.0553
100,20,log2,5,2,0.9732714648886762,0.007502499140258008,0.9732867783985102,0.007382320988086693,31.9225
100,20,log2,5,5,0.9638936965694824,0.010339043654218118,0.9638299193047795,0.01032190741455997,2.4339
100,20,log2,5,10,0.9541734421147232,0.019640622938897,0.9543637492240844,0.01939536768213294,31.1821
100,20,log2,10,1,0.9710108234048208,0.010894900734348477,0.9710614525139665,0.010780580790957292,2.4527
100,20,log2,10,2,0.9698764970006337,0.012753821792241236,0.9699503414028554,0.012477415818989621,31.6689
100,20,log2,10,5,0.9638936965694824,0.010339043654218118,0.9638299193047795,0.01032190741455997,2.6088
100,20,log2,10,10,0.9541734421147232,0.019640622938897,0.9543637492240844,0.01939536768213294,31.7511
100,20,log2,20,1,0.9666604649299734,0.012997220856509058,0.966617008069522,0.01290216878345598,12.4118
100,20,log2,20,2,0.9638663513224254,0.014718851371491771,0.9638392302917442,0.014732509671446188,21.7981
100,20,log2,20,5,0.9604582333076014,0.015100963076342825,0.9604965859714462,0.014986593932723,29.6669
100,20,log2,20,10,0.9541734421147232,0.019640622938897,0.9543637492240844,0.01939536768213294,2.5322
100,20,0.5,2,1,0.9721320218987876,0.010867724899404288,0.9721880819366853,0.010807587268054985,30.8431
100,20,0.5,2,2,0.9681430686265753,0.015671715844389887,0.9682991930477964,0.01550619763054854,3.8522
100,20,0.5,2,5,0.9564158921405734,0.01596531974512549,0.9566076970825573,0.015646672417135847,22.7722
100,20,0.5,2,10,0.9363604966960164,0.017088697347796923,0.9365611421477343,0.016715208461265656,3.3106
100,20,0.5,5,1,0.9631730053189294,0.011801139271520244,0.9632805710738671,0.011684152636723538,12.8956
100,20,0.5,5,2,0.9637413368537837,0.012304054486991841,0.9638423339540658,0.01221179709980595,18.4654
100,20,0.5,5,5,0.9564158921405734,0.01596531974512549,0.9566076970825573,0.015646672417135847,3.9678
100,20,0.5,5,10,0.9363604966960164,0.017088697347796923,0.9365611421477343,0.016715208461265656,18.1157
100,20,0.5,10,1,0.9598206665627407,0.017742686645141184,0.9599472377405338,0.017512177782006436,3.7827
100,20,0.5,10,2,0.9585531111308565,0.014624135392675281,0.9588392302917443,0.014279213362792607,30.9446
100,20,0.5,10,5,0.9564158921405734,0.01596531974512549,0.9566076970825573,0.015646672417135847,3.7931
100,20,0.5,10,10,0.9363604966960164,0.017088697347796923,0.9365611421477343,0.016715208461265656,30.5516
100,20,0.5,20,1,0.9553866295989188,0.019735646554627454,0.9554934823091248,0.019381838175818233,8.1583
100,20,0.5,20,2,0.952506451453206,0.016213002039790654,0.9527032898820608,0.015751986471052238,26.9708
100,20,0.5,20,5,0.9448141093280217,0.017956309865121395,0.9449099937926754,0.017469798136407727,3.9564
100,20,0.5,20,10,0.9363604966960164,0.017088697347796923,0.9365611421477343,0.016715208461265656,30.8487
100,20,1.0,2,1,0.9530593818997743,0.012952497314106528,0.9532588454376164,0.012723773992817815,41.1303
100,20,1.0,2,2,0.9497441292965879,0.013160912623628007,0.9499286157666045,0.012875651153288642,16.2531
100,20,1.0,2,5,0.938083495379067,0.015026337473328025,0.9382278088144009,0.014598467929745843,31.298
100,20,1.0,2,10,0.9112161694688379,0.02186243316202134,0.9115145872129112,0.021459624449524244,23.1403
100,20,1.0,5,1,0.950850187415543,0.01353023862041904,0.9510366232153942,0.013327143355650481,22.2243
100,20,1.0,5,2,0.95037675223173,0.013068895040882562,0.950477963997517,0.012765519706654072,40.781
100,20,1.0,5,5,0.938083495379067,0.015026337473328025,0.9382278088144009,0.014598467929745843,28.6218
100,20,1.0,5,10,0.9112161694688379,0.02186243316202134,0.9115145872129112,0.021459624449524244,15.9895
100,20,1.0,10,1,0.9431254716923597,0.016811345478658646,0.9432433271260086,0.01643851489066152,37.3608
100,20,1.0,10,2,0.9414713457663412,0.015608817116941464,0.9415766604593421,0.015351400322451341,8.7749
100,20,1.0,10,5,0.938083495379067,0.015026337473328025,0.9382278088144009,0.014598467929745843,39.7157
100,20,1.0,10,10,0.9112161694688379,0.02186243316202134,0.9115145872129112,0.021459624449524244,5.3929
100,20,1.0,20,1,0.9390320298016347,0.014466104625738458,0.9393513345747981,0.014128172591494771,39.4854
100,20,1.0,20,2,0.9369563931217512,0.017308604474769215,0.9371384233395407,0.016985712990763253,5.7371
100,20,1.0,20,5,0.9253098313638484,0.014755388631678521,0.9254345127250154,0.01451469918483253,40.1834
100,20,1.0,20,10,0.9112161694688379,0.02186243316202134,0.9115145872129112,0.021459624449524244,4.9965
200,,sqrt,2,1,0.9782685013921848,0.007242125771163271,0.9782991930477964,0.007227453339834126,38.4458
200,,sqrt,2,2,0.9738012449021178,0.010711099785275477,0.9738454376163872,0.010559369423597196,37.8706
200,,sqrt,2,5,0.9721447623765757,0.010923970216449728,0.9721725636250775,0.0108523422040735,27.9248
200,,sqrt,2,10,0.9532324372466603,0.019803213804436375,0.9532557417752947,0.019772026672201078,14.2966
200,,sqrt,5,1,0.9754641450756024,0.008132650393682215,0.975512104283054,0.007949108759826308,38.1989
200,,sqrt,5,2,0.9743343264925899,0.007974798916264632,0.9743978895096213,0.007952615537702375,38.3494
200,,sqrt,5,5,0.9721447623765757,0.010923970216449728,0.9721725636250775,0.0108523422040735,36.9882
200,,sqrt,5,10,0.9532324372466603,0.019803213804436375,0.9532557417752947,0.019772026672201078,18.8033
200,,sqrt,10,1,0.9738210897194296,0.009427566833582089,0.9738392302917441,0.009336799003474582,23.8896
200,,sqrt,10,2,0.9722118732302297,0.009245182753177676,0.972175667287399,0.009300213610048206,38.0967
200,,sqrt,10,5,0.9721447623765757,0.010923970216449728,0.9721725636250775,0.0108523422040735,37.5002
200,,sqrt,10,10,0.9532324372466603,0.019803213804436375,0.9532557417752947,0.019772026672201078,24.2428
200,,sqrt,20,1,0.9682996509197537,0.013657213344622079,0.9682836747361886,0.013623398046162255,20.7952
200,,sqrt,20,2,0.9638329289362083,0.014294882393652545,0.963826815642458,0.014119468659787854,36.9439
200,,sqrt,20,5,0.9599066152931007,0.01879336666947696,0.9599317194289261,0.01873576859715159,35.0731
200,,sqrt,20,10,0.9532324372466603,0.019803213804436375,0.9532557417752947,0.019772026672201078,35.0446
200,,log2,2,1,0.9810832542582629,0.008017828688633674,0.9810769708255742,0.007960310611067951,35.1139
200,,log2,2,2,0.9755233880342669,0.006722892141909222,0.9755152079453755,0.006676805822706072,35.1876
200,,log2,2,5,0.9677523780803104,0.009633812040729491,0.9677250155183115,0.009562830868049092,34.4553
200,,log2,2,10,0.9580621676012857,0.01620163606013722,0.9582526381129732,0.01599538223858074,35.3428
200,,log2,5,1,0.9760581582358796,0.006200107953508956,0.976064556176288,0.0061467058702987356,18.7545
200,,log2,5,2,0.9765371014240115,0.007507082144678842,0.9766294227188081,0.007369574129338114,21.2468
200,,log2,5,5,0.9677523780803104,0.009633812040729491,0.9677250155183115,0.009562830868049092,34.8588
200,,log2,5,10,0.9580621676012857,0.01620163606013722,0.9582526381129732,0.01599538223858074,34.7383
200,,log2,10,1,0.9743182628293192,0.009885820911142953,0.9743978895096213,0.009700942810952408,34.5897
200,,log2,10,2,0.9699519844776893,0.009534841221385055,0.9699503414028554,0.009365655771160032,32.6164
200,,log2,10,5,0.9677523780803104,0.009633812040729491,0.9677250155183115,0.009562830868049092,32.7378
200,,log2,10,10,0.9580621676012857,0.01620163606013722,0.9582526381129732,0.01599538223858074,33.0445
200,,log2,20,1,0.9655351502800379,0.013706388820965284,0.9655027932960893,0.013552398386120743,32.743
200,,log2,20,2,0.9644022929909406,0.015907308471063728,0.9643916821849782,0.015939226730849715,32.124
200,,log2,20,5,0.9610317677904346,0.014290279589801873,0.9610552451893233,0.014035190664811228,32.9536
200,,log2,20,10,0.9580621676012857,0.01620163606013722,0.9582526381129732,0.01599538223858074,32.9045
200,,0.5,2,1,0.9721313573932105,0.009703376929042936,0.9721880819366853,0.009597530126648868,35.4292
200,,0.5,2,2,0.9642003808334574,0.016659376291699803,0.9644040968342644,0.016306604326369965,34.7368
200,,0.5,2,5,0.9548694061476517,0.013930949627120062,0.9549379267535691,0.013447438208820316,16.9603
200,,0.5,2,10,0.9374742036606325,0.01520228759594256,0.9376784605834885,0.014859037408709409,24.7975
200,,0.5,5,1,0.9653967745581058,0.011705632945691768,0.9655090006207324,0.011576760724674512,40.6359
200,,0.5,5,2,0.9625463479709737,0.017685110508219446,0.9627281191806331,0.017383637044489576,40.5922
200,,0.5,5,5,0.9548694061476517,0.013930949627120062,0.9549379267535691,0.013447438208820316,39.8175
200,,0.5,5,10,0.9374742036606325,0.01520228759594256,0.9376784605834885,0.014859037408709409,25.1617
200,,0.5,10,1,0.9620421418790729,0.01475322826649357,0.9621756672873991,0.014627301057422003,23.1054
200,,0.5,10,2,0.9580448987099712,0.01548729361121775,0.9582774674115455,0.015135508520458054,39.4842
200,,0.5,10,5,0.9548694061476517,0.013930949627120062,0.9549379267535691,0.013447438208820316,26.0215
200,,0.5,10,10,0.9374742036606325,0.01520228759594256,0.9376784605834885,0.014859037408709409,6.9905
200,,0.5,20,1,0.9553273016924063,0.0166849885934131,0.9554872749844817,0.016281848036229316,28.3513
200,,0.5,20,2,0.9514225722376611,0.015038121361132134,0.9515890751086282,0.014701978638618055,39.53
200,,0.5,20,5,0.9469358180814998,0.01663385027924436,0.947135319677219,0.01615422130511326,40.5154
200,,0.5,20,10,0.9374742036606325,0.01520228759594256,0.9376784605834885,0.014859037408709409,25.1512
200,,1.0,2,1,0.9552587686278209,0.013360188178655367,0.9554903786468032,0.013130189719852726,58.2893
200,,1.0,2,2,0.9513512315745827,0.014641164383525198,0.9515921787709496,0.014273142382364308,43.6302
200,,1.0,2,5,0.9359468869174492,0.015587419494985063,0.9360086902545003,0.015152598205312562,39.8003
200,,1.0,2,10,0.9155880027350015,0.02352673832885195,0.9159745499689633,0.022953827299772946,42.2627
200,,1.0,5,1,0.9530410852815105,0.013446838285540873,0.9532588454376164,0.013200003925478683,45.733
200,,1.0,5,2,0.9502537997403089,0.013622456041530897,0.9504810676598385,0.013234878279821859,42.9385
200,,1.0,5,5,0.9359468869174492,0.015587419494985063,0.9360086902545003,0.015152598205312562,41.3569
200,,1.0,5,10,0.9155880027350015,0.02352673832885195,0.9159745499689633,0.022953827299772946,32.7365
200,,1.0,10,1,0.9458242770510183,0.015301234258320091,0.9460335195530727,0.015094343816963422,42.5616
200,,1.0,10,2,0.9458693063049134,0.016453941705927084,0.9460335195530727,0.01608425978388704,37.0243
200,,1.0,10,5,0.9359468869174492,0.015587419494985063,0.9360086902545003,0.015152598205312562,45.6539
200,,1.0,10,10,0.9155880027350015,0.02352673832885195,0.9159745499689633,0.022953827299772946,45.4466
200,,1.0,20,1,0.9413446580168523,0.015582087689431806,0.9415735567970204,0.015356482395188638,39.956
200,,1.0,20,2,0.9374768673983395,0.01746251124402736,0.9376846679081317,0.01714782729568569,40.0087
200,,1.0,20,5,0.9286243456321633,0.015175073259904729,0.9287709497206704,0.0148616432395838,39.2458
200,,1.0,20,10,0.9155880027350015,0.02352673832885195,0.9159745499689633,0.022953827299772946,39.8499
200,5,sqrt,2,1,0.9424103171521553,0.01851135107190645,0.9426877715704531,0.018251567552923016,32.3154
200,5,sqrt,2,2,0.9386692014401493,0.013751796699627325,0.9387833643699566,0.013626966523427776,20.5103
200,5,sqrt,2,5,0.9384732402677823,0.012634370458929707,0.9387926753569211,0.012395682671924325,34.5296
200,5,sqrt,2,10,0.9317794494168077,0.020798013140385374,0.9321166977032899,0.020437458729166854,21.5299
200,5,sqrt,5,1,0.9419749363383033,0.01672839003697303,0.9421229050279329,0.01653024538103528,33.9503
200,5,sqrt,5,2,0.939719430047609,0.017629440785288865,0.9398944754810676,0.01737751703430704,36.3813
200,5,sqrt,5,5,0.9384732402677823,0.012634370458929707,0.9387926753569211,0.012395682671924325,32.1668
200,5,sqrt,5,10,0.9317794494168077,0.020798013140385374,0.9321166977032899,0.020437458729166854,41.0551
200,5,sqrt,10,1,0.9378699734993393,0.016687187761325103,0.938234016139044,0.016363916179591816,37.7867
200,5,sqrt,10,2,0.938513002177228,0.015735473694990905,0.9387957790192427,0.015483100960245464,39.5372
200,5,sqrt,10,5,0.9384732402677823,0.012634370458929707,0.9387926753569211,0.012395682671924325,27.9171
200,5,sqrt,10,10,0.9317794494168077,0.020798013140385374,0.9321166977032899,0.020437458729166854,22.8329
200,5,sqrt,20,1,0.9351416044562886,0.016476465731400772,0.9354500310366232,0.01594134631412523,27.275
200,5,sqrt,20,2,0.9345385491599597,0.016606337887518134,0.9348944754810675,0.01610358187950273,23.3398
200,5,sqrt,20,5,0.9340250520364662,0.012066415109344824,0.934326505276226,0.01165750606918524,31.2398
200,5,sqrt,20,10,0.9317794494168077,0.020798013140385374,0.9321166977032899,0.020437458729166854,36.0669
200,5,log2,2,1,0.9419600584897434,0.02001203011037544,0.9421166977032899,0.01978221385559365,35.8363
200,5,log2,2,2,0.9405695692412366,0.01787692158079988,0.9409993792675356,0.01747772536540324,35.3636
200,5,log2,2,5,0.9398652000764892,0.01664325939446961,0.9398882681564246,0.016491161892286756,35.4497
200,5,log2,2,10,0.9351357510321383,0.016042266868020717,0.9354345127250154,0.015815637390697086,34.7775
200,5,log2,5,1,0.9391246424664633,0.018203417299642963,0.9393327126008689,0.018032198226088154,36.0401
200,5,log2,5,2,0.9431762086060054,0.018995216143988698,0.9432278088144009,0.01892532662063883,31.2089
200,5,log2,5,5,0.9398652000764892,0.01664325939446961,0.9398882681564246,0.016491161892286756,23.6896
200,5,log2,5,10,0.9351357510321383,0.016042266868020717,0.9354345127250154,0.015815637390697086,6.112
200,5,log2,10,1,0.9391727962865921,0.016942773233982786,0.9393265052762259,0.01663798339108086,20.7888
200,5,log2,10,2,0.9391116065843892,0.01680021155143531,0.9393265052762259,0.01645143312346101,35.0081
200,5,log2,10,5,0.9398652000764892,0.01664325939446961,0.9398882681564246,0.016491161892286756,34.5745
200,5,log2,10,10,0.9351357510321383,0.016042266868020717,0.9354345127250154,0.015815637390697086,34.566
200,5,log2,20,1,0.9379258467332322,0.019462349610868825,0.9382247051520795,0.019177565398637044,34.7178
200,5,log2,20,2,0.9386224664861272,0.02024019704121885,0.9387802607076349,0.019899400301296968,11.1135
200,5,log2,20,5,0.9379263392489264,0.018168953560482645,0.9382278088144009,0.017830176994195535,6.2531
200,5,log2,20,10,0.9351357510321383,0.016042266868020717,0.9354345127250154,0.015815637390697086,8.0507
200,5,0.5,2,1,0.9158595520561332,0.021396169626583438,0.9165425201738049,0.020607139885416386,6.8073
200,5,0.5,2,2,0.9120076937561888,0.019992030485928607,0.9126443202979514,0.01937635651523683,5.8373
200,5,0.5,2,5,0.9113874964491486,0.021034768516948167,0.912088764742396,0.020429795641483544,9.3147
200,5,0.5,2,10,0.9027947289503977,0.020557563928666284,0.9037306021104904,0.02003891685585431,6.8557
200,5,0.5,5,1,0.9135028327646921,0.023960688496680267,0.9143140906269398,0.023052652413392733,6.1438
200,5,0.5,5,2,0.9141202594358017,0.022401334598384358,0.9148696461824952,0.021492149851408137,9.3205
200,5,0.5,5,5,0.9113874964491486,0.021034768516948167,0.912088764742396,0.020429795641483544,6.4344
200,5,0.5,5,10,0.9027947289503977,0.020557563928666284,0.9037306021104904,0.02003891685585431,6.8013
200,5,0.5,10,1,0.9148583642837325,0.019501649019184854,0.9154283054003723,0.019014401481130278,8.7253
200,5,0.5,10,2,0.9153920057603321,0.021663801993416824,0.9159869646182495,0.021114274081904662,6.2052
200,5,0.5,10,5,0.9113874964491486,0.021034768516948167,0.912088764742396,0.020429795641483544,6.8047
200,5,0.5,10,10,0.9027947289503977,0.020557563928666284,0.9037306021104904,0.02003891685585431,8.8432
200,5,0.5,20,1,0.9087289710399655,0.019035065098157486,0.9092954686530105,0.018435133708289277,36.5366
200,5,0.5,20,2,0.9121921935595994,0.017937401793950446,0.9126350093109871,0.017403712508556764,28.4454
200,5,0.5,20,5,0.9092617156536065,0.01732852440848868,0.9098541278708879,0.01682557863161525,20.7632
200,5,0.5,20,10,0.9027947289503977,0.020557563928666284,0.9037306021104904,0.02003891685585431,25.9436
200,5,1.0,2,1,0.8658573416053784,0.018763998314888203,0.867001862197393,0.01765436025946831,36.1241
200,5,1.0,2,2,0.8659102790220929,0.018370307021493604,0.867001862197393,0.017121854971134862,36.2436
200,5,1.0,2,5,0.8629494781704071,0.017072162569987497,0.8636654252017382,0.016140244010685194,36.7022
200,5,1.0,2,10,0.8569789565657973,0.02212645263560375,0.8575356921166979,0.02115943406251715,35.6996
200,5,1.0,5,1,0.8665414049790969,0.01863541381384608,0.8675574177529484,0.017547334126986763,34.4402
200,5,1.0,5,2,0.8660624016843042,0.018252567239549124,0.867001862197393,0.017121854971134862,34.2711
200,5,1.0,5,5,0.8629494781704071,0.017072162569987497,0.8636654252017382,0.016140244010685194,34.5676
200,5,1.0,5,10,0.8569789565657973,0.02212645263560375,0.8575356921166979,0.02115943406251715,25.1295
200,5,1.0,10,1,0.865456657786738,0.01700061140179602,0.8664463066418373,0.01610189733764007,35.0804
200,5,1.0,10,2,0.8643475357368263,0.016349161293184703,0.8653351955307261,0.015460540821979101,33.7786
200,5,1.0,10,5,0.8629494781704071,0.017072162569987497,0.8636654252017382,0.016140244010685194,25.7623
200,5,1.0,10,10,0.8569789565657973,0.02212645263560375,0.8575356921166979,0.02115943406251715,25.0488
200,5,1.0,20,1,0.8632275427328532,0.02052744115999213,0.8642209807572936,0.019750360942638566,34.3355
200,5,1.0,20,2,0.8621115398010609,0.019536847791976366,0.8631098696461825,0.018776132039267826,34.834
200,5,1.0,20,5,0.8608050834875703,0.01852188867557805,0.8614369956548729,0.01782792509777949,33.4251
200,5,1.0,20,10,0.8569789565657973,0.02212645263560375,0.8575356921166979,0.02115943406251715,15.7621
200,10,sqrt,2,1,0.9765908518512971,0.009678168284874462,0.9766232153941651,0.009574964761672982,16.8386
200,10,sqrt,2,2,0.9738560497128393,0.011191250191210204,0.9738485412787089,0.011125027263540054,16.7519
200,10,sqrt,2,5,0.9693598382684447,0.010999163907861589,0.9693947858472998,0.010910575607895793,18.1163
200,10,sqrt,2,10,0.9537614810592107,0.018444493832923566,0.9538081936685288,0.018292934381534568,10.7788
200,10,sqrt,5,1,0.9760522350403393,0.00942832583794969,0.9760676598386097,0.009323780265416668,5.289
200,10,sqrt,5,2,0.9749286791511944,0.008303668568750458,0.9749565487274984,0.008339806318923268,4.6976
200,10,sqrt,5,5,0.9693598382684447,0.010999163907861589,0.9693947858472998,0.010910575607895793,4.4287
200,10,sqrt,5,10,0.9537614810592107,0.018444493832923566,0.9538081936685288,0.018292934381534568,4.3788
200,10,sqrt,10,1,0.9704583936564377,0.008743491324646887,0.9705058969584108,0.008631284916201113,5.0131
200,10,sqrt,10,2,0.9716264869282893,0.011860380857390943,0.9716232153941651,0.011764289045933799,5.0442
200,10,sqrt,10,5,0.9693598382684447,0.010999163907861589,0.9693947858472998,0.010910575607895793,5.0309
200,10,sqrt,10,10,0.9537614810592107,0.018444493832923566,0.9538081936685288,0.018292934381534568,5.2341
200,10,sqrt,20,1,0.9671667899714288,0.013602661831119585,0.967169459962756,0.013491801103938217,5.3963
200,10,sqrt,20,2,0.9655057753051606,0.013426929052713544,0.9654996896337679,0.013336731323893184,5.5702
200,10,sqrt,20,5,0.9599470696044479,0.018515669994684146,0.9599317194289261,0.018403351485902393,6.1361
200,10,sqrt,20,10,0.9537614810592107,0.018444493832923566,0.9538081936685288,0.018292934381534568,6.0015
200,10,log2,2,1,0.9788177281542758,0.009035252496971739,0.9788454376163873,0.008929438768827059,5.5472
200,10,log2,2,2,0.9732194318934205,0.010088938500671961,0.9732898820608318,0.009877404241167896,5.5912
200,10,log2,2,5,0.9667074265786146,0.010576070327983432,0.9666139044072004,0.01053961911860126,5.2059
200,10,log2,2,10,0.9581365961240534,0.015449824931498792,0.9582526381129732,0.015401149586422741,5.3104
200,10,log2,5,1,0.9732747574228453,0.00751087481800203,0.9732867783985102,0.007391683774862238,5.2928
200,10,log2,5,2,0.9727603302829794,0.007725488008412483,0.9727281191806331,0.007664174084204906,5.4341
200,10,log2,5,5,0.9667074265786146,0.010576070327983432,0.9666139044072004,0.01053961911860126,5.3166
200,10,log2,5,10,0.9581365961240534,0.015449824931498792,0.9582526381129732,0.015401149586422741,5.2108
200,10,log2,10,1,0.968279536551776,0.010122017384396559,0.9682836747361886,0.009951828745579495,5.5023
200,10,log2,10,2,0.9693993285569263,0.009425526378989234,0.9693978895096214,0.00936902046866556,5.313
200,10,log2,10,5,0.9667074265786146,0.010576070327983432,0.9666139044072004,0.01053961911860126,5.3613
200,10,log2,10,10,0.9581365961240534,0.015449824931498792,0.9582526381129732,0.015401149586422741,5.3225
200,10,log2,20,1,0.9660831296469921,0.011861962358295012,0.9660552451893233,0.011772621582788228,5.5803
200,10,log2,20,2,0.9650040133473035,0.014339034418341716,0.9649441340782122,0.014279445759696056,5.6697
200,10,log2,20,5,0.9638559606418902,0.014523022756396014,0.9638299193047795,0.014326131433339048,5.3285
200,10,log2,20,10,0.9581365961240534,0.015449824931498792,0.9582526381129732,0.015401149586422741,5.6143
200,10,0.5,2,1,0.9671231706844429,0.01341755121298611,0.9671880819366854,0.013221039030068242,6.7935
200,10,0.5,2,2,0.9636782615563607,0.017946978720963104,0.9638454376163873,0.017595572683415505,6.472
200,10,0.5,2,5,0.9525959961115769,0.013833391561798008,0.9527126008690254,0.01339956524443633,6.2052
200,10,0.5,2,10,0.9379644724666907,0.0145148741175697,0.938234016139044,0.014149994092078122,6.0987
200,10,0.5,5,1,0.9654065502263419,0.011405088796381465,0.9655058969584109,0.01131130744361583,6.1794
200,10,0.5,5,2,0.963089241480154,0.016587595053127978,0.9632898820608317,0.016302169445639374,6.2539
200,10,0.5,5,5,0.9525959961115769,0.013833391561798008,0.9527126008690254,0.01339956524443633,6.0568
200,10,0.5,5,10,0.9379644724666907,0.0145148741175697,0.938234016139044,0.014149994092078122,6.0838
200,10,0.5,10,1,0.9609309964576204,0.015430811270511935,0.9610645561762879,0.015284226092069373,6.1279
200,10,0.5,10,2,0.9581123251864645,0.010595305238771183,0.9582743637492241,0.010283395801831135,6.1668
200,10,0.5,10,5,0.9525959961115769,0.013833391561798008,0.9527126008690254,0.01339956524443633,6.6913
200,10,0.5,10,10,0.9379644724666907,0.0145148741175697,0.938234016139044,0.014149994092078122,5.9956
200,10,0.5,20,1,0.9530961997697084,0.01654576572136795,0.9532650527622595,0.016126509958753574,6.5855
200,10,0.5,20,2,0.951456137960583,0.013422100064985187,0.9515952824332713,0.01312872787786005,6.3195
200,10,0.5,20,5,0.9475322245438281,0.017836218536713667,0.9476970825574176,0.017413292660184133,6.2847
200,10,0.5,20,10,0.9379644724666907,0.0145148741175697,0.938234016139044,0.014149994092078122,6.1422
200,10,1.0,2,1,0.9503047888294203,0.013232117684044,0.9504748603351955,0.013026452337554293,7.0513
200,10,1.0,2,2,0.9497097390841878,0.01440997740342432,0.9499255121042831,0.014042802704042512,7.2572
200,10,1.0,2,5,0.9359468869174492,0.015587419494985063,0.9360086902545003,0.015152598205312562,7.4506
200,10,1.0,2,10,0.9155880027350015,0.02352673832885195,0.9159745499689633,0.022953827299772946,7.3305
200,10,1.0,5,1,0.9502502093555816,0.01277404029390914,0.9504810676598385,0.01252953707062721,8.3682
200,10,1.0,5,2,0.9475195360679646,0.015282877204319254,0.9477032898820609,0.014919372896059269,8.8705
200,10,1.0,5,5,0.9359468869174492,0.015587419494985063,0.9360086902545003,0.015152598205312562,7.5239
200,10,1.0,5,10,0.9155880027350015,0.02352673832885195,0.9159745499689633,0.022953827299772946,7.4244
200,10,1.0,10,1,0.9446929002071045,0.0145458007716546,0.9449224084419615,0.014333337621013104,7.2172
200,10,1.0,10,2,0.9453251070527477,0.01766788228022507,0.9454748603351956,0.01733988557504818,8.3479
200,10,1.0,10,5,0.9359468869174492,0.015587419494985063,0.9360086902545003,0.015152598205312562,8.6828
200,10,1.0,10,10,0.9155880027350015,0.02352673832885195,0.9159745499689633,0.022953827299772946,6.7526
200,10,1.0,20,1,0.9408286720872985,0.015551830021827414,0.9410211049037864,0.015331319388858839,7.1019
200,10,1.0,20,2,0.9379780029989311,0.017094487962251836,0.9382433271260087,0.01671234292784274,7.2738
200,10,1.0,20,5,0.9285644816616848,0.015191719973457706,0.9287709497206704,0.0148616432395838,7.9841
200,10,1.0,20,10,0.9155880027350015,0.02352673832885195,0.9159745499689633,0.022953827299772946,7.9499
200,20,sqrt,2,1,0.9782685013921848,0.007242125771163271,0.9782991930477964,0.007227453339834126,7.7347
200,20,sqrt,2,2,0.9738012449021178,0.010711099785275477,0.9738454376163872,0.010559369423597196,7.4455
200,20,sqrt,2,5,0.9721447623765757,0.010923970216449728,0.9721725636250775,0.0108523422040735,8.2358
200,20,sqrt,2,10,0.9532324372466603,0.019803213804436375,0.9532557417752947,0.019772026672201078,6.7808
200,20,sqrt,5,1,0.9754641450756024,0.008132650393682215,0.975512104283054,0.007949108759826308,7.4456
200,20,sqrt,5,2,0.9743343264925899,0.007974798916264632,0.9743978895096213,0.007952615537702375,7.7
200,20,sqrt,5,5,0.9721447623765757,0.010923970216449728,0.9721725636250775,0.0108523422040735,7.2308
200,20,sqrt,5,10,0.9532324372466603,0.019803213804436375,0.9532557417752947,0.019772026672201078,6.7672
200,20,sqrt,10,1,0.9738210897194296,0.009427566833582089,0.9738392302917441,0.009336799003474582,6.851
200,20,sqrt,10,2,0.9722118732302297,0.009245182753177676,0.972175667287399,0.009300213610048206,7.3915
200,20,sqrt,10,5,0.9721447623765757,0.010923970216449728,0.9721725636250775,0.0108523422040735,7.9135
200,20,sqrt,10,10,0.9532324372466603,0.019803213804436375,0.9532557417752947,0.019772026672201078,7.3358
200,20,sqrt,20,1,0.9682996509197537,0.013657213344622079,0.9682836747361886,0.013623398046162255,7.6358
200,20,sqrt,20,2,0.9638329289362083,0.014294882393652545,0.963826815642458,0.014119468659787854,7.8681
200,20,sqrt,20,5,0.9599066152931007,0.01879336666947696,0.9599317194289261,0.01873576859715159,13.5764
200,20,sqrt,20,10,0.9532324372466603,0.019803213804436375,0.9532557417752947,0.019772026672201078,21.9594
200,20,log2,2,1,0.9810832542582629,0.008017828688633674,0.9810769708255742,0.007960310611067951,28.0734
200,20,log2,2,2,0.9755233880342669,0.006722892141909222,0.9755152079453755,0.006676805822706072,22.4325
200,20,log2,2,5,0.9677523780803104,0.009633812040729491,0.9677250155183115,0.009562830868049092,25.3577
200,20,log2,2,10,0.9580621676012857,0.01620163606013722,0.9582526381129732,0.01599538223858074,24.1016
200,20,log2,5,1,0.9760581582358796,0.006200107953508956,0.976064556176288,0.0061467058702987356,28.1197
200,20,log2,5,2,0.9765371014240115,0.007507082144678842,0.9766294227188081,0.007369574129338114,28.5615
200,20,log2,5,5,0.9677523780803104,0.009633812040729491,0.9677250155183115,0.009562830868049092,27.9127
200,20,log2,5,10,0.9580621676012857,0.01620163606013722,0.9582526381129732,0.01599538223858074,26.7085
200,20,log2,10,1,0.9743182628293192,0.009885820911142953,0.9743978895096213,0.009700942810952408,22.8662
200,20,log2,10,2,0.9699519844776893,0.009534841221385055,0.9699503414028554,0.009365655771160032,28.0531
200,20,log2,10,5,0.9677523780803104,0.009633812040729491,0.9677250155183115,0.009562830868049092,22.4723
200,20,log2,10,10,0.9580621676012857,0.01620163606013722,0.9582526381129732,0.01599538223858074,28.2135
200,20,log2,20,1,0.9655351502800379,0.013706388820965284,0.9655027932960893,0.013552398386120743,28.2945
200,20,log2,20,2,0.9644022929909406,0.015907308471063728,0.9643916821849782,0.015939226730849715,28.4643
200,20,log2,20,5,0.9610317677904346,0.014290279589801873,0.9610552451893233,0.014035190664811228,28.3051
200,20,log2,20,10,0.9580621676012857,0.01620163606013722,0.9582526381129732,0.01599538223858074,26.4093
200,20,0.5,2,1,0.9721313573932105,0.009703376929042936,0.9721880819366853,0.009597530126648868,27.095
200,20,0.5,2,2,0.9642003808334574,0.016659376291699803,0.9644040968342644,0.016306604326369965,32.2278
200,20,0.5,2,5,0.9548694061476517,0.013930949627120062,0.9549379267535691,0.013447438208820316,24.8265
200,20,0.5,2,10,0.9374742036606325,0.01520228759594256,0.9376784605834885,0.014859037408709409,24.4265
200,20,0.5,5,1,0.9653967745581058,0.011705632945691768,0.9655090006207324,0.011576760724674512,30.7995
200,20,0.5,5,2,0.9625463479709737,0.017685110508219446,0.9627281191806331,0.017383637044489576,25.0445
200,20,0.5,5,5,0.9548694061476517,0.013930949627120062,0.9549379267535691,0.013447438208820316,30.1611
200,20,0.5,5,10,0.9374742036606325,0.01520228759594256,0.9376784605834885,0.014859037408709409,23.9048
200,20,0.5,10,1,0.9620421418790729,0.01475322826649357,0.9621756672873991,0.014627301057422003,28.2665
200,20,0.5,10,2,0.9580448987099712,0.01548729361121775,0.9582774674115455,0.015135508520458054,27.0492
200,20,0.5,10,5,0.9548694061476517,0.013930949627120062,0.9549379267535691,0.013447438208820316,30.1885
200,20,0.5,10,10,0.9374742036606325,0.01520228759594256,0.9376784605834885,0.014859037408709409,23.8009
200,20,0.5,20,1,0.9553273016924063,0.0166849885934131,0.9554872749844817,0.016281848036229316,28.652
200,20,0.5,20,2,0.9514225722376611,0.015038121361132134,0.9515890751086282,0.014701978638618055,28.0397
200,20,0.5,20,5,0.9469358180814998,0.01663385027924436,0.947135319677219,0.01615422130511326,24.8779
200,20,0.5,20,10,0.9374742036606325,0.01520228759594256,0.9376784605834885,0.014859037408709409,21.6316
200,20,1.0,2,1,0.9552587686278209,0.013360188178655367,0.9554903786468032,0.013130189719852726,34.6255
200,20,1.0,2,2,0.9513512315745827,0.014641164383525198,0.9515921787709496,0.014273142382364308,39.684
200,20,1.0,2,5,0.9359468869174492,0.015587419494985063,0.9360086902545003,0.015152598205312562,33.8123
200,20,1.0,2,10,0.9155880027350015,0.02352673832885195,0.9159745499689633,0.022953827299772946,35.3616
200,20,1.0,5,1,0.9530410852815105,0.013446838285540873,0.9532588454376164,0.013200003925478683,36.7904
200,20,1.0,5,2,0.9502537997403089,0.013622456041530897,0.9504810676598385,0.013234878279821859,37.4778
200,20,1.0,5,5,0.9359468869174492,0.015587419494985063,0.9360086902545003,0.015152598205312562,35.8947
200,20,1.0,5,10,0.9155880027350015,0.02352673832885195,0.9159745499689633,0.022953827299772946,32.5745
200,20,1.0,10,1,0.9458242770510183,0.015301234258320091,0.9460335195530727,0.015094343816963422,36.9665
200,20,1.0,10,2,0.9458693063049134,0.016453941705927084,0.9460335195530727,0.01608425978388704,36.026
200,20,1.0,10,5,0.9359468869174492,0.015587419494985063,0.9360086902545003,0.015152598205312562,39.1951
200,20,1.0,10,10,0.9155880027350015,0.02352673832885195,0.9159745499689633,0.022953827299772946,33.768
200,20,1.0,20,1,0.9413446580168523,0.015582087689431806,0.9415735567970204,0.015356482395188638,37.1279
200,20,1.0,20,2,0.9374768673983395,0.01746251124402736,0.9376846679081317,0.01714782729568569,37.278
200,20,1.0,20,5,0.9286243456321633,0.015175073259904729,0.9287709497206704,0.0148616432395838,36.1779
200,20,1.0,20,10,0.9155880027350015,0.02352673832885195,0.9159745499689633,0.022953827299772946,30.863
500,,sqrt,2,1,0.9798755835118061,0.006754580390081027,0.9799627560521416,0.006679312067529725,10.5319
500,,sqrt,2,2,0.9743496622893251,0.00910603547437892,0.9744009931719428,0.009033841387290853,9.9725
500,,sqrt,2,5,0.9705060372036014,0.011249868962402045,0.9705058969584108,0.011139536980442592,10.5525
500,,sqrt,2,10,0.9571123908182486,0.018487091122306825,0.9571508379888266,0.018456794836723425,10.8621
500,,sqrt,5,1,0.9760700266424098,0.007903859879512445,0.9760676598386094,0.007898091305467283,11.0653
500,,sqrt,5,2,0.976519545843764,0.00872138363721955,0.9766263190564866,0.008547775095220523,10.9377
500,,sqrt,5,5,0.9705060372036014,0.011249868962402045,0.9705058969584108,0.011139536980442592,10.779
500,,sqrt,5,10,0.9571123908182486,0.018487091122306825,0.9571508379888266,0.018456794836723425,10.7545
500,,sqrt,10,1,0.9743937112657713,0.007232783976665807,0.9743978895096213,0.0071343125021377865,10.8834
500,,sqrt,10,2,0.9721400049138239,0.010909164428967456,0.972175667287399,0.010833197622280804,10.7461
500,,sqrt,10,5,0.9705060372036014,0.011249868962402045,0.9705058969584108,0.011139536980442592,10.789
500,,sqrt,10,10,0.9571123908182486,0.018487091122306825,0.9571508379888266,0.018456794836723425,10.7487
500,,sqrt,20,1,0.9672373530702709,0.010770311640829469,0.967169459962756,0.010673330018120078,10.816
500,,sqrt,20,2,0.9654961292892015,0.012204552997162164,0.9654934823091248,0.012141079533097832,11.6515
500,,sqrt,20,5,0.9616527474201453,0.016475057149767,0.9616045934202357,0.016385846585436223,11.9782
500,,sqrt,20,10,0.9571123908182486,0.018487091122306825,0.9571508379888266,0.018456794836723425,13.0035
500,,log2,2,1,0.9777395083172188,0.00671109040193479,0.9777405338299193,0.006589431077239444,12.789
500,,log2,2,2,0.9760763912180972,0.006192378233209474,0.976064556176288,0.0061467058702987356,12.0404
500,,log2,2,5,0.9688395001903685,0.011510535348986248,0.9688392302917442,0.011437439928977729,12.7352
500,,log2,2,10,0.9592308618718226,0.014307190529048329,0.9593668528864059,0.014108299895742107,11.9672
500,,log2,5,1,0.9760801434874512,0.005018792736148792,0.9760707635009311,0.005004177891646041,12.7785
500,,log2,5,2,0.9760536051263429,0.0075328513318347005,0.976064556176288,0.007503366682662087,14.645
500,,log2,5,5,0.9688395001903685,0.011510535348986248,0.9688392302917442,0.011437439928977729,14.23
500,,log2,5,10,0.9592308618718226,0.014307190529048329,0.9593668528864059,0.014108299895742107,13.5441
500,,log2,10,1,0.9738105416905352,0.00908468719670798,0.9738423339540658,0.008988045325750128,13.7803
500,,log2,10,2,0.9721177413117555,0.00838737268292173,0.972175667287399,0.0082447228379132,12.0808
500,,log2,10,5,0.9688395001903685,0.011510535348986248,0.9688392302917442,0.011437439928977729,13.4177
500,,log2,10,10,0.9592308618718226,0.014307190529048329,0.9593668528864059,0.014108299895742107,12.1057
500,,log2,20,1,0.9682381401997289,0.013130255737487764,0.9682836747361886,0.012917854582748451,14.1337
500,,log2,20,2,0.9661040598613198,0.014031185203269503,0.966058348851645,0.013930170056049922,12.1619
500,,log2,20,5,0.9638925841067669,0.01424908345249875,0.9638299193047797,0.014116397951451965,11.9783
500,,log2,20,10,0.9592308618718226,0.014307190529048329,0.9593668528864059,0.014108299895742107,12.0377
500,,0.5,2,1,0.9726744322674019,0.011411364019464207,0.9727467411545623,0.011212475315486673,14.0172
500,,0.5,2,2,0.9659011650209679,0.016188777736612123,0.9660738671632526,0.01577639794429396,13.645
500,,0.5,2,5,0.9553509570114951,0.014691183228972254,0.9554934823091248,0.014241353338105412,13.4628
500,,0.5,2,10,0.9424965598072527,0.015852519135139867,0.9426846679081315,0.015532011643471854,13.2553
500,,0.5,5,1,0.9687353351153801,0.012093485336984683,0.9688485412787088,0.011950196649308891,13.7888
500,,0.5,5,2,0.9648038545438471,0.01434160929963808,0.9649565487274984,0.014040924778793039,13.6639
500,,0.5,5,5,0.9553509570114951,0.014691183228972254,0.9554934823091248,0.014241353338105412,13.3074
500,,0.5,5,10,0.9424965598072527,0.015852519135139867,0.9426846679081315,0.015532011643471854,13.2887
500,,0.5,10,1,0.9624879480784058,0.01599326902518183,0.9627281191806331,0.01570462611267755,13.6549
500,,0.5,10,2,0.9597078153748597,0.016157189244800228,0.9599503414028554,0.01583826707746021,13.5717
500,,0.5,10,5,0.9553509570114951,0.014691183228972254,0.9554934823091248,0.014241353338105412,13.2886
500,,0.5,10,10,0.9424965598072527,0.015852519135139867,0.9426846679081315,0.015532011643471854,14.4064
500,,0.5,20,1,0.9570060663994052,0.01598482550583682,0.9571601489757914,0.015701642405835145,14.0485
500,,0.5,20,2,0.9524907545488602,0.014250021053896503,0.9527094972067038,0.0138582123275317,14.6582
500,,0.5,20,5,0.9491956566811627,0.015016806931664612,0.9493637492240843,0.014575402657252403,15.1579
500,,0.5,20,10,0.9424965598072527,0.015852519135139867,0.9426846679081315,0.015532011643471854,14.7619
500,,1.0,2,1,0.9591155845901798,0.01448694382634236,0.9593885785226567,0.014264968542706908,17.2536
500,,1.0,2,2,0.9525014266022123,0.014607992202205305,0.9527126008690254,0.014298503262552394,17.3087
500,,1.0,2,5,0.9368992889882313,0.017260514722736247,0.9371229050279328,0.016664640493548512,16.9201
500,,1.0,2,10,0.915091767250073,0.02436769301068959,0.9154158907510862,0.02380065078866133,15.6176
500,,1.0,5,1,0.9563897450872287,0.014642257881505333,0.9566045934202358,0.01443285607988164,17.5932
500,,1.0,5,2,0.9514388999456453,0.01544982449644304,0.9516014897579144,0.015091691359740724,18.2621
500,,1.0,5,5,0.9368992889882313,0.017260514722736247,0.9371229050279328,0.016664640493548512,16.6045
500,,1.0,5,10,0.915091767250073,0.02436769301068959,0.9154158907510862,0.02380065078866133,16.9458
500,,1.0,10,1,0.9480076605445946,0.016093917349194953,0.9482588454376163,0.0157048837252503,18.2162
500,,1.0,10,2,0.9458524418521088,0.016957976041895487,0.9460335195530727,0.016463568623111807,18.3612
500,,1.0,10,5,0.9368992889882313,0.017260514722736247,0.9371229050279328,0.016664640493548512,16.5809
500,,1.0,10,10,0.915091767250073,0.02436769301068959,0.9154158907510862,0.02380065078866133,16.2476
500,,1.0,20,1,0.940741789517644,0.01606783590709906,0.941018001241465,0.01574243615544512,17.3978
500,,1.0,20,2,0.9379520397373107,0.01676139838157572,0.9382402234636871,0.016342952479185158,17.272
500,,1.0,20,5,0.9269278821097057,0.019288886244369866,0.9270949720670391,0.018854486769938922,15.9634
500,,1.0,20,10,0.915091767250073,0.02436769301068959,0.9154158907510862,0.02380065078866133,16.3867
500,5,sqrt,2,1,0.9451773944779577,0.012387987085413926,0.9454593420235877,0.012151819388262694,14.3173
500,5,sqrt,2,2,0.9440490877065237,0.013547245705599559,0.9443482309124767,0.013167339614442483,13.9164
500,5,sqrt,2,5,0.9412517311328811,0.014459822230864835,0.9415642458100558,0.014132824151678193,13.5572
500,5,sqrt,2,10,0.9335960817915258,0.017054167670607693,0.9337833643699565,0.016733479668367468,13.8539
500,5,sqrt,5,1,0.9424053564521724,0.015276581734014862,0.9426784605834884,0.014934882752135323,14.036
500,5,sqrt,5,2,0.9423902159063093,0.014230229434626296,0.9426784605834884,0.013863135478280698,14.5353
500,5,sqrt,5,5,0.9412517311328811,0.014459822230864835,0.9415642458100558,0.014132824151678193,13.8845
500,5,sqrt,5,10,0.9335960817915258,0.017054167670607693,0.9337833643699565,0.016733479668367468,13.9589
500,5,sqrt,10,1,0.9417902791528847,0.01663000596020673,0.9421229050279329,0.016342465323538724,13.207
500,5,sqrt,10,2,0.94124605579031,0.01683411041485936,0.9415642458100558,0.016547229151018993,13.4358
500,5,sqrt,10,5,0.9412517311328811,0.014459822230864835,0.9415642458100558,0.014132824151678193,12.798
500,5,sqrt,10,10,0.9335960817915258,0.017054167670607693,0.9337833643699565,0.016733479668367468,13.6202
500,5,sqrt,20,1,0.9396514576026735,0.016589814659328576,0.939891371818746,0.016292099119111215,13.6853
500,5,sqrt,20,2,0.9390809627380611,0.015928148301162726,0.9393358162631905,0.01564074113915624,13.6119
500,5,sqrt,20,5,0.9402250319291753,0.015487885580743911,0.9404500310366231,0.015151385532207315,13.7197
500,5,sqrt,20,10,0.9335960817915258,0.017054167670607693,0.9337833643699565,0.016733479668367468,13.1999
500,5,log2,2,1,0.9463619581416888,0.014404414609613107,0.9465611421477342,0.01417204265914827,13.5796
500,5,log2,2,2,0.9458486293580473,0.012894168083384899,0.9460055865921786,0.012758000654658838,14.2987
500,5,log2,2,5,0.942001376307319,0.013914904045178275,0.9421104903786468,0.01372969006369434,15.6703
500,5,log2,2,10,0.9386479948370443,0.01583266628026422,0.9387833643699566,0.015727474328834277,15.5146
500,5,log2,5,1,0.9442211955343321,0.013810652203718472,0.9443389199255121,0.013672449459172738,12.9789
500,5,log2,5,2,0.9470200001159341,0.012132916232648235,0.9471229050279328,0.01203544904511676,13.8341
500,5,log2,5,5,0.942001376307319,0.013914904045178275,0.9421104903786468,0.01372969006369434,13.1312
500,5,log2,5,10,0.9386479948370443,0.01583266628026422,0.9387833643699566,0.015727474328834277,14.5377
500,5,log2,10,1,0.9414227732840675,0.01339363397120206,0.9415580384854128,0.013030998938050358,13.7847
500,5,log2,10,2,0.941418793227456,0.012903698514733117,0.9415580384854128,0.01254835663786791,14.3625
500,5,log2,10,5,0.942001376307319,0.013914904045178275,0.9421104903786468,0.01372969006369434,14.2519
500,5,log2,10,10,0.9386479948370443,0.01583266628026422,0.9387833643699566,0.015727474328834277,13.571
500,5,log2,20,1,0.9413146436309626,0.014898918309328825,0.9415611421477342,0.014577895316514584,13.5833
500,5,log2,20,2,0.9407441988672129,0.015301884989472265,0.9410055865921787,0.014981148802105078,13.6989
500,5,log2,20,5,0.9402786490098288,0.015025631027609345,0.9404500310366231,0.014738344701262599,13.2608
500,5,log2,20,10,0.9386479948370443,0.01583266628026422,0.9387833643699566,0.015727474328834277,13.7784
500,5,0.5,2,1,0.916485402743519,0.021228222442069344,0.9170949720670389,0.020534796272681566,14.3604
500,5,0.5,2,2,0.9148086635720608,0.019844241808726192,0.9154283054003723,0.01916881977271814,13.9031
500,5,0.5,2,5,0.911424955274265,0.018479959356463245,0.9120794537554314,0.017878387040348314,13.5779
500,5,0.5,2,10,0.9080746592055997,0.014622575424280656,0.9087337057728121,0.01412242206406301,12.8289
500,5,0.5,5,1,0.9146295570245193,0.02184038426727065,0.9154252017380508,0.021026981244861145,12.3225
500,5,0.5,5,2,0.9157312144906002,0.023033960451948717,0.9165394165114835,0.022050962521397953,13.5663
500,5,0.5,5,5,0.911424955274265,0.018479959356463245,0.9120794537554314,0.017878387040348314,13.2491
500,5,0.5,5,10,0.9080746592055997,0.014622575424280656,0.9087337057728121,0.01412242206406301,13.9425
500,5,0.5,10,1,0.9137295093749642,0.017314526538975212,0.9143109869646182,0.01685065968121572,14.9955
500,5,0.5,10,2,0.9154522428050906,0.017700723111460023,0.9159807572936064,0.017262811170872378,17.0064
500,5,0.5,10,5,0.911424955274265,0.018479959356463245,0.9120794537554314,0.017878387040348314,14.6278
500,5,0.5,10,10,0.9080746592055997,0.014622575424280656,0.9087337057728121,0.01412242206406301,13.9967
500,5,0.5,20,1,0.910962510406079,0.01996690971560331,0.9115301055245189,0.019123906168821318,15.0889
500,5,0.5,20,2,0.9109636826111377,0.01867412032663272,0.9115270018621974,0.01796937503511498,14.7862
500,5,0.5,20,5,0.9096387133317695,0.02012891708201605,0.9104158907510861,0.019286544246438806,15.4517
500,5,0.5,20,10,0.9080746592055997,0.014622575424280656,0.9087337057728121,0.01412242206406301,15.9282
500,5,1.0,2,1,0.8614456834557682,0.020247734567353168,0.8625574177529485,0.019684904322160458,15.4311
500,5,1.0,2,2,0.8609496408544624,0.01963214740469028,0.862001862197393,0.019000422253185437,14.9852
500,5,1.0,2,5,0.8582589726725699,0.018996100758229814,0.8592147734326506,0.01824454811596242,15.3047
500,5,1.0,2,10,0.854142836827563,0.024776634497305536,0.8547548106765983,0.024436400237658643,14.178
500,5,1.0,5,1,0.8619295884133574,0.020365426655713947,0.8631129733085041,0.01987055781996929,15.1733
500,5,1.0,5,2,0.8614485608270666,0.01977741948370748,0.8625574177529485,0.019208772466091973,15.2118
500,5,1.0,5,5,0.8582589726725699,0.018996100758229814,0.8592147734326506,0.01824454811596242,15.552
500,5,1.0,5,10,0.854142836827563,0.024776634497305536,0.8547548106765983,0.024436400237658643,14.474
500,5,1.0,10,1,0.8619426804527652,0.019981693424898042,0.8631129733085041,0.01939898320939075,13.7243
500,5,1.0,10,2,0.8614466378514594,0.019370379245192276,0.8625574177529485,0.01872053474491513,14.7742
500,5,1.0,10,5,0.8582589726725699,0.018996100758229814,0.8592147734326506,0.01824454811596242,15.891
500,5,1.0,10,10,0.854142836827563,0.024776634497305536,0.8547548106765983,0.024436400237658643,15.3042
500,5,1.0,20,1,0.8587290983700825,0.02551160980281992,0.8597796399751708,0.02500937357625427,16.1772
500,5,1.0,20,2,0.8576756708271385,0.02476153497735769,0.8586685288640596,0.024171022671617345,14.4162
500,5,1.0,20,5,0.8568787647147726,0.021730212047309978,0.8575481067659838,0.021365408537300127,14.6127
500,5,1.0,20,10,0.854142836827563,0.024776634497305536,0.8547548106765983,0.024436400237658643,13.3075
500,10,sqrt,2,1,0.9788028206478863,0.007032281593970173,0.9788485412787088,0.006958023994588978,13.8763
500,10,sqrt,2,2,0.9743460573439442,0.009147726164882224,0.9744009931719428,0.009037668567663741,15.0649
500,10,sqrt,2,5,0.9688092085067727,0.013794409034666172,0.9688392302917442,0.013659358567266378,16.0871
500,10,sqrt,2,10,0.9571357517533745,0.018497512371920533,0.9571508379888266,0.018456794836723425,15.483
500,10,sqrt,5,1,0.9738101991798281,0.008746007514296333,0.9738423339540658,0.008637830704034778,14.5676
500,10,sqrt,5,2,0.9738090567363763,0.009749741164946464,0.9738454376163872,0.009642705227553129,14.1741
500,10,sqrt,5,5,0.9688092085067727,0.013794409034666172,0.9688392302917442,0.013659358567266378,14.7202
500,10,sqrt,5,10,0.9571357517533745,0.018497512371920533,0.9571508379888266,0.018456794836723425,14.2727
500,10,sqrt,10,1,0.9727230865261692,0.00924956539459028,0.9727312228429547,0.009118697229839897,13.7566
500,10,sqrt,10,2,0.9733078715916141,0.011331156787326498,0.9732898820608318,0.011329525548146225,13.5299
500,10,sqrt,10,5,0.9688092085067727,0.013794409034666172,0.9688392302917442,0.013659358567266378,14.1409
500,10,sqrt,10,10,0.9571357517533745,0.018497512371920533,0.9571508379888266,0.018456794836723425,15.0796
500,10,sqrt,20,1,0.9661152541920925,0.014706065756261275,0.9660552451893233,0.01458790659628793,14.5408
500,10,sqrt,20,2,0.9655146793636176,0.012459776260556273,0.9654965859714462,0.012388769191615976,15.3687
500,10,sqrt,20,5,0.9616525683730555,0.01763346533332995,0.9616045934202357,0.017479502434522808,13.9073
500,10,sqrt,20,10,0.9571357517533745,0.018497512371920533,0.9571508379888266,0.018456794836723425,13.8748
500,10,log2,2,1,0.9788793272207522,0.007819505133045225,0.9788485412787089,0.007803723648236009,14.4787
500,10,log2,2,2,0.9749388874147338,0.0077138060179494684,0.9749565487274984,0.00756808122003291,14.695
500,10,log2,2,5,0.967739738605957,0.013666547083812307,0.9677281191806332,0.013556957602794262,14.9142
500,10,log2,2,10,0.9598313035283518,0.015289591209061842,0.959925512104283,0.015101094119824528,15.3663
500,10,log2,5,1,0.9738428050372778,0.00833166648472827,0.9738392302917441,0.00829014234141814,14.7275
500,10,log2,5,2,0.9755019059149305,0.007175673224959233,0.975512104283054,0.007130403288959319,15.0437
500,10,log2,5,5,0.967739738605957,0.013666547083812307,0.9677281191806332,0.013556957602794262,15.3872
500,10,log2,5,10,0.9598313035283518,0.015289591209061842,0.959925512104283,0.015101094119824528,15.8823
500,10,log2,10,1,0.9709907143443921,0.007443627386841145,0.971064556176288,0.0073682937203744395,15.7273
500,10,log2,10,2,0.9682316078889377,0.01132948710557499,0.9682805710738671,0.011131656047105504,15.0822
500,10,log2,10,5,0.967739738605957,0.013666547083812307,0.9677281191806332,0.013556957602794262,15.6728
500,10,log2,10,10,0.9598313035283518,0.015289591209061842,0.959925512104283,0.015101094119824528,15.6802
500,10,log2,20,1,0.9671247359298999,0.01321156429450163,0.967169459962756,0.01301827673815774,15.0982
500,10,log2,20,2,0.9665572429708297,0.011309577715806898,0.9666108007448789,0.011114550615649673,15.3755
500,10,log2,20,5,0.9627466574471321,0.014653407687347339,0.9627188081936685,0.014492938622998481,15.3678
500,10,log2,20,10,0.9598313035283518,0.015289591209061842,0.959925512104283,0.015101094119824528,15.4935
500,10,0.5,2,1,0.968751801428841,0.013093168717534001,0.9688516449410305,0.012934895417488644,16.285
500,10,0.5,2,2,0.9636253262053298,0.01711788676049741,0.9638423339540658,0.01669603599769895,14.8981
500,10,0.5,2,5,0.9548578118991203,0.014554952571484208,0.9549410304158907,0.014113194505505033,15.3731
500,10,0.5,2,10,0.9425404533248305,0.01548345300003027,0.9426846679081315,0.015129365706486157,15.8522
500,10,0.5,5,1,0.9654255828291157,0.013191599491737266,0.9655090006207324,0.013084217659830465,15.3567
500,10,0.5,5,2,0.9619465998024882,0.016600725774122718,0.9621787709497207,0.016225418249670498,15.7405
500,10,0.5,5,5,0.9548578118991203,0.014554952571484208,0.9549410304158907,0.014113194505505033,15.7223
500,10,0.5,5,10,0.9425404533248305,0.01548345300003027,0.9426846679081315,0.015129365706486157,15.1893
500,10,0.5,10,1,0.9608402198207389,0.016976806592366528,0.9610614525139665,0.016644077272032872,15.4425
500,10,0.5,10,2,0.9581010931804788,0.015217339747667846,0.9582805710738672,0.014926130048794575,16.1354
500,10,0.5,10,5,0.9548578118991203,0.014554952571484208,0.9549410304158907,0.014113194505505033,16.8371
500,10,0.5,10,10,0.9425404533248305,0.01548345300003027,0.9426846679081315,0.015129365706486157,16.1506
500,10,0.5,20,1,0.9547346498942426,0.017088779758510288,0.9549379267535691,0.016721214862527357,16.1361
500,10,0.5,20,2,0.9519742946313159,0.0159689880187849,0.9521508379888267,0.015535093656873089,16.9091
500,10,0.5,20,5,0.948641232451816,0.015118810296485966,0.9488081936685286,0.014646268981970976,17.3619
500,10,0.5,20,10,0.9425404533248305,0.01548345300003027,0.9426846679081315,0.015129365706486157,15.0132
500,10,1.0,2,1,0.9553103327180249,0.014019326293106314,0.9554965859714463,0.013809856668178577,19.2853
500,10,1.0,2,2,0.9480767507643165,0.014626671847293235,0.9482588454376163,0.014255735950690086,18.3365
500,10,1.0,2,5,0.9363484173401477,0.016975724832645787,0.9365642458100558,0.016323094938925,18.936
500,10,1.0,2,10,0.9157107159950829,0.024598152973364398,0.9159714463066416,0.02401689709902317,17.6461
500,10,1.0,5,1,0.9530831603814731,0.013876292637774285,0.9532650527622595,0.013647963257883427,18.2946
500,10,1.0,5,2,0.948643801068209,0.014591686932744275,0.9488144009931719,0.014204420507286769,18.6672
500,10,1.0,5,5,0.9363484173401477,0.016975724832645787,0.9365642458100558,0.016323094938925,18.3089
500,10,1.0,5,10,0.9157107159950829,0.024598152973364398,0.9159714463066416,0.02401689709902317,17.154
500,10,1.0,10,1,0.9475192108872328,0.013006783527850244,0.9476970825574178,0.0126956011948643,19.9703
500,10,1.0,10,2,0.9436614164152864,0.015702723144675176,0.9438019863438857,0.015181344944769951,19.153
500,10,1.0,10,5,0.9363484173401477,0.016975724832645787,0.9365642458100558,0.016323094938925,17.1902
500,10,1.0,10,10,0.9157107159950829,0.024598152973364398,0.9159714463066416,0.02401689709902317,16.3395
500,10,1.0,20,1,0.9391714964308335,0.0160873609727159,0.9393513345747981,0.015774969127324154,17.2097
500,10,1.0,20,2,0.9363031426464344,0.016363408600647045,0.9365642458100558,0.01593393424701473,17.1017
500,10,1.0,20,5,0.9263314398027372,0.020663913846461438,0.9265394165114834,0.020171601130624963,17.0279
500,10,1.0,20,10,0.9157107159950829,0.024598152973364398,0.9159714463066416,0.02401689709902317,17.1093
500,20,sqrt,2,1,0.9798755835118061,0.006754580390081027,0.9799627560521416,0.006679312067529725,14.8014
500,20,sqrt,2,2,0.9743496622893251,0.00910603547437892,0.9744009931719428,0.009033841387290853,15.4011
500,20,sqrt,2,5,0.9705060372036014,0.011249868962402045,0.9705058969584108,0.011139536980442592,15.868
500,20,sqrt,2,10,0.9571123908182486,0.018487091122306825,0.9571508379888266,0.018456794836723425,15.16
500,20,sqrt,5,1,0.9760700266424098,0.007903859879512445,0.9760676598386094,0.007898091305467283,15.5424
500,20,sqrt,5,2,0.976519545843764,0.00872138363721955,0.9766263190564866,0.008547775095220523,15.3983
500,20,sqrt,5,5,0.9705060372036014,0.011249868962402045,0.9705058969584108,0.011139536980442592,15.6377
500,20,sqrt,5,10,0.9571123908182486,0.018487091122306825,0.9571508379888266,0.018456794836723425,15.519
500,20,sqrt,10,1,0.9743937112657713,0.007232783976665807,0.9743978895096213,0.0071343125021377865,14.9567
500,20,sqrt,10,2,0.9721400049138239,0.010909164428967456,0.972175667287399,0.010833197622280804,15.3405
500,20,sqrt,10,5,0.9705060372036014,0.011249868962402045,0.9705058969584108,0.011139536980442592,16.167
500,20,sqrt,10,10,0.9571123908182486,0.018487091122306825,0.9571508379888266,0.018456794836723425,14.9895
500,20,sqrt,20,1,0.9672373530702709,0.010770311640829469,0.967169459962756,0.010673330018120078,15.0084
500,20,sqrt,20,2,0.9654961292892015,0.012204552997162164,0.9654934823091248,0.012141079533097832,15.4877
500,20,sqrt,20,5,0.9616527474201453,0.016475057149767,0.9616045934202357,0.016385846585436223,15.2013
500,20,sqrt,20,10,0.9571123908182486,0.018487091122306825,0.9571508379888266,0.018456794836723425,15.7205
500,20,log2,2,1,0.9777395083172188,0.00671109040193479,0.9777405338299193,0.006589431077239444,14.9754
500,20,log2,2,2,0.9760763912180972,0.006192378233209474,0.976064556176288,0.0061467058702987356,15.7643
500,20,log2,2,5,0.9688395001903685,0.011510535348986248,0.9688392302917442,0.011437439928977729,14.5158
500,20,log2,2,10,0.9592308618718226,0.014307190529048329,0.9593668528864059,0.014108299895742107,15.2787
500,20,log2,5,1,0.9760801434874512,0.005018792736148792,0.9760707635009311,0.005004177891646041,14.475
500,20,log2,5,2,0.9760536051263429,0.0075328513318347005,0.976064556176288,0.007503366682662087,14.5116
500,20,log2,5,5,0.9688395001903685,0.011510535348986248,0.9688392302917442,0.011437439928977729,13.992
500,20,log2,5,10,0.9592308618718226,0.014307190529048329,0.9593668528864059,0.014108299895742107,14.6552
500,20,log2,10,1,0.9738105416905352,0.00908468719670798,0.9738423339540658,0.008988045325750128,13.9327
500,20,log2,10,2,0.9721177413117555,0.00838737268292173,0.972175667287399,0.0082447228379132,14.9648
500,20,log2,10,5,0.9688395001903685,0.011510535348986248,0.9688392302917442,0.011437439928977729,14.2075
500,20,log2,10,10,0.9592308618718226,0.014307190529048329,0.9593668528864059,0.014108299895742107,15.5094
500,20,log2,20,1,0.9682381401997289,0.013130255737487764,0.9682836747361886,0.012917854582748451,14.7124
500,20,log2,20,2,0.9661040598613198,0.014031185203269503,0.966058348851645,0.013930170056049922,15.7891
500,20,log2,20,5,0.9638925841067669,0.01424908345249875,0.9638299193047797,0.014116397951451965,15.4102
500,20,log2,20,10,0.9592308618718226,0.014307190529048329,0.9593668528864059,0.014108299895742107,15.0136
500,20,0.5,2,1,0.9726744322674019,0.011411364019464207,0.9727467411545623,0.011212475315486673,16.1797
500,20,0.5,2,2,0.9659011650209679,0.016188777736612123,0.9660738671632526,0.01577639794429396,15.0567
500,20,0.5,2,5,0.9553509570114951,0.014691183228972254,0.9554934823091248,0.014241353338105412,16.1092
500,20,0.5,2,10,0.9424965598072527,0.015852519135139867,0.9426846679081315,0.015532011643471854,15.9306
500,20,0.5,5,1,0.9687353351153801,0.012093485336984683,0.9688485412787088,0.011950196649308891,15.3321
500,20,0.5,5,2,0.9648038545438471,0.01434160929963808,0.9649565487274984,0.014040924778793039,16.3576
500,20,0.5,5,5,0.9553509570114951,0.014691183228972254,0.9554934823091248,0.014241353338105412,15.8898
500,20,0.5,5,10,0.9424965598072527,0.015852519135139867,0.9426846679081315,0.015532011643471854,14.0524
500,20,0.5,10,1,0.9624879480784058,0.01599326902518183,0.9627281191806331,0.01570462611267755,16.4414
500,20,0.5,10,2,0.9597078153748597,0.016157189244800228,0.9599503414028554,0.01583826707746021,16.2345
500,20,0.5,10,5,0.9553509570114951,0.014691183228972254,0.9554934823091248,0.014241353338105412,15.1988
500,20,0.5,10,10,0.9424965598072527,0.015852519135139867,0.9426846679081315,0.015532011643471854,15.5418
500,20,0.5,20,1,0.9570060663994052,0.01598482550583682,0.9571601489757914,0.015701642405835145,16.0812
500,20,0.5,20,2,0.9524907545488602,0.014250021053896503,0.9527094972067038,0.0138582123275317,15.6585
500,20,0.5,20,5,0.9491956566811627,0.015016806931664612,0.9493637492240843,0.014575402657252403,14.9582
500,20,0.5,20,10,0.9424965598072527,0.015852519135139867,0.9426846679081315,0.015532011643471854,16.4792
500,20,1.0,2,1,0.9591155845901798,0.01448694382634236,0.9593885785226567,0.014264968542706908,20.2345
500,20,1.0,2,2,0.9525014266022123,0.014607992202205305,0.9527126008690254,0.014298503262552394,20.8639
500,20,1.0,2,5,0.9368992889882313,0.017260514722736247,0.9371229050279328,0.016664640493548512,18.2659
500,20,1.0,2,10,0.915091767250073,0.02436769301068959,0.9154158907510862,0.02380065078866133,17.2829
500,20,1.0,5,1,0.9563897450872287,0.014642257881505333,0.9566045934202358,0.01443285607988164,20.3666
500,20,1.0,5,2,0.9514388999456453,0.01544982449644304,0.9516014897579144,0.015091691359740724,18.5262
500,20,1.0,5,5,0.9368992889882313,0.017260514722736247,0.9371229050279328,0.016664640493548512,18.9237
500,20,1.0,5,10,0.915091767250073,0.02436769301068959,0.9154158907510862,0.02380065078866133,16.8258
500,20,1.0,10,1,0.9480076605445946,0.016093917349194953,0.9482588454376163,0.0157048837252503,20.2318
500,20,1.0,10,2,0.9458524418521088,0.016957976041895487,0.9460335195530727,0.016463568623111807,17.804
500,20,1.0,10,5,0.9368992889882313,0.017260514722736247,0.9371229050279328,0.016664640493548512,19.976
500,20,1.0,10,10,0.915091767250073,0.02436769301068959,0.9154158907510862,0.02380065078866133,15.4889
500,20,1.0,20,1,0.940741789517644,0.01606783590709906,0.941018001241465,0.01574243615544512,18.7306
500,20,1.0,20,2,0.9379520397373107,0.01676139838157572,0.9382402234636871,0.016342952479185158,16.526
500,20,1.0,20,5,0.9269278821097057,0.019288886244369866,0.9270949720670391,0.018854486769938922,16.6247
500,20,1.0,20,10,0.915091767250073,0.02436769301068959,0.9154158907510862,0.02380065078866133,16.1603
