n_estimators,max_depth,max_features,min_samples_split,min_samples_leaf,mean_r2,std_r2,mean_rmse,std_rmse,time_s
50,,sqrt,2,1,0.8951708749127208,0.005561437260744001,58.66893001060582,1.741293897095955,5.6418
50,,sqrt,2,2,0.8794450024669732,0.008442930593625136,62.90570677874448,2.4569552721900565,7.8678
50,,sqrt,2,5,0.8489326380934049,0.010331188605207178,70.40217639409988,2.2192714571384973,6.379
50,,sqrt,2,10,0.8188068315409474,0.009023507703085402,77.13567309919344,2.2312172471064744,6.1941
50,,sqrt,5,1,0.886037919201032,0.007329006707538467,61.1553851938487,1.8779351617288562,6.7524
50,,sqrt,5,2,0.8799073484245081,0.008428022805838282,62.77532485876783,2.1649755026376503,6.3551
50,,sqrt,5,5,0.8489326380934049,0.010331188605207152,70.40217639409988,2.2192714571384946,6.7393
50,,sqrt,5,10,0.8188068315409474,0.009023507703085402,77.13567309919344,2.231217247106476,6.5953
50,,sqrt,10,1,0.8717314563389102,0.00817337260477835,64.88159868151297,1.9974266677571715,7.4597
50,,sqrt,10,2,0.8680945022910362,0.00800782158113615,65.80204826508424,2.091619298055031,6.1435
50,,sqrt,10,5,0.8489326380934049,0.010331188605207178,70.40217639409988,2.219271457138498,6.4374
50,,sqrt,10,10,0.8188068315409474,0.009023507703085402,77.13567309919344,2.231217247106476,6.1809
50,,sqrt,20,1,0.8480556449643984,0.007215238406167577,70.63511594384275,1.8445500717150087,6.1044
50,,sqrt,20,2,0.845965640010417,0.007039533694325515,71.12494477688865,1.9276853279488297,5.8383
50,,sqrt,20,5,0.8382698715648882,0.007976442329348762,72.87835299751136,2.134572727977351,6.2516
50,,sqrt,20,10,0.8188068315409474,0.009023507703085402,77.13567309919344,2.2312172471064753,6.9374
50,,log2,2,1,0.8951708749127208,0.005561437260744001,58.66893001060582,1.741293897095955,7.3207
50,,log2,2,2,0.8794450024669732,0.008442930593625136,62.90570677874448,2.4569552721900574,6.4739
50,,log2,2,5,0.8489326380934049,0.010331188605207141,70.40217639409988,2.2192714571384946,6.1706
50,,log2,2,10,0.8188068315409474,0.009023507703085402,77.13567309919344,2.2312172471064766,7.8399
50,,log2,5,1,0.886037919201032,0.00732900670753846,61.155385193848716,1.8779351617288553,7.8417
50,,log2,5,2,0.8799073484245081,0.00842802280583829,62.77532485876783,2.16497550263765,7.7458
50,,log2,5,5,0.8489326380934049,0.010331188605207178,70.40217639409988,2.219271457138496,6.3882
50,,log2,5,10,0.8188068315409474,0.009023507703085402,77.13567309919344,2.2312172471064766,7.198
50,,log2,10,1,0.8717314563389102,0.008173372604778342,64.88159868151297,1.9974266677571717,6.1328
50,,log2,10,2,0.8680945022910362,0.00800782158113615,65.80204826508422,2.091619298055032,7.597
50,,log2,10,5,0.8489326380934049,0.010331188605207167,70.40217639409988,2.2192714571384973,7.1066
50,,log2,10,10,0.8188068315409474,0.009023507703085402,77.13567309919344,2.2312172471064744,5.5618
50,,log2,20,1,0.8480556449643984,0.007215238406167577,70.63511594384275,1.844550071715009,6.8245
50,,log2,20,2,0.845965640010417,0.007039533694325515,71.12494477688867,1.9276853279488304,7.3636
50,,log2,20,5,0.8382698715648882,0.00797644232934879,72.87835299751136,2.1345727279773543,6.4492
50,,log2,20,10,0.8188068315409474,0.009023507703085402,77.13567309919344,2.2312172471064744,6.9951
50,,0.5,2,1,0.9445118560957306,0.003948763142910115,42.67075719410838,1.5679973491055645,10.4317
50,,0.5,2,2,0.9412996656173235,0.0035302884391607108,43.902130777828496,1.539312103505345,7.4367
50,,0.5,2,5,0.9298597209514992,0.004984668528389158,47.970577142253724,1.5820777596982207,8.8971
50,,0.5,2,10,0.9102771933861856,0.005100660006705487,54.2790775084874,1.835367705305529,8.0864
50,,0.5,5,1,0.942552951343935,0.004715060558873509,43.40752483255112,1.7632139457794216,8.6599
50,,0.5,5,2,0.941211517279984,0.003756693430835548,43.92929241353539,1.509647787174344,8.4704
50,,0.5,5,5,0.9298597209514992,0.0049846685283891305,47.970577142253724,1.5820777596982185,10.4126
50,,0.5,5,10,0.9102771933861856,0.005100660006705475,54.2790775084874,1.8353677053055282,8.1738
50,,0.5,10,1,0.9385536849715577,0.003908644730981135,44.914189169449486,1.6404368750317344,10.2081
50,,0.5,10,2,0.9372016262594066,0.0043629925042752,45.3947909669359,1.5445605953342019,8.8543
50,,0.5,10,5,0.9298597209514992,0.004984668528389158,47.970577142253724,1.5820777596982198,9.5661
50,,0.5,10,10,0.9102771933861856,0.005100660006705487,54.2790775084874,1.8353677053055293,9.4999
50,,0.5,20,1,0.9270449250511067,0.0041364615904235695,48.938421407116465,1.4301895512561553,8.8522
50,,0.5,20,2,0.9267778272027535,0.004889870322730993,49.019693515239155,1.6043994351913649,9.0141
50,,0.5,20,5,0.9220276459994029,0.004366548756173802,50.596665256809175,1.5257753865923696,8.0754
50,,0.5,20,10,0.9102771933861856,0.005100660006705487,54.2790775084874,1.835367705305529,9.161
50,,1.0,2,1,0.9443326237981344,0.0053998769362125585,42.718358375928894,2.137026378419143,13.7548
50,,1.0,2,2,0.9443474059705134,0.005081590627080067,42.720105627406966,2.0682609825667093,13.018
50,,1.0,2,5,0.9388408458898365,0.00605942333188334,44.774323376902714,2.3272320057105764,10.5651
50,,1.0,2,10,0.9288108010662051,0.00712054209802143,48.30685286545116,2.556746909700941,10.3292
50,,1.0,5,1,0.9443364733756205,0.005281205624640156,42.71912511552445,2.095235235681553,13.6023
50,,1.0,5,2,0.9444309677338503,0.005052727571639607,42.689113111847064,2.0836930336359507,11.2827
50,,1.0,5,5,0.9388408458898365,0.00605942333188334,44.774323376902714,2.3272320057105773,10.3148
50,,1.0,5,10,0.9288108010662051,0.007120542098021446,48.30685286545116,2.5567469097009425,11.7273
50,,1.0,10,1,0.9428426435189948,0.005409665091043903,43.28997330435972,2.154855222008944,14.0881
50,,1.0,10,2,0.9427841422831256,0.005179539146409968,43.315508618811535,2.0695914984700443,14.1498
50,,1.0,10,5,0.9388408458898365,0.00605942333188334,44.774323376902714,2.3272320057105755,13.6283
50,,1.0,10,10,0.9288108010662051,0.007120542098021446,48.30685286545116,2.5567469097009417,12.0062
50,,1.0,20,1,0.9387773732728526,0.005324124680255797,44.8080368463453,2.014059667693156,12.4286
50,,1.0,20,2,0.9385077704624092,0.00529849433323995,44.907730903671094,2.014047746936364,13.4578
50,,1.0,20,5,0.9356080270514064,0.006001594521377331,45.950658856403344,2.294703212418048,11.4136
50,,1.0,20,10,0.9288108010662051,0.00712054209802143,48.30685286545116,2.5567469097009417,11.9094
50,5,sqrt,2,1,0.572706467190877,0.012853573366219654,118.51428995209085,3.9045956061960565,9.8439
50,5,sqrt,2,2,0.5730176385263681,0.01334395664248494,118.47034432868085,3.943082693714689,8.1623
50,5,sqrt,2,5,0.5716618831277271,0.012780231807115858,118.65866881732552,3.8808610381812625,9.6799
50,5,sqrt,2,10,0.5717974645770564,0.013841891435326242,118.6366290052666,3.9195201551550993,8.9758
50,5,sqrt,5,1,0.5721084762121331,0.01281783623878376,118.59681750495626,3.8847098291454025,10.6276
50,5,sqrt,5,2,0.5728309980574455,0.013469007354401296,118.49539318369372,3.932447086749228,8.2325
50,5,sqrt,5,5,0.571661883127727,0.012780231807115863,118.65866881732552,3.8808610381812647,9.2973
50,5,sqrt,5,10,0.5717974645770564,0.01384189143532622,118.6366290052666,3.9195201551551007,9.6105
50,5,sqrt,10,1,0.5718124619688274,0.012923884004523985,118.6372327976165,3.879856428271581,9.573
50,5,sqrt,10,2,0.5720380084063517,0.0134498359047142,118.60519407164482,3.9257616089420666,8.3597
50,5,sqrt,10,5,0.5716618831277271,0.012780231807115858,118.65866881732552,3.88086103818126,7.9135
50,5,sqrt,10,10,0.5717974645770564,0.013841891435326215,118.6366290052666,3.9195201551551,8.5438
50,5,sqrt,20,1,0.5728230402822863,0.013383433943049538,118.49590540820569,3.9012432321296178,9.9348
50,5,sqrt,20,2,0.5730379342629728,0.014128017941931595,118.46505361776292,3.974803665138099,8.491
50,5,sqrt,20,5,0.5724521899834972,0.0136937272332717,118.54717438924938,3.939664617348499,6.8326
50,5,sqrt,20,10,0.5717974645770564,0.013841891435326215,118.6366290052666,3.9195201551551015,4.2013
50,5,log2,2,1,0.572706467190877,0.012853573366219652,118.51428995209085,3.9045956061960627,4.9721
50,5,log2,2,2,0.5730176385263682,0.01334395664248489,118.47034432868085,3.9430826937146857,6.7425
50,5,log2,2,5,0.5716618831277271,0.012780231807115858,118.65866881732552,3.880861038181263,1.4433
50,5,log2,2,10,0.5717974645770564,0.013841891435326208,118.6366290052666,3.9195201551550976,4.5315
50,5,log2,5,1,0.5721084762121331,0.01281783623878374,118.59681750495626,3.8847098291454034,6.7401
50,5,log2,5,2,0.5728309980574455,0.013469007354401295,118.49539318369372,3.932447086749228,1.5251
50,5,log2,5,5,0.5716618831277273,0.012780231807115862,118.65866881732552,3.8808610381812643,6.307
50,5,log2,5,10,0.5717974645770564,0.013841891435326215,118.6366290052666,3.9195201551551015,5.325
50,5,log2,10,1,0.5718124619688274,0.01292388400452398,118.63723279761648,3.879856428271579,2.4846
50,5,log2,10,2,0.5720380084063517,0.013449835904714207,118.60519407164482,3.9257616089420595,7.2422
50,5,log2,10,5,0.5716618831277271,0.012780231807115842,118.65866881732552,3.880861038181262,3.5993
50,5,log2,10,10,0.5717974645770564,0.013841891435326228,118.6366290052666,3.9195201551551015,3.8593
50,5,log2,20,1,0.5728230402822863,0.013383433943049543,118.49590540820569,3.9012432321296178,7.1557
50,5,log2,20,2,0.5730379342629728,0.014128017941931588,118.46505361776289,3.974803665138097,2.2596
50,5,log2,20,5,0.5724521899834972,0.0136937272332717,118.54717438924938,3.9396646173484964,6.0055
50,5,log2,20,10,0.5717974645770564,0.013841891435326215,118.6366290052666,3.9195201551551015,6.3491
50,5,0.5,2,1,0.6431377511588692,0.006891634267734271,108.29163704730634,2.4705310709808512,1.7724
50,5,0.5,2,2,0.6428245592133337,0.007599202535735439,108.33699955374921,2.468596529929743,7.5193
50,5,0.5,2,5,0.6430735970043631,0.0068856591851675164,108.30153018798153,2.4718060127530905,4.6647
50,5,0.5,2,10,0.6418126669554303,0.007394438824392855,108.49147157316622,2.4889256413706695,5.0774
50,5,0.5,5,1,0.6427161099503617,0.007432862293724638,108.3542645936611,2.4809107551158593,7.2496
50,5,0.5,5,2,0.6426953406956758,0.007517784645972176,108.35685401041822,2.468434373343481,2.0435
50,5,0.5,5,5,0.6430735970043631,0.0068856591851675164,108.30153018798153,2.4718060127530905,7.9729
50,5,0.5,5,10,0.6418126669554303,0.007394438824392838,108.49147157316622,2.488925641370669,4.3071
50,5,0.5,10,1,0.642408290138029,0.006967669395660197,108.40227272487232,2.47539495830713,3.1231
50,5,0.5,10,2,0.642461212623673,0.0070003108391934335,108.39409921150234,2.4728713418396917,7.9646
50,5,0.5,10,5,0.6430735970043631,0.006885659185167518,108.30153018798153,2.471806012753092,2.8605
50,5,0.5,10,10,0.6418126669554303,0.0073944388243928506,108.49147157316622,2.4889256413706713,5.7851
50,5,0.5,20,1,0.6417541385402942,0.007333094512638471,108.50051784531402,2.4880289472494552,6.1613
50,5,0.5,20,2,0.6418362145313068,0.007364800151530264,108.48788669868068,2.483483973849807,3.1726
50,5,0.5,20,5,0.6421337536685517,0.007165215820295406,108.44403288020229,2.510569461770296,8.4151
50,5,0.5,20,10,0.6418126669554303,0.007394438824392866,108.49147157316622,2.4889256413706744,2.9975
50,5,1.0,2,1,0.6543532395258458,0.008678126215185102,106.57089147850017,2.4743864288239807,7.8649
50,5,1.0,2,2,0.6543542792621526,0.00867729347279853,106.57073508677081,2.474420526981278,5.2496
50,5,1.0,2,5,0.6543552064153966,0.008676434797537503,106.57059258848952,2.4742979373829797,6.4786
50,5,1.0,2,10,0.6543567424999285,0.008677318516770645,106.57035710820693,2.4744950169477464,6.8692
50,5,1.0,5,1,0.6543532395258458,0.008678126215185124,106.57089147850017,2.4743864288239807,6.1564
50,5,1.0,5,2,0.6543542792621526,0.008677293472798546,106.57073508677081,2.4744205269812785,7.4786
50,5,1.0,5,5,0.6543552064153966,0.008676434797537491,106.57059258848952,2.474297937382978,4.9657
50,5,1.0,5,10,0.6543567424999285,0.008677318516770623,106.57035710820693,2.474495016947742,7.9763
50,5,1.0,10,1,0.6543532769670328,0.008678120021716255,106.57088565832919,2.4743832866874023,2.9159
50,5,1.0,10,2,0.6543543166595768,0.00867728728105546,106.57072927340357,2.474417388156481,9.035
50,5,1.0,10,5,0.6543552064153966,0.008676434797537472,106.57059258848952,2.474297937382977,3.7493
50,5,1.0,10,10,0.6543567424999285,0.008677318516770645,106.57035710820693,2.47449501694774,6.6717
50,5,1.0,20,1,0.6543532050554486,0.008678240630070014,106.57089643056395,2.4743892556014764,6.2733
50,5,1.0,20,2,0.6543542447979794,0.008677407901126985,106.57074003786832,2.4744233534572415,5.7877
50,5,1.0,20,5,0.6543551346685405,0.00867655497081705,106.57060333677273,2.474303893643688,6.5569
50,5,1.0,20,10,0.6543567424999285,0.00867731851677063,106.57035710820693,2.474495016947746,3.8188
50,10,sqrt,2,1,0.7770938172890822,0.009526570196259724,85.56977798720249,2.474012572410816,8.6305
50,10,sqrt,2,2,0.7764118961420747,0.007397824292807878,85.71203507830322,2.3592589550016854,4.8557
50,10,sqrt,2,5,0.7710872378260802,0.006433922660100449,86.7251960988715,2.0704172416273607,8.7403
50,10,sqrt,2,10,0.7636093295572246,0.007685796089484311,88.12814201398209,2.254595543685057,4.6159
50,10,sqrt,5,1,0.776949003736543,0.008976860316481854,85.59873992157696,2.410677051126349,8.4359
50,10,sqrt,5,2,0.7766292716381906,0.01057239236779741,85.6537082071371,2.6266004799436247,6.0204
50,10,sqrt,5,5,0.7710872378260802,0.006433922660100449,86.7251960988715,2.070417241627362,7.3917
50,10,sqrt,5,10,0.7636093295572246,0.007685796089484327,88.12814201398209,2.2545955436850567,7.6764
50,10,sqrt,10,1,0.7738408099494974,0.0109629694327764,86.20995639187545,3.403643951655779,5.4145
50,10,sqrt,10,2,0.7755198859733159,0.008146932554646564,85.88244384909906,2.519649315214697,9.1065
50,10,sqrt,10,5,0.7710872378260802,0.006433922660100449,86.7251960988715,2.0704172416273607,5.6357
50,10,sqrt,10,10,0.7636093295572246,0.007685796089484308,88.12814201398209,2.2545955436850567,8.4059
50,10,sqrt,20,1,0.7711427589678258,0.009505975575879792,86.69232756561811,1.9960207386464446,5.6506
50,10,sqrt,20,2,0.7681209928501407,0.011967972647435389,87.26390219787103,2.8171081073169995,7.2547
50,10,sqrt,20,5,0.7734127112028907,0.009161768526670484,86.27618799114465,2.485083677829913,6.8689
50,10,sqrt,20,10,0.7636093295572246,0.0076857960894843175,88.12814201398209,2.2545955436850567,5.9185
50,10,log2,2,1,0.7770938172890822,0.00952657019625971,85.56977798720247,2.474012572410812,7.7036
50,10,log2,2,2,0.7764118961420747,0.007397824292807878,85.71203507830319,2.3592589550016854,4.9156
50,10,log2,2,5,0.7710872378260802,0.006433922660100451,86.7251960988715,2.0704172416273625,6.2398
50,10,log2,2,10,0.7636093295572246,0.007685796089484298,88.12814201398207,2.254595543685054,5.7551
50,10,log2,5,1,0.7769490037365429,0.008976860316481846,85.59873992157696,2.4106770511263518,6.0598
50,10,log2,5,2,0.7766292716381906,0.010572392367797424,85.6537082071371,2.626600479943628,4.7601
50,10,log2,5,5,0.7710872378260802,0.006433922660100451,86.7251960988715,2.070417241627362,5.6881
50,10,log2,5,10,0.7636093295572246,0.007685796089484328,88.12814201398207,2.254595543685057,5.4534
50,10,log2,10,1,0.7738408099494974,0.010962969432776406,86.20995639187545,3.403643951655779,5.9808
50,10,log2,10,2,0.7755198859733159,0.008146932554646576,85.88244384909906,2.5196493152147004,4.7207
50,10,log2,10,5,0.7710872378260802,0.006433922660100451,86.7251960988715,2.070417241627362,5.9788
50,10,log2,10,10,0.7636093295572246,0.007685796089484331,88.12814201398209,2.254595543685058,5.1421
50,10,log2,20,1,0.7711427589678258,0.009505975575879805,86.69232756561811,1.996020738646445,6.1028
50,10,log2,20,2,0.7681209928501407,0.011967972647435399,87.26390219787103,2.817108107317002,5.087
50,10,log2,20,5,0.7734127112028908,0.009161768526670482,86.27618799114465,2.4850836778299126,6.363
50,10,log2,20,10,0.7636093295572246,0.007685796089484327,88.12814201398209,2.2545955436850567,4.9043
50,10,0.5,2,1,0.8851648368613743,0.006563587378915994,61.40453297791743,2.0080210546209045,7.2788
50,10,0.5,2,2,0.8847962936754751,0.005423343745228484,61.512704006494836,1.831976408352722,4.5403
50,10,0.5,2,5,0.8810635752784826,0.0068054551182445515,62.48360598796238,1.7573053578113809,8.9666
50,10,0.5,2,10,0.8752848913038997,0.00518370034217564,64.00261970182126,1.6850536848040054,4.0366
50,10,0.5,5,1,0.8853035418572046,0.006105830575893316,61.37155112473698,1.983096742871704,8.9399
50,10,0.5,5,2,0.886164248360165,0.004512034050201913,61.14697196131325,1.4765510405022537,4.5588
50,10,0.5,5,5,0.8810635752784826,0.006805455118244556,62.48360598796238,1.7573053578113822,7.9525
50,10,0.5,5,10,0.8752848913038997,0.0051837003421756405,64.00261970182126,1.6850536848040059,8.0411
50,10,0.5,10,1,0.8842326498583022,0.0050223302247088646,61.66604155211478,1.7720888840592046,6.7302
50,10,0.5,10,2,0.882905931133609,0.004909746590885563,62.018162146677945,1.7280950149081475,8.5433
50,10,0.5,10,5,0.8810635752784826,0.006805455118244556,62.48360598796238,1.7573053578113809,6.62
50,10,0.5,10,10,0.8752848913038997,0.00518370034217564,64.00261970182126,1.6850536848040054,7.1915
50,10,0.5,20,1,0.88079928517679,0.006876216169814509,62.56162179098321,2.1257885363985114,7.574
50,10,0.5,20,2,0.8811077292413767,0.005955655607989925,62.489324389809,1.9957242179142052,7.0371
50,10,0.5,20,5,0.8774351353620915,0.0045774790200904325,63.45476460364174,1.6977599977999804,7.7398
50,10,0.5,20,10,0.8752848913038997,0.00518370034217563,64.00261970182126,1.6850536848040054,6.5484
50,10,1.0,2,1,0.9201297190046631,0.006616221105258912,51.192419273106374,2.38318731096432,8.6356
50,10,1.0,2,2,0.9204851137387158,0.006431984681557106,51.080261687853856,2.3354233009228533,9.6741
50,10,1.0,2,5,0.9191686433540222,0.006377544368188982,51.50396226135306,2.338591055625027,6.842
50,10,1.0,2,10,0.9147198329433415,0.0073789190491448595,52.89172541062601,2.5150126465065687,10.2507
50,10,1.0,5,1,0.9202090612481697,0.006542049335991831,51.169220632969335,2.38959511967878,9.2632
50,10,1.0,5,2,0.9204979741667035,0.006433420471788546,51.07666875221488,2.347594351592267,10.1005
50,10,1.0,5,5,0.9191686433540222,0.006377544368189001,51.50396226135306,2.3385910556250287,8.6121
50,10,1.0,5,10,0.9147198329433415,0.007378919049144859,52.89172541062601,2.515012646506569,8.1455
50,10,1.0,10,1,0.9199330062907493,0.006493777985055579,51.256971511090946,2.339363870993397,10.9664
50,10,1.0,10,2,0.9203010885304002,0.0063623513835493395,51.13991896663612,2.30293498152686,7.6856
50,10,1.0,10,5,0.9191686433540222,0.006377544368188981,51.50396226135306,2.3385910556250273,10.0755
50,10,1.0,10,10,0.9147198329433415,0.007378919049144867,52.89172541062601,2.5150126465065696,7.9609
50,10,1.0,20,1,0.9186195724855031,0.006217038304477911,51.678656267872235,2.215511763050121,8.18
50,10,1.0,20,2,0.9189447376494035,0.006115057247202363,51.57621434068867,2.192723514477101,10.5691
50,10,1.0,20,5,0.9180926356883136,0.006264592617275212,51.84779107700143,2.288908616370173,6.6276
50,10,1.0,20,10,0.9147198329433415,0.007378919049144867,52.89172541062601,2.51501264650657,9.7722
50,20,sqrt,2,1,0.8921412607120145,0.007343481571798723,59.49909316602234,2.1674086252490734,8.2007
50,20,sqrt,2,2,0.8801085714636973,0.00679650090929701,62.724511401104735,1.415177087512835,6.5537
50,20,sqrt,2,5,0.8479325203670621,0.010946561849405135,70.63868926672579,2.534312007850848,8.2574
50,20,sqrt,2,10,0.8188798416142079,0.008866425947594013,77.12247737184474,2.244652046447617,5.1356
50,20,sqrt,5,1,0.8836577327508801,0.008273394625804356,61.784304767956144,2.1751124571098086,9.3946
50,20,sqrt,5,2,0.8777092325518193,0.007919673928783774,63.36270378287228,2.355049876413414,8.0367
50,20,sqrt,5,5,0.8479325203670621,0.010946561849405128,70.63868926672579,2.5343120078508465,10.6662
50,20,sqrt,5,10,0.8188798416142079,0.008866425947594014,77.12247737184474,2.244652046447615,9.2442
50,20,sqrt,10,1,0.8728160563453647,0.007686974658428106,64.60857812778578,1.84328359734326,7.0959
50,20,sqrt,10,2,0.8676205889490844,0.007204702416240038,65.93956133635427,2.355431866413108,11.1794
50,20,sqrt,10,5,0.8479325203670621,0.010946561849405135,70.63868926672579,2.534312007850845,8.3704
50,20,sqrt,10,10,0.8188798416142079,0.008866425947593997,77.12247737184474,2.2446520464476154,8.5235
50,20,sqrt,20,1,0.8502742300410905,0.007221652070738227,70.13309784637727,2.3841780737745077,12.065
50,20,sqrt,20,2,0.84756376587506,0.008845417833446617,70.74637452369802,2.3160338205447566,8.375
50,20,sqrt,20,5,0.839741280355554,0.00893061778191999,72.5426387049426,2.366734715654236,7.3956
50,20,sqrt,20,10,0.8188798416142079,0.008866425947594013,77.12247737184474,2.244652046447617,10.9968
50,20,log2,2,1,0.8921412607120145,0.007343481571798723,59.49909316602234,2.1674086252490734,9.5915
50,20,log2,2,2,0.8801085714636973,0.006796500909297014,62.724511401104735,1.415177087512831,7.8474
50,20,log2,2,5,0.8479325203670621,0.010946561849405135,70.63868926672579,2.5343120078508448,10.1098
50,20,log2,2,10,0.8188798416142079,0.008866425947594014,77.12247737184474,2.2446520464476163,8.5502
50,20,log2,5,1,0.8836577327508801,0.008273394625804379,61.784304767956144,2.1751124571098086,8.1202
50,20,log2,5,2,0.8777092325518193,0.007919673928783746,63.36270378287228,2.355049876413413,11.4574
50,20,log2,5,5,0.8479325203670621,0.010946561849405135,70.63868926672579,2.534312007850847,9.0667
50,20,log2,5,10,0.8188798416142079,0.008866425947594018,77.12247737184474,2.2446520464476167,8.4412
50,20,log2,10,1,0.8728160563453647,0.007686974658428106,64.60857812778578,1.8432835973432606,9.9745
50,20,log2,10,2,0.8676205889490843,0.007204702416240031,65.93956133635427,2.355431866413107,10.7265
50,20,log2,10,5,0.8479325203670621,0.010946561849405135,70.63868926672579,2.5343120078508434,6.3103
50,20,log2,10,10,0.8188798416142079,0.008866425947594014,77.12247737184474,2.244652046447617,6.5843
50,20,log2,20,1,0.8502742300410905,0.007221652070738227,70.13309784637727,2.3841780737745064,7.8492
50,20,log2,20,2,0.84756376587506,0.008845417833446617,70.74637452369802,2.3160338205447566,4.2688
50,20,log2,20,5,0.839741280355554,0.00893061778191999,72.5426387049426,2.3667347156542373,9.7838
50,20,log2,20,10,0.8188798416142079,0.008866425947594013,77.12247737184474,2.2446520464476163,5.4062
50,20,0.5,2,1,0.9439210048564195,0.0039888550414254945,42.89823330745374,1.6010628575055106,8.5731
50,20,0.5,2,2,0.9418623848988,0.003909872770819015,43.679684120957816,1.500002755939628,9.7528
50,20,0.5,2,5,0.9296206101250093,0.004693069166835352,48.055825136803385,1.4906922445650277,7.598
50,20,0.5,2,10,0.9099893447287621,0.004670512759940034,54.37073682266754,1.7681877044634933,6.4891
50,20,0.5,5,1,0.9427936919305802,0.004504984538447946,43.32073131154108,1.7085322444139859,10.7876
50,20,0.5,5,2,0.9412223781860447,0.0040210732022478105,43.92166048041318,1.5797999519638384,8.1524
50,20,0.5,5,5,0.9296206101250093,0.004693069166835352,48.055825136803385,1.4906922445650286,7.002
50,20,0.5,5,10,0.9099893447287621,0.0046705127599400605,54.37073682266754,1.768187704463494,8.9336
50,20,0.5,10,1,0.9384334911314725,0.0035136431121177473,44.9597314850085,1.4060658227759226,7.9494
50,20,0.5,10,2,0.9366886444866458,0.0042787389615953145,45.57688914666788,1.4150331226477528,7.6807
50,20,0.5,10,5,0.9296206101250093,0.004693069166835352,48.055825136803385,1.4906922445650284,10.2857
50,20,0.5,10,10,0.9099893447287621,0.004670512759940034,54.37073682266754,1.7681877044634926,7.4861
50,20,0.5,20,1,0.928443050761875,0.004247353797809867,48.46285162606918,1.3740329304445218,11.4884
50,20,0.5,20,2,0.9271315273920765,0.004128689128770129,48.91310554367885,1.5392025800903615,7.3409
50,20,0.5,20,5,0.9222048052229572,0.004269906374148441,50.54117409146666,1.560224896015836,9.2854
50,20,0.5,20,10,0.9099893447287621,0.004670512759940034,54.37073682266754,1.7681877044634933,7.8991
50,20,1.0,2,1,0.9443828845105406,0.005597071932994638,42.69564228800146,2.2148520454400717,13.1534
50,20,1.0,2,2,0.944421631469584,0.005124674645433686,42.69009088087334,2.073375171017516,11.4572
50,20,1.0,2,5,0.9388284121768342,0.0060570096829248325,44.77896604088051,2.3267060620890705,11.1372
50,20,1.0,2,10,0.9288106819636772,0.007120591235376929,48.30689297610961,2.55682228021904,7.2
50,20,1.0,5,1,0.9444325691222805,0.005344523603386421,42.68150313446307,2.138936540783499,12.9552
50,20,1.0,5,2,0.944450904519863,0.00498272353351282,42.68261425008788,2.055980596856563,12.1004
50,20,1.0,5,5,0.9388284121768342,0.006057009682924824,44.778966040880505,2.3267060620890674,8.6578
50,20,1.0,5,10,0.9288106819636772,0.007120591235376929,48.30689297610961,2.556822280219041,9.6497
50,20,1.0,10,1,0.9428535285647108,0.005418454291779148,43.28601644818707,2.162430747919875,10.8897
50,20,1.0,10,2,0.9427737305312762,0.005232526474377126,43.31886674372787,2.0932133569781586,9.4501
50,20,1.0,10,5,0.9388284121768342,0.006057009682924807,44.778966040880505,2.3267060620890687,9.5011
50,20,1.0,10,10,0.9288106819636772,0.007120591235376929,48.30689297610961,2.5568222802190395,11.914
50,20,1.0,20,1,0.9387634249392848,0.005320263865177647,44.813040132008865,2.009446189746296,10.403
50,20,1.0,20,2,0.9385177349761754,0.005246484422970367,44.90492065676066,1.9987762852347457,10.3776
50,20,1.0,20,5,0.935636198755698,0.005973098627500931,45.940978361004426,2.285581474124763,10.9557
50,20,1.0,20,10,0.9288106819636772,0.007120591235376942,48.30689297610961,2.556822280219041,8.7687
100,,sqrt,2,1,0.8978086934601283,0.004251080395376748,57.93652607949191,1.532787118295168,12.3904
100,,sqrt,2,2,0.8829789481424793,0.00706712875211216,61.986294337542134,2.1976506879272337,11.0491
100,,sqrt,2,5,0.852095689816378,0.008398797397640797,69.6755768357018,1.8428865443487465,11.6906
100,,sqrt,2,10,0.8199043612401173,0.007774787293348804,76.9043664450814,1.88018060832177,7.5439
100,,sqrt,5,1,0.8895838131131274,0.005323614612712625,60.21855766335326,1.7209354652291513,10.5944
100,,sqrt,5,2,0.881686565397555,0.006580599708110167,62.323842820161516,1.7979352346532669,12.6772
100,,sqrt,5,5,0.852095689816378,0.008398797397640797,69.6755768357018,1.8428865443487465,9.1271
100,,sqrt,5,10,0.8199043612401173,0.007774787293348804,76.9043664450814,1.8801806083217747,8.546
100,,sqrt,10,1,0.8742861038707929,0.00800307141610451,64.24335992764581,2.3072737409130895,10.8055
100,,sqrt,10,2,0.8707656176437878,0.006399844900772452,65.14860216018077,1.9818526342994298,10.504
100,,sqrt,10,5,0.852095689816378,0.008398797397640797,69.6755768357018,1.8428865443487457,9.1418
100,,sqrt,10,10,0.8199043612401173,0.007774787293348804,76.9043664450814,1.880180608321774,9.7016
100,,sqrt,20,1,0.8503149355801755,0.007413938047357496,70.10561018113306,1.8249286936942117,12.4806
100,,sqrt,20,2,0.8486483152562532,0.007305166160786725,70.50177069601664,2.017928483799555,14.6057
100,,sqrt,20,5,0.8405782755816315,0.00718619615183818,72.36297883296177,2.110565957809714,13.3818
100,,sqrt,20,10,0.8199043612401173,0.007774787293348804,76.9043664450814,1.88018060832177,11.1789
100,,log2,2,1,0.8978086934601283,0.004251080395376748,57.93652607949191,1.532787118295168,13.7318
100,,log2,2,2,0.8829789481424793,0.00706712875211216,61.986294337542134,2.1976506879272337,12.7348
100,,log2,2,5,0.852095689816378,0.008398797397640824,69.6755768357018,1.8428865443487492,14.5137
100,,log2,2,10,0.8199043612401173,0.007774787293348804,76.9043664450814,1.8801806083217705,12.8887
100,,log2,5,1,0.8895838131131274,0.005323614612712623,60.21855766335326,1.7209354652291498,13.5978
100,,log2,5,2,0.881686565397555,0.006580599708110167,62.323842820161516,1.797935234653266,12.1928
100,,log2,5,5,0.852095689816378,0.00839879739764079,69.6755768357018,1.8428865443487465,12.755
100,,log2,5,10,0.8199043612401173,0.007774787293348804,76.9043664450814,1.880180608321772,12.906
100,,log2,10,1,0.8742861038707929,0.008003071416104514,64.24335992764581,2.30727374091309,12.3127
100,,log2,10,2,0.8707656176437878,0.006399844900772452,65.14860216018077,1.9818526342994323,13.1426
100,,log2,10,5,0.852095689816378,0.008398797397640797,69.6755768357018,1.8428865443487457,12.3859
100,,log2,10,10,0.8199043612401173,0.00777478729334882,76.9043664450814,1.8801806083217738,11.715
100,,log2,20,1,0.8503149355801755,0.00741393804735747,70.10561018113306,1.824928693694211,12.6128
100,,log2,20,2,0.8486483152562532,0.007305166160786728,70.50177069601664,2.017928483799556,14.0312
100,,log2,20,5,0.8405782755816315,0.00718619615183818,72.36297883296177,2.1105659578097162,11.2967
100,,log2,20,10,0.8199043612401173,0.007774787293348804,76.9043664450814,1.8801806083217731,11.9209
100,,0.5,2,1,0.945951300932218,0.0037531555117091713,42.11626884496562,1.532711024007711,18.4379
100,,0.5,2,2,0.9425590855440957,0.00387825783304821,43.421003286699175,1.5621176652949305,17.1426
100,,0.5,2,5,0.9309179347575294,0.004259545844629749,47.61439577969388,1.3347970336451047,14.1113
100,,0.5,2,10,0.9120703259712449,0.004402519600889984,53.733669736181696,1.4818677966525802,12.5222
100,,0.5,5,1,0.9439704132176546,0.0042295729368802175,42.8758583918064,1.6585889560329565,13.0054
100,,0.5,5,2,0.9423247473798178,0.004060609051230086,43.50339333795281,1.517365016546558,15.5663
100,,0.5,5,5,0.9309179347575294,0.004259545844629749,47.61439577969388,1.334797033645106,15.1048
100,,0.5,5,10,0.9120703259712449,0.004402519600889984,53.733669736181696,1.4818677966525795,13.7099
100,,0.5,10,1,0.9396585449592878,0.0034787307208644417,44.50740057318888,1.3407452546668628,12.1622
100,,0.5,10,2,0.9386433276889805,0.003829202547236839,44.87689368665148,1.4212507100077203,13.8546
100,,0.5,10,5,0.9309179347575294,0.004259545844629749,47.61439577969388,1.3347970336451045,13.6085
100,,0.5,10,10,0.9120703259712449,0.004402519600889984,53.733669736181696,1.4818677966525793,10.4089
100,,0.5,20,1,0.928360702113347,0.00414666900328025,48.49564234525729,1.4569301283708087,13.9144
100,,0.5,20,2,0.9276903812058185,0.004389200070282329,48.71788695989647,1.426644159139233,12.0826
100,,0.5,20,5,0.9238576550644669,0.004498277744690177,49.99474268090715,1.478136643732182,11.1963
100,,0.5,20,10,0.9120703259712449,0.004402519600889984,53.733669736181696,1.4818677966525802,10.2611
100,,1.0,2,1,0.9449584278934429,0.005321884222359175,42.47801457079923,2.1277747511328977,19.2539
100,,1.0,2,2,0.9448142015625598,0.0050956087390444755,42.539347849309785,2.0833417512332995,17.2853
100,,1.0,2,5,0.9391905530823484,0.006114224216554518,44.64785606877129,2.425868702282539,16.9631
100,,1.0,2,10,0.9289357578080905,0.007100108790169062,48.26694631372022,2.6083591779422295,16.0433
100,,1.0,5,1,0.9449612764822704,0.0052970677140653545,42.47763083170129,2.1266496329139066,19.4466
100,,1.0,5,2,0.944883846372232,0.0050065647870897,42.51484329051086,2.0769567688104122,16.5765
100,,1.0,5,5,0.9391905530823484,0.006114224216554518,44.64785606877129,2.4258687022825383,15.954
100,,1.0,5,10,0.9289357578080905,0.007100108790169062,48.26694631372022,2.6083591779422295,15.6686
100,,1.0,10,1,0.9433820803963391,0.0053308059645651735,43.085904527059164,2.1484759029827196,17.7835
100,,1.0,10,2,0.9431512840913825,0.005206602501000883,43.175713335750515,2.1025907841153657,16.469
100,,1.0,10,5,0.9391905530823484,0.00611422421655453,44.64785606877129,2.4258687022825374,16.7272
100,,1.0,10,10,0.9289357578080905,0.007100108790169066,48.26694631372022,2.608359177942228,14.6549
100,,1.0,20,1,0.938986971147193,0.0053858799203848,44.730877799016966,2.061512631448682,15.0639
100,,1.0,20,2,0.9387173997553333,0.005364738304387036,44.83098009384694,2.0698485336387704,14.6876
100,,1.0,20,5,0.9358083176476614,0.0061349649850923615,45.87883303306536,2.390881446619181,14.3512
100,,1.0,20,10,0.9289357578080905,0.007100108790169082,48.26694631372022,2.6083591779422304,15.3145
100,5,sqrt,2,1,0.5755139135729168,0.011597892363555054,118.12357809787757,3.7205933177799753,11.0052
100,5,sqrt,2,2,0.5757377141250113,0.011266763957518435,118.0908608633013,3.6281047407995617,11.6644
100,5,sqrt,2,5,0.5754205513428772,0.010861650128296802,118.1370472107945,3.646668538560953,13.4704
100,5,sqrt,2,10,0.574608694415957,0.011863086545246183,118.24802067394872,3.7087625095314296,14.215
100,5,sqrt,5,1,0.5754479849166048,0.011303615123088669,118.13273081788171,3.682319777396952,13.2149
100,5,sqrt,5,2,0.5759672820060262,0.011360471540868063,118.059356283954,3.653484943278541,11.4612
100,5,sqrt,5,5,0.5754205513428772,0.010861650128296834,118.13704721079452,3.64666853856096,11.4543
100,5,sqrt,5,10,0.574608694415957,0.011863086545246202,118.24802067394872,3.7087625095314296,15.1661
100,5,sqrt,10,1,0.5750402384881078,0.01106206767845278,118.18951660182407,3.655288408701966,10.1923
100,5,sqrt,10,2,0.5752490269375757,0.011132093822527734,118.1595685345749,3.634126999889705,15.3375
100,5,sqrt,10,5,0.5754205513428772,0.010861650128296853,118.13704721079452,3.646668538560956,11.4308
100,5,sqrt,10,10,0.574608694415957,0.011863086545246183,118.24802067394872,3.7087625095314296,12.8715
100,5,sqrt,20,1,0.5753832037319887,0.011653892767025104,118.14086521104127,3.698683165373455,14.8393
100,5,sqrt,20,2,0.5754911404164808,0.012063320667835683,118.12518736487534,3.730680548927882,11.3716
100,5,sqrt,20,5,0.5752996184765566,0.011835087260190207,118.1521711386857,3.7127252971375535,15.3157
100,5,sqrt,20,10,0.574608694415957,0.011863086545246187,118.24802067394872,3.7087625095314296,10.2099
100,5,log2,2,1,0.5755139135729169,0.011597892363555075,118.12357809787757,3.7205933177799797,14.1074
100,5,log2,2,2,0.5757377141250113,0.011266763957518473,118.0908608633013,3.628104740799567,14.4735
100,5,log2,2,5,0.5754205513428772,0.010861650128296861,118.13704721079452,3.646668538560957,11.083
100,5,log2,2,10,0.574608694415957,0.011863086545246192,118.24802067394872,3.7087625095314296,14.7635
100,5,log2,5,1,0.5754479849166048,0.011303615123088669,118.13273081788171,3.6823197773969523,10.7313
100,5,log2,5,2,0.5759672820060262,0.011360471540868082,118.059356283954,3.6534849432785443,16.5245
100,5,log2,5,5,0.5754205513428772,0.010861650128296835,118.13704721079452,3.6466685385609545,17.683
100,5,log2,5,10,0.5746086944159571,0.011863086545246185,118.24802067394872,3.7087625095314296,17.5305
100,5,log2,10,1,0.5750402384881078,0.01106206767845278,118.18951660182407,3.655288408701965,17.8218
100,5,log2,10,2,0.5752490269375757,0.011132093822527753,118.1595685345749,3.6341269998897037,15.2244
100,5,log2,10,5,0.5754205513428772,0.010861650128296816,118.1370472107945,3.646668538560953,17.625
100,5,log2,10,10,0.5746086944159571,0.011863086545246185,118.24802067394872,3.708762509531428,13.0882
100,5,log2,20,1,0.5753832037319887,0.011653892767025078,118.14086521104127,3.6986831653734558,20.9638
100,5,log2,20,2,0.5754911404164808,0.012063320667835683,118.12518736487534,3.730680548927884,15.8997
100,5,log2,20,5,0.5752996184765564,0.0118350872601902,118.1521711386857,3.7127252971375566,18.2132
100,5,log2,20,10,0.574608694415957,0.011863086545246187,118.24802067394872,3.7087625095314283,14.418
100,5,0.5,2,1,0.6427301394754238,0.007188569374271763,108.35669934928504,2.646862706103163,19.1636
100,5,0.5,2,2,0.6425084149272033,0.00761879787794818,108.389446592668,2.666341562747395,12.815
100,5,0.5,2,5,0.6429387740709397,0.007155202918652685,108.3242614621117,2.607039495666177,20.7525
100,5,0.5,2,10,0.6423159660260365,0.007826722623770793,108.41707666308898,2.6305894385862647,14.4193
100,5,0.5,5,1,0.6425625815873832,0.007481116960558204,108.38135402985442,2.6526123196632776,20.5844
100,5,0.5,5,2,0.6425083873846607,0.007586613116728777,108.38937827989575,2.6590430784475476,11.0585
100,5,0.5,5,5,0.6429387740709397,0.007155202918652699,108.3242614621117,2.607039495666176,18.6957
100,5,0.5,5,10,0.6423159660260365,0.007826722623770807,108.41707666308898,2.6305894385862634,12.7467
100,5,0.5,10,1,0.6426415116481283,0.007245548610026394,108.3689868641358,2.6034517495000626,19.1207
100,5,0.5,10,2,0.6426348797891804,0.007296564650259435,108.37008408448371,2.6141573682820582,13.9233
100,5,0.5,10,5,0.6429387740709397,0.007155202918652687,108.3242614621117,2.6070394956661773,19.3083
100,5,0.5,10,10,0.6423159660260365,0.00782672262377079,108.41707666308898,2.6305894385862647,13.4965
100,5,0.5,20,1,0.6423498912283713,0.007859532893591318,108.41101507716014,2.5974544922695513,18.3788
100,5,0.5,20,2,0.6424199122826371,0.007901939950655685,108.40027956109748,2.5983588082286784,14.3283
100,5,0.5,20,5,0.6426606604502497,0.007780680834891798,108.36463589210396,2.6172860391831088,9.0072
100,5,0.5,20,10,0.6423159660260365,0.007826722623770802,108.41707666308898,2.6305894385862616,9.6709
100,5,1.0,2,1,0.654592093486799,0.008852959961001496,106.53413713091516,2.506752890512401,6.9997
100,5,1.0,2,2,0.6545926995840141,0.00885238323895188,106.53404627682396,2.506770719161249,5.3797
100,5,1.0,2,5,0.6545941528068207,0.008851852206589753,106.53382411048548,2.506763160235468,11.0206
100,5,1.0,2,10,0.6545956420437615,0.008852759176882843,106.5335969437144,2.507015570435944,9.5303
100,5,1.0,5,1,0.654592093486799,0.008852959961001454,106.53413713091513,2.506752890512398,3.5606
100,5,1.0,5,2,0.654592699584014,0.008852383238951884,106.53404627682396,2.5067707191612545,9.1803
100,5,1.0,5,5,0.6545941528068207,0.008851852206589733,106.53382411048548,2.506763160235468,10.2115
100,5,1.0,5,10,0.6545956420437615,0.008852759176882836,106.5335969437144,2.507015570435951,5.4552
100,5,1.0,10,1,0.6545920687993726,0.008852983874014743,106.534140566735,2.5067411765469454,5.6535
100,5,1.0,10,2,0.6545926752727527,0.008852407281056383,106.53404965447756,2.50675901785446,10.1492
100,5,1.0,10,5,0.6545941528068207,0.008851852206589744,106.53382411048548,2.506763160235468,9.7267
100,5,1.0,10,10,0.6545956420437615,0.008852759176882836,106.5335969437144,2.507015570435951,3.5281
100,5,1.0,20,1,0.6545920801624389,0.0088530935953707,106.53413841929985,2.5067424448367484,9.3262
100,5,1.0,20,2,0.6545926869283136,0.008852517348671032,106.53404746071642,2.5067602926024595,10.65
100,5,1.0,20,5,0.6545941642327311,0.00885196124925301,106.5338219559665,2.5067644249851617,6.3363
100,5,1.0,20,10,0.6545956420437615,0.008852759176882843,106.5335969437144,2.5070155704359487,7.4485
100,10,sqrt,2,1,0.7797488886412046,0.00954638314063428,85.0570119495291,2.4555282015438533,10.0623
100,10,sqrt,2,2,0.7796329120357478,0.006927868722074159,85.09243950940797,2.27313215001601,8.3653
100,10,sqrt,2,5,0.7746902939576683,0.0068612880263790215,86.03507538368976,1.959190542720004,4.3971
100,10,sqrt,2,10,0.7656871287084422,0.007993259970489086,87.73738054617407,2.2118730422100157,9.5449
100,10,sqrt,5,1,0.7792703473003549,0.008998693516018409,85.15501582137023,2.522043954390668,10.2883
100,10,sqrt,5,2,0.7770725586311387,0.010570527427439247,85.56520754844175,2.525316440914743,3.5622
100,10,sqrt,5,5,0.7746902939576683,0.006861288026379023,86.03507538368976,1.9591905427200016,7.3776
100,10,sqrt,5,10,0.7656871287084422,0.007993259970489087,87.73738054617407,2.2118730422100135,9.4859
100,10,sqrt,10,1,0.7756891609784458,0.007498847131142787,85.85779445396658,2.6411189267069437,8.02
100,10,sqrt,10,2,0.7783245909329009,0.00751862897289939,85.3408290803513,2.245360498520229,6.6426
100,10,sqrt,10,5,0.7746902939576683,0.006861288026379023,86.03507538368976,1.9591905427200058,10.3254
100,10,sqrt,10,10,0.7656871287084422,0.007993259970489086,87.73738054617407,2.211873042210015,8.4116
100,10,sqrt,20,1,0.7721303128889565,0.007923292484328845,86.52549791678888,2.3566026266145546,6.386
100,10,sqrt,20,2,0.7717367675528797,0.009300600676872064,86.59701269335007,2.6058245501955883,11.1018
100,10,sqrt,20,5,0.7728770993507752,0.006885431555410025,86.39089257825108,2.3983930362619557,9.4302
100,10,sqrt,20,10,0.7656871287084422,0.007993259970489087,87.73738054617407,2.2118730422100135,7.337
100,10,log2,2,1,0.7797488886412046,0.009546383140634291,85.05701194952908,2.4555282015438555,11.2768
100,10,log2,2,2,0.7796329120357478,0.006927868722074159,85.09243950940797,2.2731321500160093,8.6803
100,10,log2,2,5,0.7746902939576683,0.006861288026379023,86.03507538368976,1.9591905427200063,8.1756
100,10,log2,2,10,0.7656871287084422,0.007993259970489086,87.73738054617407,2.211873042210015,11.1927
100,10,log2,5,1,0.7792703473003549,0.008998693516018404,85.15501582137021,2.522043954390671,7.5277
100,10,log2,5,2,0.7770725586311387,0.010570527427439247,85.56520754844175,2.525316440914743,7.4478
100,10,log2,5,5,0.7746902939576683,0.006861288026379026,86.03507538368976,1.9591905427200038,11.1993
100,10,log2,5,10,0.7656871287084422,0.007993259970489096,87.73738054617405,2.211873042210015,7.4201
100,10,log2,10,1,0.7756891609784458,0.0074988471311427845,85.85779445396658,2.641118926706944,10.4003
100,10,log2,10,2,0.7783245909329009,0.007518628972899399,85.3408290803513,2.2453604985202302,11.2642
100,10,log2,10,5,0.7746902939576683,0.006861288026379043,86.03507538368976,1.9591905427200065,6.7594
100,10,log2,10,10,0.7656871287084422,0.007993259970489082,87.73738054617407,2.2118730422100135,12.6054
100,10,log2,20,1,0.7721303128889565,0.007923292484328825,86.52549791678888,2.356602626614554,8.1679
100,10,log2,20,2,0.7717367675528797,0.00930060067687208,86.59701269335007,2.6058245501955897,7.8473
100,10,log2,20,5,0.7728770993507752,0.006885431555410025,86.39089257825108,2.398393036261955,13.9875
100,10,log2,20,10,0.7656871287084422,0.007993259970489087,87.73738054617407,2.2118730422100135,9.7749
100,10,0.5,2,1,0.8866909956469999,0.005369476602312622,61.00618508417043,1.8870106337785648,14.0662
100,10,0.5,2,2,0.8859934110820026,0.0048735421472347685,61.195058531276196,1.721771274249138,10.2658
100,10,0.5,2,5,0.8834142980379367,0.004706817087174146,61.88148009509962,1.55136625443087,14.5884
100,10,0.5,2,10,0.8763998579484914,0.0044608016666038254,63.71311439016747,1.2857579743323946,12.5759
100,10,0.5,5,1,0.8868409197054288,0.005165945680275482,60.9660646626337,1.8170981142392597,13.3309
100,10,0.5,5,2,0.8872736087785551,0.003704052100853436,60.85563469538014,1.484572294698031,13.1965
100,10,0.5,5,5,0.8834142980379367,0.004706817087174149,61.88148009509962,1.5513662544308722,10.2944
100,10,0.5,5,10,0.8763998579484914,0.0044608016666038315,63.71311439016747,1.285757974332399,14.6072
100,10,0.5,10,1,0.8857790544326842,0.004808479990923788,61.25943181095412,1.9333135817011835,9.6677
100,10,0.5,10,2,0.8851497795735547,0.003634713870805566,61.424381290240376,1.3884857296845683,14.326
100,10,0.5,10,5,0.8834142980379367,0.004706817087174149,61.88148009509962,1.551366254430873,9.4243
100,10,0.5,10,10,0.8763998579484914,0.0044608016666038254,63.71311439016748,1.285757974332394,13.4503
100,10,0.5,20,1,0.8827917937351893,0.005920863121297612,62.03641440980101,1.7254487957068967,10.0625
100,10,0.5,20,2,0.8819671806779963,0.005229763933896159,62.263970708201576,1.7539634454893553,11.225
100,10,0.5,20,5,0.8805705785848026,0.0046541369467408425,62.63077035125243,1.4611851278479393,13.4667
100,10,0.5,20,10,0.8763998579484914,0.0044608016666038254,63.71311439016747,1.2857579743323946,9.0573
100,10,1.0,2,1,0.9203292719666374,0.006681467165665281,51.12904625653108,2.442399973233096,15.7803
100,10,1.0,2,2,0.9206432277192109,0.0064320218715274435,51.03137680718275,2.387605303676856,12.8991
100,10,1.0,2,5,0.9192903714634278,0.006661314444975207,51.46431849824087,2.4795472686987914,10.6042
100,10,1.0,2,10,0.9146926661620467,0.007502395749707206,52.90084656287055,2.6052895536873395,13.4629
100,10,1.0,5,1,0.9203498403340781,0.0066419417118409995,51.12407750359104,2.4532955787091835,10.0224
100,10,1.0,5,2,0.920651075402209,0.006424250268476283,51.029155629525874,2.388535919346976,11.7584
100,10,1.0,5,5,0.9192903714634278,0.006661314444975218,51.46431849824087,2.4795472686987914,14.3527
100,10,1.0,5,10,0.9146926661620467,0.007502395749707244,52.90084656287055,2.60528955368734,7.2309
100,10,1.0,10,1,0.920110125104886,0.006557167442584991,51.2009984039099,2.402366389226514,13.7942
100,10,1.0,10,2,0.920453728407652,0.006338500397316209,51.092997861520885,2.3472978403384186,13.9216
100,10,1.0,10,5,0.9192903714634278,0.006661314444975199,51.46431849824087,2.4795472686987883,8.9952
100,10,1.0,10,10,0.9146926661620467,0.007502395749707242,52.90084656287055,2.6052895536873395,13.5617
100,10,1.0,20,1,0.9187087978730858,0.006417331589126128,51.649299945642426,2.313780227391723,11.8564
100,10,1.0,20,2,0.9190157924967008,0.0062084065810571925,51.554075479249114,2.265721007329783,9.2515
100,10,1.0,20,5,0.9181766043701376,0.006548112456257281,51.819669676613195,2.41513917229354,12.7962
100,10,1.0,20,10,0.9146926661620467,0.007502395749707222,52.90084656287055,2.6052895536873386,10.9643
100,20,sqrt,2,1,0.8956984566643669,0.006190315534550859,58.512494289288746,1.7394665072915985,13.1023
100,20,sqrt,2,2,0.8838889761559517,0.006160130379184959,61.7356884713408,1.461005213794629,13.2273
100,20,sqrt,2,5,0.8521565738142017,0.008670133376958546,69.66508154148097,2.097061470704393,6.781
100,20,sqrt,2,10,0.8198448687942792,0.007179777197906397,76.92140298642792,1.8387829867635694,10.969
100,20,sqrt,5,1,0.8885589451857661,0.006642135354309714,60.48715097060646,1.988523354047785,12.914
100,20,sqrt,5,2,0.8807761019198541,0.0065936618713507995,62.56608924609461,1.897616955705012,7.4034
100,20,sqrt,5,5,0.8521565738142017,0.008670133376958536,69.66508154148097,2.0970614707043946,11.7576
100,20,sqrt,5,10,0.8198448687942792,0.007179777197906411,76.92140298642792,1.8387829867635677,13.0079
100,20,sqrt,10,1,0.8747680276094563,0.006621353140383259,64.11858454776252,1.6217000354573012,8.4875
100,20,sqrt,10,2,0.8701371561232758,0.006222770146378212,65.3075339815019,1.907342468512928,13.5396
100,20,sqrt,10,5,0.8521565738142017,0.00867013337695854,69.66508154148097,2.097061470704393,12.4911
100,20,sqrt,10,10,0.8198448687942792,0.007179777197906397,76.92140298642792,1.8387829867635677,6.5822
100,20,sqrt,20,1,0.8517857830802331,0.006162422342937263,69.7755627552032,1.951667450369907,13.5707
100,20,sqrt,20,2,0.8492316977451155,0.007904585707901908,70.36233328452155,2.1109304021320856,12.2782
100,20,sqrt,20,5,0.8411343117311592,0.008025556102461074,72.23143509621742,2.2115358355163077,7.4059
100,20,sqrt,20,10,0.8198448687942792,0.007179777197906411,76.92140298642792,1.8387829867635677,13.0265
100,20,log2,2,1,0.8956984566643669,0.006190315534550859,58.512494289288746,1.7394665072915985,13.1951
100,20,log2,2,2,0.8838889761559517,0.006160130379184953,61.7356884713408,1.461005213794629,11.3084
100,20,log2,2,5,0.8521565738142017,0.00867013337695854,69.66508154148097,2.097061470704393,13.2542
100,20,log2,2,10,0.8198448687942792,0.007179777197906397,76.92140298642792,1.8387829867635677,9.3217
100,20,log2,5,1,0.8885589451857661,0.006642135354309718,60.48715097060646,1.9885233540477867,13.0619
100,20,log2,5,2,0.8807761019198541,0.0065936618713507995,62.56608924609461,1.8976169557050115,14.375
100,20,log2,5,5,0.8521565738142017,0.008670133376958536,69.66508154148097,2.0970614707043933,9.1203
100,20,log2,5,10,0.8198448687942792,0.007179777197906397,76.92140298642792,1.8387829867635677,15.1647
100,20,log2,10,1,0.8747680276094563,0.006621353140383259,64.11858454776252,1.6217000354573035,12.0971
100,20,log2,10,2,0.8701371561232758,0.006222770146378212,65.3075339815019,1.907342468512928,11.77
100,20,log2,10,5,0.8521565738142017,0.008670133376958546,69.66508154148097,2.097061470704393,14.5686
100,20,log2,10,10,0.8198448687942792,0.007179777197906432,76.92140298642792,1.83878298676357,9.2314
100,20,log2,20,1,0.8517857830802331,0.006162422342937263,69.7755627552032,1.9516674503699059,15.522
100,20,log2,20,2,0.8492316977451155,0.007904585707901908,70.36233328452155,2.110930402132088,13.1439
100,20,log2,20,5,0.8411343117311594,0.008025556102461072,72.23143509621742,2.211535835516304,9.0917
100,20,log2,20,10,0.8198448687942792,0.007179777197906397,76.92140298642792,1.8387829867635677,14.7993
100,20,0.5,2,1,0.945130438990439,0.0038669522428259637,42.43478427018891,1.587153289024282,14.6719
100,20,0.5,2,2,0.9430026983791251,0.003558148670022616,43.252952473302884,1.3790575764476956,17.2276
100,20,0.5,2,5,0.9311031606532536,0.00419200333313777,47.55190848943001,1.3395601049065606,13.6985
100,20,0.5,2,10,0.9120796835432017,0.004262250778986627,53.73183695753171,1.4493106651659249,15.5084
100,20,0.5,5,1,0.9437428209774218,0.0038681569196290485,42.96848897452905,1.5362326438503018,18.2045
100,20,0.5,5,2,0.9421574997170298,0.0038921840204349505,43.57007842836459,1.5038978841031998,19.3978
100,20,0.5,5,5,0.9311031606532536,0.004192003333137759,47.55190848943001,1.3395601049065593,13.8131
100,20,0.5,5,10,0.9120796835432017,0.004262250778986624,53.73183695753171,1.4493106651659236,18.307
100,20,0.5,10,1,0.9393844713299273,0.0036275029230055404,44.60673885280363,1.36973362736477,15.1916
100,20,0.5,10,2,0.9380968026666169,0.0039018896844481986,45.07387319707722,1.3920273801817789,18.8406
100,20,0.5,10,5,0.9311031606532536,0.00419200333313777,47.55190848943001,1.3395601049065593,15.1914
100,20,0.5,10,10,0.9120796835432017,0.004262250778986624,53.73183695753171,1.4493106651659253,18.2454
100,20,0.5,20,1,0.9292130252900822,0.003932213689212687,48.2044498805194,1.2768126907282307,12.2024
100,20,0.5,20,2,0.9277315010617251,0.004222113026605702,48.70847749496025,1.4811060367587223,18.7634
100,20,0.5,20,5,0.924039611822109,0.0044943771216618255,49.936548771806514,1.5340668403398345,14.2464
100,20,0.5,20,10,0.9120796835432017,0.004262250778986624,53.73183695753171,1.4493106651659236,18.2883
100,20,1.0,2,1,0.9450986929732309,0.005608746623132485,42.41871181379375,2.2439089764760984,24.4999
100,20,1.0,2,2,0.9448780660719308,0.005121780366401932,42.51406796685468,2.0974901932309695,20.871
100,20,1.0,2,5,0.9391896524979794,0.006114000729876808,44.648241826959016,2.4264769220353783,21.7776
100,20,1.0,2,10,0.928934178282207,0.007100960084976764,48.26747785420044,2.6086771515999074,16.7621
100,20,1.0,5,1,0.9450656623441228,0.005336542651519552,42.43747295133747,2.1670337115244545,21.9066
100,20,1.0,5,2,0.9448542040327604,0.005018564181466254,42.52643123128887,2.086476845783708,22.5729
100,20,1.0,5,5,0.9391896524979794,0.0061140007298768236,44.648241826959016,2.42647692203538,18.0081
100,20,1.0,5,10,0.928934178282207,0.007100960084976779,48.26747785420045,2.60867715159991,13.5145
100,20,1.0,10,1,0.9433365630815815,0.005387391896437396,43.10250535022749,2.1713822417492494,19.1622
100,20,1.0,10,2,0.9431639979607253,0.0052132555866063685,43.17096659057397,2.1086803310114033,13.488
100,20,1.0,10,5,0.9391896524979794,0.0061140007298768236,44.648241826959016,2.426476922035381,16.5256
100,20,1.0,10,10,0.928934178282207,0.007100960084976764,48.26747785420044,2.6086771515999074,12.0146
100,20,1.0,20,1,0.9389882348599772,0.0053806363096535895,44.73042265077379,2.0585652439143254,16.8813
100,20,1.0,20,2,0.9387353594582797,0.005326455336739685,44.82505099284312,2.059529995886113,11.5147
100,20,1.0,20,5,0.935822375205721,0.006125454486788568,45.87394357759793,2.3883221644180264,15.7673
100,20,1.0,20,10,0.928934178282207,0.007100960084976779,48.26747785420045,2.6086771515999083,11.3596
200,,sqrt,2,1,0.8997128839748016,0.0043078048028049615,57.38876145209231,1.3538648856362185,18.9769
200,,sqrt,2,2,0.8860022312969826,0.005923688612295813,61.18655019993628,1.9235180301041284,15.9233
200,,sqrt,2,5,0.8551148411253943,0.007882585280482749,68.96461449591439,1.7826221633852202,12.1635
200,,sqrt,2,10,0.823192021976095,0.007213037986562846,76.20951779003914,2.097343151116662,13.8652
200,,sqrt,5,1,0.8921419476996251,0.004957400081865128,59.518256347611796,1.6457425036658346,14.4395
200,,sqrt,5,2,0.8843611871481736,0.005158414394516212,61.62568585639402,1.585346784275755,15.4905
200,,sqrt,5,5,0.8551148411253943,0.007882585280482758,68.96461449591439,1.7826221633852217,12.9613
200,,sqrt,5,10,0.823192021976095,0.007213037986562823,76.20951779003914,2.097343151116662,19.8733
200,,sqrt,10,1,0.8766573367016024,0.007154119714099184,63.63267622182252,1.9161481581374749,16.1345
200,,sqrt,10,2,0.8722525149028237,0.005906539512482299,64.77569822160483,1.907484272706942,19.0513
200,,sqrt,10,5,0.8551148411253943,0.007882585280482749,68.96461449591439,1.7826221633852206,13.9372
200,,sqrt,10,10,0.823192021976095,0.007213037986562809,76.20951779003914,2.097343151116661,18.7519
200,,sqrt,20,1,0.853553399204964,0.006432946437614287,69.35164976557408,1.797372606347028,15.6607
200,,sqrt,20,2,0.8501209819030434,0.006912451793075576,70.16128139868569,1.9985547431535113,17.585
200,,sqrt,20,5,0.8432149389896427,0.006043986395247495,71.76290596482826,1.7685202631815509,14.1389
200,,sqrt,20,10,0.823192021976095,0.007213037986562846,76.20951779003914,2.097343151116662,17.9233
200,,log2,2,1,0.8997128839748016,0.0043078048028049615,57.38876145209231,1.3538648856362185,20.7218
200,,log2,2,2,0.8860022312969826,0.005923688612295813,61.18655019993628,1.9235180301041284,18.7613
200,,log2,2,5,0.8551148411253943,0.007882585280482758,68.96461449591439,1.7826221633852215,14.3317
200,,log2,2,10,0.823192021976095,0.007213037986562823,76.20951779003914,2.097343151116662,16.9507
200,,log2,5,1,0.8921419476996251,0.004957400081865128,59.518256347611796,1.645742503665835,16.7675
200,,log2,5,2,0.8843611871481736,0.005158414394516212,61.62568585639402,1.585346784275755,17.7847
200,,log2,5,5,0.8551148411253943,0.007882585280482756,68.96461449591439,1.7826221633852204,19.9196
200,,log2,5,10,0.823192021976095,0.007213037986562823,76.20951779003914,2.097343151116662,22.7655
200,,log2,10,1,0.8766573367016024,0.007154119714099184,63.63267622182252,1.9161481581374749,18.1354
200,,log2,10,2,0.8722525149028237,0.005906539512482294,64.77569822160483,1.9074842727069445,20.6855
200,,log2,10,5,0.8551148411253943,0.007882585280482758,68.96461449591439,1.7826221633852215,17.4198
200,,log2,10,10,0.823192021976095,0.007213037986562823,76.20951779003914,2.097343151116662,22.3163
200,,log2,20,1,0.853553399204964,0.006432946437614291,69.35164976557408,1.797372606347025,17.8071
200,,log2,20,2,0.8501209819030434,0.006912451793075572,70.16128139868569,1.9985547431535102,19.0426
200,,log2,20,5,0.8432149389896427,0.006043986395247495,71.76290596482826,1.768520263181548,16.7491
200,,log2,20,10,0.823192021976095,0.007213037986562823,76.20951779003914,2.097343151116662,19.1869
200,,0.5,2,1,0.9463171254223424,0.0033713112167254576,41.977991279559,1.4134212339120316,28.7732
200,,0.5,2,2,0.9431467731584734,0.003539573639245098,43.19993498050711,1.4032757792598969,22.5222
200,,0.5,2,5,0.9317240628391709,0.003758887326263811,47.34501037318163,1.3608607177806429,22.4766
200,,0.5,2,10,0.9128129982807781,0.00404890571867377,53.50878626486438,1.397230641814816,20.1075
200,,0.5,5,1,0.9444426145424002,0.0037885577453780454,42.69949311990733,1.484731754132475,22.9474
200,,0.5,5,2,0.9426808410204988,0.0038381693629682993,43.37087645170742,1.434279691531616,23.6932
200,,0.5,5,5,0.9317240628391709,0.003758887326263811,47.34501037318163,1.36086071778064,17.587
200,,0.5,5,10,0.9128129982807781,0.004048905718673791,53.50878626486438,1.3972306418148144,22.3435
200,,0.5,10,1,0.9396320012471813,0.0036082072382886336,44.51526115163006,1.349507820113978,27.4938
200,,0.5,10,2,0.9388628853817022,0.0036177788310217886,44.80040393441034,1.4120002665342402,24.3919
200,,0.5,10,5,0.9317240628391709,0.003758887326263811,47.34501037318163,1.3608607177806396,21.3891
200,,0.5,10,10,0.9128129982807781,0.00404890571867377,53.50878626486438,1.3972306418148166,23.1148
200,,0.5,20,1,0.9294081218706557,0.004002556271197997,48.14076600444548,1.431208056943945,23.8164
200,,0.5,20,2,0.9283189271326732,0.0038816312383896843,48.51005202796274,1.2888728410127106,22.2643
200,,0.5,20,5,0.9243487086839253,0.004240124809559821,49.83364759464049,1.3445370177082414,26.0007
200,,0.5,20,10,0.9128129982807781,0.00404890571867377,53.50878626486438,1.397230641814816,21.7475
200,,1.0,2,1,0.9452464674164389,0.005302115639138876,42.36837219675103,2.163144977335314,38.4082
200,,1.0,2,2,0.9451642781297271,0.004941402534018352,42.40793784839,2.0703359452743935,33.0139
200,,1.0,2,5,0.9393816266735339,0.005935951170009013,44.58175094008023,2.3951045348824445,27.1574
200,,1.0,2,10,0.9291559397148902,0.00700792604787442,48.194771551631256,2.6083754900124685,27.3216
200,,1.0,5,1,0.9452329414461123,0.005249320401781328,42.37420383816955,2.1391345080287705,34.6577
200,,1.0,5,2,0.9451302859214467,0.0049101183089338115,42.42189579667239,2.0671963919508163,32.4876
200,,1.0,5,5,0.9393816266735339,0.005935951170009005,44.58175094008023,2.3951045348824413,28.6367
200,,1.0,5,10,0.9291559397148902,0.00700792604787442,48.194771551631256,2.608375490012469,27.3668
200,,1.0,10,1,0.9436046482682862,0.005265256692609049,43.00237097654699,2.144270899033195,31.0876
200,,1.0,10,2,0.9434585622661571,0.005009831397077003,43.062862001882856,2.064241741876518,30.1113
200,,1.0,10,5,0.9393816266735339,0.005935951170009005,44.58175094008023,2.3951045348824436,27.5025
200,,1.0,10,10,0.9291559397148902,0.00700792604787442,48.194771551631256,2.6083754900124685,21.1619
200,,1.0,20,1,0.9391585704583072,0.005319366117295225,44.66901931908622,2.0490680231610767,22.508
200,,1.0,20,2,0.9389712846701294,0.005203691543012678,44.74063649369478,2.029694396330108,22.7835
200,,1.0,20,5,0.9359803322698268,0.005915301043418135,45.82147195044512,2.340036059190296,26.7727
200,,1.0,20,10,0.9291559397148902,0.00700792604787442,48.194771551631256,2.6083754900124703,22.611
200,5,sqrt,2,1,0.5775254609081185,0.0119543833808015,117.83845730801275,3.6074340734513424,14.9344
200,5,sqrt,2,2,0.5774767663253432,0.011865561950391791,117.84462008126825,3.574914771644653,17.3388
200,5,sqrt,2,5,0.5774768001681672,0.012088895534628144,117.8443593033916,3.597662050867607,15.1976
200,5,sqrt,2,10,0.5772437856713211,0.012493445004813959,117.87811406533892,3.6935563336391817,16.0187
200,5,sqrt,5,1,0.5772746881604813,0.011941717002364825,117.87384737797422,3.619211218874723,19.07
200,5,sqrt,5,2,0.5775385780451122,0.011999217538771857,117.83633494846296,3.6035927550172913,12.8839
200,5,sqrt,5,5,0.5774768001681672,0.012088895534628134,117.8443593033916,3.597662050867607,17.8238
200,5,sqrt,5,10,0.5772437856713212,0.012493445004813942,117.87811406533892,3.6935563336391843,14.2155
200,5,sqrt,10,1,0.5769460983599999,0.012008885269460264,117.91880014564242,3.6004597549133575,18.0946
200,5,sqrt,10,2,0.5771064351531574,0.012077803039572925,117.89588427685746,3.5910712923063186,14.6569
200,5,sqrt,10,5,0.5774768001681672,0.012088895534628117,117.8443593033916,3.597662050867607,17.9031
200,5,sqrt,10,10,0.5772437856713211,0.012493445004813945,117.87811406533892,3.693556333639184,18.4849
200,5,sqrt,20,1,0.5773229967774735,0.012647127968048745,117.86720191919619,3.717643382142411,22.9326
200,5,sqrt,20,2,0.5774282289781675,0.012872980486001322,117.8521423824745,3.7367007601474285,16.3053
200,5,sqrt,20,5,0.5775695524326381,0.012760500910783887,117.83241566589477,3.721374228369249,19.8311
200,5,sqrt,20,10,0.5772437856713211,0.012493445004813959,117.87811406533892,3.6935563336391817,16.9956
200,5,log2,2,1,0.5775254609081185,0.01195438338080148,117.83845730801275,3.6074340734513393,19.9068
200,5,log2,2,2,0.5774767663253432,0.011865561950391807,117.84462008126825,3.5749147716446554,18.9997
200,5,log2,2,5,0.5774768001681672,0.012088895534628117,117.8443593033916,3.597662050867609,18.186
200,5,log2,2,10,0.5772437856713211,0.012493445004813959,117.87811406533892,3.6935563336391826,21.808
200,5,log2,5,1,0.5772746881604813,0.011941717002364806,117.87384737797424,3.619211218874722,17.1509
200,5,log2,5,2,0.5775385780451122,0.011999217538771869,117.83633494846296,3.6035927550172926,22.3263
200,5,log2,5,5,0.5774768001681672,0.012088895534628122,117.8443593033916,3.597662050867607,16.6914
200,5,log2,5,10,0.5772437856713213,0.01249344500481396,117.87811406533892,3.693556333639184,21.5052
200,5,log2,10,1,0.5769460983599999,0.012008885269460274,117.91880014564242,3.6004597549133615,17.995
200,5,log2,10,2,0.5771064351531574,0.012077803039572916,117.89588427685744,3.591071292306315,17.3603
200,5,log2,10,5,0.5774768001681672,0.012088895534628134,117.8443593033916,3.5976620508676063,20.6477
200,5,log2,10,10,0.5772437856713211,0.012493445004813936,117.87811406533892,3.6935563336391812,19.9177
200,5,log2,20,1,0.5773229967774735,0.012647127968048802,117.86720191919619,3.7176433821424135,19.5968
200,5,log2,20,2,0.5774282289781674,0.012872980486001315,117.85214238247451,3.7367007601474285,16.2859
200,5,log2,20,5,0.5775695524326381,0.012760500910783864,117.83241566589477,3.7213742283692457,20.0864
200,5,log2,20,10,0.5772437856713211,0.012493445004813968,117.87811406533892,3.6935563336391866,20.7646
200,5,0.5,2,1,0.6443962320355959,0.0074096834795339146,108.10203783831287,2.6064538763493683,19.7168
200,5,0.5,2,2,0.6442934262141684,0.007452021481224564,108.11720653843099,2.5931241343094547,22.4109
200,5,0.5,2,5,0.6445080138612324,0.007281554985196876,108.08378441095219,2.535152491720541,19.7771
200,5,0.5,2,10,0.6438464198759274,0.007653476333975433,108.18316606541009,2.537698952469013,19.1403
200,5,0.5,5,1,0.6442255498025118,0.007529072580790792,108.12738199945004,2.5973930910637715,20.3029
200,5,0.5,5,2,0.6441599421178819,0.007551534758669961,108.13693503322868,2.583166875203587,20.8076
200,5,0.5,5,5,0.6445080138612324,0.007281554985196861,108.08378441095219,2.5351524917205412,23.1885
200,5,0.5,5,10,0.6438464198759274,0.007653476333975424,108.18316606541009,2.537698952469017,17.1389
200,5,0.5,10,1,0.6442591535435289,0.007341468857453165,108.12167098700402,2.545737143358399,19.9763
200,5,0.5,10,2,0.6442539300566648,0.007292722400846936,108.1223725488787,2.535321744981692,20.6691
200,5,0.5,10,5,0.6445080138612324,0.007281554985196877,108.08378441095219,2.535152491720544,20.3366
200,5,0.5,10,10,0.6438464198759274,0.007653476333975433,108.18316606541009,2.537698952469013,19.2975
200,5,0.5,20,1,0.643790451144189,0.007711161852559696,108.19077260699714,2.50785049718518,21.4859
200,5,0.5,20,2,0.6437772553388961,0.007690771104897647,108.19255785459424,2.4954180494139218,17.8749
200,5,0.5,20,5,0.644032190358042,0.00763871781073444,108.15437505257144,2.511518212148485,19.8396
200,5,0.5,20,10,0.6438464198759274,0.007653476333975439,108.18316606541009,2.5376989524690177,18.3159
200,5,1.0,2,1,0.6549370958647109,0.008717010759983327,106.48139285405755,2.5053118878101652,21.5767
200,5,1.0,2,2,0.6549375449673192,0.00871646609562129,106.48132604801287,2.505330667469062,23.3021
200,5,1.0,2,5,0.6549387579880306,0.008715975965932553,106.48114034700181,2.505311108728969,20.84
200,5,1.0,2,10,0.654940236377844,0.008716859036546707,106.48091459901723,2.5055518608704714,19.1335
200,5,1.0,5,1,0.6549370958647108,0.00871701075998332,106.48139285405755,2.505311887810161,24.8173
200,5,1.0,5,2,0.6549375449673192,0.00871646609562129,106.48132604801287,2.505330667469061,29.3407
200,5,1.0,5,5,0.6549387579880306,0.008715975965932569,106.48114034700181,2.505311108728965,26.4481
200,5,1.0,5,10,0.6549402363778442,0.008716859036546714,106.48091459901723,2.5055518608704723,27.0606
200,5,1.0,10,1,0.6549370622425628,0.0087170238178729,106.48139790879267,2.5053084139440314,23.8367
200,5,1.0,10,2,0.6549375482602631,0.00871647563421859,106.48132535396417,2.5053243238166223,25.151
200,5,1.0,10,5,0.6549387579880306,0.008715975965932569,106.48114034700181,2.5053111087289675,28.7916
200,5,1.0,10,10,0.654940236377844,0.008716859036546683,106.48091459901723,2.5055518608704723,26.5681
200,5,1.0,20,1,0.6549369976723745,0.008717219773995286,106.48140750577127,2.5053244656503253,26.6891
200,5,1.0,20,2,0.6549374826324098,0.008716672555880595,106.4813351116007,2.505340423585885,27.1659
200,5,1.0,20,5,0.654938751642355,0.00871611331106788,106.48114105960379,2.5053218724890938,27.376
200,5,1.0,20,10,0.6549402363778442,0.008716859036546707,106.48091459901723,2.5055518608704745,27.8878
200,10,sqrt,2,1,0.7825926140981807,0.009309256386451354,84.50680953624035,2.4324191090173213,24.5028
200,10,sqrt,2,2,0.7809294798572806,0.007844308476851476,84.8428902440888,2.5239407431451135,27.1981
200,10,sqrt,2,5,0.7769455538810132,0.007359357522574425,85.60190235297712,2.0360833803425225,13.4099
200,10,sqrt,2,10,0.7672371046835542,0.007337635680978336,87.45191084372769,2.2925335040131203,14.3318
200,10,sqrt,5,1,0.7807869245448961,0.008170350342886787,84.86637051611993,2.475641309954037,13.2531
200,10,sqrt,5,2,0.7783802873027588,0.008122174337166168,85.32914354456582,2.3680743135291675,14.2436
200,10,sqrt,5,5,0.7769455538810132,0.007359357522574408,85.60190235297713,2.036083380342526,13.7495
200,10,sqrt,5,10,0.7672371046835542,0.007337635680978339,87.45191084372769,2.2925335040131194,14.626
200,10,sqrt,10,1,0.7793460365415177,0.006755272028323755,85.15709928203528,2.557147975221034,15.1829
200,10,sqrt,10,2,0.7801541265079035,0.008149116951597151,84.9874103695212,2.383165819210396,13.6894
200,10,sqrt,10,5,0.7769455538810132,0.007359357522574412,85.60190235297713,2.0360833803425247,12.6083
200,10,sqrt,10,10,0.7672371046835542,0.007337635680978347,87.45191084372769,2.2925335040131225,16.0376
200,10,sqrt,20,1,0.7735966008619162,0.007761593001528103,86.24915124309318,2.4153272619705,15.4467
200,10,sqrt,20,2,0.7738310449597632,0.0091351619966677,86.20572045348533,2.793676425023378,14.8751
200,10,sqrt,20,5,0.7739082929509113,0.007120467687712387,86.1927314741073,2.3763084383564372,16.8196
200,10,sqrt,20,10,0.7672371046835542,0.007337635680978353,87.45191084372769,2.2925335040131203,15.7949
200,10,log2,2,1,0.7825926140981807,0.009309256386451338,84.50680953624035,2.432419109017317,15.4658
200,10,log2,2,2,0.7809294798572806,0.007844308476851506,84.8428902440888,2.523940743145112,15.4122
200,10,log2,2,5,0.7769455538810132,0.007359357522574428,85.60190235297713,2.0360833803425247,17.3652
200,10,log2,2,10,0.7672371046835542,0.007337635680978339,87.45191084372769,2.292533504013122,15.4904
200,10,log2,5,1,0.7807869245448961,0.008170350342886787,84.86637051611993,2.4756413099540375,15.9345
200,10,log2,5,2,0.7783802873027588,0.008122174337166164,85.32914354456582,2.368074313529166,13.6585
200,10,log2,5,5,0.7769455538810132,0.007359357522574416,85.60190235297713,2.0360833803425264,14.9416
200,10,log2,5,10,0.7672371046835542,0.00733763568097834,87.45191084372769,2.2925335040131207,17.1999
200,10,log2,10,1,0.7793460365415177,0.00675527202832376,85.15709928203528,2.557147975221036,12.9202
200,10,log2,10,2,0.7801541265079035,0.008149116951597144,84.9874103695212,2.383165819210396,9.2423
200,10,log2,10,5,0.7769455538810132,0.007359357522574408,85.60190235297713,2.036083380342526,9.3522
200,10,log2,10,10,0.7672371046835542,0.007337635680978347,87.45191084372769,2.2925335040131216,10.2549
200,10,log2,20,1,0.7735966008619162,0.007761593001528104,86.24915124309318,2.415327261970495,10.1659
200,10,log2,20,2,0.7738310449597632,0.009135161996667696,86.20572045348534,2.793676425023378,8.9916
200,10,log2,20,5,0.7739082929509113,0.007120467687712368,86.1927314741073,2.376308438356437,7.9506
200,10,log2,20,10,0.7672371046835542,0.007337635680978358,87.45191084372769,2.292533504013122,8.5516
200,10,0.5,2,1,0.8874989189199212,0.005359539260516043,60.78283987870212,1.6894337745145718,9.768
200,10,0.5,2,2,0.8871023655571101,0.005344823625971982,60.89204307357143,1.7520161357178101,9.1478
200,10,0.5,2,5,0.8846521682425947,0.004153162666376425,61.55479695230512,1.445687790921966,9.9294
200,10,0.5,2,10,0.878045138387184,0.0048953545872685,63.28734387851409,1.4795909233163822,9.1281
200,10,0.5,5,1,0.8867637101196509,0.004291842617900065,60.99316559555931,1.7042144627083637,8.4362
200,10,0.5,5,2,0.8876698365095509,0.004178812895558692,60.74526344391302,1.5222736045035172,9.4909
200,10,0.5,5,5,0.8846521682425947,0.004153162666376414,61.55479695230512,1.4456877909219685,8.6721
200,10,0.5,5,10,0.878045138387184,0.0048953545872685,63.28734387851408,1.4795909233163809,9.0867
200,10,0.5,10,1,0.8865319839860939,0.004648883606459507,61.05701401649526,1.8727102138003,9.4304
200,10,0.5,10,2,0.8861997561292478,0.003990004517729164,61.14396564513189,1.5683423902406421,10.4095
200,10,0.5,10,5,0.8846521682425947,0.004153162666376414,61.55479695230512,1.445687790921967,9.5558
200,10,0.5,10,10,0.878045138387184,0.0048953545872685,63.28734387851408,1.4795909233163813,9.5212
200,10,0.5,20,1,0.8831237386589272,0.005868594409545418,61.95245239941685,1.833797148939945,9.6514
200,10,0.5,20,2,0.8833283151547787,0.004749516020361766,61.90956760971288,1.771709395289734,9.6115
200,10,0.5,20,5,0.8820882449813864,0.004344405683769672,62.23442720147684,1.4695229791923656,9.4581
200,10,0.5,20,10,0.878045138387184,0.0048953545872685,63.28734387851408,1.4795909233163818,9.8599
200,10,1.0,2,1,0.9205459273773036,0.006442774310558844,51.06369933956326,2.406991895693281,13.3064
200,10,1.0,2,2,0.9207669197613274,0.006204997764322974,50.99523141419404,2.344750347006303,14.1165
200,10,1.0,2,5,0.9193088511222856,0.0064188302236932076,51.462877902156904,2.4446086318529088,14.4655
200,10,1.0,2,10,0.9147616924164993,0.007263080011567416,52.884150083780774,2.572322176207857,16.3229
200,10,1.0,5,1,0.9205182755935315,0.00645579461192211,51.07330069778493,2.427552117093614,16.0744
200,10,1.0,5,2,0.9207817265527678,0.006197923738845785,50.991037271743174,2.3532532809025635,15.9463
200,10,1.0,5,5,0.9193088511222856,0.0064188302236932076,51.462877902156904,2.4446086318529088,15.3774
200,10,1.0,5,10,0.9147616924164993,0.007263080011567416,52.884150083780774,2.572322176207856,16.2886
200,10,1.0,10,1,0.9202530654579635,0.006299249984332129,51.159379721311275,2.3576498049737604,16.0544
200,10,1.0,10,2,0.9205651098645733,0.0060962437480377414,51.06131422693197,2.30808575998187,17.1293
200,10,1.0,10,5,0.9193088511222856,0.0064188302236932076,51.462877902156904,2.444608631852909,17.8899
200,10,1.0,10,10,0.9147616924164993,0.007263080011567402,52.884150083780774,2.5723221762078543,17.6301
200,10,1.0,20,1,0.9188448503567177,0.006147714088882672,51.61032295146009,2.264931916515041,17.917
200,10,1.0,20,2,0.919136410041044,0.005962732526948501,51.51942565932395,2.220213169211168,17.6869
200,10,1.0,20,5,0.9181992140022637,0.0062646420694984295,51.81718956344831,2.3661004552843727,18.8323
200,10,1.0,20,10,0.9147616924164993,0.007263080011567416,52.884150083780774,2.572322176207856,16.0794
200,20,sqrt,2,1,0.8989622730067754,0.005854648756987245,57.593712227438935,1.767948996761717,16.6083
200,20,sqrt,2,2,0.8864844247468922,0.005320169043190263,61.051666944194494,1.4666710543221881,14.2074
200,20,sqrt,2,5,0.8548327213196993,0.008326248517397817,69.0346473577454,2.0953623181545704,13.5112
200,20,sqrt,2,10,0.8228330545915847,0.006973185585414002,76.28912850569611,2.102936163337644,11.4654
200,20,sqrt,5,1,0.8908792171073715,0.005283566470585372,59.86547678070459,1.7830872643569875,13.9745
200,20,sqrt,5,2,0.8837051555364909,0.0058698504603051285,61.79553518906264,1.71131962834713,12.8377
200,20,sqrt,5,5,0.8548327213196993,0.008326248517397807,69.0346473577454,2.09536231815457,12.8308
200,20,sqrt,5,10,0.8228330545915847,0.0069731855854139844,76.28912850569611,2.1029361633376444,13.5792
200,20,sqrt,10,1,0.8770219807260944,0.005752156364732596,63.541224449553525,1.3234084151126173,16.9055
200,20,sqrt,10,2,0.873116381285123,0.005653784494150882,64.55662956648862,1.8198653823305402,16.419
200,20,sqrt,10,5,0.8548327213196993,0.008326248517397807,69.0346473577454,2.0953623181545713,16.8713
200,20,sqrt,10,10,0.8228330545915847,0.006973185585413994,76.28912850569611,2.1029361633376453,13.1082
200,20,sqrt,20,1,0.8541741089773425,0.0065127342294402455,69.20811169617605,1.9747968449763753,17.1449
200,20,sqrt,20,2,0.8514751040581997,0.007045384076265983,69.84573310374988,2.1245212974183643,16.6586
200,20,sqrt,20,5,0.8436489228792684,0.006130741998568385,71.66367106118342,1.802588536056256,16.0513
200,20,sqrt,20,10,0.8228330545915847,0.00697318558541398,76.28912850569611,2.102936163337643,12.9864
200,20,log2,2,1,0.8989622730067754,0.005854648756987245,57.593712227438935,1.7679489967617175,20.0472
200,20,log2,2,2,0.8864844247468922,0.005320169043190257,61.051666944194494,1.4666710543221888,18.5458
200,20,log2,2,5,0.8548327213196993,0.008326248517397822,69.0346473577454,2.0953623181545704,15.4528
200,20,log2,2,10,0.8228330545915847,0.006973185585413989,76.28912850569611,2.102936163337643,14.6242
200,20,log2,5,1,0.8908792171073715,0.005283566470585372,59.86547678070459,1.783087264356986,17.7029
200,20,log2,5,2,0.8837051555364909,0.005869850460305138,61.79553518906264,1.7113196283471277,16.8258
200,20,log2,5,5,0.8548327213196993,0.008326248517397807,69.0346473577454,2.095362318154568,15.7527
200,20,log2,5,10,0.8228330545915847,0.00697318558541398,76.28912850569611,2.102936163337643,15.8687
200,20,log2,10,1,0.8770219807260944,0.005752156364732596,63.541224449553525,1.3234084151126173,16.827
200,20,log2,10,2,0.8731163812851233,0.00565378449415089,64.55662956648862,1.8198653823305422,17.3449
200,20,log2,10,5,0.8548327213196993,0.008326248517397807,69.0346473577454,2.09536231815457,17.5166
200,20,log2,10,10,0.8228330545915847,0.006973185585413989,76.28912850569611,2.102936163337643,17.0366
200,20,log2,20,1,0.8541741089773425,0.0065127342294402455,69.20811169617605,1.974796844976376,17.0962
200,20,log2,20,2,0.8514751040581997,0.007045384076265986,69.84573310374988,2.1245212974183647,16.0441
200,20,log2,20,5,0.8436489228792684,0.006130741998568369,71.66367106118342,1.8025885360562546,13.476
200,20,log2,20,10,0.8228330545915847,0.00697318558541398,76.28912850569611,2.102936163337639,12.2195
200,20,0.5,2,1,0.9458533347345769,0.0036810254724058754,42.15489785509133,1.49122148234715,23.2133
200,20,0.5,2,2,0.9432706476769799,0.0033212351130634974,43.15711789819135,1.4173649717463952,19.3537
200,20,0.5,2,5,0.9315278782518364,0.003932710554612511,47.41039271886008,1.3782079895128982,15.2088
200,20,0.5,2,10,0.9127906743786143,0.00421002240064474,53.514286583057626,1.4271490504398996,14.8424
200,20,0.5,5,1,0.9443862630676033,0.0038069300286391237,42.72209149300135,1.5260706863591595,18.255
200,20,0.5,5,2,0.9427709213772373,0.0035470222016966263,43.34286131845653,1.429558206495879,18.2352
200,20,0.5,5,5,0.9315278782518364,0.003932710554612511,47.41039271886008,1.3782079895128978,17.3097
200,20,0.5,5,10,0.9127906743786143,0.00421002240064474,53.514286583057626,1.4271490504398996,16.031
200,20,0.5,10,1,0.939750909846636,0.003768846646607741,44.46974620133155,1.4161528068079037,16.5821
200,20,0.5,10,2,0.938604708768589,0.0037520152628568006,44.890334904794045,1.3537594257240972,15.5694
200,20,0.5,10,5,0.9315278782518364,0.003932710554612515,47.41039271886008,1.3782079895128987,14.9881
200,20,0.5,10,10,0.9127906743786143,0.00421002240064474,53.514286583057626,1.4271490504398996,14.4813
200,20,0.5,20,1,0.9296205964021848,0.003654876393615846,48.07001687956888,1.2824740306247187,16.1224
200,20,0.5,20,2,0.9282459874451974,0.0039884451026865235,48.53523444163439,1.3699870256435274,15.1037
200,20,0.5,20,5,0.9242476851946382,0.0042854141933359605,49.86634843027072,1.3529768717818946,16.5255
200,20,0.5,20,10,0.9127906743786143,0.00421002240064474,53.514286583057626,1.4271490504398996,16.4168
200,20,1.0,2,1,0.9453266814956803,0.005429783288078319,42.33454925317647,2.2049881378048415,32.0523
200,20,1.0,2,2,0.9451574560868508,0.004957784565295795,42.40981951704689,2.069421970121245,26.7707
200,20,1.0,2,5,0.9393705918242734,0.005928439469563073,44.58599289917679,2.393040644096666,25.1296
200,20,1.0,2,10,0.9291528792283007,0.0070073260516347055,48.19581973728462,2.608060414350522,21.3564
200,20,1.0,5,1,0.9452632442682137,0.005311363286838508,42.36189881808196,2.1782638276652713,27.1104
200,20,1.0,5,2,0.9451613196226714,0.004890048714121496,42.41032857377337,2.0638139367618615,25.199
200,20,1.0,5,5,0.9393705918242734,0.005928439469563073,44.58599289917679,2.393040644096667,24.1746
200,20,1.0,5,10,0.9291528792283007,0.0070073260516346865,48.19581973728462,2.608060414350519,18.7754
200,20,1.0,10,1,0.9435658666371534,0.005276675278324881,43.017337219144366,2.1536055133019723,24.6763
200,20,1.0,10,2,0.9434325765540474,0.005028252321093436,43.072577338400656,2.0725593958157855,24.4662
200,20,1.0,10,5,0.9393705918242734,0.005928439469563073,44.58599289917679,2.393040644096667,24.3662
200,20,1.0,10,10,0.9291528792283007,0.0070073260516346865,48.19581973728462,2.60806041435052,21.6052
200,20,1.0,20,1,0.9391478044597068,0.005314357573747616,44.67316719262786,2.0493922791424293,22.868
200,20,1.0,20,2,0.9389764436036486,0.005189453221807841,44.7389447468668,2.025553497436692,23.7812
200,20,1.0,20,5,0.9359872974838396,0.00591461721126265,45.8189488557909,2.3396318732468124,30.0769
200,20,1.0,20,10,0.9291528792283007,0.007007326051634681,48.19581973728462,2.608060414350519,26.9754
500,,sqrt,2,1,0.9015076936498391,0.004589310384352552,56.87328100934997,1.521507159007151,40.456
500,,sqrt,2,2,0.8872172983975434,0.005464423687534465,60.85893551360017,1.7076839676153515,33.2795
500,,sqrt,2,5,0.8569172686743546,0.0068878411815633004,68.54261416860135,1.701526939430667,29.17
500,,sqrt,2,10,0.8241564462555709,0.007194865779783263,75.99865430727479,1.9784201368013523,28.2571
500,,sqrt,5,1,0.8928584144490396,0.005087609139958797,59.31589199647108,1.5567223488589754,31.7911
500,,sqrt,5,2,0.8855776479893096,0.005661645187857568,61.295073182424495,1.5941295026812008,31.8939
500,,sqrt,5,5,0.8569172686743546,0.006887841181563299,68.54261416860135,1.7015269394306658,29.0362
500,,sqrt,5,10,0.8241564462555709,0.007194865779783255,75.99865430727479,1.9784201368013496,26.8755
500,,sqrt,10,1,0.8782618149335848,0.006959788767169212,63.213503785582205,1.7084068362631293,29.3792
500,,sqrt,10,2,0.8735544366075544,0.0061354936130600625,64.4401576397843,1.8361859529975273,26.4932
500,,sqrt,10,5,0.8569172686743546,0.006887841181563281,68.54261416860135,1.701526939430667,26.6546
500,,sqrt,10,10,0.8241564462555709,0.007194865779783255,75.99865430727479,1.978420136801351,24.0993
500,,sqrt,20,1,0.854474973169179,0.0060450019362575,69.13718996085562,1.828624311777506,34.0909
500,,sqrt,20,2,0.8520010079971565,0.006773800054238515,69.71984627453033,1.969017987880131,31.1295
500,,sqrt,20,5,0.8437138260460519,0.0060254903311621885,71.64606318511366,1.6566468043290594,30.9141
500,,sqrt,20,10,0.8241564462555709,0.007194865779783255,75.99865430727479,1.9784201368013496,31.3485
500,,log2,2,1,0.9015076936498391,0.004589310384352552,56.87328100934997,1.521507159007151,39.2745
500,,log2,2,2,0.8872172983975434,0.005464423687534465,60.85893551360017,1.7076839676153521,35.5272
500,,log2,2,5,0.8569172686743546,0.006887841181563299,68.54261416860135,1.7015269394306658,28.7062
500,,log2,2,10,0.8241564462555709,0.007194865779783255,75.99865430727479,1.9784201368013523,30.8818
500,,log2,5,1,0.8928584144490396,0.005087609139958797,59.31589199647108,1.5567223488589763,36.6537
500,,log2,5,2,0.8855776479893096,0.005661645187857568,61.295073182424495,1.5941295026812012,37.4485
500,,log2,5,5,0.8569172686743546,0.006887841181563291,68.54261416860135,1.7015269394306645,33.6651
500,,log2,5,10,0.8241564462555709,0.007194865779783255,75.99865430727479,1.978420136801351,32.7468
500,,log2,10,1,0.8782618149335848,0.00695978876716922,63.213503785582205,1.7084068362631313,33.8932
500,,log2,10,2,0.8735544366075544,0.0061354936130600625,64.4401576397843,1.836185952997527,28.6119
500,,log2,10,5,0.8569172686743546,0.00688784118156331,68.54261416860135,1.701526939430669,27.9208
500,,log2,10,10,0.8241564462555709,0.007194865779783255,75.99865430727479,1.9784201368013519,33.8795
500,,log2,20,1,0.854474973169179,0.0060450019362575,69.13718996085562,1.828624311777506,33.8706
500,,log2,20,2,0.8520010079971565,0.006773800054238515,69.71984627453033,1.969017987880131,32.8237
500,,log2,20,5,0.8437138260460519,0.006025490331162161,71.64606318511366,1.6566468043290583,31.0185
500,,log2,20,10,0.8241564462555709,0.007194865779783263,75.99865430727479,1.9784201368013559,22.4685
500,,0.5,2,1,0.9465756599265575,0.0036046837769216048,41.87173038550462,1.4311312673522072,42.5304
500,,0.5,2,2,0.9435539886738002,0.0036345244701754633,43.04299627943041,1.4323897941331114,33.5804
500,,0.5,2,5,0.931759698311952,0.003534343339838579,47.33458940925642,1.2936117942654444,29.3173
500,,0.5,2,10,0.9135669023673838,0.003901443243104535,53.276933206912645,1.331923366133736,25.8488
500,,0.5,5,1,0.9449196837317677,0.00367297231054413,42.517171126795496,1.4558192051453767,32.3124
500,,0.5,5,2,0.9431144859879161,0.003591976068664726,43.209690680428565,1.3734873980631568,33.4085
500,,0.5,5,5,0.931759698311952,0.003534343339838579,47.33458940925641,1.2936117942654435,28.5403
500,,0.5,5,10,0.9135669023673838,0.00390144324310454,53.276933206912645,1.3319233661337355,25.6871
500,,0.5,10,1,0.9401202049313774,0.0036264351146422778,44.33506207323056,1.382446483536312,30.2279
500,,0.5,10,2,0.9388931391634529,0.003891509762695944,44.78499978471229,1.4562368641732282,29.2166
500,,0.5,10,5,0.931759698311952,0.003534343339838579,47.33458940925642,1.2936117942654444,29.5674
500,,0.5,10,10,0.9135669023673838,0.003901443243104535,53.276933206912645,1.3319233661337355,29.9518
500,,0.5,20,1,0.9298722660330977,0.003898175742683506,47.984413729304144,1.4494588979748178,29.369
500,,0.5,20,2,0.9290122045192284,0.003736699060877948,48.27729171946745,1.3086709206985359,29.4295
500,,0.5,20,5,0.9246323713972903,0.0037800038106192285,49.74608993613122,1.3020221943854426,31.0494
500,,0.5,20,10,0.9135669023673838,0.003901443243104535,53.276933206912645,1.3319233661337355,29.6072
500,,1.0,2,1,0.9455165291672349,0.005027697974515295,42.26783139399539,2.0638427617793296,67.062
500,,1.0,2,2,0.9453050226546982,0.004734848327515447,42.356273803094524,1.9904182592110797,56.6534
500,,1.0,2,5,0.9395782741645036,0.005649233497607716,44.51247063606663,2.271170639890942,46.6025
500,,1.0,2,10,0.9292257009426104,0.006814553859977369,48.17347791337706,2.5423255387005845,40.2852
500,,1.0,5,1,0.945399955870829,0.005014729817967126,42.31370660049507,2.0676390551617945,57.2936
500,,1.0,5,2,0.9452212765530564,0.004678489166903127,42.38981238651084,1.973716509353834,54.157
500,,1.0,5,5,0.9395782741645036,0.005649233497607716,44.51247063606663,2.2711706398909417,53.9408
500,,1.0,5,10,0.9292257009426104,0.006814553859977369,48.17347791337706,2.5423255387005845,46.0517
500,,1.0,10,1,0.9437556763100361,0.005019356691079381,42.94806283279083,2.047802040638328,53.4934
500,,1.0,10,2,0.9435987843991397,0.004783782041863448,43.012265010841986,1.9732883289481664,51.3071
500,,1.0,10,5,0.9395782741645036,0.005649233497607716,44.51247063606663,2.2711706398909413,46.6303
500,,1.0,10,10,0.9292257009426104,0.006814553859977369,48.17347791337706,2.5423255387005845,46.8174
500,,1.0,20,1,0.9392508701878775,0.005135105610457278,44.636951466180236,1.9706359422102202,48.1514
500,,1.0,20,2,0.9390401265385296,0.00511797799787136,44.715198246786535,1.9726342574012856,47.5051
500,,1.0,20,5,0.9361614132777062,0.005696801492399741,45.757879771619955,2.2335672091970964,44.9371
500,,1.0,20,10,0.9292257009426104,0.006814553859977369,48.173477913377056,2.5423255387005836,43.4609
500,5,sqrt,2,1,0.5806393665330749,0.012030669028187247,117.40307723617623,3.6051555830976367,29.8352
500,5,sqrt,2,2,0.5804479456877741,0.01212779395182525,117.42963954169366,3.6110714522690572,26.8707
500,5,sqrt,2,5,0.5804287231096947,0.012308155419692327,117.43196387160563,3.6227517929062762,27.2857
500,5,sqrt,2,10,0.5799356255536109,0.012201012759427352,117.50149712322568,3.6256782402777823,26.8807
500,5,sqrt,5,1,0.5802323522014349,0.012204842784692846,117.46035433609481,3.6387273088974506,33.8501
500,5,sqrt,5,2,0.5803051512175068,0.012247568402244193,117.44994278874262,3.637324534085695,30.4185
500,5,sqrt,5,5,0.5804287231096947,0.012308155419692329,117.43196387160563,3.622751792906273,31.4665
500,5,sqrt,5,10,0.5799356255536108,0.012201012759427338,117.50149712322568,3.625678240277782,33.4037
500,5,sqrt,10,1,0.5800360222012086,0.01230161842298108,117.48732675666699,3.6355925451607014,30.6636
500,5,sqrt,10,2,0.5800635792806775,0.01236605694790631,117.48319461807395,3.63542173504354,28.8947
500,5,sqrt,10,5,0.5804287231096947,0.012308155419692319,117.43196387160563,3.622751792906273,27.4866
500,5,sqrt,10,10,0.5799356255536108,0.012201012759427338,117.50149712322568,3.625678240277782,30.9935
500,5,sqrt,20,1,0.579814120774704,0.012523263280429648,117.51856833084541,3.6717950553083942,31.1243
500,5,sqrt,20,2,0.5797838087159934,0.012638648430265265,117.52255639974972,3.6797882256440553,30.3442
500,5,sqrt,20,5,0.5799644822316454,0.012463046457375277,117.4970497305944,3.647481687498388,27.5144
500,5,sqrt,20,10,0.5799356255536108,0.01220101275942736,117.50149712322568,3.625678240277781,29.4793
500,5,log2,2,1,0.5806393665330748,0.01203066902818725,117.40307723617623,3.605155583097639,27.8588
500,5,log2,2,2,0.5804479456877741,0.012127793951825245,117.42963954169366,3.611071452269056,29.9278
500,5,log2,2,5,0.5804287231096947,0.012308155419692319,117.43196387160563,3.622751792906275,31.6195
500,5,log2,2,10,0.5799356255536109,0.012201012759427343,117.50149712322568,3.625678240277782,28.6192
500,5,log2,5,1,0.5802323522014349,0.01220484278469285,117.46035433609481,3.63872730889745,29.074
500,5,log2,5,2,0.5803051512175068,0.012247568402244174,117.44994278874262,3.637324534085691,31.644
500,5,log2,5,5,0.5804287231096947,0.012308155419692319,117.43196387160563,3.622751792906273,30.8134
500,5,log2,5,10,0.5799356255536109,0.012201012759427343,117.50149712322568,3.625678240277782,29.2221
500,5,log2,10,1,0.5800360222012086,0.01230161842298108,117.48732675666699,3.6355925451607036,29.6142
500,5,log2,10,2,0.5800635792806775,0.012366056947906292,117.48319461807395,3.635421735043539,31.811
500,5,log2,10,5,0.5804287231096947,0.012308155419692308,117.43196387160563,3.6227517929062762,30.3584
500,5,log2,10,10,0.5799356255536109,0.012201012759427338,117.50149712322568,3.62567824027778,31.6188
500,5,log2,20,1,0.579814120774704,0.01252326328042965,117.51856833084541,3.671795055308397,29.2217
500,5,log2,20,2,0.5797838087159934,0.012638648430265268,117.52255639974972,3.6797882256440553,30.7247
500,5,log2,20,5,0.5799644822316454,0.012463046457375296,117.4970497305944,3.647481687498389,28.9039
500,5,log2,20,10,0.5799356255536108,0.012201012759427338,117.50149712322568,3.6256782402777827,27.5695
500,5,0.5,2,1,0.646169156979537,0.007804349691423068,107.83356944513726,2.7129444182449483,28.4584
500,5,0.5,2,2,0.6460024028034579,0.00797234014270221,107.85829086109656,2.7084653878297096,26.2656
500,5,0.5,2,5,0.646130961656157,0.007892111211683884,107.838674159314,2.6963141062359437,28.098
500,5,0.5,2,10,0.645817247075889,0.008075790535209992,107.88693787169468,2.740828161506195,28.1909
500,5,0.5,5,1,0.6459811683195944,0.007894970668113625,107.8618131140541,2.7094452327145793,27.8388
500,5,0.5,5,2,0.6459685961381583,0.007994743803100408,107.86334936399271,2.7078463097569903,25.9992
500,5,0.5,5,5,0.646130961656157,0.007892111211683855,107.838674159314,2.696314106235943,27.4442
500,5,0.5,5,10,0.645817247075889,0.008075790535209983,107.88693787169468,2.7408281615061956,24.4697
500,5,0.5,10,1,0.6459871388951217,0.007853780168797848,107.86061558589066,2.6922406667208527,26.6739
500,5,0.5,10,2,0.6459822351743213,0.007898567087775255,107.86111916433356,2.6883261803631178,27.9269
500,5,0.5,10,5,0.646130961656157,0.00789211121168386,107.838674159314,2.696314106235942,26.6291
500,5,0.5,10,10,0.645817247075889,0.008075790535209992,107.88693787169468,2.740828161506195,27.3598
500,5,0.5,20,1,0.6458279000092657,0.008144705405814004,107.88470429186698,2.7261529208016078,27.7049
500,5,0.5,20,2,0.6458247404623628,0.0081619708763859,107.88499890305054,2.721131986718072,26.6564
500,5,0.5,20,5,0.6459740056013707,0.00816381963007466,107.86260380812992,2.735221669223462,26.8501
500,5,0.5,20,10,0.645817247075889,0.008075790535209982,107.88693787169468,2.740828161506196,29.5798
500,5,1.0,2,1,0.6550310982653564,0.008789512538042832,106.4669534113287,2.5208980137238113,35.0152
500,5,1.0,2,2,0.6550315196386307,0.008789018855860397,106.46689034944268,2.5209016556926205,32.5211
500,5,1.0,2,5,0.655032711661296,0.008788697203010867,106.46670761301093,2.5208989034716844,36.0358
500,5,1.0,2,10,0.6550339160497817,0.008789441264099331,106.46652290203065,2.5210651463278784,43.4404
500,5,1.0,5,1,0.6550310982653564,0.008789512538042832,106.4669534113287,2.520898013723811,42.2412
500,5,1.0,5,2,0.6550315196386307,0.008789018855860397,106.46689034944268,2.5209016556926174,39.1402
500,5,1.0,5,5,0.655032711661296,0.008788697203010872,106.46670761301093,2.5208989034716844,38.2807
500,5,1.0,5,10,0.6550339160497817,0.00878944126409932,106.46652290203065,2.521065146327879,39.4251
500,5,1.0,10,1,0.6550310612547008,0.008789534847469306,106.46695901346625,2.52089700498207,38.4064
500,5,1.0,10,2,0.6550314989290679,0.008789039244433198,106.4668934131045,2.520899341233504,40.5419
500,5,1.0,10,5,0.6550327116612961,0.008788697203010854,106.46670761301093,2.5208989034716853,38.9681
500,5,1.0,10,10,0.6550339160497818,0.00878944126409931,106.46652290203065,2.5210651463278824,38.4634
500,5,1.0,20,1,0.6550310460013955,0.008789630679845936,106.46696112721365,2.520902410736775,37.2241
500,5,1.0,20,2,0.6550314831072794,0.008789135390645419,106.46689561369378,2.520904759646951,42.7434
500,5,1.0,20,5,0.6550327165604996,0.008788758271014172,106.46670663144661,2.5208993338695254,39.6102
500,5,1.0,20,10,0.6550339160497818,0.008789441264099326,106.46652290203062,2.5210651463278766,39.3181
500,10,sqrt,2,1,0.7826444205902255,0.007649484663132531,84.50647870029195,2.348906707600163,36.9532
500,10,sqrt,2,2,0.7818335650044872,0.007486666355661459,84.66844495579437,2.4644274296682163,41.6775
500,10,sqrt,2,5,0.7779572248542013,0.006969472928658806,85.41447130784395,2.229020515528087,35.5338
500,10,sqrt,2,10,0.7682407639025145,0.007318772364705399,87.26198906533946,2.2482456706090304,34.0859
500,10,sqrt,5,1,0.7821818626231138,0.007072040608922078,84.59908423517982,2.3161435994834134,32.1078
500,10,sqrt,5,2,0.7806330536477166,0.0075209867842603,84.89449626020459,2.2247428992594798,34.0759
500,10,sqrt,5,5,0.7779572248542013,0.006969472928658806,85.41447130784395,2.229020515528087,37.0598
500,10,sqrt,5,10,0.7682407639025145,0.007318772364705386,87.26198906533946,2.2482456706090264,37.2536
500,10,sqrt,10,1,0.7796848286003304,0.0076330196831467575,85.08522199544484,2.5230286571291054,34.2671
500,10,sqrt,10,2,0.7808621349936741,0.008648911633984369,84.84943685878419,2.4864175265940105,33.2493
500,10,sqrt,10,5,0.7779572248542013,0.006969472928658806,85.41447130784395,2.229020515528087,33.3018
500,10,sqrt,10,10,0.7682407639025146,0.007318772364705402,87.26198906533946,2.2482456706090272,32.628
500,10,sqrt,20,1,0.7757347532281742,0.007384139468084678,85.84095453006172,2.3204256360225486,36.0298
500,10,sqrt,20,2,0.7750886269574044,0.008592390974892988,85.96491923889397,2.630620657017722,36.4892
500,10,sqrt,20,5,0.7736963913658557,0.0071227406138705375,86.23180375341045,2.323841726553047,34.2537
500,10,sqrt,20,10,0.7682407639025145,0.007318772364705381,87.26198906533946,2.2482456706090286,32.6001
500,10,log2,2,1,0.7826444205902255,0.007649484663132562,84.50647870029195,2.3489067076001646,34.2838
500,10,log2,2,2,0.7818335650044872,0.007486666355661459,84.66844495579437,2.4644274296682163,32.9816
500,10,log2,2,5,0.7779572248542013,0.006969472928658806,85.41447130784395,2.229020515528087,33.9139
500,10,log2,2,10,0.7682407639025146,0.007318772364705388,87.26198906533946,2.248245670609028,28.1162
500,10,log2,5,1,0.7821818626231138,0.007072040608922099,84.59908423517982,2.316143599483417,36.7144
500,10,log2,5,2,0.7806330536477166,0.007520986784260314,84.89449626020459,2.2247428992594807,33.1293
500,10,log2,5,5,0.7779572248542013,0.00696947292865879,85.41447130784395,2.229020515528087,33.435
500,10,log2,5,10,0.7682407639025145,0.007318772364705399,87.26198906533946,2.2482456706090264,31.7126
500,10,log2,10,1,0.7796848286003304,0.0076330196831467575,85.08522199544484,2.5230286571291054,36.3335
500,10,log2,10,2,0.7808621349936741,0.008648911633984369,84.84943685878419,2.4864175265940105,32.0801
500,10,log2,10,5,0.7779572248542013,0.006969472928658798,85.41447130784394,2.22902051552809,29.6374
500,10,log2,10,10,0.7682407639025145,0.007318772364705386,87.26198906533946,2.2482456706090255,30.5849
500,10,log2,20,1,0.7757347532281742,0.007384139468084675,85.84095453006172,2.3204256360225486,30.1171
500,10,log2,20,2,0.7750886269574044,0.008592390974892988,85.96491923889398,2.63062065701772,31.159
500,10,log2,20,5,0.7736963913658557,0.007122740613870544,86.23180375341045,2.323841726553048,34.9968
500,10,log2,20,10,0.7682407639025145,0.007318772364705386,87.26198906533946,2.2482456706090277,26.9389
500,10,0.5,2,1,0.8881066859864971,0.004449676102211115,60.62686641545766,1.6321527553029307,35.8607
500,10,0.5,2,2,0.8878090275984448,0.004457723022063332,60.70859560433148,1.6642042971059674,32.353
500,10,0.5,2,5,0.8854323048388173,0.0036278093538544927,61.34945967074901,1.3923239828044978,33.2393
500,10,0.5,2,10,0.8792671993401046,0.004479881129026889,62.97312753003232,1.4655421331708383,31.7439
500,10,0.5,5,1,0.8872226270625541,0.004556614694433666,60.86646295431119,1.6841082202613902,34.3224
500,10,0.5,5,2,0.8881983650707863,0.0036667286006079485,60.60472521022532,1.448769832723618,32.715
500,10,0.5,5,5,0.8854323048388173,0.0036278093538545026,61.34945967074901,1.3923239828044967,35.0303
500,10,0.5,5,10,0.8792671993401046,0.004479881129026872,62.97312753003232,1.4655421331708391,33.9349
500,10,0.5,10,1,0.8869751436518959,0.003992482971369616,60.938143556588805,1.6641914543317207,33.7348
500,10,0.5,10,2,0.8871078879418366,0.004091429580941905,60.898893463481535,1.5662652085258413,33.908
500,10,0.5,10,5,0.8854323048388173,0.0036278093538544927,61.34945967074901,1.392323982804497,37.4447
500,10,0.5,10,10,0.8792671993401046,0.004479881129026889,62.97312753003232,1.4655421331708387,37.5947
500,10,0.5,20,1,0.8843312316801683,0.00497086203102351,61.63578081277571,1.604474964181995,44.0031
500,10,0.5,20,2,0.8841551688503848,0.0046168136378109395,61.687231105781265,1.6377397671267508,44.0181
500,10,0.5,20,5,0.8833747582591563,0.004125050997291989,61.89582913585193,1.4813551199453545,41.0016
500,10,0.5,20,10,0.8792671993401046,0.004479881129026872,62.97312753003232,1.4655421331708387,43.3679
500,10,1.0,2,1,0.9206032047292757,0.0062400415274130394,51.04757385258329,2.3489040779712296,56.6493
500,10,1.0,2,2,0.9208204930950117,0.005992675713928067,50.98043722140299,2.2857862955885833,51.7563
500,10,1.0,2,5,0.9194616666649005,0.006189109176120695,51.41540289214661,2.354957174544928,50.7164
500,10,1.0,2,10,0.9148659384308792,0.007038037485582817,52.853727996743885,2.499690296276101,50.1918
500,10,1.0,5,1,0.9205621218806728,0.006247072862271674,51.06138821122829,2.363987998092462,49.7796
500,10,1.0,5,2,0.9208353155766424,0.005980267548831726,50.976119028909814,2.2894475905241136,54.2377
500,10,1.0,5,5,0.9194616666649005,0.006189109176120695,51.41540289214661,2.3549571745449263,53.9806
500,10,1.0,5,10,0.9148659384308792,0.007038037485582817,52.853727996743885,2.4996902962761025,50.255
500,10,1.0,10,1,0.9203324628440503,0.006092085870825576,51.136137536087546,2.2990947420614627,51.0147
500,10,1.0,10,2,0.920633517626061,0.005865155300974216,51.04177536765512,2.2420874487623035,56.9993
500,10,1.0,10,5,0.9194616666649005,0.006189109176120695,51.41540289214661,2.354957174544928,61.2619
500,10,1.0,10,10,0.9148659384308792,0.0070380374855828305,52.85372799674387,2.4996902962761034,55.6993
500,10,1.0,20,1,0.9188863953359137,0.0059675213379926555,51.59861294726532,2.2063218627473224,52.1629
500,10,1.0,20,2,0.9191728070365013,0.005796387531462596,51.50920079692155,2.1658937873562505,57.8193
500,10,1.0,20,5,0.9183340656523633,0.006091810347462761,51.77503477537895,2.292598663523619,54.5631
500,10,1.0,20,10,0.9148659384308792,0.007038037485582817,52.85372799674387,2.499690296276102,53.8285
500,20,sqrt,2,1,0.9002777402788956,0.005369837619960036,57.22074114711636,1.646626378045409,54.0798
500,20,sqrt,2,2,0.887238139155464,0.005638650475364871,60.84635016510564,1.535682443562261,44.1431
500,20,sqrt,2,5,0.8566236349550314,0.007425087894366775,68.61302659368246,1.9387532131769043,44.2347
500,20,sqrt,2,10,0.8237920952439367,0.007199452901101545,76.07922411387672,2.048146914638931,39.4385
500,20,sqrt,5,1,0.8923911776775466,0.005458138372334566,59.4429876713355,1.6522793046739876,41.8149
500,20,sqrt,5,2,0.8850702503822763,0.0063232756216004835,61.42860336081967,1.8231668450034293,42.6443
500,20,sqrt,5,5,0.8566236349550314,0.007425087894366789,68.61302659368246,1.9387532131769043,39.0419
500,20,sqrt,5,10,0.8237920952439367,0.0071994529011015305,76.07922411387672,2.0481469146389304,38.7685
500,20,sqrt,10,1,0.8780551336924779,0.0053298460955762735,63.28167757846512,1.4843404541355112,42.5561
500,20,sqrt,10,2,0.8735671959501106,0.0059107597721588,64.43649384386677,1.713432309283335,40.08
500,20,sqrt,10,5,0.8566236349550314,0.007425087894366775,68.61302659368248,1.9387532131769063,36.3305
500,20,sqrt,10,10,0.8237920952439367,0.007199452901101542,76.07922411387672,2.0481469146389317,30.6208
500,20,sqrt,20,1,0.8550889914366421,0.006508542889286382,68.98755047231981,1.8603888647714175,31.6052
500,20,sqrt,20,2,0.8529240310633751,0.00669279271084304,69.50349710792212,1.999860352628996,35.4865
500,20,sqrt,20,5,0.843496955919219,0.006218750404256172,71.69372936994196,1.6431200207221641,33.9507
500,20,sqrt,20,10,0.8237920952439367,0.007199452901101545,76.07922411387672,2.048146914638931,32.6013
500,20,log2,2,1,0.9002777402788956,0.005369837619960036,57.22074114711636,1.6466263780454102,44.6026
500,20,log2,2,2,0.887238139155464,0.005638650475364871,60.84635016510564,1.535682443562261,36.7504
500,20,log2,2,5,0.8566236349550314,0.007425087894366775,68.61302659368248,1.9387532131769036,33.7997
500,20,log2,2,10,0.8237920952439367,0.0071994529011015305,76.07922411387672,2.0481469146389295,18.9516
500,20,log2,5,1,0.8923911776775466,0.005458138372334566,59.4429876713355,1.6522793046739876,23.6451
500,20,log2,5,2,0.8850702503822763,0.006323275621600491,61.42860336081967,1.8231668450034284,22.0146
500,20,log2,5,5,0.8566236349550314,0.007425087894366775,68.61302659368246,1.9387532131769023,20.7004
500,20,log2,5,10,0.8237920952439367,0.007199452901101542,76.07922411387672,2.048146914638931,21.7648
500,20,log2,10,1,0.8780551336924779,0.0053298460955762735,63.28167757846512,1.4843404541355114,22.5004
500,20,log2,10,2,0.8735671959501106,0.005910759772158815,64.43649384386677,1.713432309283335,21.6758
500,20,log2,10,5,0.8566236349550314,0.007425087894366775,68.61302659368248,1.9387532131769063,20.6936
500,20,log2,10,10,0.8237920952439367,0.0071994529011015305,76.07922411387672,2.0481469146389295,19.2677
500,20,log2,20,1,0.8550889914366421,0.006508542889286382,68.98755047231981,1.8603888647714175,20.7053
500,20,log2,20,2,0.8529240310633751,0.0066927927108430445,69.50349710792212,1.999860352628996,20.2353
500,20,log2,20,5,0.843496955919219,0.006218750404256176,71.69372936994196,1.6431200207221648,20.7693
500,20,log2,20,10,0.8237920952439367,0.0071994529011015305,76.07922411387672,2.0481469146389286,19.6245
500,20,0.5,2,1,0.9463372111692621,0.003577207129497758,41.96790769896456,1.4796516684696455,41.5971
500,20,0.5,2,2,0.9433836371236592,0.003409078818644798,43.111030788255114,1.3743430371647647,35.5915
500,20,0.5,2,5,0.9317463190925868,0.003583294870450037,47.33862048434925,1.2925524388929672,30.7903
500,20,0.5,2,10,0.9135364000282091,0.004048640884853921,53.285383823675886,1.3690825414566545,26.2126
500,20,0.5,5,1,0.9448310758530709,0.003755499300177383,42.5508149881279,1.5044744336752707,36.2034
500,20,0.5,5,2,0.9430400807252409,0.0035244031495936814,43.2402685368361,1.4045058349638684,34.4195
500,20,0.5,5,5,0.9317463190925868,0.003583294870450037,47.33862048434925,1.292552438892967,31.3704
500,20,0.5,5,10,0.9135364000282091,0.004048640884853922,53.285383823675886,1.3690825414566545,27.5846
500,20,0.5,10,1,0.940052148325688,0.003863430458066219,44.35733903330435,1.454181812525653,31.9508
500,20,0.5,10,2,0.9388592044683761,0.003665851279237127,44.79927244595293,1.3741299204538593,32.3969
500,20,0.5,10,5,0.9317463190925868,0.003583294870450037,47.33862048434925,1.292552438892968,31.0774
500,20,0.5,10,10,0.9135364000282091,0.004048640884853922,53.285383823675886,1.369082541456654,26.5229
500,20,0.5,20,1,0.9299378718967344,0.00372201608484048,47.96234844984083,1.3556590858258397,27.9755
500,20,0.5,20,2,0.9289776725596013,0.00381845944552404,48.28869180602528,1.3461514027059838,28.341
500,20,0.5,20,5,0.9245000366116825,0.003749159431121644,49.790082820145244,1.2943865105675327,26.9867
500,20,0.5,20,10,0.9135364000282091,0.004048640884853922,53.285383823675886,1.3690825414566545,26.8171
500,20,1.0,2,1,0.9455134666118648,0.005015633338444662,42.26917634921252,2.060872983011259,64.8348
500,20,1.0,2,2,0.9453033787658491,0.0047271340502032955,42.35679373646533,1.9838283022993217,55.1008
500,20,1.0,2,5,0.9395722172996296,0.0056496907137850395,44.514643656968865,2.2701462960351955,44.9622
500,20,1.0,2,10,0.92922551882269,0.0068140835656758285,48.1735560251884,2.542254414914308,40.9802
500,20,1.0,5,1,0.9453783977393044,0.005034751174463523,42.32200483051723,2.08330281674694,57.0124
500,20,1.0,5,2,0.9452475504267902,0.004695404636837194,42.3796445621026,1.985679004434393,54.6206
500,20,1.0,5,5,0.9395722172996296,0.0056496907137850395,44.51464365696886,2.2701462960351946,45.4645
500,20,1.0,5,10,0.92922551882269,0.0068140835656758285,48.173556025188404,2.542254414914309,40.991
500,20,1.0,10,1,0.9437167088309811,0.005023965506991872,42.96306682745511,2.0516512599198786,47.6008
500,20,1.0,10,2,0.9435782261612772,0.004799053160770362,43.019962224291156,1.9798003025308017,47.3091
500,20,1.0,10,5,0.9395722172996296,0.0056496907137850395,44.51464365696886,2.270146296035193,48.6377
500,20,1.0,10,10,0.92922551882269,0.0068140835656758285,48.173556025188404,2.54225441491431,39.8367
500,20,1.0,20,1,0.93925048651882,0.005139114984674757,44.63715515760208,1.9744171685778151,44.5027
500,20,1.0,20,2,0.9390409483763567,0.005111527956314345,44.71507188725211,1.9721770371854743,41.8413
500,20,1.0,20,5,0.9361606227056065,0.0056984099262506254,45.758122448221926,2.233819409978041,50.0696
500,20,1.0,20,10,0.92922551882269,0.0068140835656758285,48.173556025188404,2.54225441491431,46.2928
