n_estimators,max_depth,max_features,min_samples_split,min_samples_leaf,mean_f1,std_f1,mean_accuracy,std_accuracy,time_s
50,,sqrt,2,1,0.911734144001964,0.011307496344019763,0.912287944136373,0.0107310551653356,2.1372
50,,sqrt,2,2,0.9063196275473695,0.011441006764597295,0.9067368385020881,0.010941992969969635,1.8061
50,,sqrt,2,5,0.8967776908631414,0.010969975745726026,0.8973012939001848,0.010609333733490885,2.0844
50,,sqrt,2,10,0.8803275039525531,0.014103126894306907,0.8810183473677003,0.013462923705140307,2.1704
50,,sqrt,5,1,0.9069140655965094,0.009337975777527294,0.907293420962552,0.00913154374329871,2.2578
50,,sqrt,5,2,0.9038577752319457,0.00947472514373737,0.9041456151160402,0.009158984708942141,2.3982
50,,sqrt,5,5,0.8967776908631414,0.010969975745726026,0.8973012939001848,0.010609333733490885,2.0052
50,,sqrt,5,10,0.8803275039525531,0.014103126894306907,0.8810183473677003,0.013462923705140307,2.3858
50,,sqrt,10,1,0.8997055409685372,0.008533512906595484,0.900262887656603,0.008080035857780096,1.8554
50,,sqrt,10,2,0.9004255406465036,0.013701997074096278,0.9010053399055247,0.01324995489107287,2.1516
50,,sqrt,10,5,0.8967776908631414,0.010969975745726026,0.8973012939001848,0.010609333733490885,9.6927
50,,sqrt,10,10,0.8803275039525531,0.014103126894306907,0.8810183473677003,0.013462923705140307,10.2932
50,,sqrt,20,1,0.8917001697615745,0.012847213443455529,0.8923026631067297,0.012155745132353029,10.003
50,,sqrt,20,2,0.8902216362507843,0.014752000971709962,0.890639419456425,0.014253477304498097,11.6067
50,,sqrt,20,5,0.8883512747068842,0.014490337820679825,0.8889758335044842,0.013710607797854636,10.8674
50,,sqrt,20,10,0.8803275039525531,0.014103126894306907,0.8810183473677003,0.013462923705140307,10.2931
50,,log2,2,1,0.911734144001964,0.011307496344019763,0.912287944136373,0.0107310551653356,11.997
50,,log2,2,2,0.9061191322500648,0.011785057197230747,0.906551995618539,0.011249751939370034,9.7365
50,,log2,2,5,0.8967776908631414,0.010969975745726026,0.8973012939001848,0.010609333733490885,4.0065
50,,log2,2,10,0.8803275039525531,0.014103126894306907,0.8810183473677003,0.013462923705140307,1.5975
50,,log2,5,1,0.9069140655965094,0.009337975777527294,0.907293420962552,0.00913154374329871,1.5537
50,,log2,5,2,0.9038577752319457,0.00947472514373737,0.9041456151160402,0.009158984708942141,1.5286
50,,log2,5,5,0.8967776908631414,0.010969975745726026,0.8973012939001848,0.010609333733490885,1.8512
50,,log2,5,10,0.8803275039525531,0.014103126894306907,0.8810183473677003,0.013462923705140307,1.7848
50,,log2,10,1,0.8997055409685372,0.008533512906595484,0.900262887656603,0.008080035857780096,1.684
50,,log2,10,2,0.9004255406465036,0.013701997074096278,0.9010053399055247,0.01324995489107287,1.668
50,,log2,10,5,0.8967776908631414,0.010969975745726026,0.8973012939001848,0.010609333733490885,9.0452
50,,log2,10,10,0.8803275039525531,0.014103126894306907,0.8810183473677003,0.013462923705140307,1.9787
50,,log2,20,1,0.8917001697615745,0.012847213443455529,0.8923026631067297,0.012155745132353029,2.2222
50,,log2,20,2,0.8902216362507843,0.014752000971709962,0.890639419456425,0.014253477304498097,1.7193
50,,log2,20,5,0.8883512747068842,0.014490337820679825,0.8889758335044842,0.013710607797854636,1.5778
50,,log2,20,10,0.8803275039525531,0.014103126894306907,0.8810183473677003,0.013462923705140307,1.4752
50,,0.5,2,1,0.911734144001964,0.011307496344019763,0.912287944136373,0.0107310551653356,1.5857
50,,0.5,2,2,0.9061191322500648,0.011785057197230747,0.906551995618539,0.011249751939370034,1.5248
50,,0.5,2,5,0.8967776908631414,0.010969975745726026,0.8973012939001848,0.010609333733490885,8.9453
50,,0.5,2,10,0.8803275039525531,0.014103126894306907,0.8810183473677003,0.013462923705140307,4.3238
50,,0.5,5,1,0.9069140655965094,0.009337975777527294,0.907293420962552,0.00913154374329871,2.3347
50,,0.5,5,2,0.9038577752319457,0.00947472514373737,0.9041456151160402,0.009158984708942141,2.5232
50,,0.5,5,5,0.8967776908631414,0.010969975745726026,0.8973012939001848,0.010609333733490885,2.504
50,,0.5,5,10,0.8803275039525531,0.014103126894306907,0.8810183473677003,0.013462923705140307,2.9093
50,,0.5,10,1,0.8997055409685372,0.008533512906595484,0.900262887656603,0.008080035857780096,2.706
50,,0.5,10,2,0.9004255406465036,0.013701997074096278,0.9010053399055247,0.01324995489107287,2.7251
50,,0.5,10,5,0.8967776908631414,0.010969975745726026,0.8973012939001848,0.010609333733490885,2.4094
50,,0.5,10,10,0.8803275039525531,0.014103126894306907,0.8810183473677003,0.013462923705140307,2.4184
50,,0.5,20,1,0.8917001697615745,0.012847213443455529,0.8923026631067297,0.012155745132353029,2.2967
50,,0.5,20,2,0.8902216362507843,0.014752000971709962,0.890639419456425,0.014253477304498097,3.3656
50,,0.5,20,5,0.8883512747068842,0.014490337820679825,0.8889758335044842,0.013710607797854636,2.9641
50,,0.5,20,10,0.8803275039525531,0.014103126894306907,0.8810183473677003,0.013462923705140307,2.2729
50,,1.0,2,1,0.9102602397493902,0.009917045208116638,0.9108098856712535,0.009363818017498495,3.2376
50,,1.0,2,2,0.9088145494740866,0.010504947006207225,0.9091439036078592,0.010030055355587186,2.8542
50,,1.0,2,5,0.8941291777962777,0.012348059010099126,0.8945242007256795,0.011752314916657434,3.3574
50,,1.0,2,10,0.8831519333400208,0.012607648354980454,0.8834237009652905,0.012098205633926796,3.8627
50,,1.0,5,1,0.9080654956852184,0.00990012246425295,0.9084041897720271,0.009561954264925952,2.9762
50,,1.0,5,2,0.907373012464906,0.009919319185461295,0.9076637913329225,0.009571360157475173,3.4527
50,,1.0,5,5,0.8941291777962777,0.012348059010099126,0.8945242007256795,0.011752314916657434,3.7561
50,,1.0,5,10,0.8831519333400208,0.012607648354980454,0.8834237009652905,0.012098205633926796,4.1618
50,,1.0,10,1,0.9033026134662963,0.010136889095275221,0.9035904018621208,0.009623604643803695,3.2773
50,,1.0,10,2,0.9010027842919428,0.011908264836733583,0.9013698911480796,0.011258408302498584,2.8401
50,,1.0,10,5,0.8941291777962777,0.012348059010099126,0.8945242007256795,0.011752314916657434,2.7036
50,,1.0,10,10,0.8831519333400208,0.012607648354980454,0.8834237009652905,0.012098205633926796,2.8971
50,,1.0,20,1,0.8898884549603607,0.011029846678756056,0.8900824946943245,0.010299524852923432,3.2002
50,,1.0,20,2,0.8873618501228817,0.013420822554173085,0.8874929828164578,0.012906975283630903,3.1545
50,,1.0,20,5,0.8851744087379962,0.013725559694646073,0.885456288081057,0.013119097612141794,2.7273
50,,1.0,20,10,0.8831519333400208,0.012607648354980454,0.8834237009652905,0.012098205633926796,2.4031
50,5,sqrt,2,1,0.8316610289343697,0.02110136911568047,0.8316091599917848,0.02090092350189171,1.9236
50,5,sqrt,2,2,0.8321538205704602,0.021382991513939256,0.832164030944068,0.021229513213930375,1.8678
50,5,sqrt,2,5,0.827667077707234,0.02077047016021432,0.8280961182994455,0.020370392400525936,2.7001
50,5,sqrt,2,10,0.8289617403147995,0.023228562200907337,0.8293886492777436,0.023125222349378676,3.0286
50,5,sqrt,5,1,0.8328500912974384,0.019126589825510694,0.8330882453618127,0.019017142254539224,2.0938
50,5,sqrt,5,2,0.8313685380928056,0.02025287409131028,0.8316074484836037,0.020178057973535904,2.1858
50,5,sqrt,5,5,0.827667077707234,0.02077047016021432,0.8280961182994455,0.020370392400525936,2.3252
50,5,sqrt,5,10,0.8289617403147995,0.023228562200907337,0.8293886492777436,0.023125222349378676,2.1882
50,5,sqrt,10,1,0.8294053499909225,0.01851404052407878,0.8297610734579312,0.018065998803732785,2.083
50,5,sqrt,10,2,0.8292182509066439,0.017830382333145236,0.829575888272746,0.017440753697108596,2.6489
50,5,sqrt,10,5,0.827667077707234,0.02077047016021432,0.8280961182994455,0.020370392400525936,2.5934
50,5,sqrt,10,10,0.8289617403147995,0.023228562200907337,0.8293886492777436,0.023125222349378676,2.3406
50,5,sqrt,20,1,0.8303594347040766,0.0200722652261579,0.8308687615526802,0.01994948648591981,2.6645
50,5,sqrt,20,2,0.831150497672442,0.0192196365792769,0.8316077907852399,0.019150942060773387,2.2728
50,5,sqrt,20,5,0.8301850500611243,0.02176413925391895,0.8306839186691313,0.021517475044908783,2.0823
50,5,sqrt,20,10,0.8289617403147995,0.023228562200907337,0.8293886492777436,0.023125222349378676,2.1252
50,5,log2,2,1,0.8316610289343697,0.02110136911568047,0.8316091599917848,0.02090092350189171,2.5022
50,5,log2,2,2,0.8321538205704602,0.021382991513939256,0.832164030944068,0.021229513213930375,2.2611
50,5,log2,2,5,0.827667077707234,0.02077047016021432,0.8280961182994455,0.020370392400525936,1.7641
50,5,log2,2,10,0.8289617403147995,0.023228562200907337,0.8293886492777436,0.023125222349378676,1.9899
50,5,log2,5,1,0.8328500912974384,0.019126589825510694,0.8330882453618127,0.019017142254539224,1.9683
50,5,log2,5,2,0.8313685380928056,0.02025287409131028,0.8316074484836037,0.020178057973535904,2.0682
50,5,log2,5,5,0.827667077707234,0.02077047016021432,0.8280961182994455,0.020370392400525936,1.7117
50,5,log2,5,10,0.8289617403147995,0.023228562200907337,0.8293886492777436,0.023125222349378676,2.4237
50,5,log2,10,1,0.8294053499909225,0.01851404052407878,0.8297610734579312,0.018065998803732785,2.8554
50,5,log2,10,2,0.8292182509066439,0.017830382333145236,0.829575888272746,0.017440753697108596,1.9865
50,5,log2,10,5,0.827667077707234,0.02077047016021432,0.8280961182994455,0.020370392400525936,2.054
50,5,log2,10,10,0.8289617403147995,0.023228562200907337,0.8293886492777436,0.023125222349378676,1.995
50,5,log2,20,1,0.8303594347040766,0.0200722652261579,0.8308687615526802,0.01994948648591981,2.071
50,5,log2,20,2,0.831150497672442,0.0192196365792769,0.8316077907852399,0.019150942060773387,2.0212
50,5,log2,20,5,0.8301850500611243,0.02176413925391895,0.8306839186691313,0.021517475044908783,1.9493
50,5,log2,20,10,0.8289617403147995,0.023228562200907337,0.8293886492777436,0.023125222349378676,2.3572
50,5,0.5,2,1,0.8316610289343697,0.02110136911568047,0.8316091599917848,0.02090092350189171,2.4853
50,5,0.5,2,2,0.8321538205704602,0.021382991513939256,0.832164030944068,0.021229513213930375,1.9905
50,5,0.5,2,5,0.827667077707234,0.02077047016021432,0.8280961182994455,0.020370392400525936,1.9615
50,5,0.5,2,10,0.8289617403147995,0.023228562200907337,0.8293886492777436,0.023125222349378676,2.5403
50,5,0.5,5,1,0.8328500912974384,0.019126589825510694,0.8330882453618127,0.019017142254539224,2.0035
50,5,0.5,5,2,0.8313685380928056,0.02025287409131028,0.8316074484836037,0.020178057973535904,2.1385
50,5,0.5,5,5,0.827667077707234,0.02077047016021432,0.8280961182994455,0.020370392400525936,1.3197
50,5,0.5,5,10,0.8289617403147995,0.023228562200907337,0.8293886492777436,0.023125222349378676,1.2451
50,5,0.5,10,1,0.8294053499909225,0.01851404052407878,0.8297610734579312,0.018065998803732785,1.2952
50,5,0.5,10,2,0.8292182509066439,0.017830382333145236,0.829575888272746,0.017440753697108596,1.1905
50,5,0.5,10,5,0.827667077707234,0.02077047016021432,0.8280961182994455,0.020370392400525936,1.1879
50,5,0.5,10,10,0.8289617403147995,0.023228562200907337,0.8293886492777436,0.023125222349378676,1.2457
50,5,0.5,20,1,0.8303594347040766,0.0200722652261579,0.8308687615526802,0.01994948648591981,1.2121
50,5,0.5,20,2,0.831150497672442,0.0192196365792769,0.8316077907852399,0.019150942060773387,1.186
50,5,0.5,20,5,0.8301850500611243,0.02176413925391895,0.8306839186691313,0.021517475044908783,1.2036
50,5,0.5,20,10,0.8289617403147995,0.023228562200907337,0.8293886492777436,0.023125222349378676,1.2107
50,5,1.0,2,1,0.8511966532369307,0.014126003618264089,0.8510405969740535,0.014105054522620033,1.3859
50,5,1.0,2,2,0.8517942684949679,0.014349079197232592,0.8515958102279729,0.014334664716091692,1.4109
50,5,1.0,2,5,0.8504635552257426,0.0142476464806465,0.8503012254398575,0.014294960509719887,1.3705
50,5,1.0,2,10,0.8496671215814189,0.014209400140672693,0.8495611693023892,0.014210769884170344,1.4932
50,5,1.0,5,1,0.8509935872914218,0.014601651912322882,0.8508554117888684,0.014535511241834916,1.4401
50,5,1.0,5,2,0.8516234188610163,0.014398220243463305,0.8514109673444239,0.014386135687967124,1.3267
50,5,1.0,5,5,0.8504635552257426,0.0142476464806465,0.8503012254398575,0.014294960509719887,1.3647
50,5,1.0,5,10,0.8496671215814189,0.014209400140672693,0.8495611693023892,0.014210769884170344,1.3882
50,5,1.0,10,1,0.8511934368947701,0.01439825781752585,0.8510405969740535,0.014345241071722149,1.4171
50,5,1.0,10,2,0.8516234188610163,0.014398220243463305,0.8514109673444239,0.014386135687967124,1.3488
50,5,1.0,10,5,0.8504635552257426,0.0142476464806465,0.8503012254398575,0.014294960509719887,1.3408
50,5,1.0,10,10,0.8496671215814189,0.014209400140672693,0.8495611693023892,0.014210769884170344,1.3645
50,5,1.0,20,1,0.8496807453342399,0.014071156109976814,0.8495615116040254,0.013963569383756891,1.395
50,5,1.0,20,2,0.85008206743762,0.014103502453681157,0.8499315396727596,0.01402398766607932,1.4745
50,5,1.0,20,5,0.8498667575036004,0.013896885023601853,0.8497466967892106,0.013908281701490296,1.4116
50,5,1.0,20,10,0.8496671215814189,0.014209400140672693,0.8495611693023892,0.014210769884170344,1.4464
50,10,sqrt,2,1,0.8937436424154773,0.014722083262323282,0.8941579379749435,0.014309710023654134,1.4278
50,10,sqrt,2,2,0.8922718953720915,0.012116536967969669,0.892674744985281,0.011707004108477217,1.3876
50,10,sqrt,2,5,0.8857637842369714,0.013397125813195646,0.8863849524200725,0.01264909994823312,1.3187
50,10,sqrt,2,10,0.8814447241558934,0.01518774846845063,0.8819442732936263,0.014808824258265199,1.4906
50,10,sqrt,5,1,0.8939760358214155,0.013452927796894132,0.8943427808584925,0.013155630297335292,1.4665
50,10,sqrt,5,2,0.8934343170995567,0.01263968170538806,0.8937841445882112,0.012314724886152623,1.3511
50,10,sqrt,5,5,0.8857637842369714,0.013397125813195646,0.8863849524200725,0.01264909994823312,1.259
50,10,sqrt,5,10,0.8814447241558934,0.01518774846845063,0.8819442732936263,0.014808824258265199,1.3524
50,10,sqrt,10,1,0.890782010681596,0.014031433406460878,0.8911966865201617,0.01367980477274056,3.0534
50,10,sqrt,10,2,0.8910959093814078,0.01236915778761551,0.8915667145888957,0.01197950322994911,6.1925
50,10,sqrt,10,5,0.8857637842369714,0.013397125813195646,0.8863849524200725,0.01264909994823312,6.8425
50,10,sqrt,10,10,0.8814447241558934,0.01518774846845063,0.8819442732936263,0.014808824258265199,6.9528
50,10,sqrt,20,1,0.8845887193702001,0.013465029307578999,0.8850872869172315,0.012734695961316846,7.4828
50,10,sqrt,20,2,0.8847586371794224,0.010930349844210062,0.885274525912234,0.010288487734848962,7.3834
50,10,sqrt,20,5,0.8821330464602841,0.0131100632755132,0.8824981173410009,0.012438492781731722,7.6476
50,10,sqrt,20,10,0.8814447241558934,0.01518774846845063,0.8819442732936263,0.014808824258265199,7.9045
50,10,log2,2,1,0.8937436424154773,0.014722083262323282,0.8941579379749435,0.014309710023654134,7.4479
50,10,log2,2,2,0.8922718953720915,0.012116536967969669,0.892674744985281,0.011707004108477217,7.5709
50,10,log2,2,5,0.8857637842369714,0.013397125813195646,0.8863849524200725,0.01264909994823312,8.029
50,10,log2,2,10,0.8814447241558934,0.01518774846845063,0.8819442732936263,0.014808824258265199,4.3404
50,10,log2,5,1,0.8939760358214155,0.013452927796894132,0.8943427808584925,0.013155630297335292,1.6519
50,10,log2,5,2,0.8934343170995567,0.01263968170538806,0.8937841445882112,0.012314724886152623,1.7571
50,10,log2,5,5,0.8857637842369714,0.013397125813195646,0.8863849524200725,0.01264909994823312,1.7583
50,10,log2,5,10,0.8814447241558934,0.01518774846845063,0.8819442732936263,0.014808824258265199,1.8271
50,10,log2,10,1,0.890782010681596,0.014031433406460878,0.8911966865201617,0.01367980477274056,1.7327
50,10,log2,10,2,0.8910959093814078,0.01236915778761551,0.8915667145888957,0.01197950322994911,1.6698
50,10,log2,10,5,0.8857637842369714,0.013397125813195646,0.8863849524200725,0.01264909994823312,1.686
50,10,log2,10,10,0.8814447241558934,0.01518774846845063,0.8819442732936263,0.014808824258265199,1.8392
50,10,log2,20,1,0.8845887193702001,0.013465029307578999,0.8850872869172315,0.012734695961316846,1.6476
50,10,log2,20,2,0.8847586371794224,0.010930349844210062,0.885274525912234,0.010288487734848962,6.5211
50,10,log2,20,5,0.8821330464602841,0.0131100632755132,0.8824981173410009,0.012438492781731722,7.0755
50,10,log2,20,10,0.8814447241558934,0.01518774846845063,0.8819442732936263,0.014808824258265199,8.3723
50,10,0.5,2,1,0.8937436424154773,0.014722083262323282,0.8941579379749435,0.014309710023654134,7.5487
50,10,0.5,2,2,0.8922718953720915,0.012116536967969669,0.892674744985281,0.011707004108477217,7.7577
50,10,0.5,2,5,0.8857637842369714,0.013397125813195646,0.8863849524200725,0.01264909994823312,7.0781
50,10,0.5,2,10,0.8814447241558934,0.01518774846845063,0.8819442732936263,0.014808824258265199,7.2101
50,10,0.5,5,1,0.8939760358214155,0.013452927796894132,0.8943427808584925,0.013155630297335292,6.793
50,10,0.5,5,2,0.8934343170995567,0.01263968170538806,0.8937841445882112,0.012314724886152623,7.698
50,10,0.5,5,5,0.8857637842369714,0.013397125813195646,0.8863849524200725,0.01264909994823312,7.3024
50,10,0.5,5,10,0.8814447241558934,0.01518774846845063,0.8819442732936263,0.014808824258265199,7.394
50,10,0.5,10,1,0.890782010681596,0.014031433406460878,0.8911966865201617,0.01367980477274056,7.5644
50,10,0.5,10,2,0.8910959093814078,0.01236915778761551,0.8915667145888957,0.01197950322994911,7.2759
50,10,0.5,10,5,0.8857637842369714,0.013397125813195646,0.8863849524200725,0.01264909994823312,7.9325
50,10,0.5,10,10,0.8814447241558934,0.01518774846845063,0.8819442732936263,0.014808824258265199,7.8521
50,10,0.5,20,1,0.8845887193702001,0.013465029307578999,0.8850872869172315,0.012734695961316846,2.0406
50,10,0.5,20,2,0.8847586371794224,0.010930349844210062,0.885274525912234,0.010288487734848962,1.9197
50,10,0.5,20,5,0.8821330464602841,0.0131100632755132,0.8824981173410009,0.012438492781731722,1.9548
50,10,0.5,20,10,0.8814447241558934,0.01518774846845063,0.8819442732936263,0.014808824258265199,1.8959
50,10,1.0,2,1,0.8980582657210681,0.013054407906602962,0.8980413500376532,0.012650776609408098,2.2083
50,10,1.0,2,2,0.8967887388408518,0.013090458494384774,0.8967471075511743,0.012811641390171947,2.3262
50,10,1.0,2,5,0.888426081500227,0.015423458407989915,0.8884178818374753,0.01488800317638052,2.2137
50,10,1.0,2,10,0.8814535559103074,0.015151925654330317,0.881573902923256,0.01470043834081619,2.3598
50,10,1.0,5,1,0.8972997571168205,0.01320379274929815,0.8973012939001848,0.01283243922337447,4.3577
50,10,1.0,5,2,0.897201003244804,0.01394665046423694,0.8971167933182722,0.01360523065947897,11.769
50,10,1.0,5,5,0.888426081500227,0.015423458407989915,0.8884178818374753,0.01488800317638052,10.4633
50,10,1.0,5,10,0.8814535559103074,0.015151925654330317,0.881573902923256,0.01470043834081619,9.4136
50,10,1.0,10,1,0.8921687311851787,0.013842089379109102,0.8921181625248169,0.013389876698961559,10.8795
50,10,1.0,10,2,0.8922978385494593,0.013501620900547885,0.8923043746149105,0.013037559789344975,9.5745
50,10,1.0,10,5,0.888426081500227,0.015423458407989915,0.8884178818374753,0.01488800317638052,10.145
50,10,1.0,10,10,0.8814535559103074,0.015151925654330317,0.881573902923256,0.01470043834081619,9.1473
50,10,1.0,20,1,0.883296900540169,0.015630137197340282,0.8832371465735607,0.015077801494399024,9.5913
50,10,1.0,20,2,0.8821715691678265,0.013737364484269626,0.8821263777640859,0.01328236812355905,9.5268
50,10,1.0,20,5,0.880591153561204,0.01373853796009829,0.8806466077907853,0.013255226917731797,10.5369
50,10,1.0,20,10,0.8814535559103074,0.015151925654330317,0.881573902923256,0.01470043834081619,11.7757
50,20,sqrt,2,1,0.9104260802829465,0.009577410482430715,0.9109930170466216,0.008958378239904497,9.9532
50,20,sqrt,2,2,0.9060034354226119,0.011230423454699885,0.9063664681317178,0.010787379968318479,10.6122
50,20,sqrt,2,5,0.8971501014181197,0.011027920103076435,0.8976713219689192,0.010636200445342924,10.4942
50,20,sqrt,2,10,0.8803275039525531,0.014103126894306907,0.8810183473677003,0.013462923705140307,9.1783
50,20,sqrt,5,1,0.9070967686346434,0.009289051038387024,0.9074799753542822,0.009134389270436574,9.6839
50,20,sqrt,5,2,0.9030888936933238,0.008614395102487564,0.9034052166769356,0.008380423644956508,10.2325
50,20,sqrt,5,5,0.8971501014181197,0.011027920103076435,0.8976713219689192,0.010636200445342924,13.5916
50,20,sqrt,5,10,0.8803275039525531,0.014103126894306907,0.8810183473677003,0.013462923705140307,15.7505
50,20,sqrt,10,1,0.8983323530887452,0.009162591690058041,0.8989665913603068,0.008773207556765,17.5177
50,20,sqrt,10,2,0.901708022158909,0.013455138153592828,0.9023009515985487,0.013052403222017646,14.2095
50,20,sqrt,10,5,0.8971501014181197,0.011027920103076435,0.8976713219689192,0.010636200445342924,16.8625
50,20,sqrt,10,10,0.8803275039525531,0.014103126894306907,0.8810183473677003,0.013462923705140307,15.4964
50,20,sqrt,20,1,0.8913549655217716,0.013468584582444675,0.8919329773396317,0.012713761920527518,15.3159
50,20,sqrt,20,2,0.8901984990557841,0.014396417834297475,0.890639419456425,0.013889260159930467,12.3153
50,20,sqrt,20,5,0.8881753769278748,0.014415906247191237,0.8887909906209351,0.01362024715797114,13.515
50,20,sqrt,20,10,0.8803275039525531,0.014103126894306907,0.8810183473677003,0.013462923705140307,13.6827
50,20,log2,2,1,0.9104260802829465,0.009577410482430715,0.9109930170466216,0.008958378239904497,15.2502
50,20,log2,2,2,0.9061801836649993,0.011390055735801647,0.9065513110152669,0.01094789990771189,17.2941
50,20,log2,2,5,0.8971501014181197,0.011027920103076435,0.8976713219689192,0.010636200445342924,15.0085
50,20,log2,2,10,0.8803275039525531,0.014103126894306907,0.8810183473677003,0.013462923705140307,9.8078
50,20,log2,5,1,0.9070967686346434,0.009289051038387024,0.9074799753542822,0.009134389270436574,12.9893
50,20,log2,5,2,0.9030888936933238,0.008614395102487564,0.9034052166769356,0.008380423644956508,9.8997
50,20,log2,5,5,0.8971501014181197,0.011027920103076435,0.8976713219689192,0.010636200445342924,11.2091
50,20,log2,5,10,0.8803275039525531,0.014103126894306907,0.8810183473677003,0.013462923705140307,9.6977
50,20,log2,10,1,0.8983323530887452,0.009162591690058041,0.8989665913603068,0.008773207556765,11.4113
50,20,log2,10,2,0.901708022158909,0.013455138153592828,0.9023009515985487,0.013052403222017646,9.7314
50,20,log2,10,5,0.8971501014181197,0.011027920103076435,0.8976713219689192,0.010636200445342924,9.7932
50,20,log2,10,10,0.8803275039525531,0.014103126894306907,0.8810183473677003,0.013462923705140307,9.7621
50,20,log2,20,1,0.8913549655217716,0.013468584582444675,0.8919329773396317,0.012713761920527518,11.1294
50,20,log2,20,2,0.8901984990557841,0.014396417834297475,0.890639419456425,0.013889260159930467,10.028
50,20,log2,20,5,0.8881753769278748,0.014415906247191237,0.8887909906209351,0.01362024715797114,10.96
50,20,log2,20,10,0.8803275039525531,0.014103126894306907,0.8810183473677003,0.013462923705140307,9.8754
50,20,0.5,2,1,0.9104260802829465,0.009577410482430715,0.9109930170466216,0.008958378239904497,9.1979
50,20,0.5,2,2,0.9061801836649993,0.011390055735801647,0.9065513110152669,0.01094789990771189,7.8344
50,20,0.5,2,5,0.8971501014181197,0.011027920103076435,0.8976713219689192,0.010636200445342924,6.065
50,20,0.5,2,10,0.8803275039525531,0.014103126894306907,0.8810183473677003,0.013462923705140307,6.5809
50,20,0.5,5,1,0.9068976649512346,0.009712695695880107,0.9072951324707331,0.009515329894629186,7.4741
50,20,0.5,5,2,0.9030888936933238,0.008614395102487564,0.9034052166769356,0.008380423644956508,6.0368
50,20,0.5,5,5,0.8971501014181197,0.011027920103076435,0.8976713219689192,0.010636200445342924,6.4872
50,20,0.5,5,10,0.8803275039525531,0.014103126894306907,0.8810183473677003,0.013462923705140307,6.2392
50,20,0.5,10,1,0.8983323530887452,0.009162591690058041,0.8989665913603068,0.008773207556765,6.7482
50,20,0.5,10,2,0.901708022158909,0.013455138153592828,0.9023009515985487,0.013052403222017646,6.4783
50,20,0.5,10,5,0.8971501014181197,0.011027920103076435,0.8976713219689192,0.010636200445342924,6.302
50,20,0.5,10,10,0.8803275039525531,0.014103126894306907,0.8810183473677003,0.013462923705140307,6.0751
50,20,0.5,20,1,0.8913549655217716,0.013468584582444675,0.8919329773396317,0.012713761920527518,6.7163
50,20,0.5,20,2,0.8901984990557841,0.014396417834297475,0.890639419456425,0.013889260159930467,6.4258
50,20,0.5,20,5,0.8881753769278748,0.014415906247191237,0.8887909906209351,0.01362024715797114,5.9118
50,20,0.5,20,10,0.8803275039525531,0.014103126894306907,0.8810183473677003,0.013462923705140307,5.4791
50,20,1.0,2,1,0.9113848831600798,0.01031752107677175,0.9119192852741836,0.009849655494388251,9.4223
50,20,1.0,2,2,0.9081058325199507,0.01040774351487139,0.9084035051687547,0.009921968240682108,9.6981
50,20,1.0,2,5,0.8941291777962777,0.012348059010099126,0.8945242007256795,0.011752314916657434,10.8159
50,20,1.0,2,10,0.8831519333400208,0.012607648354980454,0.8834237009652905,0.012098205633926796,8.1008
50,20,1.0,5,1,0.908613849187839,0.009326828950515524,0.9089597453275827,0.008987676629011813,8.4579
50,20,1.0,5,2,0.9077266576100124,0.009915978619966525,0.9080341617032929,0.00955452319493178,9.4802
50,20,1.0,5,5,0.8941291777962777,0.012348059010099126,0.8945242007256795,0.011752314916657434,8.5837
50,20,1.0,5,10,0.8831519333400208,0.012607648354980454,0.8834237009652905,0.012098205633926796,8.2182
50,20,1.0,10,1,0.9036486231756925,0.010553915451472213,0.903960429930855,0.010007980830498696,9.1153
50,20,1.0,10,2,0.9006485515357454,0.01141569387356221,0.9009995207777093,0.010737021862040593,9.0199
50,20,1.0,10,5,0.8941291777962777,0.012348059010099126,0.8945242007256795,0.011752314916657434,8.6894
50,20,1.0,10,10,0.8831519333400208,0.012607648354980454,0.8834237009652905,0.012098205633926796,11.2429
50,20,1.0,20,1,0.8898884549603607,0.011029846678756056,0.8900824946943245,0.010299524852923432,11.8154
50,20,1.0,20,2,0.8873618501228817,0.013420822554173085,0.8874929828164578,0.012906975283630903,9.5478
50,20,1.0,20,5,0.8851744087379962,0.013725559694646073,0.885456288081057,0.013119097612141794,11.3631
50,20,1.0,20,10,0.8831519333400208,0.012607648354980454,0.8834237009652905,0.012098205633926796,9.6034
100,,sqrt,2,1,0.9123623189687298,0.00964018838064703,0.9128441842952009,0.009218167180766394,13.843
100,,sqrt,2,2,0.9070218044988291,0.012243143739019188,0.907477921544465,0.011866452210302261,15.1788
100,,sqrt,2,5,0.8972556260603893,0.011065435745033806,0.897671321968919,0.010538068179256087,12.6737
100,,sqrt,2,10,0.8843094461603218,0.016556414837620485,0.8850913945368658,0.015713126116601413,14.0954
100,,sqrt,5,1,0.9094077596071791,0.010609095592749243,0.9098843020469639,0.010112965031786965,15.6095
100,,sqrt,5,2,0.9064062486957146,0.012222160007755088,0.9067378654069966,0.011978088059368753,14.7528
100,,sqrt,5,5,0.8972556260603893,0.011065435745033806,0.897671321968919,0.010538068179256087,14.6589
100,,sqrt,5,10,0.8843094461603218,0.016556414837620485,0.8850913945368658,0.015713126116601413,14.7005
100,,sqrt,10,1,0.9010147104250967,0.012082916887551545,0.901556787841446,0.011647862670090678,13.2171
100,,sqrt,10,2,0.8999939994521041,0.012527421074483338,0.9004477305401519,0.012071404795133028,13.1878
100,,sqrt,10,5,0.8972556260603893,0.011065435745033806,0.897671321968919,0.010538068179256087,14.4122
100,,sqrt,10,10,0.8843094461603218,0.016556414837620485,0.8850913945368658,0.015713126116601413,14.8027
100,,sqrt,20,1,0.8936212474354649,0.013653420127531976,0.8941548572602176,0.013064173518517243,13.5306
100,,sqrt,20,2,0.892136592454704,0.015185134588590521,0.8924895598000958,0.01484540147698264,13.2445
100,,sqrt,20,5,0.8892218319588604,0.015446192774363368,0.8897141781337714,0.01474383130285587,13.6097
100,,sqrt,20,10,0.8843094461603218,0.016556414837620485,0.8850913945368658,0.015713126116601413,15.8456
100,,log2,2,1,0.9123623189687298,0.00964018838064703,0.9128441842952009,0.009218167180766394,15.9061
100,,log2,2,2,0.9070218044988291,0.012243143739019188,0.907477921544465,0.011866452210302261,18.938
100,,log2,2,5,0.8972556260603893,0.011065435745033806,0.897671321968919,0.010538068179256087,14.5852
100,,log2,2,10,0.8843094461603218,0.016556414837620485,0.8850913945368658,0.015713126116601413,14.9636
100,,log2,5,1,0.9094077596071791,0.010609095592749243,0.9098843020469639,0.010112965031786965,19.0505
100,,log2,5,2,0.9064062486957146,0.012222160007755088,0.9067378654069966,0.011978088059368753,16.0211
100,,log2,5,5,0.8972556260603893,0.011065435745033806,0.897671321968919,0.010538068179256087,15.4889
100,,log2,5,10,0.8843094461603218,0.016556414837620485,0.8850913945368658,0.015713126116601413,15.3539
100,,log2,10,1,0.9010147104250967,0.012082916887551545,0.901556787841446,0.011647862670090678,16.5298
100,,log2,10,2,0.8999939994521041,0.012527421074483338,0.9004477305401519,0.012071404795133028,16.498
100,,log2,10,5,0.8972556260603893,0.011065435745033806,0.897671321968919,0.010538068179256087,14.6142
100,,log2,10,10,0.8843094461603218,0.016556414837620485,0.8850913945368658,0.015713126116601413,16.4511
100,,log2,20,1,0.8936212474354649,0.013653420127531976,0.8941548572602176,0.013064173518517243,15.2041
100,,log2,20,2,0.892136592454704,0.015185134588590521,0.8924895598000958,0.01484540147698264,14.4493
100,,log2,20,5,0.8892218319588604,0.015446192774363368,0.8897141781337714,0.01474383130285587,17.8457
100,,log2,20,10,0.8843094461603218,0.016556414837620485,0.8850913945368658,0.015713126116601413,11.9596
100,,0.5,2,1,0.9123623189687298,0.00964018838064703,0.9128441842952009,0.009218167180766394,17.1027
100,,0.5,2,2,0.9070218044988291,0.012243143739019188,0.907477921544465,0.011866452210302261,14.8589
100,,0.5,2,5,0.8972556260603893,0.011065435745033806,0.897671321968919,0.010538068179256087,24.4674
100,,0.5,2,10,0.8843094461603218,0.016556414837620485,0.8850913945368658,0.015713126116601413,28.7527
100,,0.5,5,1,0.9094077596071791,0.010609095592749243,0.9098843020469639,0.010112965031786965,28.0596
100,,0.5,5,2,0.9064062486957146,0.012222160007755088,0.9067378654069966,0.011978088059368753,29.3391
100,,0.5,5,5,0.8972556260603893,0.011065435745033806,0.897671321968919,0.010538068179256087,29.8465
100,,0.5,5,10,0.8843094461603218,0.016556414837620485,0.8850913945368658,0.015713126116601413,28.5661
100,,0.5,10,1,0.9010147104250967,0.012082916887551545,0.901556787841446,0.011647862670090678,30.522
100,,0.5,10,2,0.8999939994521041,0.012527421074483338,0.9004477305401519,0.012071404795133028,26.6498
100,,0.5,10,5,0.8972556260603893,0.011065435745033806,0.897671321968919,0.010538068179256087,26.8041
100,,0.5,10,10,0.8843094461603218,0.016556414837620485,0.8850913945368658,0.015713126116601413,20.0219
100,,0.5,20,1,0.8936212474354649,0.013653420127531976,0.8941548572602176,0.013064173518517243,30.1542
100,,0.5,20,2,0.892136592454704,0.015185134588590521,0.8924895598000958,0.01484540147698264,24.9397
100,,0.5,20,5,0.8892218319588604,0.015446192774363368,0.8897141781337714,0.01474383130285587,23.8459
100,,0.5,20,10,0.8843094461603218,0.016556414837620485,0.8850913945368658,0.015713126116601413,25.4228
100,,1.0,2,1,0.9103581357878259,0.009056380491079465,0.9108092010679811,0.008489416220008103,33.135
100,,1.0,2,2,0.9063239433437251,0.010778422620595066,0.9067371808037243,0.010065502371225377,32.3059
100,,1.0,2,5,0.8922544609161944,0.012712524369533879,0.8924885328951871,0.01199788399782181,31.864
100,,1.0,2,10,0.8832145159860134,0.012699833328552646,0.8834230163620183,0.01218876650514847,25.6104
100,,1.0,5,1,0.9071354835127077,0.010488415895413215,0.9074792907510097,0.009971329270541689,20.7907
100,,1.0,5,2,0.9044822597310389,0.011048018394572506,0.9048873827616897,0.010427150820031525,17.9768
100,,1.0,5,5,0.8922544609161944,0.012712524369533879,0.8924885328951871,0.01199788399782181,17.1902
100,,1.0,5,10,0.8832145159860134,0.012699833328552646,0.8834230163620183,0.01218876650514847,13.674
100,,1.0,10,1,0.9009538546119357,0.012304787521533052,0.9013698911480796,0.011646685460615034,17.6518
100,,1.0,10,2,0.8996901515554125,0.012178197568617889,0.9000763332648729,0.01139134208090132,16.7711
100,,1.0,10,5,0.8922544609161944,0.012712524369533879,0.8924885328951871,0.01199788399782181,16.0405
100,,1.0,10,10,0.8832145159860134,0.012699833328552646,0.8834230163620183,0.01218876650514847,17.9404
100,,1.0,20,1,0.8893222308032142,0.014701631333500663,0.8895313890600397,0.013959072144152975,16.6024
100,,1.0,20,2,0.8890841690549038,0.014418254787857614,0.8893444923666737,0.013673781474031943,17.4752
100,,1.0,20,5,0.8856588003336194,0.01389227517132246,0.885827685356336,0.013228262479808277,17.7314
100,,1.0,20,10,0.8832145159860134,0.012699833328552646,0.8834230163620183,0.01218876650514847,14.5327
100,5,sqrt,2,1,0.833455779096471,0.021424630473995638,0.833275142055179,0.021361310830020547,11.6639
100,5,sqrt,2,2,0.8313257188405,0.021791377375847482,0.8312405011295955,0.02161440843226006,9.9321
100,5,sqrt,2,5,0.8308387472055155,0.02221893323966666,0.8308714999657699,0.021943967746655607,11.319
100,5,sqrt,2,10,0.8300342042994133,0.023167120430107234,0.8301307592250291,0.023113167162018746,11.8542
100,5,sqrt,5,1,0.8320087392001442,0.02074932468542984,0.8319798726637913,0.0206144191455403,11.0119
100,5,sqrt,5,2,0.8295919465686511,0.021905443783493815,0.8295748613678373,0.021782955120347718,11.7357
100,5,sqrt,5,5,0.8308387472055155,0.02221893323966666,0.8308714999657699,0.021943967746655607,8.7441
100,5,sqrt,5,10,0.8300342042994133,0.023167120430107234,0.8301307592250291,0.023113167162018746,10.158
100,5,sqrt,10,1,0.8323955883928983,0.021991818866920185,0.8323512699390703,0.021791258138956993,16.3434
100,5,sqrt,10,2,0.8318124178472708,0.021569379175964007,0.8317967412884233,0.021248867990479023,14.6039
100,5,sqrt,10,5,0.8308387472055155,0.02221893323966666,0.8308714999657699,0.021943967746655607,16.4938
100,5,sqrt,10,10,0.8300342042994133,0.023167120430107234,0.8301307592250291,0.023113167162018746,14.627
100,5,sqrt,20,1,0.8317813274331314,0.021709202361935315,0.8317946874786062,0.021710834557658234,11.4827
100,5,sqrt,20,2,0.8317454857292089,0.02086193562924782,0.8317953720818785,0.020819516989185285,16.4831
100,5,sqrt,20,5,0.8320904437139596,0.022056662637248748,0.8321647155473402,0.02203501166238392,15.2453
100,5,sqrt,20,10,0.8300342042994133,0.023167120430107234,0.8301307592250291,0.023113167162018746,13.2609
100,5,log2,2,1,0.833455779096471,0.021424630473995638,0.833275142055179,0.021361310830020547,14.485
100,5,log2,2,2,0.8313257188405,0.021791377375847482,0.8312405011295955,0.02161440843226006,12.2002
100,5,log2,2,5,0.8308387472055155,0.02221893323966666,0.8308714999657699,0.021943967746655607,13.9361
100,5,log2,2,10,0.8300342042994133,0.023167120430107234,0.8301307592250291,0.023113167162018746,14.5367
100,5,log2,5,1,0.8320087392001442,0.02074932468542984,0.8319798726637913,0.0206144191455403,14.0017
100,5,log2,5,2,0.8295919465686511,0.021905443783493815,0.8295748613678373,0.021782955120347718,12.927
100,5,log2,5,5,0.8308387472055155,0.02221893323966666,0.8308714999657699,0.021943967746655607,12.4405
100,5,log2,5,10,0.8300342042994133,0.023167120430107234,0.8301307592250291,0.023113167162018746,12.8245
100,5,log2,10,1,0.8323955883928983,0.021991818866920185,0.8323512699390703,0.021791258138956993,14.9954
100,5,log2,10,2,0.8318124178472708,0.021569379175964007,0.8317967412884233,0.021248867990479023,12.0656
100,5,log2,10,5,0.8308387472055155,0.02221893323966666,0.8308714999657699,0.021943967746655607,12.668
100,5,log2,10,10,0.8300342042994133,0.023167120430107234,0.8301307592250291,0.023113167162018746,12.8451
100,5,log2,20,1,0.8317813274331314,0.021709202361935315,0.8317946874786062,0.021710834557658234,14.9306
100,5,log2,20,2,0.8317454857292089,0.02086193562924782,0.8317953720818785,0.020819516989185285,20.6778
100,5,log2,20,5,0.8320904437139596,0.022056662637248748,0.8321647155473402,0.02203501166238392,20.2333
100,5,log2,20,10,0.8300342042994133,0.023167120430107234,0.8301307592250291,0.023113167162018746,16.197
100,5,0.5,2,1,0.833455779096471,0.021424630473995638,0.833275142055179,0.021361310830020547,14.7668
100,5,0.5,2,2,0.8313257188405,0.021791377375847482,0.8312405011295955,0.02161440843226006,15.5459
100,5,0.5,2,5,0.8308387472055155,0.02221893323966666,0.8308714999657699,0.021943967746655607,17.3142
100,5,0.5,2,10,0.8300342042994133,0.023167120430107234,0.8301307592250291,0.023113167162018746,15.0154
100,5,0.5,5,1,0.8320087392001442,0.02074932468542984,0.8319798726637913,0.0206144191455403,16.4249
100,5,0.5,5,2,0.8295919465686511,0.021905443783493815,0.8295748613678373,0.021782955120347718,17.6437
100,5,0.5,5,5,0.8308387472055155,0.02221893323966666,0.8308714999657699,0.021943967746655607,17.1401
100,5,0.5,5,10,0.8300342042994133,0.023167120430107234,0.8301307592250291,0.023113167162018746,17.7543
100,5,0.5,10,1,0.8323955883928983,0.021991818866920185,0.8323512699390703,0.021791258138956993,14.4427
100,5,0.5,10,2,0.8318124178472708,0.021569379175964007,0.8317967412884233,0.021248867990479023,18.1918
100,5,0.5,10,5,0.8308387472055155,0.02221893323966666,0.8308714999657699,0.021943967746655607,14.5176
100,5,0.5,10,10,0.8300342042994133,0.023167120430107234,0.8301307592250291,0.023113167162018746,11.852
100,5,0.5,20,1,0.8317813274331314,0.021709202361935315,0.8317946874786062,0.021710834557658234,16.6157
100,5,0.5,20,2,0.8317454857292089,0.02086193562924782,0.8317953720818785,0.020819516989185285,17.2639
100,5,0.5,20,5,0.8320904437139596,0.022056662637248748,0.8321647155473402,0.02203501166238392,20.8208
100,5,0.5,20,10,0.8300342042994133,0.023167120430107234,0.8301307592250291,0.023113167162018746,17.8219
100,5,1.0,2,1,0.8523514781816146,0.017716593999209013,0.8521530772917094,0.017669473128416543,25.7399
100,5,1.0,2,2,0.8525497113839935,0.01735434107228224,0.8523382624768946,0.01730299223067219,39.855
100,5,1.0,2,5,0.8517332908867701,0.017519498549478995,0.85159786403779,0.017502052289291057,38.8047
100,5,1.0,2,10,0.8501970387635351,0.016789871787179028,0.8501177517628534,0.016720606671123222,35.4548
100,5,1.0,5,1,0.852147085001252,0.018021743645156556,0.8519682344081605,0.0179279474006179,32.5847
100,5,1.0,5,2,0.8521801054911853,0.017702071606979005,0.8519682344081605,0.017659121392404695,42.8048
100,5,1.0,5,5,0.8517332908867701,0.017519498549478995,0.85159786403779,0.017502052289291057,41.1417
100,5,1.0,5,10,0.8501970387635351,0.016789871787179028,0.8501177517628534,0.016720606671123222,36.6159
100,5,1.0,10,1,0.8515807698330781,0.017644252553508218,0.8514126788526049,0.01756540222810172,33.0596
100,5,1.0,10,2,0.8519852473208218,0.01717647651946736,0.8517830492229754,0.017157029682179872,38.9653
100,5,1.0,10,5,0.8517332908867701,0.017519498549478995,0.85159786403779,0.017502052289291057,38.7177
100,5,1.0,10,10,0.8501970387635351,0.016789871787179028,0.8501177517628534,0.016720606671123222,36.5807
100,5,1.0,20,1,0.8507869292241995,0.017906213148724807,0.8506726227151367,0.017816600191290107,27.7456
100,5,1.0,20,2,0.8509913224045622,0.017614850024304893,0.8508574655986856,0.017570122202631017,28.1101
100,5,1.0,20,5,0.8511388576748441,0.01768838676446202,0.8510426507838706,0.017667620410404504,26.5976
100,5,1.0,20,10,0.8501970387635351,0.016789871787179028,0.8501177517628534,0.016720606671123222,28.9317
100,10,sqrt,2,1,0.8949035170088905,0.012725298837648813,0.8952669952762374,0.012380721981062307,27.474
100,10,sqrt,2,2,0.8944998549197495,0.015285768606956553,0.8948976518107757,0.01487633421602082,25.6499
100,10,sqrt,2,5,0.8887218498185099,0.01544513223481688,0.8891603340863969,0.0148532837728856,22.0453
100,10,sqrt,2,10,0.8812660463124338,0.015049629537941098,0.8817594304100773,0.014678539537999285,19.3846
100,10,sqrt,5,1,0.8943361476217568,0.013389559541409767,0.8947121243239543,0.012928958624009978,18.4064
100,10,sqrt,5,2,0.8920776210456058,0.014504417607573714,0.8924909290066407,0.013948962451195118,16.773
100,10,sqrt,5,5,0.8887218498185099,0.01544513223481688,0.8891603340863969,0.0148532837728856,16.0277
100,10,sqrt,5,10,0.8812660463124338,0.015049629537941098,0.8817594304100773,0.014678539537999285,14.5896
100,10,sqrt,10,1,0.8888566436569741,0.015568394490179945,0.8891617032929418,0.015115057969763139,15.2099
100,10,sqrt,10,2,0.8921838505448283,0.014344492400296529,0.8924926405148217,0.014054307083895655,14.8823
100,10,sqrt,10,5,0.8887218498185099,0.01544513223481688,0.8891603340863969,0.0148532837728856,13.1508
100,10,sqrt,10,10,0.8812660463124338,0.015049629537941098,0.8817594304100773,0.014678539537999285,15.0128
100,10,sqrt,20,1,0.8845651991274714,0.015994310068395735,0.884906551653317,0.015518294657622753,16.9063
100,10,sqrt,20,2,0.8877465066036198,0.015673489735067294,0.8880505921818307,0.015071858730764507,14.4467
100,10,sqrt,20,5,0.8836733510959036,0.014296632611239526,0.8837933867323885,0.013788290715769844,18.6568
100,10,sqrt,20,10,0.8812660463124338,0.015049629537941098,0.8817594304100773,0.014678539537999285,14.1783
100,10,log2,2,1,0.8949035170088905,0.012725298837648813,0.8952669952762374,0.012380721981062307,17.8774
100,10,log2,2,2,0.8944998549197495,0.015285768606956553,0.8948976518107757,0.01487633421602082,13.873
100,10,log2,2,5,0.8887218498185099,0.01544513223481688,0.8891603340863969,0.0148532837728856,14.0463
100,10,log2,2,10,0.8812660463124338,0.015049629537941098,0.8817594304100773,0.014678539537999285,12.6396
100,10,log2,5,1,0.8943361476217568,0.013389559541409767,0.8947121243239543,0.012928958624009978,14.329
100,10,log2,5,2,0.8920776210456058,0.014504417607573714,0.8924909290066407,0.013948962451195118,13.7691
100,10,log2,5,5,0.8887218498185099,0.01544513223481688,0.8891603340863969,0.0148532837728856,12.4177
100,10,log2,5,10,0.8812660463124338,0.015049629537941098,0.8817594304100773,0.014678539537999285,15.9475
100,10,log2,10,1,0.8888566436569741,0.015568394490179945,0.8891617032929418,0.015115057969763139,16.3299
100,10,log2,10,2,0.8921838505448283,0.014344492400296529,0.8924926405148217,0.014054307083895655,16.3749
100,10,log2,10,5,0.8887218498185099,0.01544513223481688,0.8891603340863969,0.0148532837728856,15.7911
100,10,log2,10,10,0.8812660463124338,0.015049629537941098,0.8817594304100773,0.014678539537999285,17.3596
100,10,log2,20,1,0.8845651991274714,0.015994310068395735,0.884906551653317,0.015518294657622753,15.3434
100,10,log2,20,2,0.8877465066036198,0.015673489735067294,0.8880505921818307,0.015071858730764507,15.2236
100,10,log2,20,5,0.8836733510959036,0.014296632611239526,0.8837933867323885,0.013788290715769844,13.9061
100,10,log2,20,10,0.8812660463124338,0.015049629537941098,0.8817594304100773,0.014678539537999285,14.1317
100,10,0.5,2,1,0.8949035170088905,0.012725298837648813,0.8952669952762374,0.012380721981062307,14.0657
100,10,0.5,2,2,0.8944998549197495,0.015285768606956553,0.8948976518107757,0.01487633421602082,17.7288
100,10,0.5,2,5,0.8887218498185099,0.01544513223481688,0.8891603340863969,0.0148532837728856,12.2001
100,10,0.5,2,10,0.8812660463124338,0.015049629537941098,0.8817594304100773,0.014678539537999285,12.7291
100,10,0.5,5,1,0.8943361476217568,0.013389559541409767,0.8947121243239543,0.012928958624009978,13.1935
100,10,0.5,5,2,0.8920776210456058,0.014504417607573714,0.8924909290066407,0.013948962451195118,13.4199
100,10,0.5,5,5,0.8887218498185099,0.01544513223481688,0.8891603340863969,0.0148532837728856,16.1187
100,10,0.5,5,10,0.8812660463124338,0.015049629537941098,0.8817594304100773,0.014678539537999285,13.152
100,10,0.5,10,1,0.8888566436569741,0.015568394490179945,0.8891617032929418,0.015115057969763139,15.6702
100,10,0.5,10,2,0.8921838505448283,0.014344492400296529,0.8924926405148217,0.014054307083895655,12.9033
100,10,0.5,10,5,0.8887218498185099,0.01544513223481688,0.8891603340863969,0.0148532837728856,15.1822
100,10,0.5,10,10,0.8812660463124338,0.015049629537941098,0.8817594304100773,0.014678539537999285,19.6595
100,10,0.5,20,1,0.8845651991274714,0.015994310068395735,0.884906551653317,0.015518294657622753,19.2831
100,10,0.5,20,2,0.8877465066036198,0.015673489735067294,0.8880505921818307,0.015071858730764507,19.1948
100,10,0.5,20,5,0.8836733510959036,0.014296632611239526,0.8837933867323885,0.013788290715769844,20.1624
100,10,0.5,20,10,0.8812660463124338,0.015049629537941098,0.8817594304100773,0.014678539537999285,19.5457
100,10,1.0,2,1,0.8970792093573481,0.012403830369623725,0.8971157664133635,0.011862375881011487,25.7114
100,10,1.0,2,2,0.8971214125393114,0.01274877911807417,0.8971171356199081,0.012362408086037084,23.5799
100,10,1.0,2,5,0.8886886089492231,0.014557947966792665,0.8886030670226605,0.014076144369665146,20.7322
100,10,1.0,2,10,0.8813157496706386,0.014948921790287619,0.8813880331347985,0.01445533228282087,22.7262
100,10,1.0,5,1,0.8961179980094831,0.013398690107931257,0.8961908673923462,0.012941010658984292,25.7844
100,10,1.0,5,2,0.8945049816916638,0.013921014511374228,0.8945255699322242,0.013450800966974126,30.6121
100,10,1.0,5,5,0.8886886089492231,0.014557947966792665,0.8886030670226605,0.014076144369665146,30.8064
100,10,1.0,5,10,0.8813157496706386,0.014948921790287619,0.8813880331347985,0.01445533228282087,25.6903
100,10,1.0,10,1,0.8909801681089448,0.012635686505059147,0.8910097898267952,0.012177671090706511,29.3304
100,10,1.0,10,2,0.8904646914780706,0.01396234309274337,0.8904549188745122,0.013467889892335333,28.5143
100,10,1.0,10,5,0.8886886089492231,0.014557947966792665,0.8886030670226605,0.014076144369665146,27.537
100,10,1.0,10,10,0.8813157496706386,0.014948921790287619,0.8813880331347985,0.01445533228282087,22.4002
100,10,1.0,20,1,0.8863584997069976,0.016637000436568117,0.8863849524200725,0.015893631474228512,25.9798
100,10,1.0,20,2,0.8850710103413253,0.015573594424128097,0.8850889984254126,0.014859072533765094,27.8016
100,10,1.0,20,5,0.8831075014801272,0.01382075646707371,0.8830533305949203,0.013258823455621842,28.9401
100,10,1.0,20,10,0.8813157496706386,0.014948921790287619,0.8813880331347985,0.01445533228282087,24.9993
100,20,sqrt,2,1,0.9116414220415365,0.009448029040495666,0.9121034435544602,0.009064182028549587,29.2108
100,20,sqrt,2,2,0.9077306026983807,0.01260593289696118,0.9082186622852058,0.012234715244327793,25.3199
100,20,sqrt,2,5,0.897788326340405,0.010143331613684595,0.8982261929212021,0.009622655330347993,17.9763
100,20,sqrt,2,10,0.8843094461603218,0.016556414837620485,0.8850913945368658,0.015713126116601413,23.8769
100,20,sqrt,5,1,0.9092715643022155,0.01040391485918151,0.9096987745601425,0.00983440907514858,20.5638
100,20,sqrt,5,2,0.9064033460402907,0.011453101566283019,0.9067382077086329,0.011206379083544837,20.7687
100,20,sqrt,5,5,0.897788326340405,0.010143331613684595,0.8982261929212021,0.009622655330347993,17.2153
100,20,sqrt,5,10,0.8843094461603218,0.016556414837620485,0.8850913945368658,0.015713126116601413,16.1647
100,20,sqrt,10,1,0.9002945474199384,0.010441040826627772,0.9008157047990688,0.010026179710440673,15.7383
100,20,sqrt,10,2,0.9015002000314107,0.01428780757782981,0.9019295543232697,0.014033457037520385,14.3481
100,20,sqrt,10,5,0.897788326340405,0.010143331613684595,0.8982261929212021,0.009622655330347993,13.5302
100,20,sqrt,10,10,0.8843094461603218,0.016556414837620485,0.8850913945368658,0.015713126116601413,15.0076
100,20,sqrt,20,1,0.8940047361390819,0.013689535461299598,0.8945262545354966,0.013162169006364249,15.3178
100,20,sqrt,20,2,0.8915017811598884,0.01555477471604006,0.8919350311494488,0.01515537256427473,13.7407
100,20,sqrt,20,5,0.8890243106527824,0.01528383680731281,0.8895293352502225,0.014575682903983112,15.0523
100,20,sqrt,20,10,0.8843094461603218,0.016556414837620485,0.8850913945368658,0.015713126116601413,12.1836
100,20,log2,2,1,0.9116414220415365,0.009448029040495666,0.9121034435544602,0.009064182028549587,16.4155
100,20,log2,2,2,0.9077306026983807,0.01260593289696118,0.9082186622852058,0.012234715244327793,22.2099
100,20,log2,2,5,0.897788326340405,0.010143331613684595,0.8982261929212021,0.009622655330347993,23.9123
100,20,log2,2,10,0.8843094461603218,0.016556414837620485,0.8850913945368658,0.015713126116601413,21.2734
100,20,log2,5,1,0.9092715643022155,0.01040391485918151,0.9096987745601425,0.00983440907514858,24.0328
100,20,log2,5,2,0.9064033460402907,0.011453101566283019,0.9067382077086329,0.011206379083544837,21.6374
100,20,log2,5,5,0.897788326340405,0.010143331613684595,0.8982261929212021,0.009622655330347993,19.9632
100,20,log2,5,10,0.8843094461603218,0.016556414837620485,0.8850913945368658,0.015713126116601413,16.4142
100,20,log2,10,1,0.9002945474199384,0.010441040826627772,0.9008157047990688,0.010026179710440673,19.9211
100,20,log2,10,2,0.9015002000314107,0.01428780757782981,0.9019295543232697,0.014033457037520385,17.946
100,20,log2,10,5,0.897788326340405,0.010143331613684595,0.8982261929212021,0.009622655330347993,17.3557
100,20,log2,10,10,0.8843094461603218,0.016556414837620485,0.8850913945368658,0.015713126116601413,18.4949
100,20,log2,20,1,0.8940047361390819,0.013689535461299598,0.8945262545354966,0.013162169006364249,23.403
100,20,log2,20,2,0.8915017811598884,0.01555477471604006,0.8919350311494488,0.01515537256427473,18.6527
100,20,log2,20,5,0.8890243106527824,0.01528383680731281,0.8895293352502225,0.014575682903983112,20.3822
100,20,log2,20,10,0.8843094461603218,0.016556414837620485,0.8850913945368658,0.015713126116601413,19.3101
100,20,0.5,2,1,0.9116414220415365,0.009448029040495666,0.9121034435544602,0.009064182028549587,22.5354
100,20,0.5,2,2,0.9077306026983807,0.01260593289696118,0.9082186622852058,0.012234715244327793,20.069
100,20,0.5,2,5,0.897788326340405,0.010143331613684595,0.8982261929212021,0.009622655330347993,15.9473
100,20,0.5,2,10,0.8843094461603218,0.016556414837620485,0.8850913945368658,0.015713126116601413,18.9143
100,20,0.5,5,1,0.9092715643022155,0.01040391485918151,0.9096987745601425,0.00983440907514858,21.54
100,20,0.5,5,2,0.9064033460402907,0.011453101566283019,0.9067382077086329,0.011206379083544837,18.107
100,20,0.5,5,5,0.897788326340405,0.010143331613684595,0.8982261929212021,0.009622655330347993,16.233
100,20,0.5,5,10,0.8843094461603218,0.016556414837620485,0.8850913945368658,0.015713126116601413,20.8104
100,20,0.5,10,1,0.9002945474199384,0.010441040826627772,0.9008157047990688,0.010026179710440673,21.4644
100,20,0.5,10,2,0.9015002000314107,0.01428780757782981,0.9019295543232697,0.014033457037520385,20.8434
100,20,0.5,10,5,0.897788326340405,0.010143331613684595,0.8982261929212021,0.009622655330347993,19.4936
100,20,0.5,10,10,0.8843094461603218,0.016556414837620485,0.8850913945368658,0.015713126116601413,17.8134
100,20,0.5,20,1,0.8940047361390819,0.013689535461299598,0.8945262545354966,0.013162169006364249,18.397
100,20,0.5,20,2,0.8915017811598884,0.01555477471604006,0.8919350311494488,0.01515537256427473,19.7541
100,20,0.5,20,5,0.8890243106527824,0.01528383680731281,0.8895293352502225,0.014575682903983112,18.0384
100,20,0.5,20,10,0.8843094461603218,0.016556414837620485,0.8850913945368658,0.015713126116601413,17.434
100,20,1.0,2,1,0.9115008054506746,0.0094470017126437,0.9119203121790921,0.008968867674532165,25.8203
100,20,1.0,2,2,0.9061337047323021,0.010864085454692845,0.9065523379201753,0.010200451584531546,26.8418
100,20,1.0,2,5,0.8922544609161944,0.012712524369533879,0.8924885328951871,0.01199788399782181,25.7552
100,20,1.0,2,10,0.8832145159860134,0.012699833328552646,0.8834230163620183,0.01218876650514847,25.6675
100,20,1.0,5,1,0.9071357991684627,0.011182226888521222,0.9074796330526459,0.010698578520968081,27.6445
100,20,1.0,5,2,0.904856752936027,0.010636907587961797,0.9052567262271513,0.010019054406454342,27.321
100,20,1.0,5,5,0.8922544609161944,0.012712524369533879,0.8924885328951871,0.01199788399782181,25.3086
100,20,1.0,5,10,0.8832145159860134,0.012699833328552646,0.8834230163620183,0.01218876650514847,24.0101
100,20,1.0,10,1,0.9013227192397923,0.012645302552019922,0.9017399192168138,0.011977805437565893,36.3439
100,20,1.0,10,2,0.8996901515554125,0.012178197568617889,0.9000763332648729,0.01139134208090132,42.9524
100,20,1.0,10,5,0.8922544609161944,0.012712524369533879,0.8924885328951871,0.01199788399782181,47.0205
100,20,1.0,10,10,0.8832145159860134,0.012699833328552646,0.8834230163620183,0.01218876650514847,47.4745
100,20,1.0,20,1,0.8893222308032142,0.014701631333500663,0.8895313890600397,0.013959072144152975,55.2693
100,20,1.0,20,2,0.8890841690549038,0.014418254787857614,0.8893444923666737,0.013673781474031943,48.9277
100,20,1.0,20,5,0.8856588003336194,0.01389227517132246,0.885827685356336,0.013228262479808277,43.953
100,20,1.0,20,10,0.8832145159860134,0.012699833328552646,0.8834230163620183,0.01218876650514847,40.1048
200,,sqrt,2,1,0.9135932075789419,0.010726890938979558,0.9139528992948586,0.010339391764902017,53.8417
200,,sqrt,2,2,0.9076598680722444,0.010733591430254968,0.9080327924967481,0.010390576969897442,58.1089
200,,sqrt,2,5,0.8986570440611217,0.01083194896194699,0.8991507496405834,0.010394393106005336,60.696
200,,sqrt,2,10,0.8867621151370214,0.01563890458340048,0.8873105360443623,0.014921780200032975,50.904
200,,sqrt,5,1,0.9098010336494754,0.010455492382365253,0.9102529609091532,0.009963482223146776,53.6463
200,,sqrt,5,2,0.9078651336825511,0.011363251687095722,0.9082186622852056,0.011024503541518203,48.1543
200,,sqrt,5,5,0.8986570440611217,0.01083194896194699,0.8991507496405834,0.010394393106005336,41.6117
200,,sqrt,5,10,0.8867621151370214,0.01563890458340048,0.8873105360443623,0.014921780200032975,47.7251
200,,sqrt,10,1,0.9013840898493767,0.01191636901706745,0.9019275005134524,0.011473950789319813,53.4071
200,,sqrt,10,2,0.9008119915266215,0.015582509974980728,0.9011884712808926,0.01517293298577474,47.6764
200,,sqrt,10,5,0.8986570440611217,0.01083194896194699,0.8991507496405834,0.010394393106005336,46.7019
200,,sqrt,10,10,0.8867621151370214,0.01563890458340048,0.8873105360443623,0.014921780200032975,48.1773
200,,sqrt,20,1,0.8937835618274954,0.015137228040438544,0.894340384747039,0.014424894111562222,43.7214
200,,sqrt,20,2,0.8936554147009363,0.014047644951697687,0.8941558841651263,0.013541907338791986,47.9297
200,,sqrt,20,5,0.8897522629495217,0.013330776111564545,0.8902687067844184,0.01267359652457241,45.1763
200,,sqrt,20,10,0.8867621151370214,0.01563890458340048,0.8873105360443623,0.014921780200032975,43.2311
200,,log2,2,1,0.9135932075789419,0.010726890938979558,0.9139528992948586,0.010339391764902017,44.0682
200,,log2,2,2,0.9076598680722444,0.010733591430254968,0.9080327924967481,0.010390576969897442,44.8199
200,,log2,2,5,0.8986570440611217,0.01083194896194699,0.8991507496405834,0.010394393106005336,46.626
200,,log2,2,10,0.8867621151370214,0.01563890458340048,0.8873105360443623,0.014921780200032975,42.0007
200,,log2,5,1,0.9098010336494754,0.010455492382365253,0.9102529609091532,0.009963482223146776,41.3324
200,,log2,5,2,0.9078651336825511,0.011363251687095722,0.9082186622852056,0.011024503541518203,45.4951
200,,log2,5,5,0.8986570440611217,0.01083194896194699,0.8991507496405834,0.010394393106005336,37.6689
200,,log2,5,10,0.8867621151370214,0.01563890458340048,0.8873105360443623,0.014921780200032975,16.3411
200,,log2,10,1,0.9013840898493767,0.01191636901706745,0.9019275005134524,0.011473950789319813,17.4214
200,,log2,10,2,0.9008119915266215,0.015582509974980728,0.9011884712808926,0.01517293298577474,16.1029
200,,log2,10,5,0.8986570440611217,0.01083194896194699,0.8991507496405834,0.010394393106005336,16.1632
200,,log2,10,10,0.8867621151370214,0.01563890458340048,0.8873105360443623,0.014921780200032975,16.6429
200,,log2,20,1,0.8937835618274954,0.015137228040438544,0.894340384747039,0.014424894111562222,16.1667
200,,log2,20,2,0.8936554147009363,0.014047644951697687,0.8941558841651263,0.013541907338791986,18.0372
200,,log2,20,5,0.8897522629495217,0.013330776111564545,0.8902687067844184,0.01267359652457241,16.3661
200,,log2,20,10,0.8867621151370214,0.01563890458340048,0.8873105360443623,0.014921780200032975,17.1857
200,,0.5,2,1,0.9135932075789419,0.010726890938979558,0.9139528992948586,0.010339391764902017,18.2516
200,,0.5,2,2,0.9076598680722444,0.010733591430254968,0.9080327924967481,0.010390576969897442,18.4623
200,,0.5,2,5,0.8986570440611217,0.01083194896194699,0.8991507496405834,0.010394393106005336,15.7286
200,,0.5,2,10,0.8867621151370214,0.01563890458340048,0.8873105360443623,0.014921780200032975,16.1506
200,,0.5,5,1,0.9098010336494754,0.010455492382365253,0.9102529609091532,0.009963482223146776,18.0703
200,,0.5,5,2,0.9078651336825511,0.011363251687095722,0.9082186622852056,0.011024503541518203,17.3461
200,,0.5,5,5,0.8986570440611217,0.01083194896194699,0.8991507496405834,0.010394393106005336,16.6291
200,,0.5,5,10,0.8867621151370214,0.01563890458340048,0.8873105360443623,0.014921780200032975,17.1694
200,,0.5,10,1,0.9013840898493767,0.01191636901706745,0.9019275005134524,0.011473950789319813,18.5832
200,,0.5,10,2,0.9008119915266215,0.015582509974980728,0.9011884712808926,0.01517293298577474,17.8644
200,,0.5,10,5,0.8986570440611217,0.01083194896194699,0.8991507496405834,0.010394393106005336,18.614
200,,0.5,10,10,0.8867621151370214,0.01563890458340048,0.8873105360443623,0.014921780200032975,19.6261
200,,0.5,20,1,0.8937835618274954,0.015137228040438544,0.894340384747039,0.014424894111562222,18.8267
200,,0.5,20,2,0.8936554147009363,0.014047644951697687,0.8941558841651263,0.013541907338791986,18.9086
200,,0.5,20,5,0.8897522629495217,0.013330776111564545,0.8902687067844184,0.01267359652457241,19.4604
200,,0.5,20,10,0.8867621151370214,0.01563890458340048,0.8873105360443623,0.014921780200032975,19.7719
200,,1.0,2,1,0.9096171195456721,0.010638546261217793,0.9100701718354213,0.010141832020255379,30.9072
200,,1.0,2,2,0.9061856635037341,0.009458318073349414,0.906553364825084,0.008893967792370946,33.7302
200,,1.0,2,5,0.8955271339097426,0.011909651107956621,0.8958201547203396,0.011270404901352756,28.2247
200,,1.0,2,10,0.8834661381997881,0.01234580541627524,0.8837944136372972,0.01191377646505896,29.2253
200,,1.0,5,1,0.9077464191880779,0.012186832245375133,0.9082203737933867,0.011645275051858492,30.7381
200,,1.0,5,2,0.9052337699870427,0.009743019459382747,0.905629150407339,0.009252784425774704,31.132
200,,1.0,5,5,0.8955271339097426,0.011909651107956621,0.8958201547203396,0.011270404901352756,31.4367
200,,1.0,5,10,0.8834661381997881,0.01234580541627524,0.8837944136372972,0.01191377646505896,30.446
200,,1.0,10,1,0.9038755942097015,0.012763885773021079,0.904333196412679,0.012143602325769722,31.2214
200,,1.0,10,2,0.9009260666121186,0.012570261742446366,0.9013726295611694,0.011941745463949582,32.5899
200,,1.0,10,5,0.8955271339097426,0.011909651107956621,0.8958201547203396,0.011270404901352756,29.8937
200,,1.0,10,10,0.8834661381997881,0.01234580541627524,0.8837944136372972,0.01191377646505896,29.674
200,,1.0,20,1,0.890676106748062,0.015554492421699533,0.8910115013349763,0.01476089739653536,29.0775
200,,1.0,20,2,0.8904761033397639,0.015110622730538512,0.8908256315465188,0.0142367535827751,30.4594
200,,1.0,20,5,0.8856755966335375,0.014080750796549746,0.8860162935578831,0.013453413653781505,28.4603
200,,1.0,20,10,0.8834661381997881,0.01234580541627524,0.8837944136372972,0.01191377646505896,28.1479
200,5,sqrt,2,1,0.8329436182770852,0.023349682715136134,0.8327185595947147,0.023327837782267647,20.4555
200,5,sqrt,2,2,0.8327523119476083,0.022051702004795278,0.8325344013144382,0.022067453564915324,21.4492
200,5,sqrt,2,5,0.8310143538024011,0.022128648155842277,0.8308694461559526,0.02195982105627071,18.3375
200,5,sqrt,2,10,0.833201814520144,0.022887395327863085,0.8330913260765385,0.022846247367362214,17.8918
200,5,sqrt,5,1,0.8324725429007414,0.02273530425210337,0.832164030944068,0.022785200061280056,19.4888
200,5,sqrt,5,2,0.8324080482050613,0.02169135005969696,0.8321636886424318,0.02169554902639778,20.9031
200,5,sqrt,5,5,0.8310143538024011,0.022128648155842277,0.8308694461559526,0.02195982105627071,23.03
200,5,sqrt,5,10,0.833201814520144,0.022887395327863085,0.8330913260765385,0.022846247367362214,21.6254
200,5,sqrt,10,1,0.8329600674157511,0.02299004027288995,0.8329040870815362,0.023015491545590325,18.0623
200,5,sqrt,10,2,0.8318728183715717,0.023286498855809648,0.8317940028753338,0.02322784626002568,21.4752
200,5,sqrt,10,5,0.8310143538024011,0.022128648155842277,0.8308694461559526,0.02195982105627071,17.9279
200,5,sqrt,10,10,0.833201814520144,0.022887395327863085,0.8330913260765385,0.022846247367362214,21.0673
200,5,sqrt,20,1,0.8343696206639484,0.02278324859294012,0.8342003833778324,0.02281443569197765,18.0614
200,5,sqrt,20,2,0.8332037543927864,0.022422017382209246,0.8330896145683576,0.022464196480816587,22.0211
200,5,sqrt,20,5,0.8339719511337964,0.020881395293030045,0.8338313822140069,0.020885940221287046,24.0192
200,5,sqrt,20,10,0.833201814520144,0.022887395327863085,0.8330913260765385,0.022846247367362214,21.8721
200,5,log2,2,1,0.8329436182770852,0.023349682715136134,0.8327185595947147,0.023327837782267647,23.6765
200,5,log2,2,2,0.8327523119476083,0.022051702004795278,0.8325344013144382,0.022067453564915324,19.432
200,5,log2,2,5,0.8310143538024011,0.022128648155842277,0.8308694461559526,0.02195982105627071,19.6482
200,5,log2,2,10,0.833201814520144,0.022887395327863085,0.8330913260765385,0.022846247367362214,20.006
200,5,log2,5,1,0.8324725429007414,0.02273530425210337,0.832164030944068,0.022785200061280056,20.752
200,5,log2,5,2,0.8324080482050613,0.02169135005969696,0.8321636886424318,0.02169554902639778,21.3717
200,5,log2,5,5,0.8310143538024011,0.022128648155842277,0.8308694461559526,0.02195982105627071,20.5416
200,5,log2,5,10,0.833201814520144,0.022887395327863085,0.8330913260765385,0.022846247367362214,20.0947
200,5,log2,10,1,0.8329600674157511,0.02299004027288995,0.8329040870815362,0.023015491545590325,20.8556
200,5,log2,10,2,0.8318728183715717,0.023286498855809648,0.8317940028753338,0.02322784626002568,21.0041
200,5,log2,10,5,0.8310143538024011,0.022128648155842277,0.8308694461559526,0.02195982105627071,18.7531
200,5,log2,10,10,0.833201814520144,0.022887395327863085,0.8330913260765385,0.022846247367362214,19.3498
200,5,log2,20,1,0.8343696206639484,0.02278324859294012,0.8342003833778324,0.02281443569197765,22.0239
200,5,log2,20,2,0.8332037543927864,0.022422017382209246,0.8330896145683576,0.022464196480816587,22.8996
200,5,log2,20,5,0.8339719511337964,0.020881395293030045,0.8338313822140069,0.020885940221287046,27.2824
200,5,log2,20,10,0.833201814520144,0.022887395327863085,0.8330913260765385,0.022846247367362214,25.9991
200,5,0.5,2,1,0.8329436182770852,0.023349682715136134,0.8327185595947147,0.023327837782267647,23.0893
200,5,0.5,2,2,0.8327523119476083,0.022051702004795278,0.8325344013144382,0.022067453564915324,26.0729
200,5,0.5,2,5,0.8310143538024011,0.022128648155842277,0.8308694461559526,0.02195982105627071,35.6497
200,5,0.5,2,10,0.833201814520144,0.022887395327863085,0.8330913260765385,0.022846247367362214,34.2949
200,5,0.5,5,1,0.8324725429007414,0.02273530425210337,0.832164030944068,0.022785200061280056,34.2688
200,5,0.5,5,2,0.8324080482050613,0.02169135005969696,0.8321636886424318,0.02169554902639778,35.0307
200,5,0.5,5,5,0.8310143538024011,0.022128648155842277,0.8308694461559526,0.02195982105627071,36.5962
200,5,0.5,5,10,0.833201814520144,0.022887395327863085,0.8330913260765385,0.022846247367362214,34.2408
200,5,0.5,10,1,0.8329600674157511,0.02299004027288995,0.8329040870815362,0.023015491545590325,33.4996
200,5,0.5,10,2,0.8318728183715717,0.023286498855809648,0.8317940028753338,0.02322784626002568,35.5626
200,5,0.5,10,5,0.8310143538024011,0.022128648155842277,0.8308694461559526,0.02195982105627071,34.272
200,5,0.5,10,10,0.833201814520144,0.022887395327863085,0.8330913260765385,0.022846247367362214,33.9809
200,5,0.5,20,1,0.8343696206639484,0.02278324859294012,0.8342003833778324,0.02281443569197765,32.6012
200,5,0.5,20,2,0.8332037543927864,0.022422017382209246,0.8330896145683576,0.022464196480816587,28.1872
200,5,0.5,20,5,0.8339719511337964,0.020881395293030045,0.8338313822140069,0.020885940221287046,32.7611
200,5,0.5,20,10,0.833201814520144,0.022887395327863085,0.8330913260765385,0.022846247367362214,34.983
200,5,1.0,2,1,0.8508863810843861,0.0174580206949904,0.8508581502019579,0.01748482206190158,35.719
200,5,1.0,2,2,0.8507403690589028,0.01752615375890255,0.8506733073184091,0.0175192633302209,36.2639
200,5,1.0,2,5,0.8506680206645116,0.018714265482505134,0.8506733073184088,0.01878443902232356,36.054
200,5,1.0,2,10,0.8500163028322161,0.01845974897854225,0.8501184363661258,0.01833712511786794,38.9673
200,5,1.0,5,1,0.8506816063195906,0.017794278359872174,0.8506733073184091,0.017770987013930477,33.2327
200,5,1.0,5,2,0.8507403690589028,0.01752615375890255,0.8506733073184091,0.0175192633302209,35.1498
200,5,1.0,5,5,0.8506680206645116,0.018714265482505134,0.8506733073184088,0.01878443902232356,36.5628
200,5,1.0,5,10,0.8500163028322161,0.01845974897854225,0.8501184363661258,0.01833712511786794,35.5169
200,5,1.0,10,1,0.8508491674551598,0.017511285178416217,0.8508578079003218,0.01744745301532756,39.1699
200,5,1.0,10,2,0.850877519895251,0.017826218090383043,0.8508581502019579,0.01775628711707482,38.4816
200,5,1.0,10,5,0.8506680206645116,0.018714265482505134,0.8506733073184088,0.01878443902232356,32.3077
200,5,1.0,10,10,0.8500163028322161,0.01845974897854225,0.8501184363661258,0.01833712511786794,36.2231
200,5,1.0,20,1,0.8497427246438276,0.017723319472661883,0.8497487505990279,0.017682516076320716,32.3044
200,5,1.0,20,2,0.8497429962194992,0.018256408763813393,0.8497487505990279,0.01819862339046169,27.5044
200,5,1.0,20,5,0.8500961496929316,0.018521704002076582,0.8501184363661258,0.01856073479303498,23.9206
200,5,1.0,20,10,0.8500163028322161,0.01845974897854225,0.8501184363661258,0.01833712511786794,27.39
200,10,sqrt,2,1,0.8954857883957505,0.01460014117366084,0.8958218662285207,0.014113308265932475,21.9257
200,10,sqrt,2,2,0.8952789054105821,0.015118846151895758,0.8956366810433354,0.014733209032864606,21.2742
200,10,sqrt,2,5,0.8894252001864121,0.015745592989904446,0.8897158896419525,0.015298192135045083,22.2698
200,10,sqrt,2,10,0.8814034019614908,0.014346315037262474,0.8819435886903539,0.013857088811483459,18.9732
200,10,sqrt,5,1,0.8937536196938936,0.015753696161433076,0.8939724104881221,0.015314977135035882,24.1535
200,10,sqrt,5,2,0.8951189315231872,0.013853159564951886,0.895449442048333,0.013231690287234693,22.21
200,10,sqrt,5,5,0.8894252001864121,0.015745592989904446,0.8897158896419525,0.015298192135045083,23.5032
200,10,sqrt,5,10,0.8814034019614908,0.014346315037262474,0.8819435886903539,0.013857088811483459,22.0804
200,10,sqrt,10,1,0.8915943090682885,0.01586675636299366,0.8919381118641747,0.015618315240096428,25.4528
200,10,sqrt,10,2,0.8925865240936908,0.013762524487300814,0.8928626685835557,0.013410799330676555,22.6405
200,10,sqrt,10,5,0.8894252001864121,0.015745592989904446,0.8897158896419525,0.015298192135045083,22.4124
200,10,sqrt,10,10,0.8814034019614908,0.014346315037262474,0.8819435886903539,0.013857088811483459,21.0248
200,10,sqrt,20,1,0.8838732840037906,0.015195867362051536,0.8841651263093038,0.014743478412508988,21.0948
200,10,sqrt,20,2,0.8855647345926926,0.014448360548702405,0.8858293968645169,0.013984252629297367,24.4024
200,10,sqrt,20,5,0.885358365530369,0.014109612414731852,0.8856442116793317,0.013557431404723739,19.2242
200,10,sqrt,20,10,0.8814034019614908,0.014346315037262474,0.8819435886903539,0.013857088811483459,23.3897
200,10,log2,2,1,0.8954857883957505,0.01460014117366084,0.8958218662285207,0.014113308265932475,24.6395
200,10,log2,2,2,0.8952789054105821,0.015118846151895758,0.8956366810433354,0.014733209032864606,22.8511
200,10,log2,2,5,0.8894252001864121,0.015745592989904446,0.8897158896419525,0.015298192135045083,21.9151
200,10,log2,2,10,0.8814034019614908,0.014346315037262474,0.8819435886903539,0.013857088811483459,22.2829
200,10,log2,5,1,0.8937536196938936,0.015753696161433076,0.8939724104881221,0.015314977135035882,21.2997
200,10,log2,5,2,0.8951189315231872,0.013853159564951886,0.895449442048333,0.013231690287234693,20.5269
200,10,log2,5,5,0.8894252001864121,0.015745592989904446,0.8897158896419525,0.015298192135045083,22.4202
200,10,log2,5,10,0.8814034019614908,0.014346315037262474,0.8819435886903539,0.013857088811483459,20.2265
200,10,log2,10,1,0.8915943090682885,0.01586675636299366,0.8919381118641747,0.015618315240096428,22.5967
200,10,log2,10,2,0.8925865240936908,0.013762524487300814,0.8928626685835557,0.013410799330676555,26.5148
200,10,log2,10,5,0.8894252001864121,0.015745592989904446,0.8897158896419525,0.015298192135045083,27.3253
200,10,log2,10,10,0.8814034019614908,0.014346315037262474,0.8819435886903539,0.013857088811483459,23.917
200,10,log2,20,1,0.8838732840037906,0.015195867362051536,0.8841651263093038,0.014743478412508988,24.7766
200,10,log2,20,2,0.8855647345926926,0.014448360548702405,0.8858293968645169,0.013984252629297367,25.6945
200,10,log2,20,5,0.885358365530369,0.014109612414731852,0.8856442116793317,0.013557431404723739,22.6403
200,10,log2,20,10,0.8814034019614908,0.014346315037262474,0.8819435886903539,0.013857088811483459,25.7721
200,10,0.5,2,1,0.8954857883957505,0.01460014117366084,0.8958218662285207,0.014113308265932475,24.4476
200,10,0.5,2,2,0.8952789054105821,0.015118846151895758,0.8956366810433354,0.014733209032864606,27.8571
200,10,0.5,2,5,0.8894252001864121,0.015745592989904446,0.8897158896419525,0.015298192135045083,27.0994
200,10,0.5,2,10,0.8814034019614908,0.014346315037262474,0.8819435886903539,0.013857088811483459,23.8792
200,10,0.5,5,1,0.8937536196938936,0.015753696161433076,0.8939724104881221,0.015314977135035882,29.1475
200,10,0.5,5,2,0.8951189315231872,0.013853159564951886,0.895449442048333,0.013231690287234693,24.6821
200,10,0.5,5,5,0.8894252001864121,0.015745592989904446,0.8897158896419525,0.015298192135045083,24.5237
200,10,0.5,5,10,0.8814034019614908,0.014346315037262474,0.8819435886903539,0.013857088811483459,34.5724
200,10,0.5,10,1,0.8915943090682885,0.01586675636299366,0.8919381118641747,0.015618315240096428,37.5558
200,10,0.5,10,2,0.8925865240936908,0.013762524487300814,0.8928626685835557,0.013410799330676555,37.5167
200,10,0.5,10,5,0.8894252001864121,0.015745592989904446,0.8897158896419525,0.015298192135045083,36.3331
200,10,0.5,10,10,0.8814034019614908,0.014346315037262474,0.8819435886903539,0.013857088811483459,31.242
200,10,0.5,20,1,0.8838732840037906,0.015195867362051536,0.8841651263093038,0.014743478412508988,36.2124
200,10,0.5,20,2,0.8855647345926926,0.014448360548702405,0.8858293968645169,0.013984252629297367,31.593
200,10,0.5,20,5,0.885358365530369,0.014109612414731852,0.8856442116793317,0.013557431404723739,33.6911
200,10,0.5,20,10,0.8814034019614908,0.014346315037262474,0.8819435886903539,0.013857088811483459,34.8313
200,10,1.0,2,1,0.8964337477945218,0.01298105459735183,0.8965619223659889,0.012421463941823245,39.6545
200,10,1.0,2,2,0.895562706976069,0.01360278763907747,0.8956373656466079,0.013239851906035055,45.0778
200,10,1.0,2,5,0.8888380986446898,0.014656526383016243,0.8887906483192989,0.014285353055569175,43.3354
200,10,1.0,2,10,0.8814775566853127,0.013633771063871085,0.8815752721298008,0.013237301755116814,39.927
200,10,1.0,5,1,0.8966035603933472,0.014166654980783804,0.8967481344560827,0.013732416409936632,43.6528
200,10,1.0,5,2,0.8945625034184272,0.013442599411646544,0.8947114397206818,0.01296338172659255,48.7678
200,10,1.0,5,5,0.8888380986446898,0.014656526383016243,0.8887906483192989,0.014285353055569175,58.2564
200,10,1.0,5,10,0.8814775566853127,0.013633771063871085,0.8815752721298008,0.013237301755116814,55.1227
200,10,1.0,10,1,0.8936789110098561,0.014166923199828341,0.8937875676045731,0.013715762974146197,48.0315
200,10,1.0,10,2,0.8936622481461226,0.01430135117865378,0.8937865406996645,0.01384775130995357,45.4521
200,10,1.0,10,5,0.8888380986446898,0.014656526383016243,0.8887906483192989,0.014285353055569175,40.6958
200,10,1.0,10,10,0.8814775566853127,0.013633771063871085,0.8815752721298008,0.013237301755116814,39.0746
200,10,1.0,20,1,0.8859459036585606,0.016044455025284666,0.8860169781611555,0.015329704287680013,37.8869
200,10,1.0,20,2,0.8858083451507035,0.016385908010007222,0.8858317929759704,0.015748344588210894,40.1339
200,10,1.0,20,5,0.8833921586151495,0.014649730001461806,0.8834264393783802,0.014133562251616315,35.1569
200,10,1.0,20,10,0.8814775566853127,0.013633771063871085,0.8815752721298008,0.013237301755116814,35.8436
200,20,sqrt,2,1,0.9131742696035137,0.011141725255667955,0.913583898131033,0.01074533014539706,29.5666
200,20,sqrt,2,2,0.9080164315970369,0.010726284933982252,0.9084038474703909,0.010419547493027759,30.4814
200,20,sqrt,2,5,0.8984796928264773,0.010600394137980548,0.8989655644553981,0.010161030870472989,28.961
200,20,sqrt,2,10,0.8867621151370214,0.01563890458340048,0.8873105360443623,0.014921780200032975,24.6634
200,20,sqrt,5,1,0.9085996831378875,0.008876496062107013,0.9089576915177655,0.0084176008383853,30.4293
200,20,sqrt,5,2,0.9067282654868055,0.011246682971713407,0.9071075511740947,0.010926677459091472,27.1412
200,20,sqrt,5,5,0.8984796928264773,0.010600394137980548,0.8989655644553981,0.010161030870472989,27.4939
200,20,sqrt,5,10,0.8867621151370214,0.01563890458340048,0.8873105360443623,0.014921780200032975,25.0998
200,20,sqrt,10,1,0.9031398812054091,0.010195617893958715,0.9035924556719381,0.00982005255550197,26.2033
200,20,sqrt,10,2,0.9011846400608053,0.01478671872219421,0.9015584993496268,0.014399952461340926,27.0049
200,20,sqrt,10,5,0.8984796928264773,0.010600394137980548,0.8989655644553981,0.010161030870472989,27.4322
200,20,sqrt,10,10,0.8867621151370214,0.01563890458340048,0.8873105360443623,0.014921780200032975,28.4754
200,20,sqrt,20,1,0.8951387212980609,0.015243362679486366,0.895635996440063,0.01455795646732471,23.9904
200,20,sqrt,20,2,0.8927129582644296,0.014720146594732485,0.8932306428424728,0.014190522884288442,25.0924
200,20,sqrt,20,5,0.8899371594371234,0.013142532179964537,0.8904538919696037,0.012556232062501132,24.069
200,20,sqrt,20,10,0.8867621151370214,0.01563890458340048,0.8873105360443623,0.014921780200032975,41.3501
200,20,log2,2,1,0.9131742696035137,0.011141725255667955,0.913583898131033,0.01074533014539706,50.5052
200,20,log2,2,2,0.9080164315970369,0.010726284933982252,0.9084038474703909,0.010419547493027759,41.7024
200,20,log2,2,5,0.8984796928264773,0.010600394137980548,0.8989655644553981,0.010161030870472989,40.5105
200,20,log2,2,10,0.8867621151370214,0.01563890458340048,0.8873105360443623,0.014921780200032975,42.3595
200,20,log2,5,1,0.9085996831378875,0.008876496062107013,0.9089576915177655,0.0084176008383853,41.2557
200,20,log2,5,2,0.9067282654868055,0.011246682971713407,0.9071075511740947,0.010926677459091472,37.8453
200,20,log2,5,5,0.8984796928264773,0.010600394137980548,0.8989655644553981,0.010161030870472989,43.6259
200,20,log2,5,10,0.8867621151370214,0.01563890458340048,0.8873105360443623,0.014921780200032975,40.8425
200,20,log2,10,1,0.9031398812054091,0.010195617893958715,0.9035924556719381,0.00982005255550197,41.8073
200,20,log2,10,2,0.9011846400608053,0.01478671872219421,0.9015584993496268,0.014399952461340926,41.573
200,20,log2,10,5,0.8984796928264773,0.010600394137980548,0.8989655644553981,0.010161030870472989,41.3592
200,20,log2,10,10,0.8867621151370214,0.01563890458340048,0.8873105360443623,0.014921780200032975,37.1206
200,20,log2,20,1,0.8951387212980609,0.015243362679486366,0.895635996440063,0.01455795646732471,38.7896
200,20,log2,20,2,0.8927129582644296,0.014720146594732485,0.8932306428424728,0.014190522884288442,44.3307
200,20,log2,20,5,0.8899371594371234,0.013142532179964537,0.8904538919696037,0.012556232062501132,41.1235
200,20,log2,20,10,0.8867621151370214,0.01563890458340048,0.8873105360443623,0.014921780200032975,45.2116
200,20,0.5,2,1,0.9131742696035137,0.011141725255667955,0.913583898131033,0.01074533014539706,47.8121
200,20,0.5,2,2,0.9080164315970369,0.010726284933982252,0.9084038474703909,0.010419547493027759,44.0488
200,20,0.5,2,5,0.8984796928264773,0.010600394137980548,0.8989655644553981,0.010161030870472989,39.4483
200,20,0.5,2,10,0.8867621151370214,0.01563890458340048,0.8873105360443623,0.014921780200032975,45.3968
200,20,0.5,5,1,0.9085996831378875,0.008876496062107013,0.9089576915177655,0.0084176008383853,44.0892
200,20,0.5,5,2,0.9067282654868055,0.011246682971713407,0.9071075511740947,0.010926677459091472,38.7764
200,20,0.5,5,5,0.8984796928264773,0.010600394137980548,0.8989655644553981,0.010161030870472989,39.5212
200,20,0.5,5,10,0.8867621151370214,0.01563890458340048,0.8873105360443623,0.014921780200032975,39.4769
200,20,0.5,10,1,0.9031398812054091,0.010195617893958715,0.9035924556719381,0.00982005255550197,38.3298
200,20,0.5,10,2,0.9011846400608053,0.01478671872219421,0.9015584993496268,0.014399952461340926,41.0442
200,20,0.5,10,5,0.8984796928264773,0.010600394137980548,0.8989655644553981,0.010161030870472989,39.425
200,20,0.5,10,10,0.8867621151370214,0.01563890458340048,0.8873105360443623,0.014921780200032975,41.4368
200,20,0.5,20,1,0.8951387212980609,0.015243362679486366,0.895635996440063,0.01455795646732471,36.0602
200,20,0.5,20,2,0.8927129582644296,0.014720146594732485,0.8932306428424728,0.014190522884288442,40.8492
200,20,0.5,20,5,0.8899371594371234,0.013142532179964537,0.8904538919696037,0.012556232062501132,27.4475
200,20,0.5,20,10,0.8867621151370214,0.01563890458340048,0.8873105360443623,0.014921780200032975,24.0381
200,20,1.0,2,1,0.9099860166801541,0.011582989028427311,0.9104401999041555,0.011079785793560308,38.2728
200,20,1.0,2,2,0.9059921129848718,0.00944763176751587,0.9063685219415349,0.008889947452457766,34.5209
200,20,1.0,2,5,0.8955271339097426,0.011909651107956621,0.8958201547203396,0.011270404901352756,31.9376
200,20,1.0,2,10,0.8834661381997881,0.01234580541627524,0.8837944136372972,0.01191377646505896,31.886
200,20,1.0,5,1,0.9083148461950772,0.012810581414655563,0.9087759293489424,0.012323757773595687,34.8004
200,20,1.0,5,2,0.9050302593767565,0.009854009571508043,0.9054436229205176,0.009311500996077552,36.5257
200,20,1.0,5,5,0.8955271339097426,0.011909651107956621,0.8958201547203396,0.011270404901352756,35.6904
200,20,1.0,5,10,0.8834661381997881,0.01234580541627524,0.8837944136372972,0.01191377646505896,37.2672
200,20,1.0,10,1,0.9038754291863921,0.012516550940694296,0.9043328541110427,0.011889564259901913,36.9946
200,20,1.0,10,2,0.900909754728543,0.01282570212114182,0.9013729718628054,0.012222557909239628,32.1516
200,20,1.0,10,5,0.8955271339097426,0.011909651107956621,0.8958201547203396,0.011270404901352756,35.5194
200,20,1.0,10,10,0.8834661381997881,0.01234580541627524,0.8837944136372972,0.01191377646505896,34.1399
200,20,1.0,20,1,0.8905027166962789,0.015782995020804113,0.8908266584514273,0.015001680160828918,34.7455
200,20,1.0,20,2,0.8904761033397639,0.015110622730538512,0.8908256315465188,0.0142367535827751,32.476
200,20,1.0,20,5,0.8856755966335375,0.014080750796549746,0.8860162935578831,0.013453413653781505,31.0151
200,20,1.0,20,10,0.8834661381997881,0.01234580541627524,0.8837944136372972,0.01191377646505896,29.582
500,,sqrt,2,1,0.9137152089163948,0.009655218194547552,0.9141387690833161,0.009214570742394238,41.9744
500,,sqrt,2,2,0.9072554390136005,0.011317925498452203,0.9076637913329225,0.010907559178582254,47.4756
500,,sqrt,2,5,0.8981236940913551,0.012480734969722919,0.8985972478948451,0.012098913737364788,40.8811
500,,sqrt,2,10,0.8868780902653519,0.013829465244781172,0.8874929828164578,0.013192166752289783,40.2376
500,,sqrt,5,1,0.9114386508846145,0.009665723174644375,0.9117330731840898,0.00920867506906941,56.2903
500,,sqrt,5,2,0.9083954860333365,0.013828196789405136,0.9087735332374889,0.013456940532498029,57.6326
500,,sqrt,5,5,0.8981236940913551,0.012480734969722919,0.8985972478948451,0.012098913737364788,47.2319
500,,sqrt,5,10,0.8868780902653519,0.013829465244781172,0.8874929828164578,0.013192166752289783,47.7511
500,,sqrt,10,1,0.9029473905884849,0.011828451746142287,0.903408981994934,0.01133650499077161,52.3578
500,,sqrt,10,2,0.9033198950220015,0.012390907792409806,0.903779010063668,0.01184660902047529,58.5107
500,,sqrt,10,5,0.8981236940913551,0.012480734969722919,0.8985972478948451,0.012098913737364788,55.2508
500,,sqrt,10,10,0.8868780902653519,0.013829465244781172,0.8874929828164578,0.013192166752289783,47.3345
500,,sqrt,20,1,0.8949692673846567,0.014306723991397213,0.8954508112548778,0.013737875801981178,49.2915
500,,sqrt,20,2,0.8938827783091167,0.013833445960255137,0.8943414116519476,0.013352116221810926,51.5167
500,,sqrt,20,5,0.8899472465354586,0.012669421397173645,0.8904532073663312,0.01200208063800062,51.8128
500,,sqrt,20,10,0.8868780902653519,0.013829465244781172,0.8874929828164578,0.013192166752289783,46.7139
500,,log2,2,1,0.9137152089163948,0.009655218194547552,0.9141387690833161,0.009214570742394238,46.5525
500,,log2,2,2,0.9072554390136005,0.011317925498452203,0.9076637913329225,0.010907559178582254,53.6788
500,,log2,2,5,0.8981236940913551,0.012480734969722919,0.8985972478948451,0.012098913737364788,45.0211
500,,log2,2,10,0.8868780902653519,0.013829465244781172,0.8874929828164578,0.013192166752289783,48.5181
500,,log2,5,1,0.9114386508846145,0.009665723174644375,0.9117330731840898,0.00920867506906941,48.68
500,,log2,5,2,0.9083954860333365,0.013828196789405136,0.9087735332374889,0.013456940532498029,59.7491
500,,log2,5,5,0.8981236940913551,0.012480734969722919,0.8985972478948451,0.012098913737364788,62.3394
500,,log2,5,10,0.8868780902653519,0.013829465244781172,0.8874929828164578,0.013192166752289783,57.115
500,,log2,10,1,0.9029473905884849,0.011828451746142287,0.903408981994934,0.01133650499077161,55.2677
500,,log2,10,2,0.9033198950220015,0.012390907792409806,0.903779010063668,0.01184660902047529,53.0512
500,,log2,10,5,0.8981236940913551,0.012480734969722919,0.8985972478948451,0.012098913737364788,60.9336
500,,log2,10,10,0.8868780902653519,0.013829465244781172,0.8874929828164578,0.013192166752289783,56.1524
500,,log2,20,1,0.8949692673846567,0.014306723991397213,0.8954508112548778,0.013737875801981178,55.9926
500,,log2,20,2,0.8938827783091167,0.013833445960255137,0.8943414116519476,0.013352116221810926,55.2068
500,,log2,20,5,0.8899472465354586,0.012669421397173645,0.8904532073663312,0.01200208063800062,51.6467
500,,log2,20,10,0.8868780902653519,0.013829465244781172,0.8874929828164578,0.013192166752289783,61.8928
500,,0.5,2,1,0.9137152089163948,0.009655218194547552,0.9141387690833161,0.009214570742394238,66.3884
500,,0.5,2,2,0.9072554390136005,0.011317925498452203,0.9076637913329225,0.010907559178582254,63.985
500,,0.5,2,5,0.8981236940913551,0.012480734969722919,0.8985972478948451,0.012098913737364788,58.8763
500,,0.5,2,10,0.8868780902653519,0.013829465244781172,0.8874929828164578,0.013192166752289783,61.1679
500,,0.5,5,1,0.9114386508846145,0.009665723174644375,0.9117330731840898,0.00920867506906941,68.2714
500,,0.5,5,2,0.9083954860333365,0.013828196789405136,0.9087735332374889,0.013456940532498029,60.9427
500,,0.5,5,5,0.8981236940913551,0.012480734969722919,0.8985972478948451,0.012098913737364788,61.2262
500,,0.5,5,10,0.8868780902653519,0.013829465244781172,0.8874929828164578,0.013192166752289783,92.9867
500,,0.5,10,1,0.9029473905884849,0.011828451746142287,0.903408981994934,0.01133650499077161,85.0858
500,,0.5,10,2,0.9033198950220015,0.012390907792409806,0.903779010063668,0.01184660902047529,79.9711
500,,0.5,10,5,0.8981236940913551,0.012480734969722919,0.8985972478948451,0.012098913737364788,76.1137
500,,0.5,10,10,0.8868780902653519,0.013829465244781172,0.8874929828164578,0.013192166752289783,75.1572
500,,0.5,20,1,0.8949692673846567,0.014306723991397213,0.8954508112548778,0.013737875801981178,83.7362
500,,0.5,20,2,0.8938827783091167,0.013833445960255137,0.8943414116519476,0.013352116221810926,81.144
500,,0.5,20,5,0.8899472465354586,0.012669421397173645,0.8904532073663312,0.01200208063800062,78.9882
500,,0.5,20,10,0.8868780902653519,0.013829465244781172,0.8874929828164578,0.013192166752289783,75.6524
500,,1.0,2,1,0.9093902531987895,0.01259171514843725,0.9098846443486,0.012025211216068291,107.6979
500,,1.0,2,2,0.905875781351552,0.011771200973398807,0.9063692065448073,0.011263946288633574,110.255
500,,1.0,2,5,0.894367209159212,0.012689299429253606,0.8947100705141372,0.011986557309855404,116.8903
500,,1.0,2,10,0.8830464740394927,0.013075150163081691,0.883424385568563,0.012508179088954527,104.1219
500,,1.0,5,1,0.9079336512933054,0.011788245324035175,0.9084045320736633,0.01120537840855578,110.8071
500,,1.0,5,2,0.9053574646564859,0.011615429836263038,0.9058136509892517,0.011060880032638937,107.7147
500,,1.0,5,5,0.894367209159212,0.012689299429253606,0.8947100705141372,0.011986557309855404,102.7191
500,,1.0,5,10,0.8830464740394927,0.013075150163081691,0.883424385568563,0.012508179088954527,105.2666
500,,1.0,10,1,0.9022168793809031,0.012879722550638835,0.9026672143492845,0.012316043485474723,110.4705
500,,1.0,10,2,0.9005528668747083,0.01200512840384285,0.9010019168891628,0.011394969860796992,94.4809
500,,1.0,10,5,0.894367209159212,0.012689299429253606,0.8947100705141372,0.011986557309855404,49.7457
500,,1.0,10,10,0.8830464740394927,0.013075150163081691,0.883424385568563,0.012508179088954527,44.2345
500,,1.0,20,1,0.8903259440848442,0.015050781676827451,0.8906414732662421,0.014361135482842846,49.7291
500,,1.0,20,2,0.8903407207714056,0.01427498934299176,0.8906407886629697,0.013581371692073105,47.1608
500,,1.0,20,5,0.8848149572150593,0.013883624318359301,0.885089683028685,0.013058759548131519,46.3355
500,,1.0,20,10,0.8830464740394927,0.013075150163081691,0.883424385568563,0.012508179088954527,44.1533
500,5,sqrt,2,1,0.8349665809586269,0.021647827225216687,0.8347552543301158,0.02150169138913411,25.4299
500,5,sqrt,2,2,0.8343739833042259,0.021648281417207895,0.8341996987745602,0.021507093326516024,26.9424
500,5,sqrt,2,5,0.8347023207121893,0.02338082164748787,0.8347535428219347,0.023257641456394397,26.4196
500,5,sqrt,2,10,0.8346474083372385,0.02296999786200265,0.8345686999383858,0.02285937885638979,26.9053
500,5,sqrt,5,1,0.8346592977269092,0.02216470767514368,0.8345686999383858,0.022095693031083653,26.2424
500,5,sqrt,5,2,0.8348509168564788,0.022601101494448828,0.8347528582186623,0.022500433653273134,27.7741
500,5,sqrt,5,5,0.8347023207121893,0.02338082164748787,0.8347535428219347,0.023257641456394397,27.0913
500,5,sqrt,5,10,0.8346474083372385,0.02296999786200265,0.8345686999383858,0.02285937885638979,26.9708
500,5,sqrt,10,1,0.8346036503873997,0.02292920519757304,0.834569042240022,0.02292908546175245,27.9389
500,5,sqrt,10,2,0.8349651133683599,0.022516014082525862,0.8349394126103924,0.022467646046942315,26.804
500,5,sqrt,10,5,0.8347023207121893,0.02338082164748787,0.8347535428219347,0.023257641456394397,46.8791
500,5,sqrt,10,10,0.8346474083372385,0.02296999786200265,0.8345686999383858,0.02285937885638979,38.9545
500,5,sqrt,20,1,0.832405917260122,0.023984450394898726,0.8323485315259808,0.023867192281006346,42.7162
500,5,sqrt,20,2,0.832713950564635,0.024235029982771772,0.832718901896351,0.024107385757789257,46.1488
500,5,sqrt,20,5,0.8338888693422934,0.02185083993196802,0.8338303553090982,0.021685251549896617,37.3797
500,5,sqrt,20,10,0.8346474083372385,0.02296999786200265,0.8345686999383858,0.02285937885638979,46.7795
500,5,log2,2,1,0.8349665809586269,0.021647827225216687,0.8347552543301158,0.02150169138913411,40.0426
500,5,log2,2,2,0.8343739833042259,0.021648281417207895,0.8341996987745602,0.021507093326516024,43.314
500,5,log2,2,5,0.8347023207121893,0.02338082164748787,0.8347535428219347,0.023257641456394397,42.9669
500,5,log2,2,10,0.8346474083372385,0.02296999786200265,0.8345686999383858,0.02285937885638979,37.0993
500,5,log2,5,1,0.8346592977269092,0.02216470767514368,0.8345686999383858,0.022095693031083653,28.3188
500,5,log2,5,2,0.8348509168564788,0.022601101494448828,0.8347528582186623,0.022500433653273134,25.7282
500,5,log2,5,5,0.8347023207121893,0.02338082164748787,0.8347535428219347,0.023257641456394397,28.1096
500,5,log2,5,10,0.8346474083372385,0.02296999786200265,0.8345686999383858,0.02285937885638979,26.8157
500,5,log2,10,1,0.8346036503873997,0.02292920519757304,0.834569042240022,0.02292908546175245,25.6752
500,5,log2,10,2,0.8349651133683599,0.022516014082525862,0.8349394126103924,0.022467646046942315,27.0634
500,5,log2,10,5,0.8347023207121893,0.02338082164748787,0.8347535428219347,0.023257641456394397,27.922
500,5,log2,10,10,0.8346474083372385,0.02296999786200265,0.8345686999383858,0.02285937885638979,26.879
500,5,log2,20,1,0.832405917260122,0.023984450394898726,0.8323485315259808,0.023867192281006346,26.88
500,5,log2,20,2,0.832713950564635,0.024235029982771772,0.832718901896351,0.024107385757789257,27.3385
500,5,log2,20,5,0.8338888693422934,0.02185083993196802,0.8338303553090982,0.021685251549896617,26.4616
500,5,log2,20,10,0.8346474083372385,0.02296999786200265,0.8345686999383858,0.02285937885638979,27.4472
500,5,0.5,2,1,0.8349665809586269,0.021647827225216687,0.8347552543301158,0.02150169138913411,28.3515
500,5,0.5,2,2,0.8343739833042259,0.021648281417207895,0.8341996987745602,0.021507093326516024,27.6717
500,5,0.5,2,5,0.8347023207121893,0.02338082164748787,0.8347535428219347,0.023257641456394397,26.9656
500,5,0.5,2,10,0.8346474083372385,0.02296999786200265,0.8345686999383858,0.02285937885638979,27.7011
500,5,0.5,5,1,0.8346592977269092,0.02216470767514368,0.8345686999383858,0.022095693031083653,26.4207
500,5,0.5,5,2,0.8348509168564788,0.022601101494448828,0.8347528582186623,0.022500433653273134,27.6488
500,5,0.5,5,5,0.8347023207121893,0.02338082164748787,0.8347535428219347,0.023257641456394397,26.4764
500,5,0.5,5,10,0.8346474083372385,0.02296999786200265,0.8345686999383858,0.02285937885638979,26.5749
500,5,0.5,10,1,0.8346036503873997,0.02292920519757304,0.834569042240022,0.02292908546175245,26.8224
500,5,0.5,10,2,0.8349651133683599,0.022516014082525862,0.8349394126103924,0.022467646046942315,28.4448
500,5,0.5,10,5,0.8347023207121893,0.02338082164748787,0.8347535428219347,0.023257641456394397,28.4749
500,5,0.5,10,10,0.8346474083372385,0.02296999786200265,0.8345686999383858,0.02285937885638979,25.5135
500,5,0.5,20,1,0.832405917260122,0.023984450394898726,0.8323485315259808,0.023867192281006346,24.7151
500,5,0.5,20,2,0.832713950564635,0.024235029982771772,0.832718901896351,0.024107385757789257,27.9632
500,5,0.5,20,5,0.8338888693422934,0.02185083993196802,0.8338303553090982,0.021685251549896617,27.0441
500,5,0.5,20,10,0.8346474083372385,0.02296999786200265,0.8345686999383858,0.02285937885638979,26.4369
500,5,1.0,2,1,0.8518844904956462,0.01582649461185662,0.8517830492229752,0.015849670505412423,37.2445
500,5,1.0,2,2,0.8518587265323279,0.016126805117581626,0.8517833915246115,0.016167718852340578,35.4432
500,5,1.0,2,5,0.8525148532817722,0.016434442967888745,0.8523379201752584,0.016559374235740203,35.1076
500,5,1.0,2,10,0.8518250030712343,0.017089121209565475,0.8517827069213391,0.017060987616462787,35.6
500,5,1.0,5,1,0.8516820550950737,0.016102911798942608,0.8515982063394263,0.016090668187469487,37.4066
500,5,1.0,5,2,0.8518587265323279,0.016126805117581626,0.8517833915246115,0.016167718852340578,36.0366
500,5,1.0,5,5,0.8525148532817722,0.016434442967888745,0.8523379201752584,0.016559374235740203,36.906
500,5,1.0,5,10,0.8518250030712343,0.017089121209565475,0.8517827069213391,0.017060987616462787,35.5998
500,5,1.0,10,1,0.8513384399951004,0.016054797943548207,0.8512278359690558,0.016037855244101444,36.4625
500,5,1.0,10,2,0.8513124577528739,0.016331204437397377,0.8512281782706921,0.01633127023943665,35.5554
500,5,1.0,10,5,0.8525148532817722,0.016434442967888745,0.8523379201752584,0.016559374235740203,36.4987
500,5,1.0,10,10,0.8518250030712343,0.017089121209565475,0.8517827069213391,0.017060987616462787,37.381
500,5,1.0,20,1,0.8513097526150389,0.016846130937800283,0.8512285205723282,0.016824134016903667,35.8032
500,5,1.0,20,2,0.8513097526150389,0.016846130937800283,0.8512285205723282,0.016824134016903667,36.1312
500,5,1.0,20,5,0.8515367166001304,0.016854519865738445,0.8514133634558773,0.016864368625215908,36.5524
500,5,1.0,20,10,0.8518250030712343,0.017089121209565475,0.8517827069213391,0.017060987616462787,36.4157
500,10,sqrt,2,1,0.8977355246265754,0.014867496496825639,0.8980420346409256,0.014364175476505486,31.9849
500,10,sqrt,2,2,0.8962150622634028,0.016040779410374063,0.8965626069692613,0.015636032990212486,30.2646
500,10,sqrt,2,5,0.8885049779578351,0.013498004398472919,0.8887896214143904,0.0130125246424343,30.6412
500,10,sqrt,2,10,0.883764344200418,0.01518680949682625,0.8841634148011227,0.014596243109714066,30.3227
500,10,sqrt,5,1,0.8956860021495631,0.01729793171512286,0.8960073937153419,0.016701984260312077,30.8586
500,10,sqrt,5,2,0.89546845355632,0.016017552348344982,0.8958215239268844,0.015498036954243765,31.8955
500,10,sqrt,5,5,0.8885049779578351,0.013498004398472919,0.8887896214143904,0.0130125246424343,30.8186
500,10,sqrt,5,10,0.883764344200418,0.01518680949682625,0.8841634148011227,0.014596243109714066,31.1596
500,10,sqrt,10,1,0.8927198072116698,0.015542848092088083,0.893047853768741,0.01512330869628224,31.4347
500,10,sqrt,10,2,0.8926963056361629,0.014954784424505143,0.89304614226056,0.014486794331419773,32.1154
500,10,sqrt,10,5,0.8885049779578351,0.013498004398472919,0.8887896214143904,0.0130125246424343,31.8541
500,10,sqrt,10,10,0.883764344200418,0.01518680949682625,0.8841634148011227,0.014596243109714066,29.0657
500,10,sqrt,20,1,0.8865685149148449,0.015381527727422538,0.8869391387690833,0.01469366582422445,31.2869
500,10,sqrt,20,2,0.8868635037211746,0.015526945285426396,0.8871239816526323,0.014958028655078446,31.0739
500,10,sqrt,20,5,0.8853762035066852,0.015019525879098845,0.8856448962826041,0.014434963090554104,29.4783
500,10,sqrt,20,10,0.883764344200418,0.01518680949682625,0.8841634148011227,0.014596243109714066,30.7203
500,10,log2,2,1,0.8977355246265754,0.014867496496825639,0.8980420346409256,0.014364175476505486,31.446
500,10,log2,2,2,0.8962150622634028,0.016040779410374063,0.8965626069692613,0.015636032990212486,39.1305
500,10,log2,2,5,0.8885049779578351,0.013498004398472919,0.8887896214143904,0.0130125246424343,52.0958
500,10,log2,2,10,0.883764344200418,0.01518680949682625,0.8841634148011227,0.014596243109714066,46.2339
500,10,log2,5,1,0.8956860021495631,0.01729793171512286,0.8960073937153419,0.016701984260312077,46.7232
500,10,log2,5,2,0.89546845355632,0.016017552348344982,0.8958215239268844,0.015498036954243765,50.8574
500,10,log2,5,5,0.8885049779578351,0.013498004398472919,0.8887896214143904,0.0130125246424343,44.4272
500,10,log2,5,10,0.883764344200418,0.01518680949682625,0.8841634148011227,0.014596243109714066,49.1874
500,10,log2,10,1,0.8927198072116698,0.015542848092088083,0.893047853768741,0.01512330869628224,46.7678
500,10,log2,10,2,0.8926963056361629,0.014954784424505143,0.89304614226056,0.014486794331419773,52.9445
500,10,log2,10,5,0.8885049779578351,0.013498004398472919,0.8887896214143904,0.0130125246424343,47.6524
500,10,log2,10,10,0.883764344200418,0.01518680949682625,0.8841634148011227,0.014596243109714066,45.9767
500,10,log2,20,1,0.8865685149148449,0.015381527727422538,0.8869391387690833,0.01469366582422445,44.5355
500,10,log2,20,2,0.8868635037211746,0.015526945285426396,0.8871239816526323,0.014958028655078446,47.0952
500,10,log2,20,5,0.8853762035066852,0.015019525879098845,0.8856448962826041,0.014434963090554104,46.7304
500,10,log2,20,10,0.883764344200418,0.01518680949682625,0.8841634148011227,0.014596243109714066,47.9139
500,10,0.5,2,1,0.8977355246265754,0.014867496496825639,0.8980420346409256,0.014364175476505486,47.2208
500,10,0.5,2,2,0.8962150622634028,0.016040779410374063,0.8965626069692613,0.015636032990212486,45.8703
500,10,0.5,2,5,0.8885049779578351,0.013498004398472919,0.8887896214143904,0.0130125246424343,45.245
500,10,0.5,2,10,0.883764344200418,0.01518680949682625,0.8841634148011227,0.014596243109714066,50.4748
500,10,0.5,5,1,0.8956860021495631,0.01729793171512286,0.8960073937153419,0.016701984260312077,52.9904
500,10,0.5,5,2,0.89546845355632,0.016017552348344982,0.8958215239268844,0.015498036954243765,49.2388
500,10,0.5,5,5,0.8885049779578351,0.013498004398472919,0.8887896214143904,0.0130125246424343,52.6807
500,10,0.5,5,10,0.883764344200418,0.01518680949682625,0.8841634148011227,0.014596243109714066,40.5627
500,10,0.5,10,1,0.8927198072116698,0.015542848092088083,0.893047853768741,0.01512330869628224,29.883
500,10,0.5,10,2,0.8926963056361629,0.014954784424505143,0.89304614226056,0.014486794331419773,24.8048
500,10,0.5,10,5,0.8885049779578351,0.013498004398472919,0.8887896214143904,0.0130125246424343,25.2868
500,10,0.5,10,10,0.883764344200418,0.01518680949682625,0.8841634148011227,0.014596243109714066,23.7559
500,10,0.5,20,1,0.8865685149148449,0.015381527727422538,0.8869391387690833,0.01469366582422445,24.2235
500,10,0.5,20,2,0.8868635037211746,0.015526945285426396,0.8871239816526323,0.014958028655078446,24.645
500,10,0.5,20,5,0.8853762035066852,0.015019525879098845,0.8856448962826041,0.014434963090554104,24.0928
500,10,0.5,20,10,0.883764344200418,0.01518680949682625,0.8841634148011227,0.014596243109714066,23.7482
500,10,1.0,2,1,0.8953196347790824,0.014270851184357636,0.8954521804614227,0.013621304728426972,42.8677
500,10,1.0,2,2,0.8940809034884009,0.013552342942349716,0.8941575956733073,0.013116818149976988,42.4316
500,10,1.0,2,5,0.8887787238739803,0.0135538481032501,0.8887906483192989,0.01318953811651958,41.2201
500,10,1.0,2,10,0.879376211529868,0.013184553374803332,0.8795389196960361,0.012702730726481837,38.8978
500,10,1.0,5,1,0.8945464404564675,0.014505396964084961,0.8947128089272267,0.013893189450876892,41.6825
500,10,1.0,5,2,0.8934937279732169,0.013335526573978651,0.8936023824193879,0.012893394992013228,40.8431
500,10,1.0,5,5,0.8887787238739803,0.0135538481032501,0.8887906483192989,0.01318953811651958,41.2729
500,10,1.0,5,10,0.879376211529868,0.013184553374803332,0.8795389196960361,0.012702730726481837,39.2565
500,10,1.0,10,1,0.8931381376178903,0.013341633625554671,0.8932320120490177,0.012809039905801184,41.9021
500,10,1.0,10,2,0.8920185299303979,0.0139175714660127,0.8921219278428151,0.01338381654213064,40.8218
500,10,1.0,10,5,0.8887787238739803,0.0135538481032501,0.8887906483192989,0.01318953811651958,40.4165
500,10,1.0,10,10,0.879376211529868,0.013184553374803332,0.8795389196960361,0.012702730726481837,38.7407
500,10,1.0,20,1,0.8881064354612969,0.015661545903723956,0.8882361196686519,0.014934490233056435,42.9253
500,10,1.0,20,2,0.8863361681055281,0.015631425600273537,0.8863866639282536,0.014995117413470926,41.0688
500,10,1.0,20,5,0.883008672859283,0.015339875017015914,0.8830560690080098,0.01463181923434824,39.2935
500,10,1.0,20,10,0.879376211529868,0.013184553374803332,0.8795389196960361,0.012702730726481837,38.1626
500,20,sqrt,2,1,0.9126671757449485,0.009833897168081425,0.9130280002738413,0.00953947729103297,27.2317
500,20,sqrt,2,2,0.9085756442094641,0.011225901642580114,0.9089590607243101,0.01088906075694001,26.6123
500,20,sqrt,2,5,0.8983736263929005,0.012499057072120097,0.8987817484767578,0.01219481730397355,24.9835
500,20,sqrt,2,10,0.8868780902653519,0.013829465244781172,0.8874929828164578,0.013192166752289783,25.3667
500,20,sqrt,5,1,0.9101455950072983,0.009645116312691425,0.9104381460943383,0.009172517932508346,26.8936
500,20,sqrt,5,2,0.9087385518588247,0.013207438863716475,0.9091445882111315,0.012862184121559182,26.0878
500,20,sqrt,5,5,0.8983736263929005,0.012499057072120097,0.8987817484767578,0.01219481730397355,24.9335
500,20,sqrt,5,10,0.8868780902653519,0.013829465244781172,0.8874929828164578,0.013192166752289783,24.6821
500,20,sqrt,10,1,0.9033067392722041,0.011666260778706052,0.903778667762032,0.011099055199723033,26.3947
500,20,sqrt,10,2,0.903355290093524,0.011586588075523395,0.9037793523653044,0.011127065449763577,27.128
500,20,sqrt,10,5,0.8983736263929005,0.012499057072120097,0.8987817484767578,0.01219481730397355,25.5231
500,20,sqrt,10,10,0.8868780902653519,0.013829465244781172,0.8874929828164578,0.013192166752289783,24.4355
500,20,sqrt,20,1,0.8949984432326576,0.014856213285947962,0.8954501266516054,0.014232779930346134,25.0662
500,20,sqrt,20,2,0.8942530083063339,0.01406960598043127,0.8947114397206818,0.013581120739190268,25.3301
500,20,sqrt,20,5,0.8899472465354586,0.012669421397173645,0.8904532073663312,0.01200208063800062,25.3248
500,20,sqrt,20,10,0.8868780902653519,0.013829465244781172,0.8874929828164578,0.013192166752289783,25.1833
500,20,log2,2,1,0.9126671757449485,0.009833897168081425,0.9130280002738413,0.00953947729103297,26.4469
500,20,log2,2,2,0.9085756442094641,0.011225901642580114,0.9089590607243101,0.01088906075694001,26.8184
500,20,log2,2,5,0.8983736263929005,0.012499057072120097,0.8987817484767578,0.01219481730397355,25.5582
500,20,log2,2,10,0.8868780902653519,0.013829465244781172,0.8874929828164578,0.013192166752289783,24.6517
500,20,log2,5,1,0.9101455950072983,0.009645116312691425,0.9104381460943383,0.009172517932508346,27.6962
500,20,log2,5,2,0.9087385518588247,0.013207438863716475,0.9091445882111315,0.012862184121559182,26.2631
500,20,log2,5,5,0.8983736263929005,0.012499057072120097,0.8987817484767578,0.01219481730397355,25.5196
500,20,log2,5,10,0.8868780902653519,0.013829465244781172,0.8874929828164578,0.013192166752289783,31.4834
500,20,log2,10,1,0.9033067392722041,0.011666260778706052,0.903778667762032,0.011099055199723033,31.4594
500,20,log2,10,2,0.903355290093524,0.011586588075523395,0.9037793523653044,0.011127065449763577,32.9928
500,20,log2,10,5,0.8983736263929005,0.012499057072120097,0.8987817484767578,0.01219481730397355,31.6055
500,20,log2,10,10,0.8868780902653519,0.013829465244781172,0.8874929828164578,0.013192166752289783,31.695
500,20,log2,20,1,0.8949984432326576,0.014856213285947962,0.8954501266516054,0.014232779930346134,32.4244
500,20,log2,20,2,0.8942530083063339,0.01406960598043127,0.8947114397206818,0.013581120739190268,32.5172
500,20,log2,20,5,0.8899472465354586,0.012669421397173645,0.8904532073663312,0.01200208063800062,32.1882
500,20,log2,20,10,0.8868780902653519,0.013829465244781172,0.8874929828164578,0.013192166752289783,33.0227
500,20,0.5,2,1,0.9126671757449485,0.009833897168081425,0.9130280002738413,0.00953947729103297,34.6957
500,20,0.5,2,2,0.9085756442094641,0.011225901642580114,0.9089590607243101,0.01088906075694001,34.1314
500,20,0.5,2,5,0.8983736263929005,0.012499057072120097,0.8987817484767578,0.01219481730397355,32.6643
500,20,0.5,2,10,0.8868780902653519,0.013829465244781172,0.8874929828164578,0.013192166752289783,31.5425
500,20,0.5,5,1,0.9101455950072983,0.009645116312691425,0.9104381460943383,0.009172517932508346,36.4102
500,20,0.5,5,2,0.9087385518588247,0.013207438863716475,0.9091445882111315,0.012862184121559182,33.6686
500,20,0.5,5,5,0.8983736263929005,0.012499057072120097,0.8987817484767578,0.01219481730397355,32.4305
500,20,0.5,5,10,0.8868780902653519,0.013829465244781172,0.8874929828164578,0.013192166752289783,31.1187
500,20,0.5,10,1,0.9033067392722041,0.011666260778706052,0.903778667762032,0.011099055199723033,31.3248
500,20,0.5,10,2,0.903355290093524,0.011586588075523395,0.9037793523653044,0.011127065449763577,32.192
500,20,0.5,10,5,0.8983736263929005,0.012499057072120097,0.8987817484767578,0.01219481730397355,31.6247
500,20,0.5,10,10,0.8868780902653519,0.013829465244781172,0.8874929828164578,0.013192166752289783,29.5231
500,20,0.5,20,1,0.8949984432326576,0.014856213285947962,0.8954501266516054,0.014232779930346134,28.5087
500,20,0.5,20,2,0.8942530083063339,0.01406960598043127,0.8947114397206818,0.013581120739190268,29.0873
500,20,0.5,20,5,0.8899472465354586,0.012669421397173645,0.8904532073663312,0.01200208063800062,29.6922
500,20,0.5,20,10,0.8868780902653519,0.013829465244781172,0.8874929828164578,0.013192166752289783,28.2887
500,20,1.0,2,1,0.9097704347410058,0.01246521370981955,0.9102550147189703,0.011972666518028129,50.1236
500,20,1.0,2,2,0.9053197349158179,0.012252394204946431,0.9058143355925241,0.01168680732104803,50.4395
500,20,1.0,2,5,0.894367209159212,0.012689299429253606,0.8947100705141372,0.011986557309855404,47.5533
500,20,1.0,2,10,0.8830464740394927,0.013075150163081691,0.883424385568563,0.012508179088954527,43.7739
500,20,1.0,5,1,0.9075811428484517,0.012226423037832324,0.908034161703293,0.01165178684661511,50.6164
500,20,1.0,5,2,0.9046277626293918,0.011952682946542777,0.9050739371534195,0.011380010002914725,50.4754
500,20,1.0,5,5,0.894367209159212,0.012689299429253606,0.8947100705141372,0.011986557309855404,45.2311
500,20,1.0,5,10,0.8830464740394927,0.013075150163081691,0.883424385568563,0.012508179088954527,44.6193
500,20,1.0,10,1,0.9020404753927821,0.012676653306432072,0.9024820291640994,0.012116459333140275,48.3728
500,20,1.0,10,2,0.9005528668747083,0.01200512840384285,0.9010019168891628,0.011394969860796992,50.9523
500,20,1.0,10,5,0.894367209159212,0.012689299429253606,0.8947100705141372,0.011986557309855404,46.4767
500,20,1.0,10,10,0.8830464740394927,0.013075150163081691,0.883424385568563,0.012508179088954527,44.5741
500,20,1.0,20,1,0.8901493446418918,0.014883583990668067,0.8904562880810569,0.014178403300465438,48.1147
500,20,1.0,20,2,0.8905349253448842,0.014272656036110765,0.8908256315465188,0.013571640765822976,49.3068
500,20,1.0,20,5,0.8848149572150593,0.013883624318359301,0.885089683028685,0.013058759548131519,46.3362
500,20,1.0,20,10,0.8830464740394927,0.013075150163081691,0.883424385568563,0.012508179088954527,44.8594
