n_estimators,max_depth,max_features,min_samples_split,min_samples_leaf,mean_r2,std_r2,mean_rmse,std_rmse,time_s
50,,sqrt,2,1,0.8176049773576001,0.008715813136506677,0.49255815859985086,0.013652081100202799,3.0499
50,,sqrt,2,2,0.8152476663858316,0.012007325746365632,0.4956223023392381,0.01792554798270073,2.5448
50,,sqrt,2,5,0.8074133382978038,0.010626694341309828,0.5061075291666783,0.016426668401190805,2.1408
50,,sqrt,2,10,0.7942615406148519,0.01131791842729382,0.5230958655298374,0.016745075857200076,4.008
50,,sqrt,5,1,0.816743787947748,0.010644970012879508,0.49368497104581033,0.01696788445898891,7.5025
50,,sqrt,5,2,0.8146292521738259,0.01080535937571774,0.496501209685636,0.016359276125331286,6.8259
50,,sqrt,5,5,0.8074133382978038,0.010626694341309846,0.5061075291666783,0.016426668401190808,5.7431
50,,sqrt,5,10,0.7942615406148519,0.01131791842729382,0.5230958655298373,0.016745075857200097,5.1356
50,,sqrt,10,1,0.8131815784755559,0.009125606219643133,0.49847953272499235,0.013735234593600197,6.5205
50,,sqrt,10,2,0.8106013893816156,0.010279843409077418,0.5018829157553313,0.015483674650713888,6.3043
50,,sqrt,10,5,0.8074133382978038,0.010626694341309823,0.5061075291666783,0.016426668401190808,5.7575
50,,sqrt,10,10,0.7942615406148519,0.011317918427293797,0.5230958655298374,0.016745075857200073,5.074
50,,sqrt,20,1,0.8067414500728886,0.010093927865024518,0.507002699608754,0.015611108234289607,5.9089
50,,sqrt,20,2,0.8039082103613829,0.011246465383055052,0.5106760065340534,0.017159616140434243,5.7855
50,,sqrt,20,5,0.8011009776341262,0.010917248464056898,0.5143392624861848,0.016868643018785465,5.4479
50,,sqrt,20,10,0.7942615406148519,0.011317918427293794,0.5230958655298374,0.016745075857200083,5.1123
50,,log2,2,1,0.8216968530884674,0.00870954627869349,0.48701282819625014,0.014519584256614499,11.6032
50,,log2,2,2,0.8208594073054483,0.010233968083701405,0.4881031667497317,0.016394652325104026,9.5283
50,,log2,2,5,0.8136012380828765,0.010205068972254646,0.49790039752243204,0.015868574147816412,7.6664
50,,log2,2,10,0.8038585306552626,0.01145080744395731,0.5107459068981385,0.01782359674251897,6.8816
50,,log2,5,1,0.820144662632978,0.009990749574474893,0.48907696044496457,0.01573571840902716,9.9688
50,,log2,5,2,0.8208714035402078,0.009610523014050087,0.48812811345775653,0.01613160436735169,9.3397
50,,log2,5,5,0.8136012380828765,0.010205068972254648,0.49790039752243204,0.01586857414781641,7.869
50,,log2,5,10,0.8038585306552626,0.01145080744395731,0.5107459068981385,0.017823596742518967,6.9874
50,,log2,10,1,0.8201652327053903,0.009140337062250356,0.48909001560473264,0.014900164602463207,9.1042
50,,log2,10,2,0.8184927559371736,0.010205732260408535,0.4913400701492462,0.01661872510946839,8.5358
50,,log2,10,5,0.8136012380828765,0.010205068972254646,0.49790039752243204,0.015868574147816412,7.7926
50,,log2,10,10,0.8038585306552626,0.01145080744395731,0.5107459068981385,0.017823596742518957,6.9067
50,,log2,20,1,0.811708690074496,0.010010625299615881,0.5004392666840539,0.01570081053712888,8.2838
50,,log2,20,2,0.8117921814027345,0.01093480397060163,0.5002978647193791,0.01687282623250933,7.9925
50,,log2,20,5,0.8086028641440981,0.01051148443738728,0.5045315083099997,0.016076375694822512,7.6825
50,,log2,20,10,0.8038585306552626,0.011450807443957302,0.5107459068981385,0.017823596742518946,6.9773
50,,0.5,2,1,0.8189619170278866,0.010599540884675926,0.4906621414112865,0.016527392474553853,14.4087
50,,0.5,2,2,0.8188642935241083,0.010129055110774504,0.4908220347291442,0.01622522311080776,12.2812
50,,0.5,2,5,0.812795227197123,0.01162888411972902,0.4989314505488589,0.01785262177095498,10.0668
50,,0.5,2,10,0.8027512031377013,0.011154104256310004,0.5122067058764022,0.017659444162842788,8.703
50,,0.5,5,1,0.8191298627679652,0.009920275696672537,0.4904628685701783,0.015600193201232938,12.729
50,,0.5,5,2,0.8197489276053295,0.010601820335104777,0.4895852920178256,0.01625491018740243,11.9398
50,,0.5,5,5,0.812795227197123,0.011628884119729035,0.4989314505488589,0.01785262177095497,10.0003
50,,0.5,5,10,0.8027512031377011,0.011154104256310013,0.5122067058764022,0.017659444162842777,8.7382
50,,0.5,10,1,0.8173986050744066,0.01032225056268233,0.4928060301798518,0.016552328317545273,11.6892
50,,0.5,10,2,0.8157947140085652,0.011852736515157778,0.49489755546113284,0.018148149923559054,11.0218
50,,0.5,10,5,0.812795227197123,0.011628884119729012,0.4989314505488589,0.01785262177095496,10.0384
50,,0.5,10,10,0.8027512031377011,0.011154104256310013,0.5122067058764022,0.017659444162842784,8.6914
50,,0.5,20,1,0.8116754260137558,0.00941075764668377,0.5004991420966152,0.014867173966591658,10.3051
50,,0.5,20,2,0.8103687762635936,0.010870337034326676,0.502180616785236,0.01657992406683507,10.3318
50,,0.5,20,5,0.8075309383142579,0.01056275232778386,0.5059501340017973,0.016354794252851506,9.4602
50,,0.5,20,10,0.8027512031377011,0.01115410425631002,0.5122067058764024,0.01765944416284279,8.6219
50,,1.0,2,1,0.8114529295061331,0.010240289090091234,0.5007733994410744,0.01608549211782899,25.6825
50,,1.0,2,2,0.8115829791101927,0.010391604463452803,0.5006100581372184,0.01674068395174239,22.1012
50,,1.0,2,5,0.8078041222841719,0.011610497403816623,0.5055751239098902,0.01828323573953959,18.3721
50,,1.0,2,10,0.798089034008471,0.012600715337707635,0.518183464892257,0.019316523411211088,15.9119
50,,1.0,5,1,0.8114848970287951,0.01026147027864059,0.5007364559811215,0.01629482165827961,23.5135
50,,1.0,5,2,0.8116065337738949,0.010492238886302031,0.5005797905621582,0.0169975012361279,21.6491
50,,1.0,5,5,0.8078041222841719,0.011610497403816615,0.5055751239098902,0.018283235739539584,18.5031
50,,1.0,5,10,0.798089034008471,0.012600715337707635,0.518183464892257,0.019316523411211088,16.3496
50,,1.0,10,1,0.8100853124264974,0.010176740232876784,0.502605782239674,0.016484613038164068,22.4003
50,,1.0,10,2,0.8100790670293339,0.01075726418775387,0.5026012272090863,0.017397878612777952,21.5566
50,,1.0,10,5,0.8078041222841719,0.011610497403816623,0.5055751239098902,0.018283235739539577,19.3519
50,,1.0,10,10,0.798089034008471,0.012600715337707647,0.518183464892257,0.019316523411211095,17.2993
50,,1.0,20,1,0.8056002905447814,0.01066073654395218,0.5084989782176221,0.017011219210364456,20.5003
50,,1.0,20,2,0.8057016961945719,0.011162864686591537,0.508352706382205,0.01772161347944867,19.8115
50,,1.0,20,5,0.8039046446381797,0.011656148822739078,0.5106830248894896,0.018187836317662076,18.8398
50,,1.0,20,10,0.798089034008471,0.012600715337707635,0.518183464892257,0.019316523411211088,16.8412
50,5,sqrt,2,1,0.6336797484963685,0.012111624073256846,0.6981679328078697,0.01603812923012492,2.8781
50,5,sqrt,2,2,0.6341164889448173,0.01189934260141948,0.69775906168785,0.016082363866267064,2.9587
50,5,sqrt,2,5,0.6342840961479088,0.012210922969364865,0.697595568920177,0.01634498756379069,2.8672
50,5,sqrt,2,10,0.6343364685854435,0.011634847884408378,0.697551457215041,0.015814467423057352,2.8217
50,5,sqrt,5,1,0.6338533337958789,0.011871379365648138,0.6980090843164584,0.01600998954120677,2.9035
50,5,sqrt,5,2,0.6340334333866994,0.011905399416541021,0.6978383316612595,0.016092832425329846,2.8519
50,5,sqrt,5,5,0.6342840961479088,0.012210922969364858,0.697595568920177,0.016344987563790676,2.8807
50,5,sqrt,5,10,0.6343364685854435,0.011634847884408382,0.697551457215041,0.015814467423057355,2.969
50,5,sqrt,10,1,0.6342362498440095,0.011914976176357903,0.6976426162349908,0.01602077847144836,2.916
50,5,sqrt,10,2,0.6343598177516809,0.011918513778323477,0.6975261021624671,0.01607914547449877,2.8388
50,5,sqrt,10,5,0.6342840961479088,0.012210922969364865,0.697595568920177,0.01634498756379069,2.7535
50,5,sqrt,10,10,0.6343364685854435,0.011634847884408406,0.697551457215041,0.015814467423057386,2.8819
50,5,sqrt,20,1,0.6345252903316816,0.011727655472841356,0.6973687185137505,0.015846251694986886,2.8781
50,5,sqrt,20,2,0.6346333287387594,0.011748270839426367,0.6972669261232237,0.01592554693202295,2.8295
50,5,sqrt,20,5,0.6345379761338211,0.011818031464991273,0.6973569465121825,0.015969830000477782,2.876
50,5,sqrt,20,10,0.6343364685854436,0.011634847884408425,0.697551457215041,0.01581446742305738,2.7984
50,5,log2,2,1,0.6637571762939137,0.013124453855890417,0.6688736323050495,0.017629651513631526,3.6851
50,5,log2,2,2,0.6636597714931042,0.013196624780800833,0.6689666194953348,0.01759616770478039,3.7123
50,5,log2,2,5,0.6638027109479205,0.012949474766277497,0.6688309994370171,0.017476293384813598,3.7559
50,5,log2,2,10,0.6636832576967143,0.013064427286048586,0.6689457041498539,0.01748223703817854,3.7003
50,5,log2,5,1,0.6636538597002459,0.0132122785759216,0.6689748269723458,0.017697208855259588,3.7326
50,5,log2,5,2,0.6636736969361133,0.013215114366282522,0.6689525978319258,0.017616870173777888,3.7303
50,5,log2,5,5,0.6638027109479205,0.012949474766277475,0.6688309994370168,0.017476293384813598,3.78
50,5,log2,5,10,0.6636832576967143,0.013064427286048572,0.6689457041498539,0.017482237038178534,3.7536
50,5,log2,10,1,0.6637467909825798,0.013183717980293691,0.668884119521322,0.01771855656539721,3.7558
50,5,log2,10,2,0.6637536932943447,0.013168633021415087,0.6688751803612552,0.01762754197695992,3.6723
50,5,log2,10,5,0.6638027109479205,0.012949474766277475,0.6688309994370168,0.017476293384813598,3.6118
50,5,log2,10,10,0.6636832576967143,0.013064427286048605,0.6689457041498539,0.01748223703817855,3.6612
50,5,log2,20,1,0.6636336613804841,0.013174619563949483,0.6689968289266177,0.017706455870197334,3.6922
50,5,log2,20,2,0.6636204750520344,0.01317691317166057,0.6690076513919014,0.017633477159803505,3.5698
50,5,log2,20,5,0.6636652435768997,0.012980190763998391,0.6689662086433371,0.01745447118761494,3.6943
50,5,log2,20,10,0.6636832576967143,0.013064427286048574,0.6689457041498539,0.01748223703817854,3.7121
50,5,0.5,2,1,0.670034203603039,0.013808467709310511,0.6625829223308537,0.0182812212050848,4.5354
50,5,0.5,2,2,0.6700649898643266,0.013790568939002075,0.6625524225869779,0.01826783365931414,4.4373
50,5,0.5,2,5,0.6700217553134439,0.013858365771682256,0.6625950645159071,0.01834597450308829,4.471
50,5,0.5,2,10,0.6699481642944594,0.01370530695696043,0.6626713154935887,0.018192756114552726,4.4614
50,5,0.5,5,1,0.6700324922449222,0.013805013879645679,0.662584729255796,0.018276941079466317,4.4306
50,5,0.5,5,2,0.6700573629462929,0.013803382487406795,0.6625597018680154,0.01827282243459098,4.4838
50,5,0.5,5,5,0.670021755313444,0.01385836577168224,0.6625950645159071,0.0183459745030883,4.486
50,5,0.5,5,10,0.6699481642944594,0.01370530695696043,0.6626713154935887,0.018192756114552726,4.4885
50,5,0.5,10,1,0.6700006274389994,0.01384970671813174,0.6626164753538963,0.01833785070386994,4.5421
50,5,0.5,10,2,0.6700088285328004,0.013846324062747007,0.6626081639104672,0.018330319757943355,4.5101
50,5,0.5,10,5,0.670021755313444,0.013858365771682247,0.6625950645159071,0.0183459745030883,4.5258
50,5,0.5,10,10,0.6699481642944594,0.013705306956960431,0.6626713154935887,0.018192756114552736,4.4713
50,5,0.5,20,1,0.6698975638223006,0.013777694258455365,0.6627209727339454,0.018256846666737186,4.5522
50,5,0.5,20,2,0.6699028601008312,0.013747212720856898,0.662716030487718,0.018222377445023225,4.4421
50,5,0.5,20,5,0.6699357489021304,0.013750008411331132,0.6626830845818651,0.01823123937009968,4.4603
50,5,0.5,20,10,0.6699481642944594,0.01370530695696043,0.6626713154935887,0.01819275611455273,4.5199
50,5,1.0,2,1,0.660658881621999,0.013688495202347944,0.6719239967896851,0.017466403058361314,8.0229
50,5,1.0,2,2,0.6606811801302662,0.013664160459441596,0.671902326700528,0.01744603689566589,8.0549
50,5,1.0,2,5,0.6606667102736441,0.013763997958612445,0.671913733227795,0.017487857290316124,7.9065
50,5,1.0,2,10,0.6605132406657264,0.014055663151212441,0.672056540620029,0.017598410094147678,7.9446
50,5,1.0,5,1,0.6606531690598914,0.013689500328032265,0.6719295415403976,0.017463983822769338,8.043
50,5,1.0,5,2,0.6606722418534615,0.013667782269897745,0.6719112989498089,0.017456300809028918,7.9893
50,5,1.0,5,5,0.6606667102736441,0.013763997958612436,0.6719137332277951,0.017487857290316128,7.9826
50,5,1.0,5,10,0.6605132406657264,0.014055663151212415,0.672056540620029,0.017598410094147674,8.0767
50,5,1.0,10,1,0.6604824868934129,0.0137149857267229,0.6720992092811996,0.017527188894719926,7.9615
50,5,1.0,10,2,0.6605004914673099,0.013690475566819309,0.6720821287386376,0.017519267024439854,7.9508
50,5,1.0,10,5,0.6606667102736441,0.013763997958612446,0.671913733227795,0.017487857290316104,8.0929
50,5,1.0,10,10,0.6605132406657264,0.014055663151212414,0.672056540620029,0.017598410094147667,7.9232
50,5,1.0,20,1,0.6604863672339468,0.013718927159717582,0.6720951517250003,0.017524901980657127,8.042
50,5,1.0,20,2,0.6605057678453741,0.013695398910519548,0.6720766645105354,0.017517521218493856,7.8721
50,5,1.0,20,5,0.6606604550018438,0.013780299580678518,0.6719189961235086,0.01747537764320933,7.8883
50,5,1.0,20,10,0.6605132406657264,0.014055663151212441,0.672056540620029,0.017598410094147685,8.0992
50,10,sqrt,2,1,0.7736335016109035,0.009962132023289601,0.5487616396175155,0.014683062699162091,4.6578
50,10,sqrt,2,2,0.7716626721373763,0.011047953659298922,0.5511156538150233,0.015799483656636255,4.5968
50,10,sqrt,2,5,0.7728351309930898,0.010570028972175963,0.5497293460822099,0.01598294309847203,4.6238
50,10,sqrt,2,10,0.7683203458451832,0.011035163726638524,0.5551496521927879,0.015983737256040107,4.3201
50,10,sqrt,5,1,0.7733495786849898,0.00940420334739304,0.5491146695860616,0.013961204774546467,4.6934
50,10,sqrt,5,2,0.7742102657994321,0.011309159748095338,0.548036878863674,0.016554384565581948,4.6363
50,10,sqrt,5,5,0.7728351309930898,0.010570028972175956,0.5497293460822099,0.015982943098472015,4.4975
50,10,sqrt,5,10,0.7683203458451832,0.011035163726638524,0.5551496521927879,0.015983737256040086,4.4055
50,10,sqrt,10,1,0.7731872958686914,0.010665113041880763,0.5492692991506146,0.014808517875501193,4.4397
50,10,sqrt,10,2,0.77371580387798,0.011453537653090153,0.5486155194262518,0.016205227394617043,4.4784
50,10,sqrt,10,5,0.7728351309930898,0.010570028972175963,0.54972934608221,0.015982943098472015,5.0501
50,10,sqrt,10,10,0.7683203458451832,0.011035163726638514,0.5551496521927879,0.015983737256040093,4.8828
50,10,sqrt,20,1,0.7717350383153678,0.010291673419522413,0.5510543735302014,0.015246115220685289,4.6093
50,10,sqrt,20,2,0.7697430850418312,0.010696258554639,0.5534589056741083,0.016018256459406327,4.5716
50,10,sqrt,20,5,0.7706671643759524,0.00987841432166521,0.5523760860825944,0.015578235619141557,4.4957
50,10,sqrt,20,10,0.7683203458451832,0.011035163726638524,0.5551496521927879,0.015983737256040086,4.6059
50,10,log2,2,1,0.7885726647430655,0.010262680935904241,0.5303164560303433,0.015261193498870949,6.5158
50,10,log2,2,2,0.7882467060680626,0.010212431012755336,0.5307073510539243,0.014519658405280512,6.3581
50,10,log2,2,5,0.7871879991438978,0.010633824386296384,0.5320535808119604,0.01612264360883732,6.276
50,10,log2,2,10,0.7841052071605022,0.012366894065001924,0.5358581512994838,0.0184574317696422,6.0927
50,10,log2,5,1,0.7879113769306161,0.01025044604768544,0.5311259576766905,0.014544034309998358,6.5302
50,10,log2,5,2,0.7886477380823199,0.011035438453563515,0.5302098636361063,0.016667645545515978,6.4478
50,10,log2,5,5,0.7871879991438979,0.010633824386296353,0.5320535808119604,0.016122643608837302,6.2535
50,10,log2,5,10,0.7841052071605022,0.012366894065001924,0.5358581512994838,0.018457431769642197,6.0965
50,10,log2,10,1,0.7877360424899211,0.009670981362540073,0.5313778826447687,0.014347159670986353,6.39
50,10,log2,10,2,0.7891359872176045,0.010725278344080007,0.5296060066508979,0.016233694005490594,6.4272
50,10,log2,10,5,0.7871879991438978,0.01063382438629639,0.5320535808119604,0.016122643608837316,6.3635
50,10,log2,10,10,0.7841052071605022,0.012366894065001915,0.5358581512994838,0.018457431769642197,6.1527
50,10,log2,20,1,0.7862594999352428,0.010869316479713018,0.533196254606253,0.016012743864205457,6.3171
50,10,log2,20,2,0.7865500773586225,0.011539353976550579,0.5328191794973467,0.0169890119856425,6.4619
50,10,log2,20,5,0.7859061033609536,0.01086695817303849,0.5336567795810233,0.01663470696780883,6.143
50,10,log2,20,10,0.7841052071605022,0.012366894065001924,0.5358581512994838,0.01845743176964221,6.113
50,10,0.5,2,1,0.7886015256896017,0.010491105683352011,0.5302725905368477,0.01555167786657976,8.1226
50,10,0.5,2,2,0.7882279425651595,0.011788514811966917,0.5307065153638157,0.017323256178922924,8.0623
50,10,0.5,2,5,0.7866505528909646,0.012484102502953837,0.5326603140911383,0.018082019071246843,7.9003
50,10,0.5,2,10,0.7833667569941118,0.012087638031487253,0.5367627104593915,0.017579408149850973,7.6972
50,10,0.5,5,1,0.787390148360456,0.011542799337312825,0.5317677909038478,0.01709974460710078,8.1209
50,10,0.5,5,2,0.7881188909934297,0.01139100823953447,0.5308589590973172,0.0168772370837047,8.0352
50,10,0.5,5,5,0.7866505528909647,0.012484102502953854,0.5326603140911383,0.018082019071246843,7.8061
50,10,0.5,5,10,0.7833667569941118,0.012087638031487257,0.5367627104593915,0.01757940814985099,7.6368
50,10,0.5,10,1,0.7857456847949498,0.01191067395515984,0.5338014575773372,0.017202431048914713,8.0884
50,10,0.5,10,2,0.7864707971023197,0.010733098091395134,0.5329499547147123,0.01632851572222916,8.0916
50,10,0.5,10,5,0.7866505528909647,0.012484102502953854,0.5326603140911383,0.018082019071246843,7.8428
50,10,0.5,10,10,0.7833667569941118,0.01208763803148723,0.5367627104593915,0.017579408149850963,7.627
50,10,0.5,20,1,0.7856338850304675,0.011898861919016008,0.533948707045157,0.01742189021106016,7.907
50,10,0.5,20,2,0.7861525901839731,0.012910015944585183,0.5332671812444107,0.01868689623596271,7.9743
50,10,0.5,20,5,0.7857052704110883,0.012002102466940247,0.5338563142567313,0.017579524373508657,7.7054
50,10,0.5,20,10,0.7833667569941118,0.012087638031487243,0.5367627104593915,0.017579408149850973,7.7699
50,10,1.0,2,1,0.7837501987162186,0.011995461955294608,0.5362940629313228,0.017648327193367275,15.177
50,10,1.0,2,2,0.7848562378712105,0.011929407902662299,0.5349324499089654,0.017952038927741852,15.3643
50,10,1.0,2,5,0.7845264630633351,0.012763554760283421,0.5353129612429279,0.018868840439642463,14.9511
50,10,1.0,2,10,0.7813101321414203,0.013298908774783243,0.5392892439975486,0.019589870323597974,14.4936
50,10,1.0,5,1,0.7837065481465374,0.011993381916380535,0.5363526664054266,0.01779235255700513,15.3769
50,10,1.0,5,2,0.784848848794296,0.012054910073387085,0.5349373265604899,0.018095784945767076,14.9853
50,10,1.0,5,5,0.7845264630633351,0.012763554760283418,0.5353129612429279,0.01886884043964246,14.5938
50,10,1.0,5,10,0.7813101321414204,0.013298908774783234,0.5392892439975486,0.019589870323597942,14.0631
50,10,1.0,10,1,0.7831644969031311,0.012020507086371408,0.5370305900084065,0.01800252294367446,15.1823
50,10,1.0,10,2,0.7842935610094178,0.01219090430562853,0.5356260684248173,0.01832330679061208,14.8867
50,10,1.0,10,5,0.7845264630633351,0.012763554760283432,0.5353129612429279,0.018868840439642473,15.1399
50,10,1.0,10,10,0.7813101321414203,0.013298908774783246,0.5392892439975486,0.019589870323597956,14.4905
50,10,1.0,20,1,0.7817461027121231,0.012137853683263781,0.538786720797213,0.01823201139257277,15.1949
50,10,1.0,20,2,0.782720284414059,0.012412906726837182,0.5375738868379252,0.018609153188477088,14.9785
50,10,1.0,20,5,0.7829675318529853,0.012818916436694968,0.5372505702979463,0.01897228184461758,14.7445
50,10,1.0,20,10,0.7813101321414203,0.013298908774783246,0.5392892439975486,0.019589870323597942,14.3948
50,20,sqrt,2,1,0.8167690165866395,0.010838782861865539,0.4936066515092271,0.016154554680258993,8.1755
50,20,sqrt,2,2,0.8144752521314753,0.011160486770685233,0.49669533165424984,0.016942136767253282,7.2383
50,20,sqrt,2,5,0.8064436153801019,0.01055740943625957,0.507385421624847,0.01641133371190925,6.2803
50,20,sqrt,2,10,0.7941501807933344,0.010864574724975146,0.5232573915915928,0.016353683755038345,5.341
50,20,sqrt,5,1,0.8153152917941145,0.010477715519844591,0.49556692133362557,0.015241074358908096,7.3399
50,20,sqrt,5,2,0.8142481424735429,0.009656485661344739,0.4970410812599645,0.01466223374119501,6.9498
50,20,sqrt,5,5,0.8064436153801019,0.01055740943625959,0.5073854216248471,0.01641133371190924,6.3958
50,20,sqrt,5,10,0.7941501807933344,0.010864574724975146,0.5232573915915928,0.01635368375503836,5.5328
50,20,sqrt,10,1,0.8126124034368774,0.009352226681471683,0.49924544537250914,0.014569048044705312,6.8737
50,20,sqrt,10,2,0.8106957602097733,0.010277126794259564,0.5017745253330197,0.015872670844592957,6.5767
50,20,sqrt,10,5,0.8064436153801019,0.01055740943625957,0.507385421624847,0.01641133371190924,6.1814
50,20,sqrt,10,10,0.7941501807933344,0.010864574724975169,0.5232573915915928,0.01635368375503836,5.5541
50,20,sqrt,20,1,0.8048327685875852,0.009739134295392183,0.5095288797460367,0.015722000343611806,6.2614
50,20,sqrt,20,2,0.8040867000289863,0.011020702846125191,0.5104568347374894,0.016996465742842342,6.151
50,20,sqrt,20,5,0.8013552595891618,0.011273701112259565,0.5140060906460924,0.017531577243052012,5.8252
50,20,sqrt,20,10,0.7941501807933344,0.010864574724975172,0.5232573915915928,0.016353683755038383,5.3028
50,20,log2,2,1,0.8215063883648062,0.01027936237924377,0.48721737798321757,0.016315597293999028,11.5925
50,20,log2,2,2,0.8206462419560954,0.009827437628474822,0.48840257235657625,0.015500392650759405,9.9669
50,20,log2,2,5,0.8131429883921004,0.010006569353300522,0.49853125009602045,0.01601919841595327,8.4002
50,20,log2,2,10,0.8033407387977022,0.010978230748394246,0.5114249862838681,0.0168954398416974,7.4227
50,20,log2,5,1,0.8210092566849454,0.010865117981642318,0.48786215690504753,0.01664602740694299,10.2666
50,20,log2,5,2,0.8195738773483312,0.010264352503604895,0.48986180501878784,0.016502858608829347,9.7965
50,20,log2,5,5,0.8131429883921004,0.010006569353300522,0.49853125009602045,0.01601919841595327,8.2584
50,20,log2,5,10,0.8033407387977022,0.010978230748394244,0.5114249862838681,0.0168954398416974,7.5122
50,20,log2,10,1,0.8182315531493535,0.009833928789897741,0.49169564451629394,0.01596796743395088,9.4276
50,20,log2,10,2,0.818080232175312,0.01063767467129131,0.49187795167413073,0.017068232314753046,9.3461
50,20,log2,10,5,0.8131429883921004,0.010006569353300526,0.49853125009602045,0.016019198415953274,8.4102
50,20,log2,10,10,0.8033407387977022,0.010978230748394257,0.5114249862838681,0.0168954398416974,7.3187
50,20,log2,20,1,0.812978979291357,0.010371766500889387,0.49872200012271534,0.015853512403794415,8.6731
50,20,log2,20,2,0.8126772385593333,0.009912416420799156,0.499156485055105,0.01586315681463729,8.3042
50,20,log2,20,5,0.8090586959022247,0.011127192644233746,0.5039059270551296,0.01685551401297284,7.9181
50,20,log2,20,10,0.8033407387977022,0.010978230748394246,0.5114249862838681,0.0168954398416974,7.5448
50,20,0.5,2,1,0.8186538916849205,0.010680876826666146,0.4910884453007416,0.01698607295688445,14.6137
50,20,0.5,2,2,0.818557021814349,0.010747442566670285,0.49120530818805835,0.016646426523221406,12.6361
50,20,0.5,2,5,0.8122514480236183,0.011876544421387608,0.4996371496325616,0.01789700891356791,10.656
50,20,0.5,2,10,0.8031269354235324,0.011231518475711385,0.5117162895210925,0.017782001667306237,9.3154
50,20,0.5,5,1,0.8187934195183623,0.009326941882353768,0.49093784954633807,0.014814555995191846,13.0068
50,20,0.5,5,2,0.8186049519379944,0.01112210507394828,0.4911135204775938,0.01683662496569536,12.5651
50,20,0.5,5,5,0.8122514480236183,0.011876544421387612,0.4996371496325616,0.01789700891356791,10.7748
50,20,0.5,5,10,0.8031269354235324,0.011231518475711385,0.5117162895210925,0.017782001667306226,9.8317
50,20,0.5,10,1,0.8179320601222445,0.009464659061881304,0.4921050068052568,0.015176729920585953,12.3349
50,20,0.5,10,2,0.816215047546774,0.011145364406878192,0.4943573592432495,0.01715826009694419,11.7948
50,20,0.5,10,5,0.8122514480236183,0.011876544421387612,0.4996371496325616,0.0178970089135679,10.5708
50,20,0.5,10,10,0.8031269354235324,0.011231518475711385,0.5117162895210925,0.017782001667306237,9.4551
50,20,0.5,20,1,0.8106156417086691,0.011026720331907547,0.5018471312748043,0.016676648412144286,11.0211
50,20,0.5,20,2,0.8117267261940991,0.010977968964439292,0.5003663894299148,0.016675907201386723,10.7742
50,20,0.5,20,5,0.807922927535424,0.010915122379557782,0.5054217638815633,0.016803740155181112,10.0491
50,20,0.5,20,10,0.8031269354235324,0.01123151847571139,0.5117162895210925,0.017782001667306237,9.4903
50,20,1.0,2,1,0.8110791383467673,0.010682714956365512,0.501256659968864,0.016642992355886448,26.3277
50,20,1.0,2,2,0.8117891372197548,0.01044123448622018,0.5003377224418899,0.016915599887111006,23.3537
50,20,1.0,2,5,0.8077442577244245,0.011623664516685488,0.5056540434970203,0.018312381296715887,19.1884
50,20,1.0,2,10,0.79807983031789,0.012604914880457455,0.5181951308231485,0.019321895459599007,16.8855
50,20,1.0,5,1,0.8113320076827643,0.010209581543159114,0.5009425889478407,0.01626590244478477,24.0619
50,20,1.0,5,2,0.8115551249503266,0.010448459274062741,0.5006493101968228,0.016947016167264507,22.2937
50,20,1.0,5,5,0.8077442577244245,0.011623664516685488,0.5056540434970203,0.018312381296715897,19.1584
50,20,1.0,5,10,0.79807983031789,0.012604914880457433,0.5181951308231486,0.019321895459599,17.0456
50,20,1.0,10,1,0.8098200037302691,0.010302007667557149,0.5029529624266674,0.016616584447130392,22.0385
50,20,1.0,10,2,0.8100159709528174,0.010821146437885934,0.5026837309101118,0.017496777148089802,21.0934
50,20,1.0,10,5,0.8077442577244247,0.011623664516685481,0.5056540434970203,0.018312381296715897,18.6889
50,20,1.0,10,10,0.79807983031789,0.012604914880457433,0.5181951308231485,0.019321895459598993,17.131
50,20,1.0,20,1,0.8055361602532333,0.010766192712016145,0.508579950634563,0.01715525564302571,19.6985
50,20,1.0,20,2,0.8055928648484094,0.011236187874820986,0.508494111888836,0.01784997501176501,19.1788
50,20,1.0,20,5,0.8038916479828977,0.011655784330274,0.5106999948174148,0.01818686929483746,17.7797
50,20,1.0,20,10,0.79807983031789,0.012604914880457466,0.5181951308231485,0.019321895459599007,17.0227
100,,sqrt,2,1,0.8202285969890821,0.009067410125464422,0.48899638695958797,0.014492556913141852,17.3912
100,,sqrt,2,2,0.8171710035655473,0.011182349309259682,0.49306300040340983,0.016925534777714808,14.208
100,,sqrt,2,5,0.80863228306382,0.010438149477665696,0.5045188806954797,0.01658852642524571,12.0681
100,,sqrt,2,10,0.795235117342199,0.01118021703556657,0.5218607662976236,0.01666626242749955,10.4476
100,,sqrt,5,1,0.8181486164209526,0.009656005205231386,0.49180644257410505,0.01530250592148867,14.9364
100,,sqrt,5,2,0.8171561142781373,0.010208588986464094,0.49312849207321297,0.015972668341288916,14.3922
100,,sqrt,5,5,0.80863228306382,0.010438149477665696,0.5045188806954797,0.016588526425245716,11.8786
100,,sqrt,5,10,0.795235117342199,0.011180217035566575,0.5218607662976237,0.016666262427499568,10.4441
100,,sqrt,10,1,0.815447505133992,0.009264674833559345,0.4954525008307318,0.014450891414184448,13.4113
100,,sqrt,10,2,0.8131300030785822,0.009764125668800838,0.4985496459139117,0.015355443529542084,13.1378
100,,sqrt,10,5,0.80863228306382,0.010438149477665696,0.5045188806954797,0.01658852642524571,12.0428
100,,sqrt,10,10,0.795235117342199,0.01118021703556657,0.5218607662976236,0.01666626242749955,10.6132
100,,sqrt,20,1,0.8079692523747237,0.010169887730832772,0.505377815792834,0.015483066932554832,12.4541
100,,sqrt,20,2,0.8059510161728927,0.011121924882456375,0.5080218585499858,0.017405334929367463,11.89
100,,sqrt,20,5,0.8026479298051934,0.010856525791655124,0.5123367585626499,0.016808401944104667,11.6781
100,,sqrt,20,10,0.795235117342199,0.01118021703556657,0.5218607662976236,0.016666262427499554,10.5347
100,,log2,2,1,0.8236375171787695,0.009054832663024467,0.4843461375294186,0.01512352313065174,23.5773
100,,log2,2,2,0.8227905025944523,0.010361128816619089,0.4854443182011344,0.01617640118906037,19.5046
100,,log2,2,5,0.814964952407313,0.010984293731606365,0.4960429365293832,0.01676574175164811,16.1569
100,,log2,2,10,0.8045000167060078,0.011517784142304999,0.5099012602739581,0.01778087976997006,14.5767
100,,log2,5,1,0.822839902707037,0.00998021873393122,0.48537828023637275,0.015268299956914482,20.6069
100,,log2,5,2,0.8225636268538121,0.009526428382146592,0.485810364348702,0.015772306256474494,19.0253
100,,log2,5,5,0.814964952407313,0.010984293731606365,0.4960429365293832,0.01676574175164811,16.0385
100,,log2,5,10,0.8045000167060078,0.011517784142304999,0.5099012602739581,0.017780879769970063,14.1533
100,,log2,10,1,0.821295520242578,0.009746665615193483,0.48752367640119204,0.015608182885684899,18.6989
100,,log2,10,2,0.8198537062514764,0.010550573855574286,0.4894654446529799,0.01674450850979755,18.0144
100,,log2,10,5,0.814964952407313,0.010984293731606365,0.4960429365293832,0.01676574175164811,16.3558
100,,log2,10,10,0.8045000167060078,0.01151778414230502,0.5099012602739581,0.01778087976997006,14.4269
100,,log2,20,1,0.8138685268191429,0.010944296939247712,0.49752078645561004,0.016874777698639723,16.6646
100,,log2,20,2,0.8133573464601677,0.01139421685737016,0.49819304160564304,0.01752308161137491,16.1352
100,,log2,20,5,0.8105547719905506,0.0110142729905502,0.5019305765658142,0.016808832978721287,15.0785
100,,log2,20,10,0.8045000167060076,0.011517784142305011,0.5099012602739581,0.017780879769970066,14.1311
100,,0.5,2,1,0.8209885549491714,0.010488879994837717,0.48791182747477035,0.016488721564129238,29.8159
100,,0.5,2,2,0.8205757900230365,0.010527438412056469,0.4884783037689643,0.016670808869927594,24.8752
100,,0.5,2,5,0.8139129078857164,0.011547085375138575,0.4974377013111676,0.017676147960117884,20.361
100,,0.5,2,10,0.804158389008004,0.011724764856587903,0.5103540539913116,0.018472102623388175,18.1596
100,,0.5,5,1,0.8208276611337121,0.010236144860162203,0.4881434978729712,0.01621665766841038,28.1858
100,,0.5,5,2,0.8208650210529218,0.011079388037018242,0.4880422107453275,0.016733130233728563,24.262
100,,0.5,5,5,0.8139129078857164,0.011547085375138584,0.4974377013111676,0.01767614796011789,20.547
100,,0.5,5,10,0.804158389008004,0.011724764856587895,0.5103540539913116,0.01847210262338817,18.0258
100,,0.5,10,1,0.8188256461219809,0.010288336804743453,0.4908722728699577,0.01645193048975189,23.9076
100,,0.5,10,2,0.817945608325207,0.01127930551188229,0.49202384435390634,0.017663907396219772,22.6222
100,,0.5,10,5,0.8139129078857164,0.011547085375138584,0.4974377013111676,0.017676147960117898,20.7922
100,,0.5,10,10,0.804158389008004,0.011724764856587893,0.5103540539913116,0.018472102623388175,17.8023
100,,0.5,20,1,0.8132961263803216,0.010180121514669705,0.49832439108713383,0.01621785907020724,21.3527
100,,0.5,20,2,0.8119560272026229,0.010749510587615415,0.5000815456464474,0.01670011512174821,21.0532
100,,0.5,20,5,0.8085778232242502,0.011415612874143832,0.5045444627686004,0.0175915980858564,19.4818
100,,0.5,20,10,0.804158389008004,0.011724764856587895,0.5103540539913116,0.01847210262338817,18.1473
100,,1.0,2,1,0.8138084079597032,0.010140722364313988,0.4976441960012138,0.016400585466226535,54.4626
100,,1.0,2,2,0.8137733918160708,0.010731344746133853,0.49767929194695365,0.017405113681234402,46.6971
100,,1.0,2,5,0.8092329436214507,0.011996622125138013,0.5036775676008123,0.018961669397129954,37.9963
100,,1.0,2,10,0.7991174858468792,0.012711664480501015,0.516860925740507,0.01968141289191118,32.941
100,,1.0,5,1,0.8137720683214636,0.010241235837429466,0.497691639355621,0.016584178633968306,48.4894
100,,1.0,5,2,0.8136027163722463,0.01079363791424394,0.4979097805926968,0.017594063882563446,45.3838
100,,1.0,5,5,0.8092329436214507,0.011996622125138003,0.5036775676008123,0.018961669397129947,38.4229
100,,1.0,5,10,0.7991174858468792,0.01271166448050102,0.516860925740507,0.01968141289191117,33.6096
100,,1.0,10,1,0.8119182118213661,0.010496752596352056,0.5001597790281591,0.01696256203104678,45.2419
100,,1.0,10,2,0.8118856079822919,0.010988941288417658,0.5001955888953801,0.017843821544140458,41.6032
100,,1.0,10,5,0.8092329436214507,0.011996622125138004,0.5036775676008123,0.018961669397129947,37.0737
100,,1.0,10,10,0.7991174858468792,0.012711664480501025,0.516860925740507,0.01968141289191118,31.9878
100,,1.0,20,1,0.8070167727786701,0.010832569761693825,0.5066401793477374,0.017477257075195384,38.3537
100,,1.0,20,2,0.8069161016736552,0.011221444489949646,0.5067631056983626,0.018051441642726925,37.268
100,,1.0,20,5,0.8048321358824794,0.011910348338728024,0.509467971542246,0.018726037494308036,34.9734
100,,1.0,20,10,0.7991174858468792,0.012711664480501011,0.516860925740507,0.019681412891911176,31.9272
100,5,sqrt,2,1,0.6288886136449046,0.01171606654730338,0.7027280525391807,0.015784636892483155,5.1887
100,5,sqrt,2,2,0.6291725946715773,0.011798319078125764,0.7024597077322398,0.01592154909860765,5.145
100,5,sqrt,2,5,0.6292634984416035,0.01179766050246933,0.7023752158818694,0.01600842672735107,5.2152
100,5,sqrt,2,10,0.6291783181506035,0.011795856640638916,0.7024530293305701,0.015872009571108243,5.0966
100,5,sqrt,5,1,0.6289720330925134,0.011720120296454946,0.7026495287790067,0.015812970530560914,5.0951
100,5,sqrt,5,2,0.6290102276388281,0.011797511294306774,0.7026138574251453,0.01593627670956549,5.0761
100,5,sqrt,5,5,0.6292634984416035,0.011797660502469349,0.7023752158818694,0.016008426727351067,5.0636
100,5,sqrt,5,10,0.6291783181506035,0.011795856640638912,0.7024530293305701,0.01587200957110826,5.1889
100,5,sqrt,10,1,0.629413862733468,0.01151643377496856,0.702233385848561,0.01566869602895573,5.0978
100,5,sqrt,10,2,0.6294375456503405,0.01159538157220765,0.7022102448969422,0.015737221828710055,5.0628
100,5,sqrt,10,5,0.6292634984416035,0.011797660502469378,0.7023752158818694,0.01600842672735108,4.9779
100,5,sqrt,10,10,0.6291783181506034,0.01179585664063887,0.7024530293305701,0.015872009571108268,5.1103
100,5,sqrt,20,1,0.6295986899112817,0.011679382862298783,0.7020553429729881,0.01575904232114347,5.2576
100,5,sqrt,20,2,0.6296010005486198,0.01176854624232262,0.7020523643674714,0.015838173478029214,5.1977
100,5,sqrt,20,5,0.6295202307738808,0.011784890622599945,0.702130736888033,0.01594412911483266,5.1404
100,5,sqrt,20,10,0.6291783181506035,0.011795856640638883,0.7024530293305701,0.01587200957110824,5.2681
100,5,log2,2,1,0.665084343241902,0.013462823975293756,0.6675448685484646,0.0179021828800742,6.865
100,5,log2,2,2,0.6650149392380494,0.013547812455236587,0.6676103304098702,0.01789236103637571,6.8004
100,5,log2,2,5,0.6651348727840679,0.01349438179813537,0.6674927621050499,0.017884599348515273,6.7841
100,5,log2,2,10,0.6651341247500222,0.013507415234972982,0.6674935852949457,0.017910677204031545,6.7824
100,5,log2,5,1,0.6651790643276637,0.013505821366438098,0.6674491228014654,0.017918780806415277,6.6195
100,5,log2,5,2,0.6651606571605143,0.013519976325322142,0.6674658367038211,0.01788208888046898,6.5683
100,5,log2,5,5,0.6651348727840679,0.01349438179813537,0.6674927621050499,0.017884599348515252,6.5714
100,5,log2,5,10,0.6651341247500222,0.013507415234972982,0.6674935852949457,0.017910677204031545,6.6057
100,5,log2,10,1,0.6651926643609235,0.013536360976335846,0.6674346424004691,0.01792658768746548,6.7867
100,5,log2,10,2,0.6651586798265415,0.01355411922391021,0.6674667383445033,0.017889261503978786,7.2823
100,5,log2,10,5,0.6651348727840679,0.013494381798135375,0.6674927621050499,0.017884599348515273,6.9131
100,5,log2,10,10,0.6651341247500222,0.013507415234973006,0.6674935852949457,0.01791067720403158,6.731
100,5,log2,20,1,0.6652501666742752,0.013503126072252424,0.6673788192413443,0.017932335534020252,6.7843
100,5,log2,20,2,0.6652139677573352,0.013537780356118629,0.6674128401502212,0.017911231236325074,6.8207
100,5,log2,20,5,0.6652161467787574,0.013510968368633577,0.667411103108885,0.01788413487956311,6.7019
100,5,log2,20,10,0.6651341247500222,0.013507415234973006,0.6674935852949457,0.017910677204031562,6.9253
100,5,0.5,2,1,0.6685579782649309,0.01373100312110236,0.6640670588937138,0.018225227871580343,8.3776
100,5,0.5,2,2,0.6685910557906042,0.013701451895843717,0.6640349911260706,0.018218514941636472,8.3767
100,5,0.5,2,5,0.6685852845698796,0.013738577868317678,0.6640400420940981,0.018250027146537673,8.4693
100,5,0.5,2,10,0.6684546633791132,0.013683318165475408,0.6641725538519558,0.018223220975138798,8.4114
100,5,0.5,5,1,0.6685284304221959,0.013717110591469269,0.6640969353329462,0.018211272262133815,8.482
100,5,0.5,5,2,0.6685757976019087,0.013719169007324901,0.6640497124535792,0.018223504145219928,8.4125
100,5,0.5,5,5,0.6685852845698796,0.013738577868317689,0.6640400420940981,0.01825002714653771,8.4386
100,5,0.5,5,10,0.6684546633791132,0.0136833181654754,0.6641725538519558,0.01822322097513879,8.4573
100,5,0.5,10,1,0.6684895333545822,0.013748178426996922,0.664135722223991,0.018252574050207106,8.561
100,5,0.5,10,2,0.6685190175402921,0.013738990863410579,0.6641065078260392,0.018250537655969165,8.2945
100,5,0.5,10,5,0.6685852845698798,0.013738577868317678,0.6640400420940981,0.018250027146537687,8.3662
100,5,0.5,10,10,0.6684546633791132,0.013683318165475439,0.6641725538519558,0.018223220975138798,8.3039
100,5,0.5,20,1,0.6683916899808917,0.013676024023968864,0.6642349622047699,0.018181680025537845,8.2551
100,5,0.5,20,2,0.6684166795419884,0.013658057685592686,0.6642103239461496,0.01816768768066806,8.2738
100,5,0.5,20,5,0.6684895166367675,0.013651279280116878,0.6641373527338258,0.01815981499709123,8.2759
100,5,0.5,20,10,0.6684546633791132,0.01368331816547542,0.6641725538519558,0.018223220975138794,8.605
100,5,1.0,2,1,0.6611283419471519,0.013553191681097934,0.6714671384330578,0.01760895970718292,15.2168
100,5,1.0,2,2,0.6611522897004786,0.013524490557913795,0.6714436417693428,0.017572832507432055,15.3552
100,5,1.0,2,5,0.6610660909768651,0.013648397660445694,0.6715262419868435,0.01765405700123091,15.4833
100,5,1.0,2,10,0.6608739910744453,0.013984766163605925,0.6717072235760153,0.017824318737711984,15.1832
100,5,1.0,5,1,0.6611123413507389,0.013555150886062838,0.6714829422594418,0.01760949009122287,15.2549
100,5,1.0,5,2,0.6611385922333464,0.013527469913723446,0.6714572951926343,0.017580226785249762,15.0917
100,5,1.0,5,5,0.6610660909768651,0.013648397660445705,0.6715262419868435,0.017654057001230898,15.2212
100,5,1.0,5,10,0.6608739910744453,0.013984766163605923,0.6717072235760153,0.017824318737711998,15.1735
100,5,1.0,10,1,0.6609478655544733,0.013583785951497446,0.6716463783746315,0.01766830516285991,15.2822
100,5,1.0,10,2,0.6609746148759404,0.013559422279959621,0.6716202936463842,0.017646280470025817,15.7076
100,5,1.0,10,5,0.6610660909768651,0.013648397660445694,0.6715262419868435,0.01765405700123091,15.1227
100,5,1.0,10,10,0.6608739910744453,0.013984766163605925,0.6717072235760153,0.017824318737711994,15.1748
100,5,1.0,20,1,0.6609192502406035,0.013590774220706328,0.6716748456474649,0.017683401651606413,14.8482
100,5,1.0,20,2,0.6609536893907207,0.013569578252086182,0.6716410041074747,0.017660820468013493,14.9642
100,5,1.0,20,5,0.6610507470583079,0.013658036978458856,0.6715409916615832,0.017650026061891325,15.135
100,5,1.0,20,10,0.6608739910744453,0.013984766163605925,0.6717072235760153,0.017824318737711998,14.9066
100,10,sqrt,2,1,0.7746826755564861,0.009758773953008164,0.547500421180245,0.014808860114757003,8.5513
100,10,sqrt,2,2,0.773569162144418,0.010547030828315533,0.5488344092690738,0.01571552348774884,8.7884
100,10,sqrt,2,5,0.7744371336418597,0.011355791771337923,0.5477637029541018,0.01686052259163217,8.6347
100,10,sqrt,2,10,0.7700525702842521,0.011312138813922502,0.5530606165450773,0.01642087710246032,8.4199
100,10,sqrt,5,1,0.7753746064337426,0.009608829311536504,0.5466630875484485,0.0146891227332117,8.5699
100,10,sqrt,5,2,0.7756750640292184,0.010096149787935138,0.5462846051307355,0.015193252141924421,8.767
100,10,sqrt,5,5,0.7744371336418595,0.011355791771337925,0.5477637029541018,0.016860522591632184,8.5934
100,10,sqrt,5,10,0.7700525702842521,0.011312138813922509,0.5530606165450774,0.016420877102460336,8.2194
100,10,sqrt,10,1,0.7744713032120532,0.01108823669150253,0.5477072280556263,0.015611270957869091,8.68
100,10,sqrt,10,2,0.7746255699699744,0.010165604599901717,0.5475551461334909,0.015092082094458505,8.697
100,10,sqrt,10,5,0.7744371336418597,0.011355791771337923,0.5477637029541018,0.01686052259163217,8.5385
100,10,sqrt,10,10,0.7700525702842521,0.011312138813922509,0.5530606165450774,0.016420877102460343,8.3123
100,10,sqrt,20,1,0.7728969783963417,0.010495774250460709,0.5496407940777635,0.015323334323803397,8.4923
100,10,sqrt,20,2,0.7719436750869835,0.010689209893641083,0.55080350424888,0.015954513891140186,8.9956
100,10,sqrt,20,5,0.7725573098498043,0.010203015530731442,0.5500755863935161,0.015533088947959451,8.7875
100,10,sqrt,20,10,0.7700525702842521,0.011312138813922509,0.5530606165450774,0.016420877102460343,8.4242
100,10,log2,2,1,0.7893152656818009,0.010918425104851167,0.5293735580079885,0.016389069548675892,12.0884
100,10,log2,2,2,0.7887730577888752,0.010849606868146946,0.5300383195632467,0.015665410984988932,11.9574
100,10,log2,2,5,0.7876989645230219,0.011417670391520866,0.531382643239754,0.016787369705511312,11.675
100,10,log2,2,10,0.7849471807086484,0.012250254445499258,0.5348052782472914,0.018093608383693255,11.3472
100,10,log2,5,1,0.7885897040303396,0.010618277362475571,0.5302675817855262,0.015069757735267824,12.1222
100,10,log2,5,2,0.789241099012304,0.011283246849361744,0.5294470900382907,0.016599927317320677,11.9571
100,10,log2,5,5,0.7876989645230219,0.01141767039152086,0.531382643239754,0.016787369705511295,11.8149
100,10,log2,5,10,0.7849471807086484,0.012250254445499249,0.5348052782472914,0.018093608383693248,11.3233
100,10,log2,10,1,0.7880352997471581,0.010953274433288513,0.5309755079612016,0.016228248814677635,12.0765
100,10,log2,10,2,0.7890449679229457,0.011224407245640777,0.5297018551102323,0.016683770611743826,11.9904
100,10,log2,10,5,0.7876989645230219,0.011417670391520845,0.5313826432397539,0.016787369705511285,11.9932
100,10,log2,10,10,0.7849471807086484,0.012250254445499249,0.5348052782472914,0.018093608383693234,11.4985
100,10,log2,20,1,0.7877102621469249,0.010922834336374553,0.5313890509387296,0.016401950303399748,11.8476
100,10,log2,20,2,0.7875545661842158,0.011545006088978326,0.5315628760993569,0.017076336676986666,11.6319
100,10,log2,20,5,0.7870013617202941,0.010716635349822545,0.5322853512495014,0.01625328156979867,11.5221
100,10,log2,20,10,0.7849471807086484,0.01225025444549924,0.5348052782472915,0.018093608383693255,11.2771
100,10,0.5,2,1,0.7882814492439033,0.011230583352937069,0.5306512628359326,0.016425462296661416,15.204
100,10,0.5,2,2,0.7887043129872893,0.012345190178210936,0.5300873306848366,0.017976471189860378,14.9076
100,10,0.5,2,5,0.7876993730914338,0.01208557195453615,0.5313698047265334,0.017939364596908057,14.9699
100,10,0.5,2,10,0.7847178656307776,0.012147017122640257,0.535089608788683,0.017941925180379202,14.28
100,10,0.5,5,1,0.7878064196980372,0.011431563065843697,0.5312457098469221,0.01681312665187781,15.1468
100,10,0.5,5,2,0.7886732852213948,0.01183663883534111,0.5301424261970675,0.017217649711501096,15.2907
100,10,0.5,5,5,0.7876993730914338,0.012085571954536157,0.5313698047265334,0.017939364596908064,14.8024
100,10,0.5,5,10,0.7847178656307776,0.01214701712264023,0.535089608788683,0.01794192518037918,14.3463
100,10,0.5,10,1,0.7865486153573695,0.011499501401399848,0.5328095387470994,0.016606873792202378,14.8033
100,10,0.5,10,2,0.788055086862524,0.010695807121618564,0.5309629668893558,0.01614000440543761,14.9977
100,10,0.5,10,5,0.7876993730914338,0.012085571954536155,0.5313698047265335,0.017939364596908057,14.7737
100,10,0.5,10,10,0.7847178656307776,0.012147017122640253,0.535089608788683,0.017941925180379216,14.1781
100,10,0.5,20,1,0.786076182290862,0.01155634821201754,0.5334016077387507,0.016791698387366345,14.6707
100,10,0.5,20,2,0.7869934919183664,0.012204862571169747,0.5322347701087693,0.01762124176913503,14.6625
100,10,0.5,20,5,0.786664194628873,0.011896648281584508,0.5326548244693997,0.01717611320115937,14.6851
100,10,0.5,20,10,0.7847178656307776,0.012147017122640219,0.5350896087886828,0.017941925180379188,14.4816
100,10,1.0,2,1,0.7849832503026271,0.012009840346069615,0.5347676797749082,0.0179848032905735,28.0707
100,10,1.0,2,2,0.7859389109459131,0.012158041732765064,0.5335784077580004,0.018402779205237158,27.9346
100,10,1.0,2,5,0.7856483062589555,0.012878263627782334,0.5339155474827011,0.01919470732183887,27.6629
100,10,1.0,2,10,0.7820107824286356,0.013242313654939568,0.538428616795269,0.019692877746147443,26.6956
100,10,1.0,5,1,0.7847970951118046,0.011980847837102808,0.5349999611482483,0.017948556233016274,28.0956
100,10,1.0,5,2,0.7858749866969663,0.01221365433994489,0.5336550765410129,0.0184307831851421,28.2469
100,10,1.0,5,5,0.7856483062589555,0.012878263627782344,0.5339155474827011,0.019194707321838887,14.8331
100,10,1.0,5,10,0.7820107824286356,0.01324231365493956,0.5384286167952691,0.019692877746147426,21.3153
100,10,1.0,10,1,0.7842483293170399,0.012020991765214185,0.5356852734672666,0.018095458560689316,28.3032
100,10,1.0,10,2,0.7853851959969027,0.012283972606865484,0.5342657880600782,0.018574580024029633,27.8531
100,10,1.0,10,5,0.7856483062589555,0.012878263627782334,0.5339155474827011,0.01919470732183887,27.6777
100,10,1.0,10,10,0.7820107824286356,0.013242313654939594,0.5384286167952691,0.019692877746147436,26.5453
100,10,1.0,20,1,0.7827700654731296,0.012221223644074825,0.5375197680000878,0.018485544221710982,27.6528
100,10,1.0,20,2,0.783705056060169,0.01238370871829379,0.5363566127796764,0.018747988782903464,27.5944
100,10,1.0,20,5,0.7840009363618392,0.012855737483343786,0.5359715697070866,0.0192238563080168,27.293
100,10,1.0,20,10,0.7820107824286356,0.01324231365493958,0.5384286167952691,0.019692877746147436,27.2846
100,20,sqrt,2,1,0.8189658180684137,0.01099275450421648,0.4906265428933983,0.016277576147537023,15.8595
100,20,sqrt,2,2,0.8168155078951032,0.011165663474825671,0.4935478202643212,0.01704603522296581,13.4922
100,20,sqrt,2,5,0.807891631700263,0.010222847558575185,0.5054919186128085,0.01600029404348384,11.3253
100,20,sqrt,2,10,0.7953954692313652,0.010982226587982499,0.5216669882360859,0.016557698816552578,10.1005
100,20,sqrt,5,1,0.8178803799963322,0.010095969592169806,0.4921411809747417,0.01546277121068893,13.9066
100,20,sqrt,5,2,0.817283754930547,0.009945260176378645,0.4929649714187482,0.015570101599803456,7.1737
100,20,sqrt,5,5,0.807891631700263,0.010222847558575193,0.5054919186128086,0.016000294043483836,4.0418
100,20,sqrt,5,10,0.7953954692313652,0.010982226587982499,0.5216669882360859,0.016557698816552578,5.4528
100,20,sqrt,10,1,0.8146654851626962,0.009636098695467856,0.4964899157315399,0.014907277044107577,12.6726
100,20,sqrt,10,2,0.8129524366754423,0.01029281425538059,0.49877085102526897,0.015928649931397424,12.1097
100,20,sqrt,10,5,0.807891631700263,0.010222847558575185,0.5054919186128085,0.016000294043483836,11.5117
100,20,sqrt,10,10,0.7953954692313652,0.010982226587982475,0.5216669882360859,0.016557698816552568,10.0845
100,20,sqrt,20,1,0.8064364897123909,0.009572694363504927,0.5074305379980026,0.015424559991175956,11.5386
100,20,sqrt,20,2,0.8058128703160481,0.010499921205410066,0.5082261483874531,0.016656722143552485,11.3034
100,20,sqrt,20,5,0.8029055907828913,0.011219669304728409,0.5119984168261954,0.017499144974092353,10.8418
100,20,sqrt,20,10,0.7953954692313652,0.010982226587982475,0.5216669882360859,0.016557698816552578,10.2366
100,20,log2,2,1,0.8239348134261016,0.010452237668703533,0.4838810485649434,0.016651096090477862,15.1058
100,20,log2,2,2,0.8227118898978396,0.010511589953831285,0.48556071325783445,0.016682925338652455,6.2819
100,20,log2,2,5,0.8148873924190891,0.011450473084067879,0.4961350579552254,0.017577670206781606,5.0736
100,20,log2,2,10,0.8043469709530358,0.011160948197803238,0.5101067122840443,0.017127630506455372,5.4824
100,20,log2,5,1,0.8232373372336896,0.010506237845693952,0.484818460438012,0.016112684333342123,18.92
100,20,log2,5,2,0.8222140210663117,0.010080725418618203,0.4862527260945056,0.015968706091800487,18.0851
100,20,log2,5,5,0.8148873924190891,0.011450473084067882,0.4961350579552253,0.017577670206781592,16.1379
100,20,log2,5,10,0.8043469709530358,0.011160948197803238,0.5101067122840443,0.017127630506455358,15.0148
100,20,log2,10,1,0.8198767718337553,0.009684096169110928,0.4894615635480708,0.015580227971746477,18.0774
100,20,log2,10,2,0.8197432675325491,0.01148172229616791,0.4895700438462036,0.017740545606707223,17.7566
100,20,log2,10,5,0.8148873924190891,0.011450473084067896,0.4961350579552254,0.01757767020678162,16.0169
100,20,log2,10,10,0.8043469709530358,0.011160948197803238,0.5101067122840443,0.017127630506455372,14.1837
100,20,log2,20,1,0.8146381965814546,0.010677010653228878,0.49650225465705783,0.016612509886221746,16.7034
100,20,log2,20,2,0.8141444953362849,0.010504100076229476,0.4971697947939287,0.016452147105655228,15.9822
100,20,log2,20,5,0.8106334054112745,0.011120850988978134,0.5018180687036419,0.01675216389835974,14.7554
100,20,log2,20,10,0.8043469709530358,0.011160948197803238,0.5101067122840443,0.017127630506455372,13.7568
100,20,0.5,2,1,0.8211982803230005,0.010541915502221279,0.48763022594312,0.016747447701582888,27.9983
100,20,0.5,2,2,0.8207751856679788,0.01095248249289049,0.4881905358801423,0.017246326678361092,24.7205
100,20,0.5,2,5,0.8141995912743667,0.011560623496610845,0.497053355634664,0.01776232714579505,20.833
100,20,0.5,2,10,0.8043068979331387,0.011638341999639017,0.5101640922338909,0.018382407062985426,17.9687
100,20,0.5,5,1,0.8205961677507284,0.009906828233909565,0.4884763059205989,0.01595211352326471,25.6353
100,20,0.5,5,2,0.8202968940265233,0.011530267443436774,0.4887984533871522,0.01743285328313103,23.9648
100,20,0.5,5,5,0.8141995912743667,0.011560623496610845,0.497053355634664,0.01776232714579504,20.1249
100,20,0.5,5,10,0.8043068979331387,0.011638341999639017,0.5101640922338909,0.018382407062985415,18.2305
100,20,0.5,10,1,0.819488670367068,0.010106424039626902,0.4899769819006739,0.016194669130286124,23.4125
100,20,0.5,10,2,0.817896793836083,0.010932754672800764,0.4921004752708808,0.017070862651026173,22.6449
100,20,0.5,10,5,0.8141995912743667,0.011560623496610845,0.497053355634664,0.017762327145795037,20.558
100,20,0.5,10,10,0.8043068979331387,0.011638341999639009,0.5101640922338909,0.018382407062985415,17.799
100,20,0.5,20,1,0.8128139583712304,0.010674057438544889,0.4989410195252527,0.01652692208604494,21.6754
100,20,0.5,20,2,0.8125140621953273,0.01086546730293343,0.49933317540860955,0.016880013215408496,20.5018
100,20,0.5,20,5,0.8087969803281023,0.010946212346938598,0.5042781495414769,0.0171832438916678,19.7828
100,20,0.5,20,10,0.8043068979331387,0.011638341999639009,0.5101640922338909,0.01838240706298542,18.2334
100,20,1.0,2,1,0.8137678311765428,0.010349009529563117,0.4976886694511934,0.016563183758567298,50.7085
100,20,1.0,2,2,0.8137439017231436,0.010759901474481068,0.49772039346267827,0.017510140461832552,44.72
100,20,1.0,2,5,0.8092041595294213,0.012028197156892224,0.5037141535272951,0.018994832374327024,37.9204
100,20,1.0,2,10,0.7991147188448234,0.012712357121467932,0.5168644569569654,0.01968241894135708,32.9591
100,20,1.0,5,1,0.8136444068339515,0.01010564000625144,0.49786564247869364,0.016389469092623832,47.368
100,20,1.0,5,2,0.813459670536069,0.010829904663346308,0.49809824615507836,0.017606448310384888,44.2371
100,20,1.0,5,5,0.8092041595294213,0.012028197156892224,0.5037141535272951,0.018994832374327024,37.5922
100,20,1.0,5,10,0.7991147188448234,0.012712357121467932,0.5168644569569654,0.019682418941357072,33.158
100,20,1.0,10,1,0.8117120902259142,0.010500132143444819,0.5004341858022734,0.01696032624471527,42.8937
100,20,1.0,10,2,0.811771240801409,0.011030245544676338,0.5003466428339509,0.017888845122541443,41.7361
100,20,1.0,10,5,0.8092041595294213,0.012028197156892224,0.5037141535272951,0.018994832374327024,38.1712
100,20,1.0,10,10,0.7991147188448234,0.012712357121467932,0.5168644569569654,0.01968241894135709,33.1089
100,20,1.0,20,1,0.8069122591797768,0.010862264025674952,0.5067762728246404,0.01750969555570222,39.6381
100,20,1.0,20,2,0.806843395139263,0.01124034697849444,0.5068583452075819,0.01808353121002803,38.4184
100,20,1.0,20,5,0.8048091585113397,0.011919323482316798,0.5094979024672563,0.018742188927729917,35.6513
100,20,1.0,20,10,0.7991147188448234,0.012712357121467932,0.5168644569569654,0.01968241894135708,32.9488
200,,sqrt,2,1,0.8229751586927885,0.008992699722253649,0.4852469421565849,0.01455146620392935,33.7902
200,,sqrt,2,2,0.8195134443625095,0.01083661930418311,0.48990126114534444,0.016577473432445783,27.5192
200,,sqrt,2,5,0.810945677029892,0.010665427093213433,0.5014327048891722,0.016487760782002932,22.3586
200,,sqrt,2,10,0.798212467715834,0.01130653972234013,0.5180454156492096,0.016927171672178533,20.8524
200,,sqrt,5,1,0.8213656215937147,0.009857337149830843,0.48741884807637226,0.01552433770530536,28.9907
200,,sqrt,5,2,0.8198348918948515,0.010240141320728074,0.4894958957086869,0.01611913922418714,27.1281
200,,sqrt,5,5,0.810945677029892,0.010665427093213426,0.5014327048891722,0.016487760782002932,22.7755
200,,sqrt,5,10,0.798212467715834,0.011306539722340143,0.5180454156492096,0.016927171672178533,20.9063
200,,sqrt,10,1,0.818213550463614,0.009617119329825199,0.4917151664493794,0.015189669155727333,26.5234
200,,sqrt,10,2,0.8159667398439078,0.010338820410857269,0.49473138577239917,0.0162680125216661,24.5739
200,,sqrt,10,5,0.810945677029892,0.010665427093213433,0.5014327048891722,0.01648776078200294,21.8344
200,,sqrt,10,10,0.798212467715834,0.011306539722340142,0.5180454156492094,0.016927171672178522,19.7449
200,,sqrt,20,1,0.810360329244291,0.01013089383945078,0.5022257810691004,0.01572740948132302,22.6941
200,,sqrt,20,2,0.8090229447742733,0.010645764221989977,0.5039854897952244,0.01662346221319035,21.9193
200,,sqrt,20,5,0.805191020452218,0.010926128233917141,0.5090106966740314,0.0167233252177585,20.6047
200,,sqrt,20,10,0.798212467715834,0.011306539722340128,0.5180454156492094,0.016927171672178522,19.5221
200,,log2,2,1,0.8242471621017128,0.009911849819081772,0.4834635888759743,0.015747442721014786,44.1279
200,,log2,2,2,0.8232155703013252,0.011003959324981162,0.4848410587417703,0.01718420050803565,36.3436
200,,log2,2,5,0.8149093248342136,0.011079198695800258,0.49612597182780815,0.017220413869034005,29.8927
200,,log2,2,10,0.8042924696768627,0.011948093520483849,0.510162127601196,0.018443061972285638,25.9838
200,,log2,5,1,0.8235556460816925,0.010214273619663762,0.4843897426621009,0.015685459480440183,37.706
200,,log2,5,2,0.8231357955246243,0.009844346008833613,0.4850061919580429,0.015949349789961157,35.1742
200,,log2,5,5,0.8149093248342136,0.011079198695800258,0.49612597182780815,0.017220413869033994,29.6515
200,,log2,5,10,0.8042924696768627,0.011948093520483833,0.510162127601196,0.018443061972285638,26.2917
200,,log2,10,1,0.8213967580486317,0.009963887529911345,0.4873812870221452,0.016005334753916755,34.6513
200,,log2,10,2,0.8199819030232902,0.0108405718301485,0.4892801887345543,0.01713194792519839,33.236
200,,log2,10,5,0.8149093248342136,0.011079198695800258,0.49612597182780815,0.017220413869033994,29.6476
200,,log2,10,10,0.8042924696768627,0.011948093520483833,0.510162127601196,0.01844306197228565,20.1215
200,,log2,20,1,0.8140245860949944,0.010833908980786669,0.49732290954472047,0.01694411914862648,10.0118
200,,log2,20,2,0.8133352874494598,0.011065511817100436,0.49823712965687916,0.01715031250068387,9.5153
200,,log2,20,5,0.8102056156363593,0.011280179875309155,0.5023930568737682,0.017379585136401504,9.1627
200,,log2,20,10,0.8042924696768627,0.011948093520483833,0.510162127601196,0.01844306197228566,8.9316
200,,0.5,2,1,0.8228104202213439,0.010465261586814488,0.48542591199960816,0.016733677432772646,22.9415
200,,0.5,2,2,0.8214682717442378,0.010578404388406598,0.48725572176787824,0.016681195476456936,16.8858
200,,0.5,2,5,0.8150517649448179,0.011595716648190564,0.49591826426203783,0.018066681484934927,13.4482
200,,0.5,2,10,0.8041738115002509,0.011558974274335132,0.5103382244747986,0.018245962613268774,11.6121
200,,0.5,5,1,0.821824809057256,0.010163902830447788,0.4867879014190991,0.016284810939496776,18.5546
200,,0.5,5,2,0.8218572150281862,0.011067913905327674,0.4866964632257976,0.017070124645916496,16.503
200,,0.5,5,5,0.8150517649448179,0.011595716648190564,0.49591826426203783,0.01806668148493494,13.5861
200,,0.5,5,10,0.8041738115002509,0.011558974274335157,0.5103382244747985,0.018245962613268767,11.736
200,,0.5,10,1,0.8199023455045384,0.01048320216825196,0.48939967265936024,0.016659357006705594,16.1573
200,,0.5,10,2,0.8185809064408389,0.011037257800330602,0.49117115479436835,0.01729441347723124,15.6644
200,,0.5,10,5,0.8150517649448179,0.011595716648190549,0.49591826426203783,0.018066681484934927,13.4546
200,,0.5,10,10,0.8041738115002509,0.011558974274335132,0.5103382244747985,0.018245962613268767,11.6898
200,,0.5,20,1,0.8140879624367823,0.010111402350896363,0.49726120952860653,0.016010933120268304,14.9861
200,,0.5,20,2,0.8130595796927459,0.010806160112664363,0.4986118089282791,0.01688900619043723,13.6595
200,,0.5,20,5,0.8098514063769627,0.011808005706201039,0.5028494987841735,0.018237125780935663,12.8749
200,,0.5,20,10,0.8041738115002509,0.01155897427433513,0.5103382244747985,0.018245962613268756,11.6539
200,,1.0,2,1,0.8157284342980425,0.010687241338901112,0.4950525720948383,0.01725236446154775,37.6887
200,,1.0,2,2,0.8153369678729394,0.011137975487695519,0.4955739766152735,0.018152487576964464,31.821
200,,1.0,2,5,0.810282754042413,0.011990873719577572,0.5022895705011374,0.01905787588496231,25.2859
200,,1.0,2,10,0.8001049493695065,0.012737114001645986,0.5155844331128512,0.019736036977752305,22.9863
200,,1.0,5,1,0.8154310540905272,0.010663271338260696,0.49545945024873267,0.017385206957363286,33.2349
200,,1.0,5,2,0.8151348251743433,0.011125689225231921,0.49584809479403474,0.018181740013330668,31.7208
200,,1.0,5,5,0.810282754042413,0.011990873719577548,0.5022895705011375,0.019057875884962307,25.7379
200,,1.0,5,10,0.8001049493695065,0.012737114001645986,0.5155844331128512,0.019736036977752298,21.5948
200,,1.0,10,1,0.813330087248224,0.010857459670609245,0.49826977284923607,0.017629028530948228,30.8623
200,,1.0,10,2,0.8131980782868495,0.011255709789512396,0.49843980725205295,0.018355981636258224,29.6383
200,,1.0,10,5,0.810282754042413,0.011990873719577548,0.5022895705011374,0.01905787588496229,26.1233
200,,1.0,10,10,0.8001049493695065,0.012737114001645976,0.5155844331128512,0.01973603697775231,22.7652
200,,1.0,20,1,0.8081550824856173,0.011095390612414538,0.5051372857440641,0.01798697520117077,28.7472
200,,1.0,20,2,0.8081390863523857,0.011452916961228894,0.5051482305302483,0.01850228057910452,26.4042
200,,1.0,20,5,0.8058134968618574,0.011984968958297124,0.5081810191773242,0.01890212855761757,24.4885
200,,1.0,20,10,0.8001049493695065,0.012737114001645986,0.5155844331128512,0.019736036977752315,22.18
200,5,sqrt,2,1,0.6321634514901462,0.011858390612333063,0.6996201730846803,0.016012482141149392,3.7671
200,5,sqrt,2,2,0.6324687093001906,0.011952672658989838,0.6993284897181496,0.016091725530804502,3.7107
200,5,sqrt,2,5,0.6325903090302394,0.011980625987749271,0.6992143837399064,0.016213150792267515,3.7504
200,5,sqrt,2,10,0.6322328811393104,0.012141471005479241,0.6995525766359824,0.01633393810122861,3.7993
200,5,sqrt,5,1,0.632346164894106,0.011923384619557791,0.6994452474298363,0.016057564221858125,3.7823
200,5,sqrt,5,2,0.6324133120645925,0.011963990068997756,0.6993813195801161,0.016113556370628324,3.7751
200,5,sqrt,5,5,0.6325903090302393,0.011980625987749308,0.6992143837399064,0.016213150792267518,3.7753
200,5,sqrt,5,10,0.6322328811393104,0.012141471005479224,0.6995525766359824,0.016333938101228605,3.9359
200,5,sqrt,10,1,0.6325792162589654,0.011838845990083481,0.6992243962027243,0.015992307728968116,3.7171
200,5,sqrt,10,2,0.6326135672005908,0.011880810720982035,0.6991912197805019,0.01602959954284161,3.8386
200,5,sqrt,10,5,0.6325903090302394,0.011980625987749282,0.6992143837399064,0.016213150792267494,3.7362
200,5,sqrt,10,10,0.6322328811393104,0.012141471005479238,0.6995525766359824,0.016333938101228605,4.2263
200,5,sqrt,20,1,0.6323753150523131,0.012024752146648582,0.6994177619588445,0.016207423900538885,3.8544
200,5,sqrt,20,2,0.6323904374636167,0.012106315858341436,0.6994025085995315,0.01628188201131856,3.7607
200,5,sqrt,20,5,0.6324381811084627,0.012147292151114451,0.6993584077433578,0.016398730386492696,3.8654
200,5,sqrt,20,10,0.6322328811393104,0.012141471005479227,0.6995525766359824,0.016333938101228594,3.9718
200,5,log2,2,1,0.6630793466252884,0.01408537331802558,0.6695286971207313,0.018342042741527023,4.8102
200,5,log2,2,2,0.6630945336043402,0.01412198899948675,0.669511678231802,0.018328253729049126,4.7227
200,5,log2,2,5,0.6632890795263189,0.014038147487068888,0.6693214742549487,0.018322131226781176,4.7618
200,5,log2,2,10,0.6631517528499535,0.014066479125275502,0.6694568638620443,0.018320778325801708,4.8188
200,5,log2,5,1,0.6631671065353408,0.01411437033815615,0.6694403512754834,0.018345854787266285,4.9083
200,5,log2,5,2,0.6631799224969013,0.014105532905198876,0.6694273442228722,0.018324948974563122,4.7444
200,5,log2,5,5,0.6632890795263189,0.014038147487068886,0.6693214742549487,0.018322131226781176,4.7788
200,5,log2,5,10,0.6631517528499534,0.01406647912527551,0.6694568638620443,0.018320778325801753,4.7108
200,5,log2,10,1,0.6632671564139281,0.014074234112189176,0.6693423540521961,0.018338921397563244,4.9843
200,5,log2,10,2,0.6632732700921606,0.014069848731744194,0.6693358955757271,0.018320300698421114,4.8002
200,5,log2,10,5,0.6632890795263189,0.014038147487068888,0.6693214742549487,0.018322131226781176,4.9096
200,5,log2,10,10,0.6631517528499534,0.01406647912527551,0.6694568638620443,0.018320778325801756,4.6069
200,5,log2,20,1,0.6632950045125015,0.014069683017068575,0.6693147072795564,0.01833357073037977,4.7634
200,5,log2,20,2,0.6632893080953799,0.014081763392492027,0.6693194966764628,0.01832197268361587,4.7576
200,5,log2,20,5,0.6633303564768025,0.014057478907129342,0.6692791081549452,0.018302034113554966,4.7333
200,5,log2,20,10,0.6631517528499534,0.01406647912527551,0.6694568638620443,0.01832077832580174,4.5706
200,5,0.5,2,1,0.6702053299583136,0.013851336863916213,0.6624076035267329,0.01819157934311381,6.0182
200,5,0.5,2,2,0.6702467320135621,0.013837020167105796,0.6623671665007438,0.018213788998323214,5.8595
200,5,0.5,2,5,0.6702609831750499,0.01388960923142551,0.662352588722398,0.018288712019321796,5.7841
200,5,0.5,2,10,0.6701308225077722,0.013882612014214781,0.6624840404885847,0.01830297199195323,5.4987
200,5,0.5,5,1,0.6701988399458567,0.013831559994412388,0.6624144715747564,0.018172731353406333,5.3635
200,5,0.5,5,2,0.6702364350092077,0.013846276546001438,0.6623772246437294,0.018217283095136916,5.628
200,5,0.5,5,5,0.6702609831750499,0.013889609231425518,0.6623525887223982,0.018288712019321782,5.5541
200,5,0.5,5,10,0.6701308225077722,0.013882612014214783,0.6624840404885847,0.018302971991953222,5.5107
200,5,0.5,10,1,0.6701708761576043,0.013869242342890695,0.6624422519832415,0.01821960092558418,5.4878
200,5,0.5,10,2,0.670197016858754,0.013876853437099278,0.6624166401888181,0.018257714399259894,5.4375
200,5,0.5,10,5,0.6702609831750499,0.0138896092314255,0.6623525887223982,0.018288712019321782,5.6923
200,5,0.5,10,10,0.6701308225077722,0.013882612014214783,0.6624840404885847,0.018302971991953222,5.8237
200,5,0.5,20,1,0.6701323770918128,0.013844497569980418,0.6624812843643209,0.018191973893823907,5.6984
200,5,0.5,20,2,0.6701645090814075,0.013843042080060567,0.6624497283251407,0.018218233486116373,5.5831
200,5,0.5,20,5,0.6702378339973164,0.013849783809041461,0.662376273461437,0.018240050675169067,5.449
200,5,0.5,20,10,0.6701308225077722,0.013882612014214783,0.6624840404885846,0.018302971991953226,5.4024
200,5,1.0,2,1,0.6617536761712813,0.01292440077056632,0.6708559798252228,0.016969341393084994,9.5592
200,5,1.0,2,2,0.6617854127705324,0.012909694173995265,0.6708248863368992,0.016962546799320834,9.5373
200,5,1.0,2,5,0.6617177870964843,0.013003816621726649,0.6708900444022274,0.017031243980112794,11.265
200,5,1.0,2,10,0.6615272009553015,0.0132965253090979,0.6710711025569985,0.017170786525779805,24.1852
200,5,1.0,5,1,0.6617476914443495,0.012920445195436323,0.6708620557027156,0.016968999738555205,8.3481
200,5,1.0,5,2,0.6617759453422534,0.012909174193946564,0.6708343888164323,0.01696629893062545,11.1488
200,5,1.0,5,5,0.6617177870964843,0.013003816621726623,0.6708900444022274,0.017031243980112784,28.7022
200,5,1.0,5,10,0.6615272009553015,0.013296525309097888,0.6710711025569985,0.01717078652577979,29.1668
200,5,1.0,10,1,0.6615966191368997,0.012957307738659763,0.6710122589948673,0.017037761538375964,29.0808
200,5,1.0,10,2,0.6616329875472098,0.012939355264924178,0.6709766970436328,0.01703113135599975,29.1943
200,5,1.0,10,5,0.6617177870964843,0.013003816621726633,0.6708900444022274,0.01703124398011279,11.1089
200,5,1.0,10,10,0.6615272009553015,0.013296525309097916,0.6710711025569985,0.017170786525779805,8.4476
200,5,1.0,20,1,0.6615744098887175,0.012962620141946905,0.671034433348958,0.017052039094394178,9.2078
200,5,1.0,20,2,0.6616171500502586,0.012946217428723216,0.6709924184480286,0.01704231454776327,10.3312
200,5,1.0,20,5,0.6617125245911322,0.013018566622757225,0.6708946575428214,0.017028426272117068,14.2857
200,5,1.0,20,10,0.6615272009553015,0.013296525309097904,0.6710711025569985,0.017170786525779785,30.7208
200,10,sqrt,2,1,0.7779501557764891,0.010289036604914746,0.5434974083415954,0.015371778099856688,18.6063
200,10,sqrt,2,2,0.77701430577432,0.010466709345681282,0.5446433320714111,0.01575877178100728,18.7687
200,10,sqrt,2,5,0.7773092844033341,0.011290138378157125,0.5442652210036094,0.01687329213923807,18.4962
200,10,sqrt,2,10,0.7724534715864169,0.011498749030731746,0.5501629763664377,0.01685024365484156,18.4529
200,10,sqrt,5,1,0.7776023952918731,0.010508154136614833,0.5439141508103154,0.015498556198792875,19.1465
200,10,sqrt,5,2,0.7784814559631037,0.010581417561796015,0.5428424642142525,0.01586431395167241,18.7486
200,10,sqrt,5,5,0.7773092844033341,0.011290138378157125,0.5442652210036094,0.01687329213923807,18.1432
200,10,sqrt,5,10,0.7724534715864169,0.011498749030731746,0.5501629763664377,0.01685024365484156,18.0418
200,10,sqrt,10,1,0.7774474598229139,0.01107571966677356,0.544082702729862,0.01587427327286232,19.3406
200,10,sqrt,10,2,0.7776426979234177,0.010883934010255052,0.5438522694546389,0.015836457175253747,18.9739
200,10,sqrt,10,5,0.7773092844033341,0.011290138378157134,0.5442652210036094,0.016873292139238088,18.3739
200,10,sqrt,10,10,0.7724534715864169,0.011498749030731746,0.5501629763664377,0.01685024365484156,20.2237
200,10,sqrt,20,1,0.7757681517272716,0.010604784075869178,0.546152740685397,0.015599530006796926,19.7392
200,10,sqrt,20,2,0.7754984513902999,0.011043810396910037,0.5464807648528047,0.016447950517548358,18.7948
200,10,sqrt,20,5,0.7755975850829797,0.010966517848283529,0.5463560166558403,0.016185267158631327,18.5914
200,10,sqrt,20,10,0.7724534715864169,0.011498749030731737,0.5501629763664377,0.016850243654841557,20.138
200,10,log2,2,1,0.7886667116543591,0.010901616251755739,0.5301906782814878,0.016402069722263567,27.0017
200,10,log2,2,2,0.7882960133235629,0.011288930208999926,0.5306345472456312,0.016526147553820873,28.5334
200,10,log2,2,5,0.7870524613799572,0.011892185956181781,0.532179116999878,0.017406051074544657,26.0478
200,10,log2,2,10,0.7845702683701696,0.01191874208307962,0.5352829092296753,0.017616522002910605,25.4753
200,10,log2,5,1,0.7884692778059328,0.010820063740153483,0.5304308243991934,0.01599008454718298,26.3733
200,10,log2,5,2,0.7890369366242068,0.011445468959704077,0.5296991186982515,0.01680249932278341,26.5168
200,10,log2,5,5,0.7870524613799572,0.011892185956181781,0.532179116999878,0.017406051074544654,25.6151
200,10,log2,5,10,0.7845702683701696,0.01191874208307962,0.5352829092296753,0.0176165220029106,24.1113
200,10,log2,10,1,0.7878114758987703,0.011215383475382402,0.5312470985512121,0.01651056254271203,23.6248
200,10,log2,10,2,0.7880579281304523,0.01144391793723566,0.5309325487818226,0.016835723734534774,24.1201
200,10,log2,10,5,0.7870524613799572,0.011892185956181781,0.532179116999878,0.017406051074544647,23.5115
200,10,log2,10,10,0.7845702683701696,0.011918742083079631,0.5352829092296753,0.017616522002910605,22.8987
200,10,log2,20,1,0.7867479233542602,0.011245781694963802,0.5325811153408655,0.016669456298128535,23.3828
200,10,log2,20,2,0.7870698900655774,0.011600734209798916,0.532162561745852,0.016950619798382124,23.2427
200,10,log2,20,5,0.7865838323460779,0.011114124745067412,0.5327918076506449,0.016552050728991092,23.2202
200,10,log2,20,10,0.7845702683701696,0.01191874208307962,0.5352829092296753,0.0176165220029106,23.1565
200,10,0.5,2,1,0.7893852386527083,0.01159599868985711,0.5292540008356235,0.016974790773418874,30.6243
200,10,0.5,2,2,0.7897197963617385,0.011490547379172489,0.5288386478314094,0.016949185162750437,30.7776
200,10,0.5,2,5,0.7882576934844028,0.01184225615782771,0.5306770253355976,0.017691286019626117,29.8001
200,10,0.5,2,10,0.7854110455138993,0.012099080755639967,0.5342294445957574,0.017962654053597878,29.1426
200,10,0.5,5,1,0.7890303136498857,0.011222995139607594,0.529724587083894,0.016912496725259435,30.565
200,10,0.5,5,2,0.78971109912623,0.011778562005683706,0.5288405279729591,0.017245427967287924,30.4605
200,10,0.5,5,5,0.7882576934844028,0.011842256157827724,0.5306770253355976,0.01769128601962612,29.7974
200,10,0.5,5,10,0.7854110455138993,0.012099080755639967,0.5342294445957574,0.017962654053597878,29.4435
200,10,0.5,10,1,0.7879323730509137,0.011497460199924755,0.5310831422846257,0.016857831615161235,10.8034
200,10,0.5,10,2,0.7887767218694577,0.011088301687192879,0.530042330170494,0.0165390489733378,26.1703
200,10,0.5,10,5,0.7882576934844028,0.01184225615782771,0.5306770253355976,0.01769128601962611,30.5719
200,10,0.5,10,10,0.7854110455138993,0.012099080755639932,0.5342294445957574,0.017962654053597878,30.0478
200,10,0.5,20,1,0.7867682317097558,0.011387302879690765,0.5325400307139516,0.016529115118486076,31.7385
200,10,0.5,20,2,0.7876097127954967,0.01200181057861415,0.5314699529634156,0.017392757278781753,31.9746
200,10,0.5,20,5,0.7872587983722423,0.011551153304520988,0.5319301938051072,0.017030115655393332,31.3279
200,10,0.5,20,10,0.7854110455138993,0.012099080755639967,0.5342294445957574,0.017962654053597888,30.6305
200,10,1.0,2,1,0.786323294386593,0.011917116540412005,0.5331040333270177,0.018059716247392655,64.176
200,10,1.0,2,2,0.7872378337745344,0.012123010016294108,0.5319580613070741,0.01845773959781027,62.1688
200,10,1.0,2,5,0.7867795286906618,0.012573112000356376,0.5325144794531924,0.018911105587383688,57.6479
200,10,1.0,2,10,0.7830181024342249,0.013004847245055053,0.5371896025466134,0.01946817556745031,55.8961
200,10,1.0,5,1,0.7862433722072366,0.011854596414186895,0.5332054324619941,0.017967929967114694,59.0808
200,10,1.0,5,2,0.7871468082918993,0.01217220547770214,0.5320695674640131,0.018490085783814936,58.1533
200,10,1.0,5,5,0.7867795286906618,0.012573112000356376,0.5325144794531924,0.01891110558738372,57.482
200,10,1.0,5,10,0.7830181024342249,0.013004847245055077,0.5371896025466134,0.01946817556745031,58.9677
200,10,1.0,10,1,0.7856129764666802,0.011968872490770704,0.5339917698565362,0.018187228618973282,63.848
200,10,1.0,10,2,0.7866327221421248,0.012211822718713867,0.532714253548468,0.018619576394668793,62.6032
200,10,1.0,10,5,0.7867795286906618,0.012573112000356376,0.5325144794531924,0.018911105587383688,62.6316
200,10,1.0,10,10,0.7830181024342249,0.013004847245055077,0.5371896025466134,0.01946817556745032,63.6876
200,10,1.0,20,1,0.7839477953969615,0.01208561907071801,0.5360644357792081,0.018400498541049488,67.9103
200,10,1.0,20,2,0.7849080020706078,0.012266258784463193,0.5348659976699078,0.01868793568491178,68.2365
200,10,1.0,20,5,0.7850158175882002,0.012553046790403278,0.534719481077867,0.01892262455376566,65.1918
200,10,1.0,20,10,0.7830181024342249,0.013004847245055053,0.5371896025466134,0.0194681755674503,60.3337
200,20,sqrt,2,1,0.8222138438659577,0.010080989843235072,0.4862424409894344,0.015546173358808674,33.1574
200,20,sqrt,2,2,0.819787196414069,0.010409803127659338,0.489543629947108,0.015944163943945898,28.8712
200,20,sqrt,2,5,0.8106569221477493,0.010440427600148808,0.5018218177843652,0.016131933577196035,25.7467
200,20,sqrt,2,10,0.7984168590771239,0.010838113595968906,0.5178009042394061,0.01645886550278016,23.1355
200,20,sqrt,5,1,0.8206321308247386,0.009851695515334172,0.4884224309333254,0.01558551255852293,30.8981
200,20,sqrt,5,2,0.8195190068784226,0.009981633771769832,0.4899281669980417,0.015514845887068626,29.9486
200,20,sqrt,5,5,0.8106569221477493,0.010440427600148816,0.5018218177843652,0.016131933577196042,26.2385
200,20,sqrt,5,10,0.7984168590771239,0.010838113595968906,0.5178009042394061,0.01645886550278016,23.4173
200,20,sqrt,10,1,0.8174258197720704,0.009350665386432967,0.49278756979959315,0.014778555286288396,28.5412
200,20,sqrt,10,2,0.8160483788032404,0.010522594868818265,0.4946087017262519,0.016297686191644598,27.3855
200,20,sqrt,10,5,0.8106569221477493,0.0104404276001488,0.5018218177843652,0.016131933577196035,24.6901
200,20,sqrt,10,10,0.7984168590771239,0.010838113595968915,0.5178009042394061,0.016458865502780168,22.1643
200,20,sqrt,20,1,0.8098112381947692,0.009925547411372684,0.5029618936895661,0.015577283054756672,25.1998
200,20,sqrt,20,2,0.8088352082522945,0.010277239869471573,0.5042470262708689,0.016185711755313636,24.7554
200,20,sqrt,20,5,0.8052842159636444,0.011070238522179253,0.5088858191467278,0.016958375709567933,23.2401
200,20,sqrt,20,10,0.7984168590771239,0.010838113595968908,0.5178009042394061,0.01645886550278016,21.9582
200,20,log2,2,1,0.8242378137682607,0.010473279766935017,0.4834647529879746,0.016719842261849246,47.3495
200,20,log2,2,2,0.8230823259623318,0.010661438079073549,0.48505028654840093,0.017050778766629592,40.024
200,20,log2,2,5,0.8149512083292434,0.011421401800646644,0.4960605393212719,0.017787561591939477,33.4375
200,20,log2,2,10,0.8043547624066077,0.011704254974332324,0.510084515849724,0.01798054816952791,29.8899
200,20,log2,5,1,0.8233544963620989,0.010045418585916044,0.4846817415766444,0.015701894765421685,40.8284
200,20,log2,5,2,0.8225738420078343,0.010122746063587788,0.4857566176345783,0.015991009385692815,38.7541
200,20,log2,5,5,0.8149512083292434,0.011421401800646653,0.4960605393212719,0.01778756159193949,34.1544
200,20,log2,5,10,0.8043547624066077,0.0117042549743323,0.510084515849724,0.017980548169527887,30.5372
200,20,log2,10,1,0.8201476357100171,0.009852119071547085,0.48908781732726536,0.015825357705280152,40.3875
200,20,log2,10,2,0.8197302127947154,0.011372812330755305,0.48960274821020444,0.017829714051212923,36.4273
200,20,log2,10,5,0.8149512083292434,0.011421401800646644,0.4960605393212719,0.01778756159193948,33.5513
200,20,log2,10,10,0.8043547624066077,0.011704254974332315,0.510084515849724,0.0179805481695279,30.146
200,20,log2,20,1,0.8144511114493946,0.010467447189657602,0.4967664910321421,0.016543709075156766,35.2876
200,20,log2,20,2,0.8138258281857522,0.010584261922442181,0.49759282696545987,0.01650266208159869,35.4377
200,20,log2,20,5,0.8101841811465602,0.01123660950137005,0.5024177709344628,0.017136207091492123,32.9084
200,20,log2,20,10,0.8043547624066077,0.011704254974332315,0.510084515849724,0.017980548169527908,32.7277
200,20,0.5,2,1,0.82180148269972,0.010682291321606618,0.4867964742856664,0.016832809085349065,61.4522
200,20,0.5,2,2,0.8215939484362943,0.011076283831509064,0.4870651790167287,0.017384791033288546,54.9983
200,20,0.5,2,5,0.8149973209615565,0.011530021538453233,0.4959852323041348,0.017742118606433276,44.7114
200,20,0.5,2,10,0.8042250914159741,0.011671459208896853,0.5102670127292964,0.01836050272022479,39.6164
200,20,0.5,5,1,0.8218440357608177,0.010160920046958469,0.48675746395910496,0.016130094319500674,54.5564
200,20,0.5,5,2,0.8214024757422799,0.011200572282071945,0.4873145490997858,0.01733999808556406,51.6305
200,20,0.5,5,5,0.8149973209615565,0.011530021538453233,0.4959852323041348,0.017742118606433276,43.7486
200,20,0.5,5,10,0.8042250914159741,0.011671459208896853,0.5102670127292964,0.01836050272022478,38.001
200,20,0.5,10,1,0.820299862485391,0.010026972371392745,0.4888698977227718,0.015914688957317395,48.7044
200,20,0.5,10,2,0.8187453461880162,0.01088795551323595,0.49095352173111095,0.01706683593344717,46.6577
200,20,0.5,10,5,0.8149973209615565,0.011530021538453233,0.4959852323041348,0.017742118606433276,42.2714
200,20,0.5,10,10,0.8042250914159741,0.011671459208896853,0.5102670127292964,0.01836050272022479,37.3943
200,20,0.5,20,1,0.8137728244533629,0.010580648617519606,0.4976615344688623,0.016393726262747474,44.8804
200,20,0.5,20,2,0.813398050470336,0.010812081249909667,0.4981628932321172,0.0170275935867957,45.4069
200,20,0.5,20,5,0.8099452560127901,0.011555740647830905,0.5027374728710285,0.018003988244920107,39.731
200,20,0.5,20,10,0.8042250914159741,0.01167145920889684,0.5102670127292964,0.01836050272022477,37.9443
200,20,1.0,2,1,0.8154488131665802,0.010642687900447225,0.49543178867513815,0.017227633310738243,105.5069
200,20,1.0,2,2,0.8152568095199844,0.011146384211123983,0.4956807901415097,0.01814186856949915,94.6784
200,20,1.0,2,5,0.8102663375321704,0.012015511231816229,0.5023104233983872,0.019090165598952175,79.9284
200,20,1.0,2,10,0.8001008231236183,0.012736762348484833,0.515589769935813,0.01973569153985531,68.9375
200,20,1.0,5,1,0.8152233727413256,0.010658613221396064,0.49573557317286676,0.017293925538833882,103.1254
200,20,1.0,5,2,0.8149697966332459,0.01115959629707292,0.496067546774421,0.01820648298036187,94.38
200,20,1.0,5,5,0.8102663375321704,0.01201551123181622,0.5023104233983872,0.019090165598952172,84.2889
200,20,1.0,5,10,0.8001008231236183,0.01273676234848484,0.515589769935813,0.019735691539855313,73.9588
200,20,1.0,10,1,0.813100295808538,0.01088587022574215,0.49857684712836486,0.017686162913492273,93.1793
200,20,1.0,10,2,0.8130577158130847,0.01130593534450676,0.49862552889922956,0.01841232974824452,112.0318
200,20,1.0,10,5,0.8102663375321704,0.012015511231816238,0.5023104233983872,0.019090165598952158,101.4653
200,20,1.0,10,10,0.8001008231236183,0.01273676234848484,0.515589769935813,0.01973569153985533,77.2764
200,20,1.0,20,1,0.8080695752522992,0.011099885129946448,0.505249451443752,0.017982359276130788,91.37
200,20,1.0,20,2,0.8080729894788462,0.011462196631082023,0.5052347124046186,0.01850249082954967,87.5685
200,20,1.0,20,5,0.8057905662911953,0.011988884665279413,0.5082110787601255,0.018910515627181643,81.1063
200,20,1.0,20,10,0.8001008231236183,0.01273676234848484,0.515589769935813,0.019735691539855313,78.6929
500,,sqrt,2,1,0.8239928344214252,0.00946498995783159,0.4838252618204262,0.014928238175388608,96.6982
500,,sqrt,2,2,0.8209451103871525,0.010671866025407786,0.48795908883772104,0.01643106405011414,82.6391
500,,sqrt,2,5,0.8113913872156207,0.010662690659280969,0.5008368674180709,0.016385891785050784,61.4864
500,,sqrt,2,10,0.7986211007339679,0.01100510090612947,0.5175295747704064,0.01655068139894962,53.9567
500,,sqrt,5,1,0.8221976965569635,0.009745600645115149,0.48628040237343234,0.015263303615510704,75.8753
500,,sqrt,5,2,0.8204438016955515,0.010267177375321651,0.48866460960957986,0.016156104608014508,71.6854
500,,sqrt,5,5,0.8113913872156207,0.010662690659280999,0.5008368674180709,0.01638589178505079,61.0603
500,,sqrt,5,10,0.7986211007339679,0.01100510090612947,0.5175295747704064,0.01655068139894962,52.7645
500,,sqrt,10,1,0.8190115277299078,0.009680956631756351,0.49063163554456535,0.01530466532879693,67.1702
500,,sqrt,10,2,0.8168995758118738,0.010180468958856582,0.49347390070394714,0.01591423499739385,39.9571
500,,sqrt,10,5,0.8113913872156207,0.010662690659280993,0.5008368674180709,0.0163858917850508,57.428
500,,sqrt,10,10,0.7986211007339679,0.01100510090612947,0.5175295747704064,0.016550681398949635,52.8611
500,,sqrt,20,1,0.811223274097004,0.010022505260961484,0.5010829374645015,0.01561999167732321,65.3494
500,,sqrt,20,2,0.809794964675308,0.010572614710350607,0.5029602077991071,0.01631232411057693,62.3994
500,,sqrt,20,5,0.8061748286087219,0.010712637234124066,0.5077269394174178,0.016412914642192297,60.4943
500,,sqrt,20,10,0.7986211007339679,0.01100510090612947,0.5175295747704064,0.01655068139894962,56.9736
500,,log2,2,1,0.8265628515823386,0.009884094960194115,0.4802670619409411,0.01585492664710048,127.7732
500,,log2,2,2,0.8249835284511253,0.01075369485475312,0.48242050185498825,0.017019723829991153,69.1568
500,,log2,2,5,0.8169548014054808,0.011094406856059221,0.4933672137489767,0.01720199397095433,65.4935
500,,log2,2,10,0.8065544473097441,0.011594185749157507,0.507209867122845,0.017940999993958973,70.177
500,,log2,5,1,0.8258083884644524,0.010069311170822732,0.4812951830746937,0.01577332556981042,102.4545
500,,log2,5,2,0.8248443175767965,0.010324347621103404,0.4826328799190838,0.0165398682123532,94.3806
500,,log2,5,5,0.8169548014054808,0.01109440685605925,0.49336721374897674,0.01720199397095435,79.3506
500,,log2,5,10,0.8065544473097441,0.011594185749157512,0.507209867122845,0.017940999993958987,74.6152
500,,log2,10,1,0.8229347377440656,0.010036679954805965,0.4852682640018064,0.016005461999448415,93.7193
500,,log2,10,2,0.8216270516922404,0.010613598740241561,0.4870420863453909,0.016805700842145225,91.3293
500,,log2,10,5,0.8169548014054808,0.01109440685605923,0.4933672137489767,0.017201993970954337,82.2229
500,,log2,10,10,0.8065544473097441,0.011594185749157512,0.507209867122845,0.017940999993958987,71.6409
500,,log2,20,1,0.8160141859428224,0.010421346500671311,0.4946633966449414,0.016377726548605656,83.0417
500,,log2,20,2,0.8153930407000969,0.011073528791212614,0.4954731061865372,0.017099197048966317,81.9213
500,,log2,20,5,0.8122519700228666,0.011094834595701193,0.4996828611220357,0.017285596168550594,80.38
500,,log2,20,10,0.8065544473097441,0.011594185749157524,0.507209867122845,0.017940999993958987,77.1257
500,,0.5,2,1,0.8237907201441186,0.010558955368743536,0.48406740827665473,0.016590228470261044,158.3044
500,,0.5,2,2,0.8223294794991618,0.010720748294994637,0.4860705806997269,0.016834956171487014,129.8181
500,,0.5,2,5,0.8158744969747829,0.011505982778351232,0.4948130320601797,0.017872342044165386,107.8984
500,,0.5,2,10,0.8052321178448036,0.01192161384771821,0.5089390421600516,0.018613155526465044,94.5759
500,,0.5,5,1,0.8227463644087729,0.010344408881943072,0.4855121711974021,0.01635238782537022,138.4281
500,,0.5,5,2,0.8223617922615134,0.011025197485127055,0.48601306878517303,0.017214786274724853,128.5872
500,,0.5,5,5,0.8158744969747829,0.011505982778351232,0.4948130320601797,0.017872342044165386,107.2385
500,,0.5,5,10,0.8052321178448036,0.011921613847718218,0.5089390421600516,0.01861315552646505,93.4581
500,,0.5,10,1,0.8205459748357449,0.010304522956038809,0.48852882307123746,0.016440562361653335,121.3055
500,,0.5,10,2,0.8200016214911641,0.011032678245818968,0.489239586164216,0.017313367934920006,118.1101
500,,0.5,10,5,0.8158744969747829,0.011505982778351232,0.4948130320601797,0.017872342044165386,104.7936
500,,0.5,10,10,0.8052321178448036,0.01192161384771821,0.5089390421600516,0.018613155526465038,91.0256
500,,0.5,20,1,0.8147040407302605,0.010587164191073676,0.4964201012307914,0.01664220284804074,107.5183
500,,0.5,20,2,0.813920419355839,0.010901401433707833,0.49745799636977645,0.017046912020299395,106.5084
500,,0.5,20,5,0.8108154712146375,0.01159470643938726,0.5015796575048476,0.018022713027650374,98.7488
500,,0.5,20,10,0.8052321178448036,0.011921613847718202,0.5089390421600516,0.018613155526465048,94.8024
500,,1.0,2,1,0.8161886717719129,0.010719634190058731,0.494426256177187,0.017183356881791352,278.4604
500,,1.0,2,2,0.815965832264226,0.01110212623695846,0.49472008223373454,0.017901515279293047,236.4392
500,,1.0,2,5,0.8104080693945541,0.012190046051119615,0.502111269717179,0.01924972260333817,202.1184
500,,1.0,2,10,0.8002034396634636,0.012737062824547016,0.5154537312025791,0.019686201143903535,175.287
500,,1.0,5,1,0.8157782673458124,0.010643404091370481,0.4949851787727061,0.01716438074184938,249.3595
500,,1.0,5,2,0.8157449275722766,0.011131136984276441,0.4950184413431783,0.01798859312246926,225.647
500,,1.0,5,5,0.8104080693945541,0.012190046051119615,0.502111269717179,0.01924972260333817,189.8364
500,,1.0,5,10,0.8002034396634636,0.012737062824547016,0.5154537312025791,0.019686201143903535,168.0991
500,,1.0,10,1,0.8137282070031034,0.010825870278303451,0.49773345527615814,0.017479083408018157,225.8918
500,,1.0,10,2,0.8136699495056376,0.011254770850633918,0.49780055127546713,0.018163216358764625,213.8542
500,,1.0,10,5,0.8104080693945541,0.012190046051119615,0.502111269717179,0.01924972260333817,191.4879
500,,1.0,10,10,0.8002034396634636,0.012737062824547016,0.5154537312025791,0.019686201143903535,171.7825
500,,1.0,20,1,0.8083320746802656,0.011137933337629313,0.5048966396317378,0.01790248578271964,208.0695
500,,1.0,20,2,0.8084625926092709,0.011518641240420626,0.5047115150181549,0.018401701141614494,200.3283
500,,1.0,20,5,0.8059294007799587,0.012220426478856293,0.5080170176410583,0.01915906281155936,75.9143
500,,1.0,20,10,0.8002034396634636,0.012737062824547016,0.5154537312025791,0.01968620114390354,57.9428
500,5,sqrt,2,1,0.6303851011862482,0.011340880502416524,0.7013126003656811,0.015417703553487812,12.3196
500,5,sqrt,2,2,0.6304887485968476,0.011250813934978501,0.7012161884350481,0.015392579621367608,14.664
500,5,sqrt,2,5,0.6305155664281841,0.011405910993822632,0.7011891280512657,0.015530008496336796,13.9247
500,5,sqrt,2,10,0.6303160887453443,0.01141213546133706,0.7013796195765772,0.015588184983543354,15.53
500,5,sqrt,5,1,0.6303498278785842,0.011205729298957521,0.7013483690667202,0.015346291052536914,14.557
500,5,sqrt,5,2,0.6304416668905111,0.011218902811819113,0.7012619031107518,0.01539763731954132,14.0394
500,5,sqrt,5,5,0.6305155664281841,0.011405910993822632,0.7011891280512657,0.015530008496336796,14.8475
500,5,sqrt,5,10,0.6303160887453443,0.011412135461337057,0.7013796195765772,0.01558818498354335,11.4488
500,5,sqrt,10,1,0.6303813893937174,0.011305318480487618,0.7013175469889905,0.015442314194744337,10.0244
500,5,sqrt,10,2,0.6304693484650865,0.011310165541761504,0.7012345563394294,0.015473108958358047,10.4681
500,5,sqrt,10,5,0.6305155664281841,0.011405910993822604,0.7011891280512657,0.015530008496336793,10.5087
500,5,sqrt,10,10,0.6303160887453443,0.011412135461337057,0.7013796195765772,0.015588184983543354,10.1844
500,5,sqrt,20,1,0.6302463872360484,0.011282342742468244,0.7014481448579037,0.015523985747726546,10.1672
500,5,sqrt,20,2,0.6303284980899521,0.011302225705631953,0.7013703638045774,0.015557362697172528,10.2041
500,5,sqrt,20,5,0.6303578363521158,0.011380646385160368,0.7013408328524025,0.015585314873219886,10.1784
500,5,sqrt,20,10,0.6303160887453443,0.011412135461337056,0.7013796195765772,0.01558818498354335,10.1481
500,5,log2,2,1,0.6637164428157294,0.013583784324582902,0.6689012528087339,0.017789025787509904,12.1289
500,5,log2,2,2,0.6637648925427015,0.013589310264697991,0.6688534057108956,0.017810713904545767,11.8554
500,5,log2,2,5,0.6637960067963402,0.013560675339174443,0.668823650309281,0.01781428216564032,11.9966
500,5,log2,2,10,0.663736996058725,0.0135930202716656,0.668882020481983,0.017856098970855078,12.1459
500,5,log2,5,1,0.6637123033432217,0.013654589042184011,0.6689044319674532,0.01785868253685398,12.299
500,5,log2,5,2,0.6637563165784193,0.01361635115908774,0.6688615098619356,0.017835149298174997,12.1039
500,5,log2,5,5,0.6637960067963402,0.013560675339174443,0.668823650309281,0.01781428216564032,12.0288
500,5,log2,5,10,0.663736996058725,0.013593020271665623,0.668882020481983,0.017856098970855078,12.6778
500,5,log2,10,1,0.6637162725109087,0.013656387308470803,0.6689011421924371,0.017885656527335043,13.4633
500,5,log2,10,2,0.663762565195626,0.013619101167350845,0.6688559085979658,0.017861426206898935,13.3434
500,5,log2,10,5,0.6637960067963402,0.01356067533917443,0.668823650309281,0.01781428216564032,13.3932
500,5,log2,10,10,0.663736996058725,0.013593020271665628,0.668882020481983,0.01785609897085508,13.3425
500,5,log2,20,1,0.66376525977037,0.013641629987390397,0.668852782754936,0.01788274410888453,12.7041
500,5,log2,20,2,0.6638153841325474,0.013628641326777546,0.6688032179417168,0.017876650054092936,12.238
500,5,log2,20,5,0.6638324849578894,0.013589149205165602,0.6687866079767498,0.01783388163088788,11.8996
500,5,log2,20,10,0.663736996058725,0.013593020271665602,0.668882020481983,0.01785609897085506,12.0229
500,5,0.5,2,1,0.670665460021892,0.013928720173146988,0.6619436791759263,0.018238562033792566,14.7228
500,5,0.5,2,2,0.6706922212804516,0.01392400193341509,0.6619172625851412,0.018250885959465668,15.5617
500,5,0.5,2,5,0.6706630023326869,0.013944308759228244,0.6619463529061835,0.018269736653310796,15.6803
500,5,0.5,2,10,0.670514864301068,0.013956279863355067,0.6620961609936723,0.018323366335916177,15.4889
500,5,0.5,5,1,0.6706415458609034,0.013903825440024957,0.661968219074099,0.018215824785796458,15.5511
500,5,0.5,5,2,0.6706742579724376,0.01391189765660566,0.6619354994992517,0.018236498253405148,16.1943
500,5,0.5,5,5,0.6706630023326869,0.013944308759228235,0.6619463529061835,0.018269736653310793,16.4395
500,5,0.5,5,10,0.670514864301068,0.01395627986335508,0.6620961609936723,0.018323366335916177,16.3546
500,5,0.5,10,1,0.670619265005686,0.01391947011748706,0.6619902640224617,0.018225594719546497,16.2894
500,5,0.5,10,2,0.6706450653442103,0.01392540513845611,0.661964551136616,0.018245164225800744,17.2403
500,5,0.5,10,5,0.6706630023326869,0.013944308759228245,0.6619463529061835,0.018269736653310796,18.9444
500,5,0.5,10,10,0.670514864301068,0.01395627986335508,0.6620961609936723,0.018323366335916174,18.5115
500,5,0.5,20,1,0.670548696848165,0.013932787636190592,0.6620612990985986,0.01824890937624512,18.8604
500,5,0.5,20,2,0.6705754634744643,0.013935416096889794,0.6620346247527007,0.01826339456690113,18.7933
500,5,0.5,20,5,0.6706019648706707,0.013959810764573463,0.6620076019478819,0.018288660931023108,16.1073
500,5,0.5,20,10,0.670514864301068,0.013956279863355094,0.6620961609936722,0.018323366335916195,15.4371
500,5,1.0,2,1,0.6618778160691903,0.013311981671636051,0.6707264384136801,0.01731200660554185,25.9481
500,5,1.0,2,2,0.6619184828087683,0.013297848883072234,0.6706865073133738,0.017307000821565603,26.4615
500,5,1.0,2,5,0.6617923268039918,0.013364042252178339,0.6708106533189154,0.01737011835600231,27.3195
500,5,1.0,2,10,0.6615876193029167,0.013641465029413139,0.6710061648766905,0.0175125494816274,26.8411
500,5,1.0,5,1,0.6618709623165855,0.013309745852669015,0.6707333886731596,0.017314588449578828,26.9813
500,5,1.0,5,2,0.6619065979617961,0.013299999491539597,0.6706984077218066,0.017314560338248058,28.7398
500,5,1.0,5,5,0.6617923268039918,0.013364042252178332,0.6708106533189154,0.0173701183560023,29.2032
500,5,1.0,5,10,0.6615876193029167,0.013641465029413137,0.6710061648766905,0.017512549481627396,28.8275
500,5,1.0,10,1,0.6617183621031579,0.01333938127061309,0.6708852017123903,0.0173746374000647,31.6706
500,5,1.0,10,2,0.6617571815986585,0.013326616090809632,0.67084712654326,0.017372355017789536,31.532
500,5,1.0,10,5,0.6617923268039918,0.013364042252178339,0.6708106533189154,0.017370118356002297,31.1693
500,5,1.0,10,10,0.6615876193029167,0.01364146502941313,0.6710061648766905,0.017512549481627396,30.5589
500,5,1.0,20,1,0.6617002309010431,0.013345181357294485,0.670903217995355,0.017384707882246272,27.468
500,5,1.0,20,2,0.6617426918022841,0.013333149310227365,0.6708614567889448,0.017380556902768005,27.1884
500,5,1.0,20,5,0.6617832742039094,0.013378991411896326,0.6708190800623655,0.017370255505677775,28.2181
500,5,1.0,20,10,0.6615876193029167,0.013641465029413139,0.6710061648766905,0.017512549481627396,28.3668
500,10,sqrt,2,1,0.7790229544746016,0.010437050501587714,0.5421760639566051,0.01549057731297557,16.5107
500,10,sqrt,2,2,0.7783758719224853,0.01040548438825902,0.5429768576722882,0.015678400790485797,17.1613
500,10,sqrt,2,5,0.77761226060415,0.010817072405732214,0.5439046822259229,0.016234654057168615,15.9667
500,10,sqrt,2,10,0.7730766165162423,0.011329725837202296,0.5494088464957636,0.01650213164521523,16.9162
500,10,sqrt,5,1,0.7783880625649349,0.01052720724164767,0.5429477964152869,0.015396483503164188,18.5795
500,10,sqrt,5,2,0.7788599691357143,0.010667737773973883,0.5423694507774256,0.01576282392802491,17.0969
500,10,sqrt,5,5,0.77761226060415,0.010817072405732214,0.5439046822259229,0.016234654057168615,18.3214
500,10,sqrt,5,10,0.7730766165162423,0.011329725837202296,0.5494088464957636,0.01650213164521523,16.8339
500,10,sqrt,10,1,0.7777094473615488,0.01063461812983023,0.5437779290515699,0.015542856300845717,18.155
500,10,sqrt,10,2,0.7778389577699976,0.010557198372744736,0.5436275478374446,0.01570063161876561,17.3856
500,10,sqrt,10,5,0.77761226060415,0.010817072405732214,0.5439046822259229,0.016234654057168615,16.6082
500,10,sqrt,10,10,0.7730766165162423,0.011329725837202296,0.5494088464957636,0.01650213164521522,16.2493
500,10,sqrt,20,1,0.7757231995403628,0.010583915704669792,0.5462067824567756,0.015546097930381619,17.0921
500,10,sqrt,20,2,0.7756801615423432,0.011008036101237103,0.5462583070116289,0.016354132399737334,19.8192
500,10,sqrt,20,5,0.7757015326768805,0.010978865224518446,0.546226969199687,0.016124093526478343,17.6063
500,10,sqrt,20,10,0.7730766165162423,0.011329725837202296,0.5494088464957636,0.01650213164521523,18.9522
500,10,log2,2,1,0.7909145921461934,0.010876802645062966,0.527358727569428,0.016372031162755492,25.7193
500,10,log2,2,2,0.7908795973160248,0.011211552071937678,0.5273874361122897,0.016592645011674734,25.2013
500,10,log2,2,5,0.7897444861269776,0.011502376215691256,0.5288147239218374,0.01708716084318821,24.3432
500,10,log2,2,10,0.7866943262912706,0.011353362560874311,0.5326519156627632,0.017031056071019478,23.6614
500,10,log2,5,1,0.7903120227074826,0.01076326827183115,0.5281122493995085,0.015888095290433366,24.2306
500,10,log2,5,2,0.7910472923770234,0.011204930729634145,0.5271800745678148,0.01675976716007622,28.5825
500,10,log2,5,5,0.7897444861269776,0.011502376215691256,0.5288147239218374,0.01708716084318821,27.5794
500,10,log2,5,10,0.7866943262912706,0.011353362560874311,0.5326519156627632,0.017031056071019478,26.5989
500,10,log2,10,1,0.7898472797206482,0.011008713875032076,0.5286936858470542,0.01624280992925202,27.9351
500,10,log2,10,2,0.7899598128861449,0.010951432598211793,0.5285559001242623,0.016245235282097856,28.1163
500,10,log2,10,5,0.7897444861269776,0.011502376215691267,0.5288147239218374,0.017087160843188225,28.9697
500,10,log2,10,10,0.7866943262912706,0.011353362560874334,0.532651915662763,0.01703105607101949,26.0774
500,10,log2,20,1,0.7883855145139084,0.0112405908079762,0.5305290669625864,0.01666483747421524,28.0066
500,10,log2,20,2,0.7888632856011711,0.011726373476456472,0.5299155249822217,0.017336262807833607,26.8111
500,10,log2,20,5,0.7885274375849687,0.01156756514891981,0.5303433740120826,0.017168784197039138,20.1275
500,10,log2,20,10,0.7866943262912706,0.011353362560874325,0.5326519156627632,0.017031056071019478,19.872
500,10,0.5,2,1,0.790149201893511,0.01171243272034341,0.5282873777683147,0.01707910767466445,26.1962
500,10,0.5,2,2,0.7906906167901397,0.011550617040559943,0.5276130161828119,0.016995665479481763,26.4015
500,10,0.5,2,5,0.7897102181622393,0.011798546666922784,0.5288480411248024,0.017503665840189784,25.9867
500,10,0.5,2,10,0.7862253183215896,0.012215591345698718,0.5332093739270951,0.01807106077144371,25.2548
500,10,0.5,5,1,0.7897976642498931,0.011213713824400243,0.5287551593236917,0.016747278657211442,26.2292
500,10,0.5,5,2,0.7904469504768987,0.011769951042248056,0.5279140982076579,0.017261847351830034,26.9563
500,10,0.5,5,5,0.7897102181622393,0.011798546666922784,0.5288480411248024,0.017503665840189777,26.6073
500,10,0.5,5,10,0.7862253183215896,0.012215591345698718,0.5332093739270951,0.018071060771443725,25.7087
500,10,0.5,10,1,0.789123897624457,0.011297395201557103,0.5295956399215453,0.016666627944256295,27.2872
500,10,0.5,10,2,0.7897434868803233,0.011407289972768037,0.5288119334130715,0.016786065513282995,27.0304
500,10,0.5,10,5,0.7897102181622392,0.011798546666922776,0.5288480411248024,0.01750366584018978,26.4596
500,10,0.5,10,10,0.7862253183215896,0.012215591345698714,0.5332093739270951,0.018071060771443707,26.3693
500,10,0.5,20,1,0.7876404969554777,0.011524541863892615,0.5314523334736523,0.01696528975110121,28.0676
500,10,0.5,20,2,0.7880635351255642,0.012031462481939354,0.5309003463317943,0.01742977939345214,27.051
500,10,0.5,20,5,0.788147040143164,0.01201522278708394,0.5308027851168772,0.017609333515703134,26.8572
500,10,0.5,20,10,0.7862253183215896,0.012215591345698728,0.5332093739270951,0.018071060771443718,26.5371
500,10,1.0,2,1,0.7867663788037778,0.011804881639316077,0.5325475488936315,0.01774368102822642,50.3764
500,10,1.0,2,2,0.7876880218070991,0.012068810725575157,0.5313894551752083,0.018217287371957786,53.4087
500,10,1.0,2,5,0.7869668974175668,0.012712914599500722,0.5322724630908906,0.019014919681572907,52.8316
500,10,1.0,2,10,0.7831498130820218,0.013011413036817326,0.5370210867438101,0.019355911599468978,50.2077
500,10,1.0,5,1,0.7866813336747581,0.011730979664208583,0.5326566466546883,0.017664618034987895,53.7401
500,10,1.0,5,2,0.787623567620841,0.012080807848250595,0.5314701353209572,0.018237654102206086,50.3729
500,10,1.0,5,5,0.7869668974175668,0.012712914599500715,0.5322724630908906,0.019014919681572918,48.3362
500,10,1.0,5,10,0.7831498130820218,0.013011413036817316,0.5370210867438101,0.019355911599468967,46.1598
500,10,1.0,10,1,0.7859679541952109,0.011816967786398402,0.5335487798752532,0.017864411750672504,48.1275
500,10,1.0,10,2,0.7869290198230143,0.012101332260898004,0.5323414328582204,0.01831810013707247,50.9508
500,10,1.0,10,5,0.7869668974175668,0.012712914599500722,0.5322724630908906,0.019014919681572928,48.7231
500,10,1.0,10,10,0.7831498130820218,0.013011413036817304,0.5370210867438101,0.019355911599468967,47.8404
500,10,1.0,20,1,0.7842500025320333,0.011929358236444542,0.5356889876113861,0.018075805630431513,49.4752
500,10,1.0,20,2,0.7851666773538779,0.012151515403086465,0.5345418771208277,0.018388246185442794,51.2582
500,10,1.0,20,5,0.7852141988699157,0.01264352238719295,0.5344658028530691,0.01894795580483359,51.2255
500,10,1.0,20,10,0.7831498130820218,0.013011413036817293,0.5370210867438101,0.01935591159946894,50.1476
500,20,sqrt,2,1,0.8232602451870434,0.009902493084512427,0.4848141580304454,0.015368895253318984,30.3024
500,20,sqrt,2,2,0.8209734747902125,0.010091470193364831,0.4879392925071368,0.015571193317429578,26.023
500,20,sqrt,2,5,0.811170637542423,0.010702509897952774,0.5011275413582111,0.01638019076758437,25.7343
500,20,sqrt,2,10,0.7987719298980981,0.010912971942875495,0.5173406270243367,0.01650416059572127,23.0884
500,20,sqrt,5,1,0.8215970273619215,0.009754332911413909,0.4871073454002425,0.015427524436550101,30.7991
500,20,sqrt,5,2,0.8202155485175611,0.010244619587541973,0.48896857654236003,0.015832080066540202,28.319
500,20,sqrt,5,5,0.811170637542423,0.010702509897952774,0.5011275413582111,0.01638019076758437,26.0106
500,20,sqrt,5,10,0.7987719298980981,0.010912971942875495,0.5173406270243367,0.016504160595721264,22.7165
500,20,sqrt,10,1,0.8183589597304606,0.009633590356000874,0.4915140369149279,0.015055901472963516,28.2608
500,20,sqrt,10,2,0.8169793880449638,0.010435889951696737,0.4933614383470827,0.016384965620142924,26.8426
500,20,sqrt,10,5,0.811170637542423,0.010702509897952774,0.5011275413582111,0.016380190767584377,21.675
500,20,sqrt,10,10,0.7987719298980981,0.010912971942875516,0.5173406270243367,0.016504160595721264,17.8673
500,20,sqrt,20,1,0.8107026781065043,0.010267295530762737,0.5017626452923444,0.015809022514361934,22.0846
500,20,sqrt,20,2,0.8096232673506012,0.01040284214766995,0.5031951191690819,0.016156910695331116,19.8307
500,20,sqrt,20,5,0.8059861749239594,0.0109253526304705,0.5079642343101753,0.016593972284853053,19.6756
500,20,sqrt,20,10,0.7987719298980981,0.010912971942875495,0.5173406270243367,0.016504160595721275,17.969
500,20,log2,2,1,0.826331435344305,0.01022030454468006,0.48057372766180484,0.01626651142530074,36.8318
500,20,log2,2,2,0.8245885775876509,0.010627735284787932,0.48297293905385297,0.016898915810370743,35.5645
500,20,log2,2,5,0.816775791893906,0.011156162356601055,0.49361404836809475,0.01750273894574082,29.7064
500,20,log2,2,10,0.8065519874218026,0.011629850612259489,0.5072108930394992,0.017960937788541433,25.9515
500,20,log2,5,1,0.8251523787944727,0.010039511077521667,0.48220789060183866,0.0158540352010513,35.4053
500,20,log2,5,2,0.8243981673590012,0.010416995864410741,0.4832367035733805,0.016365385114484442,32.7903
500,20,log2,5,5,0.816775791893906,0.011156162356601055,0.49361404836809486,0.01750273894574082,30.0909
500,20,log2,5,10,0.8065519874218026,0.011629850612259489,0.5072108930394992,0.01796093778854141,28.1271
500,20,log2,10,1,0.822242560863937,0.010074356694522398,0.4862166759385822,0.016057077743190422,35.2634
500,20,log2,10,2,0.8215983612120829,0.01089651674393741,0.48707153410873383,0.017233229333663606,33.2689
500,20,log2,10,5,0.816775791893906,0.011156162356601055,0.49361404836809475,0.01750273894574082,30.908
500,20,log2,10,10,0.8065519874218026,0.011629850612259489,0.5072108930394992,0.017960937788541416,27.0954
500,20,log2,20,1,0.8163648670796693,0.010174648375797537,0.49420013487017045,0.016096335713239946,33.5636
500,20,log2,20,2,0.8156927998850622,0.010624060241317661,0.49508697964296167,0.01659904423839913,34.4128
500,20,log2,20,5,0.8120469376148154,0.01109396859833577,0.49995282856039613,0.017165774142807965,33.1652
500,20,log2,20,10,0.8065519874218026,0.011629850612259489,0.5072108930394992,0.017960937788541416,30.9165
500,20,0.5,2,1,0.8229109997338281,0.01029188640542315,0.4852835461072987,0.016129234024488015,58.6663
500,20,0.5,2,2,0.8223938457556118,0.010776827365484692,0.4859776967204791,0.016889138683980596,49.1747
500,20,0.5,2,5,0.8156264344782382,0.011622317545392492,0.4951387983567225,0.01794867668732656,36.7929
500,20,0.5,2,10,0.8051682827866857,0.011987730748612367,0.5090180177820967,0.018637627298646944,24.9542
500,20,0.5,5,1,0.822569278365334,0.010205207931953151,0.48576284072286596,0.016245015343021762,35.4802
500,20,0.5,5,2,0.8220604149867254,0.01116026042558479,0.4864192133177399,0.01738103293820656,33.2238
500,20,0.5,5,5,0.8156264344782382,0.0116223175453925,0.49513879835672253,0.017948676687326557,28.7593
500,20,0.5,5,10,0.8051682827866857,0.011987730748612367,0.5090180177820967,0.018637627298646965,25.7644
500,20,0.5,10,1,0.8205948255291469,0.010142022367650728,0.48846251124689133,0.016036975190021476,33.3856
500,20,0.5,10,2,0.8195925422635918,0.010800806958544958,0.48980431660601537,0.016944319455510507,31.4825
500,20,0.5,10,5,0.8156264344782382,0.0116223175453925,0.4951387983567225,0.01794867668732657,28.5459
500,20,0.5,10,10,0.8051682827866857,0.011987730748612367,0.5090180177820967,0.018637627298646955,25.3882
500,20,0.5,20,1,0.8146597862118476,0.010494150252153335,0.4964823086364305,0.016517469072013694,30.4485
500,20,0.5,20,2,0.8141459217751728,0.010916350586526265,0.4971527051718271,0.017002927751369093,29.2231
500,20,0.5,20,5,0.810900308799922,0.011382365040671371,0.5014746193424554,0.017770292054641746,27.9393
500,20,0.5,20,10,0.8051682827866857,0.011987730748612367,0.5090180177820967,0.018637627298646965,25.4342
500,20,1.0,2,1,0.8159398252177368,0.01063994679321532,0.49476526316121994,0.017092051888630368,72.0061
500,20,1.0,2,2,0.8158712633225871,0.01108947817038955,0.49484797593335755,0.01788231478882283,62.8858
500,20,1.0,2,5,0.8103694821787449,0.012198154645464974,0.5021622101198944,0.019260402564854784,51.5343
500,20,1.0,2,10,0.8002019568998076,0.01273771507543414,0.5154555721074738,0.019685815162909574,46.3433
500,20,1.0,5,1,0.8156181248733614,0.010687299719076901,0.4951973943701503,0.017176201269095127,64.9927
500,20,1.0,5,2,0.8156368910054743,0.011078875865332247,0.49516407332763784,0.01787615600588209,68.3755
500,20,1.0,5,5,0.8103694821787449,0.012198154645464964,0.5021622101198944,0.019260402564854784,197.88
500,20,1.0,5,10,0.8002019568998076,0.01273771507543416,0.5154555721074738,0.01968581516290958,175.1587
500,20,1.0,10,1,0.8134430348835044,0.010881841533890746,0.49811332805938313,0.017553599729957226,224.161
500,20,1.0,10,2,0.8135772384040761,0.011261611204397684,0.497924441141544,0.018169154770670343,216.8811
500,20,1.0,10,5,0.8103694821787449,0.012198154645464974,0.5021622101198944,0.019260402564854784,195.7967
500,20,1.0,10,10,0.8002019568998076,0.012737715075434149,0.5154555721074738,0.01968581516290958,110.3983
500,20,1.0,20,1,0.8082593696089605,0.011166769835397604,0.5049916880147547,0.017945951616322873,210.7671
500,20,1.0,20,2,0.8084037936395273,0.011519385128497837,0.5047886308378271,0.018387931931042094,209.5573
500,20,1.0,20,5,0.8059125438542241,0.012218163047534104,0.5080392934748053,0.01915865580933016,87.2735
500,20,1.0,20,10,0.8002019568998076,0.01273771507543414,0.5154555721074738,0.019685815162909574,52.6533
