n_estimators,max_depth,max_features,min_samples_split,min_samples_leaf,mean_f1,std_f1,mean_accuracy,std_accuracy,time_s
50,,sqrt,2,1,0.9523113960990853,0.03191750251174964,0.9526002506265664,0.031402809314998635,0.8368
50,,sqrt,2,2,0.9487005356310909,0.036430850363820565,0.9491228070175438,0.03548026037922225,0.8667
50,,sqrt,2,5,0.9519242500158314,0.038485323786491686,0.9526315789473683,0.036842105263157884,0.8379
50,,sqrt,2,10,0.9466737375211771,0.03670359657101793,0.9473684210526315,0.03508771929824561,0.7681
50,,sqrt,5,1,0.9523016436643317,0.027855882160660275,0.9526315789473685,0.02723539420396495,0.8243
50,,sqrt,5,2,0.9541812027026353,0.029832418946944245,0.9543859649122807,0.029565437800618807,0.7866
50,,sqrt,5,5,0.9519242500158314,0.038485323786491686,0.9526315789473683,0.036842105263157884,0.7901
50,,sqrt,5,10,0.9466737375211771,0.03670359657101793,0.9473684210526315,0.03508771929824561,0.776
50,,sqrt,10,1,0.9464727223740177,0.04724174279368345,0.9473684210526315,0.045070991504088165,0.7525
50,,sqrt,10,2,0.9520658191006447,0.04371027487192099,0.9526315789473683,0.042287616818224384,0.7505
50,,sqrt,10,5,0.9519242500158314,0.038485323786491686,0.9526315789473683,0.036842105263157884,0.7663
50,,sqrt,10,10,0.9466737375211771,0.03670359657101793,0.9473684210526315,0.03508771929824561,0.7883
50,,sqrt,20,1,0.9467371383821408,0.0414785523025585,0.9473684210526315,0.04000615526663643,0.7744
50,,sqrt,20,2,0.9485029857121404,0.042589310810038764,0.9491228070175438,0.04110657724161397,0.8
50,,sqrt,20,5,0.9466047073549728,0.036703403437527,0.9473684210526315,0.03508771929824561,0.8318
50,,sqrt,20,10,0.9466737375211771,0.03670359657101793,0.9473684210526315,0.03508771929824561,0.7769
50,,log2,2,1,0.9520880295832865,0.042304294582455465,0.9526315789473683,0.0408059766653088,0.7784
50,,log2,2,2,0.9558764567613857,0.03018108853406573,0.956140350877193,0.029617443887954606,0.7754
50,,log2,2,5,0.9503431306521033,0.03320911768703926,0.9508771929824562,0.03215842592951467,0.7708
50,,log2,2,10,0.9470896978909773,0.02762303587181546,0.9473370927318296,0.0271385184166688,0.7679
50,,log2,5,1,0.9575783716292843,0.030211020483828475,0.9578947368421054,0.02956543780061879,0.7667
50,,log2,5,2,0.9522678940283749,0.026690318647079114,0.9526002506265664,0.026045141993969723,0.7828
50,,log2,5,5,0.9503431306521033,0.03320911768703926,0.9508771929824562,0.03215842592951467,0.7719
50,,log2,5,10,0.9470896978909773,0.02762303587181546,0.9473370927318296,0.0271385184166688,0.7792
50,,log2,10,1,0.9466047073549728,0.036703403437527,0.9473684210526315,0.03508771929824561,0.7917
50,,log2,10,2,0.952277499047155,0.02785540218324791,0.9526315789473683,0.027235394203964952,0.7806
50,,log2,10,5,0.9503431306521033,0.03320911768703926,0.9508771929824562,0.03215842592951467,0.7865
50,,log2,10,10,0.9470896978909773,0.02762303587181546,0.9473370927318296,0.0271385184166688,0.7841
50,,log2,20,1,0.9485578198344011,0.03189361969755136,0.9491228070175438,0.030839290932012195,0.7592
50,,log2,20,2,0.9540628098648571,0.029125322038670354,0.9543859649122807,0.028505397911003365,0.7729
50,,log2,20,5,0.9503431306521033,0.03320911768703926,0.9508771929824562,0.03215842592951467,0.8373
50,,log2,20,10,0.9470896978909773,0.02762303587181546,0.9473370927318296,0.0271385184166688,0.7396
50,,0.5,2,1,0.9577542227391088,0.0225634748492916,0.9578947368421054,0.022467102587483693,0.8596
50,,0.5,2,2,0.9559135364058811,0.028876601826010997,0.956140350877193,0.028559334379122284,0.8512
50,,0.5,2,5,0.9541529036516241,0.027724414591380073,0.9543859649122807,0.027404384827742646,0.8677
50,,0.5,2,10,0.9508029633743966,0.024638767071108403,0.9508771929824562,0.024561403508771937,0.8205
50,,0.5,5,1,0.9612118106150573,0.02837532145015996,0.9614035087719298,0.02807017543859649,0.831
50,,0.5,5,2,0.9577419397120309,0.025215329894942004,0.9578947368421054,0.025057643608922285,0.8431
50,,0.5,5,5,0.9541529036516241,0.027724414591380073,0.9543859649122807,0.027404384827742646,0.8492
50,,0.5,5,10,0.9508029633743966,0.024638767071108403,0.9508771929824562,0.024561403508771937,0.8219
50,,0.5,10,1,0.9543072759607334,0.02377877220857694,0.9543859649122807,0.02379764906359744,0.8313
50,,0.5,10,2,0.9488176776260812,0.030434481491220567,0.9491228070175438,0.029824561403508785,0.8521
50,,0.5,10,5,0.9541529036516241,0.027724414591380073,0.9543859649122807,0.027404384827742646,0.8542
50,,0.5,10,10,0.9508029633743966,0.024638767071108403,0.9508771929824562,0.024561403508771937,0.8352
50,,0.5,20,1,0.9506913786440814,0.027249863391745382,0.9508771929824562,0.026951388589012654,0.8211
50,,0.5,20,2,0.9541471734594497,0.028832072323090294,0.9543859649122807,0.028505397911003365,0.8524
50,,0.5,20,5,0.950691403345877,0.028337019820685334,0.9508771929824562,0.028070175438596485,0.8524
50,,0.5,20,10,0.9508029633743966,0.024638767071108403,0.9508771929824562,0.024561403508771937,0.8325
50,,1.0,2,1,0.946798776966585,0.03689778025298132,0.9473684210526315,0.03595421321389332,0.9009
50,,1.0,2,2,0.9379876382020449,0.03448887590347166,0.9385964912280702,0.0335174967974435,0.8791
50,,1.0,2,5,0.9488883336612132,0.032342489898678564,0.9491228070175438,0.03182167920564396,0.8762
50,,1.0,2,10,0.9401705278955411,0.037242946278390636,0.9403508771929825,0.03696720615036049,0.886
50,,1.0,5,1,0.9488253990332455,0.030300862097876507,0.9491228070175438,0.029824561403508785,0.9017
50,,1.0,5,2,0.93807779943232,0.03442204587962626,0.9385964912280702,0.0335174967974435,0.9088
50,,1.0,5,5,0.9488883336612132,0.032342489898678564,0.9491228070175438,0.03182167920564396,0.8981
50,,1.0,5,10,0.9401705278955411,0.037242946278390636,0.9403508771929825,0.03696720615036049,0.8823
50,,1.0,10,1,0.9451991728042337,0.031397765089889444,0.9456140350877194,0.030839290932012188,0.8873
50,,1.0,10,2,0.9417359753636504,0.03196006184102503,0.9421052631578947,0.031432408538892835,0.8948
50,,1.0,10,5,0.9488883336612132,0.032342489898678564,0.9491228070175438,0.03182167920564396,0.8796
50,,1.0,10,10,0.9401705278955411,0.037242946278390636,0.9403508771929825,0.03696720615036049,0.8789
50,,1.0,20,1,0.9363938436141428,0.025567377937996457,0.9368107769423559,0.025000726272576917,0.8851
50,,1.0,20,2,0.9364472800161678,0.031104757262734328,0.9368421052631579,0.030588764516074913,0.89
50,,1.0,20,5,0.936183160780157,0.040717589512340835,0.9368421052631579,0.039385867229199394,0.8897
50,,1.0,20,10,0.9401705278955411,0.037242946278390636,0.9403508771929825,0.03696720615036049,0.8975
50,5,sqrt,2,1,0.9521543791475622,0.03343763412468846,0.9526315789473683,0.032396816337928756,0.7823
50,5,sqrt,2,2,0.9503077600175451,0.04357043264798834,0.950877192982456,0.042105263157894736,0.7895
50,5,sqrt,2,5,0.9536570614835025,0.03942311485059778,0.9543859649122807,0.03779063022550528,0.8034
50,5,sqrt,2,10,0.9449570416895263,0.03700266413934969,0.9456140350877194,0.03548026037922224,0.7917
50,5,sqrt,5,1,0.9540816949101183,0.03313125358933024,0.9543859649122807,0.032539012264897214,0.786
50,5,sqrt,5,2,0.9485292390344453,0.04400508712006406,0.9491228070175438,0.04257775824390034,0.7702
50,5,sqrt,5,5,0.9536570614835025,0.03942311485059778,0.9543859649122807,0.03779063022550528,0.773
50,5,sqrt,5,10,0.9449570416895263,0.03700266413934969,0.9456140350877194,0.03548026037922224,0.8122
50,5,sqrt,10,1,0.9487450059999656,0.038043055711781903,0.9491228070175438,0.03717477210599489,0.82
50,5,sqrt,10,2,0.9519782440152114,0.04377599656971857,0.9526315789473683,0.042287616818224384,0.7822
50,5,sqrt,10,5,0.9536570614835025,0.03942311485059778,0.9543859649122807,0.03779063022550528,0.8282
50,5,sqrt,10,10,0.9449570416895263,0.03700266413934969,0.9456140350877194,0.03548026037922224,0.8394
50,5,sqrt,20,1,0.9504396778229676,0.03677596798939054,0.9508771929824562,0.0357825930778441,0.7748
50,5,sqrt,20,2,0.946717903400583,0.04150737635386919,0.9473684210526315,0.04000615526663643,0.7933
50,5,sqrt,20,5,0.9466047073549728,0.036703403437527,0.9473684210526315,0.03508771929824561,0.7718
50,5,sqrt,20,10,0.9449570416895263,0.03700266413934969,0.9456140350877194,0.03548026037922224,0.7854
50,5,log2,2,1,0.9521960237339957,0.030051114722225308,0.9526315789473685,0.02940886774428106,0.7581
50,5,log2,2,2,0.9503877993899061,0.031180950083582216,0.9508458646616542,0.03015094950568716,0.7366
50,5,log2,2,5,0.9502012666681342,0.03823690876754345,0.950877192982456,0.036632654417229994,0.7467
50,5,log2,2,10,0.9433959563559802,0.030035547590297983,0.943828320802005,0.02910468446979486,0.7468
50,5,log2,5,1,0.9521827152263885,0.03339030017489855,0.9526315789473685,0.032396816337928756,0.775
50,5,log2,5,2,0.948602488572204,0.029778660532953517,0.9490914786967419,0.028737907701972078,0.7819
50,5,log2,5,5,0.9502012666681342,0.03823690876754345,0.950877192982456,0.036632654417229994,0.7553
50,5,log2,5,10,0.9433959563559802,0.030035547590297983,0.943828320802005,0.02910468446979486,0.7554
50,5,log2,10,1,0.9503810095553037,0.029128044564397586,0.9508458646616541,0.028035066462187123,0.778
50,5,log2,10,2,0.9484931549446435,0.029856393221405743,0.9490914786967419,0.028737907701972078,0.7529
50,5,log2,10,5,0.9502012666681342,0.03823690876754345,0.950877192982456,0.036632654417229994,0.7629
50,5,log2,10,10,0.9433959563559802,0.030035547590297983,0.943828320802005,0.02910468446979486,0.7716
50,5,log2,20,1,0.9466047073549728,0.036703403437527,0.9473684210526315,0.03508771929824561,0.8193
50,5,log2,20,2,0.9448261863718731,0.03704096383040798,0.9456140350877191,0.03548026037922224,0.8127
50,5,log2,20,5,0.9487495547200453,0.028217085050281244,0.9491228070175438,0.027683743575542978,0.7766
50,5,log2,20,10,0.9433959563559802,0.030035547590297983,0.943828320802005,0.02910468446979486,0.7531
50,5,0.5,2,1,0.950729078376332,0.028296919561103914,0.9508771929824562,0.028070175438596485,0.835
50,5,0.5,2,2,0.9575447573245143,0.03408542687153331,0.9578947368421051,0.03347155092691038,0.8541
50,5,0.5,2,5,0.9506778738546984,0.026124581531182123,0.9508771929824562,0.025784102555612403,0.8608
50,5,0.5,2,10,0.9508029633743966,0.024638767071108403,0.9508771929824562,0.024561403508771937,0.8273
50,5,0.5,5,1,0.952304786253219,0.022630421909962093,0.9526315789473685,0.02226066235166584,0.8091
50,5,0.5,5,2,0.9522654688386154,0.031042723662666354,0.9526315789473685,0.030437458899820143,0.8447
50,5,0.5,5,5,0.9506778738546984,0.026124581531182123,0.9508771929824562,0.025784102555612403,0.8652
50,5,0.5,5,10,0.9508029633743966,0.024638767071108403,0.9508771929824562,0.024561403508771937,0.7937
50,5,0.5,10,1,0.9505825644262597,0.031666208669186464,0.9508771929824562,0.03118664707830032,0.8273
50,5,0.5,10,2,0.9470946942783837,0.02994150236367363,0.9473684210526315,0.029356492159090385,0.8484
50,5,0.5,10,5,0.9506778738546984,0.026124581531182123,0.9508771929824562,0.025784102555612403,0.8641
50,5,0.5,10,10,0.9508029633743966,0.024638767071108403,0.9508771929824562,0.024561403508771937,0.853
50,5,0.5,20,1,0.9524766894617835,0.02864575786677882,0.9526315789473683,0.02834297266912896,0.8592
50,5,0.5,20,2,0.9541471734594497,0.028832072323090294,0.9543859649122807,0.028505397911003365,0.8433
50,5,0.5,20,5,0.9541471734594497,0.028832072323090294,0.9543859649122807,0.028505397911003365,0.8063
50,5,0.5,20,10,0.9508029633743966,0.024638767071108403,0.9508771929824562,0.024561403508771937,0.8354
50,5,1.0,2,1,0.9433810372999915,0.03266491399377806,0.9438596491228071,0.03215842592951467,0.9174
50,5,1.0,2,2,0.9397944952639709,0.034444930300311864,0.9403508771929824,0.03347155092691037,0.8996
50,5,1.0,2,5,0.9488287952182997,0.032360976927504594,0.9491228070175438,0.03182167920564396,0.8801
50,5,1.0,2,10,0.9401705278955411,0.037242946278390636,0.9403508771929825,0.03696720615036049,0.8755
50,5,1.0,5,1,0.9415409968729034,0.034272281997877,0.9421052631578947,0.033333333333333326,0.9007
50,5,1.0,5,2,0.9417359753636504,0.03196006184102503,0.9421052631578947,0.031432408538892835,0.8957
50,5,1.0,5,5,0.9488287952182997,0.032360976927504594,0.9491228070175438,0.03182167920564396,0.8913
50,5,1.0,5,10,0.9401705278955411,0.037242946278390636,0.9403508771929825,0.03696720615036049,0.8867
50,5,1.0,10,1,0.9453156944392141,0.03127097185028386,0.9456140350877191,0.030839290932012188,0.8978
50,5,1.0,10,2,0.9380321085709195,0.036200864682276554,0.9385964912280702,0.03530633648683877,0.8763
50,5,1.0,10,5,0.9488287952182997,0.032360976927504594,0.9491228070175438,0.03182167920564396,0.8939
50,5,1.0,10,10,0.9401705278955411,0.037242946278390636,0.9403508771929825,0.03696720615036049,0.8789
50,5,1.0,20,1,0.9363938436141428,0.025567377937996457,0.9368107769423559,0.025000726272576917,0.8913
50,5,1.0,20,2,0.9346693898914629,0.02774841360363746,0.9350563909774436,0.027181015147291383,0.8813
50,5,1.0,20,5,0.936183160780157,0.040717589512340835,0.9368421052631579,0.039385867229199394,0.8855
50,5,1.0,20,10,0.9401705278955411,0.037242946278390636,0.9403508771929825,0.03696720615036049,0.8843
50,10,sqrt,2,1,0.9523113960990853,0.03191750251174964,0.9526002506265664,0.031402809314998635,0.7861
50,10,sqrt,2,2,0.9487005356310909,0.036430850363820565,0.9491228070175438,0.03548026037922225,0.8143
50,10,sqrt,2,5,0.9519242500158314,0.038485323786491686,0.9526315789473683,0.036842105263157884,0.831
50,10,sqrt,2,10,0.9466737375211771,0.03670359657101793,0.9473684210526315,0.03508771929824561,0.7942
50,10,sqrt,5,1,0.9523016436643317,0.027855882160660275,0.9526315789473685,0.02723539420396495,0.753
50,10,sqrt,5,2,0.9541812027026353,0.029832418946944245,0.9543859649122807,0.029565437800618807,0.7668
50,10,sqrt,5,5,0.9519242500158314,0.038485323786491686,0.9526315789473683,0.036842105263157884,0.7452
50,10,sqrt,5,10,0.9466737375211771,0.03670359657101793,0.9473684210526315,0.03508771929824561,0.7836
50,10,sqrt,10,1,0.9464727223740177,0.04724174279368345,0.9473684210526315,0.045070991504088165,0.7909
50,10,sqrt,10,2,0.9520658191006447,0.04371027487192099,0.9526315789473683,0.042287616818224384,0.776
50,10,sqrt,10,5,0.9519242500158314,0.038485323786491686,0.9526315789473683,0.036842105263157884,0.7926
50,10,sqrt,10,10,0.9466737375211771,0.03670359657101793,0.9473684210526315,0.03508771929824561,0.7944
50,10,sqrt,20,1,0.9467371383821408,0.0414785523025585,0.9473684210526315,0.04000615526663643,0.799
50,10,sqrt,20,2,0.9485029857121404,0.042589310810038764,0.9491228070175438,0.04110657724161397,0.801
50,10,sqrt,20,5,0.9466047073549728,0.036703403437527,0.9473684210526315,0.03508771929824561,0.7755
50,10,sqrt,20,10,0.9466737375211771,0.03670359657101793,0.9473684210526315,0.03508771929824561,0.778
50,10,log2,2,1,0.9520880295832865,0.042304294582455465,0.9526315789473683,0.0408059766653088,0.7822
50,10,log2,2,2,0.9558764567613857,0.03018108853406573,0.956140350877193,0.029617443887954606,0.7878
50,10,log2,2,5,0.9503431306521033,0.03320911768703926,0.9508771929824562,0.03215842592951467,0.7956
50,10,log2,2,10,0.9470896978909773,0.02762303587181546,0.9473370927318296,0.0271385184166688,0.8281
50,10,log2,5,1,0.9558742733268482,0.03409484701956432,0.956140350877193,0.033517496797443515,0.8299
50,10,log2,5,2,0.9522678940283749,0.026690318647079114,0.9526002506265664,0.026045141993969723,0.795
50,10,log2,5,5,0.9503431306521033,0.03320911768703926,0.9508771929824562,0.03215842592951467,0.815
50,10,log2,5,10,0.9470896978909773,0.02762303587181546,0.9473370927318296,0.0271385184166688,0.8039
50,10,log2,10,1,0.9466047073549728,0.036703403437527,0.9473684210526315,0.03508771929824561,0.7714
50,10,log2,10,2,0.952277499047155,0.02785540218324791,0.9526315789473683,0.027235394203964952,0.7483
50,10,log2,10,5,0.9503431306521033,0.03320911768703926,0.9508771929824562,0.03215842592951467,0.7559
50,10,log2,10,10,0.9470896978909773,0.02762303587181546,0.9473370927318296,0.0271385184166688,0.7626
50,10,log2,20,1,0.9485578198344011,0.03189361969755136,0.9491228070175438,0.030839290932012195,0.8076
50,10,log2,20,2,0.9540628098648571,0.029125322038670354,0.9543859649122807,0.028505397911003365,0.7725
50,10,log2,20,5,0.9503431306521033,0.03320911768703926,0.9508771929824562,0.03215842592951467,0.7863
50,10,log2,20,10,0.9470896978909773,0.02762303587181546,0.9473370927318296,0.0271385184166688,0.7741
50,10,0.5,2,1,0.9577542227391088,0.0225634748492916,0.9578947368421054,0.022467102587483693,0.872
50,10,0.5,2,2,0.9559135364058811,0.028876601826010997,0.956140350877193,0.028559334379122284,0.8361
50,10,0.5,2,5,0.9541529036516241,0.027724414591380073,0.9543859649122807,0.027404384827742646,0.8434
50,10,0.5,2,10,0.9508029633743966,0.024638767071108403,0.9508771929824562,0.024561403508771937,0.8619
50,10,0.5,5,1,0.9612118106150573,0.02837532145015996,0.9614035087719298,0.02807017543859649,0.8515
50,10,0.5,5,2,0.9577419397120309,0.025215329894942004,0.9578947368421054,0.025057643608922285,0.864
50,10,0.5,5,5,0.9541529036516241,0.027724414591380073,0.9543859649122807,0.027404384827742646,0.8464
50,10,0.5,5,10,0.9508029633743966,0.024638767071108403,0.9508771929824562,0.024561403508771937,0.8205
50,10,0.5,10,1,0.9543072759607334,0.02377877220857694,0.9543859649122807,0.02379764906359744,0.844
50,10,0.5,10,2,0.9488176776260812,0.030434481491220567,0.9491228070175438,0.029824561403508785,0.878
50,10,0.5,10,5,0.9541529036516241,0.027724414591380073,0.9543859649122807,0.027404384827742646,0.8667
50,10,0.5,10,10,0.9508029633743966,0.024638767071108403,0.9508771929824562,0.024561403508771937,0.8295
50,10,0.5,20,1,0.9506913786440814,0.027249863391745382,0.9508771929824562,0.026951388589012654,0.8658
50,10,0.5,20,2,0.9541471734594497,0.028832072323090294,0.9543859649122807,0.028505397911003365,0.8572
50,10,0.5,20,5,0.950691403345877,0.028337019820685334,0.9508771929824562,0.028070175438596485,0.8534
50,10,0.5,20,10,0.9508029633743966,0.024638767071108403,0.9508771929824562,0.024561403508771937,0.8346
50,10,1.0,2,1,0.946798776966585,0.03689778025298132,0.9473684210526315,0.03595421321389332,0.8966
50,10,1.0,2,2,0.9379876382020449,0.03448887590347166,0.9385964912280702,0.0335174967974435,0.8921
50,10,1.0,2,5,0.9488883336612132,0.032342489898678564,0.9491228070175438,0.03182167920564396,0.8915
50,10,1.0,2,10,0.9401705278955411,0.037242946278390636,0.9403508771929825,0.03696720615036049,0.8881
50,10,1.0,5,1,0.9488253990332455,0.030300862097876507,0.9491228070175438,0.029824561403508785,0.9114
50,10,1.0,5,2,0.9399196916121625,0.034324980243538236,0.9403508771929824,0.03347155092691037,0.8782
50,10,1.0,5,5,0.9488883336612132,0.032342489898678564,0.9491228070175438,0.03182167920564396,0.8833
50,10,1.0,5,10,0.9401705278955411,0.037242946278390636,0.9403508771929825,0.03696720615036049,0.8793
50,10,1.0,10,1,0.9451991728042337,0.031397765089889444,0.9456140350877194,0.030839290932012188,0.9114
50,10,1.0,10,2,0.9417359753636504,0.03196006184102503,0.9421052631578947,0.031432408538892835,0.8773
50,10,1.0,10,5,0.9488883336612132,0.032342489898678564,0.9491228070175438,0.03182167920564396,0.8951
50,10,1.0,10,10,0.9401705278955411,0.037242946278390636,0.9403508771929825,0.03696720615036049,0.9071
50,10,1.0,20,1,0.9363938436141428,0.025567377937996457,0.9368107769423559,0.025000726272576917,0.9865
50,10,1.0,20,2,0.9364472800161678,0.031104757262734328,0.9368421052631579,0.030588764516074913,0.9389
50,10,1.0,20,5,0.936183160780157,0.040717589512340835,0.9368421052631579,0.039385867229199394,0.8766
50,10,1.0,20,10,0.9401705278955411,0.037242946278390636,0.9403508771929825,0.03696720615036049,0.8874
50,20,sqrt,2,1,0.9523113960990853,0.03191750251174964,0.9526002506265664,0.031402809314998635,0.8205
50,20,sqrt,2,2,0.9487005356310909,0.036430850363820565,0.9491228070175438,0.03548026037922225,0.7947
50,20,sqrt,2,5,0.9519242500158314,0.038485323786491686,0.9526315789473683,0.036842105263157884,0.7977
50,20,sqrt,2,10,0.9466737375211771,0.03670359657101793,0.9473684210526315,0.03508771929824561,0.7731
50,20,sqrt,5,1,0.9523016436643317,0.027855882160660275,0.9526315789473685,0.02723539420396495,0.7791
50,20,sqrt,5,2,0.9541812027026353,0.029832418946944245,0.9543859649122807,0.029565437800618807,0.779
50,20,sqrt,5,5,0.9519242500158314,0.038485323786491686,0.9526315789473683,0.036842105263157884,0.7951
50,20,sqrt,5,10,0.9466737375211771,0.03670359657101793,0.9473684210526315,0.03508771929824561,0.7926
50,20,sqrt,10,1,0.9464727223740177,0.04724174279368345,0.9473684210526315,0.045070991504088165,0.7753
50,20,sqrt,10,2,0.9520658191006447,0.04371027487192099,0.9526315789473683,0.042287616818224384,0.7977
50,20,sqrt,10,5,0.9519242500158314,0.038485323786491686,0.9526315789473683,0.036842105263157884,0.759
50,20,sqrt,10,10,0.9466737375211771,0.03670359657101793,0.9473684210526315,0.03508771929824561,0.7639
50,20,sqrt,20,1,0.9467371383821408,0.0414785523025585,0.9473684210526315,0.04000615526663643,0.8061
50,20,sqrt,20,2,0.9485029857121404,0.042589310810038764,0.9491228070175438,0.04110657724161397,0.8268
50,20,sqrt,20,5,0.9466047073549728,0.036703403437527,0.9473684210526315,0.03508771929824561,0.7781
50,20,sqrt,20,10,0.9466737375211771,0.03670359657101793,0.9473684210526315,0.03508771929824561,0.8095
50,20,log2,2,1,0.9520880295832865,0.042304294582455465,0.9526315789473683,0.0408059766653088,0.8457
50,20,log2,2,2,0.9558764567613857,0.03018108853406573,0.956140350877193,0.029617443887954606,0.7877
50,20,log2,2,5,0.9503431306521033,0.03320911768703926,0.9508771929824562,0.03215842592951467,0.7846
50,20,log2,2,10,0.9470896978909773,0.02762303587181546,0.9473370927318296,0.0271385184166688,0.7745
50,20,log2,5,1,0.9558742733268482,0.03409484701956432,0.956140350877193,0.033517496797443515,0.7717
50,20,log2,5,2,0.9522678940283749,0.026690318647079114,0.9526002506265664,0.026045141993969723,0.7615
50,20,log2,5,5,0.9503431306521033,0.03320911768703926,0.9508771929824562,0.03215842592951467,0.786
50,20,log2,5,10,0.9470896978909773,0.02762303587181546,0.9473370927318296,0.0271385184166688,0.7668
50,20,log2,10,1,0.9466047073549728,0.036703403437527,0.9473684210526315,0.03508771929824561,0.7665
50,20,log2,10,2,0.952277499047155,0.02785540218324791,0.9526315789473683,0.027235394203964952,0.7886
50,20,log2,10,5,0.9503431306521033,0.03320911768703926,0.9508771929824562,0.03215842592951467,0.8047
50,20,log2,10,10,0.9470896978909773,0.02762303587181546,0.9473370927318296,0.0271385184166688,0.753
50,20,log2,20,1,0.9485578198344011,0.03189361969755136,0.9491228070175438,0.030839290932012195,0.8366
50,20,log2,20,2,0.9540628098648571,0.029125322038670354,0.9543859649122807,0.028505397911003365,0.8409
50,20,log2,20,5,0.9503431306521033,0.03320911768703926,0.9508771929824562,0.03215842592951467,0.7835
50,20,log2,20,10,0.9470896978909773,0.02762303587181546,0.9473370927318296,0.0271385184166688,0.7672
50,20,0.5,2,1,0.9577542227391088,0.0225634748492916,0.9578947368421054,0.022467102587483693,0.8752
50,20,0.5,2,2,0.9559135364058811,0.028876601826010997,0.956140350877193,0.028559334379122284,0.8649
50,20,0.5,2,5,0.9541529036516241,0.027724414591380073,0.9543859649122807,0.027404384827742646,0.8485
50,20,0.5,2,10,0.9508029633743966,0.024638767071108403,0.9508771929824562,0.024561403508771937,0.8756
50,20,0.5,5,1,0.9612118106150573,0.02837532145015996,0.9614035087719298,0.02807017543859649,0.869
50,20,0.5,5,2,0.9577419397120309,0.025215329894942004,0.9578947368421054,0.025057643608922285,0.8589
50,20,0.5,5,5,0.9541529036516241,0.027724414591380073,0.9543859649122807,0.027404384827742646,0.8351
50,20,0.5,5,10,0.9508029633743966,0.024638767071108403,0.9508771929824562,0.024561403508771937,0.846
50,20,0.5,10,1,0.9543072759607334,0.02377877220857694,0.9543859649122807,0.02379764906359744,0.8581
50,20,0.5,10,2,0.9488176776260812,0.030434481491220567,0.9491228070175438,0.029824561403508785,0.8603
50,20,0.5,10,5,0.9541529036516241,0.027724414591380073,0.9543859649122807,0.027404384827742646,0.8253
50,20,0.5,10,10,0.9508029633743966,0.024638767071108403,0.9508771929824562,0.024561403508771937,0.8231
50,20,0.5,20,1,0.9506913786440814,0.027249863391745382,0.9508771929824562,0.026951388589012654,0.8747
50,20,0.5,20,2,0.9541471734594497,0.028832072323090294,0.9543859649122807,0.028505397911003365,0.8647
50,20,0.5,20,5,0.950691403345877,0.028337019820685334,0.9508771929824562,0.028070175438596485,0.8413
50,20,0.5,20,10,0.9508029633743966,0.024638767071108403,0.9508771929824562,0.024561403508771937,0.8344
50,20,1.0,2,1,0.946798776966585,0.03689778025298132,0.9473684210526315,0.03595421321389332,0.9151
50,20,1.0,2,2,0.9379876382020449,0.03448887590347166,0.9385964912280702,0.0335174967974435,0.8925
50,20,1.0,2,5,0.9488883336612132,0.032342489898678564,0.9491228070175438,0.03182167920564396,0.8919
50,20,1.0,2,10,0.9401705278955411,0.037242946278390636,0.9403508771929825,0.03696720615036049,0.8755
50,20,1.0,5,1,0.9488253990332455,0.030300862097876507,0.9491228070175438,0.029824561403508785,0.8897
50,20,1.0,5,2,0.9399196916121625,0.034324980243538236,0.9403508771929824,0.03347155092691037,0.9029
50,20,1.0,5,5,0.9488883336612132,0.032342489898678564,0.9491228070175438,0.03182167920564396,0.8956
50,20,1.0,5,10,0.9401705278955411,0.037242946278390636,0.9403508771929825,0.03696720615036049,0.8893
50,20,1.0,10,1,0.9451991728042337,0.031397765089889444,0.9456140350877194,0.030839290932012188,0.9082
50,20,1.0,10,2,0.9417359753636504,0.03196006184102503,0.9421052631578947,0.031432408538892835,0.917
50,20,1.0,10,5,0.9488883336612132,0.032342489898678564,0.9491228070175438,0.03182167920564396,0.8827
50,20,1.0,10,10,0.9401705278955411,0.037242946278390636,0.9403508771929825,0.03696720615036049,0.8971
50,20,1.0,20,1,0.9363938436141428,0.025567377937996457,0.9368107769423559,0.025000726272576917,0.9146
50,20,1.0,20,2,0.9364472800161678,0.031104757262734328,0.9368421052631579,0.030588764516074913,0.9076
50,20,1.0,20,5,0.936183160780157,0.040717589512340835,0.9368421052631579,0.039385867229199394,0.8857
50,20,1.0,20,10,0.9401705278955411,0.037242946278390636,0.9403508771929825,0.03696720615036049,0.8863
100,,sqrt,2,1,0.9559175044105596,0.02422629829204158,0.956140350877193,0.023862228962693768,1.3193
100,,sqrt,2,2,0.9524577415905128,0.027519686939853266,0.9526315789473685,0.02723539420396495,1.3188
100,,sqrt,2,5,0.9575711040302568,0.030230295259501,0.9578947368421054,0.02956543780061879,1.345
100,,sqrt,2,10,0.9488127319498915,0.029323254963484077,0.9491228070175438,0.028774069240099513,1.3241
100,,sqrt,5,1,0.9559309650696839,0.024219779417013487,0.956140350877193,0.02386222896269377,1.328
100,,sqrt,5,2,0.9560068169816935,0.02126975658642019,0.956140350877193,0.02112560452419701,1.3912
100,,sqrt,5,5,0.9575711040302568,0.030230295259501,0.9578947368421054,0.02956543780061879,1.3458
100,,sqrt,5,10,0.9488127319498915,0.029323254963484077,0.9491228070175438,0.028774069240099513,1.2378
100,,sqrt,10,1,0.9503734366838547,0.037620031629463466,0.9508771929824562,0.036632654417229994,1.2741
100,,sqrt,10,2,0.9558145063777893,0.03410666960383922,0.956140350877193,0.033517496797443515,1.3278
100,,sqrt,10,5,0.9575711040302568,0.030230295259501,0.9578947368421054,0.02956543780061879,1.3166
100,,sqrt,10,10,0.9488127319498915,0.029323254963484077,0.9491228070175438,0.028774069240099513,1.3172
100,,sqrt,20,1,0.950613704206075,0.03176079020421115,0.9508771929824562,0.03118664707830032,1.2911
100,,sqrt,20,2,0.9542592112523944,0.028809054917106326,0.9543859649122807,0.028505397911003358,1.3231
100,,sqrt,20,5,0.95074451037522,0.0271962433972796,0.9508771929824562,0.026951388589012654,1.2211
100,,sqrt,20,10,0.9488127319498915,0.029323254963484077,0.9491228070175438,0.028774069240099513,1.3142
100,,log2,2,1,0.9520380109642698,0.043772024409301155,0.9526315789473683,0.042287616818224384,1.321
100,,log2,2,2,0.9539396899652643,0.034509070452556814,0.9543859649122807,0.03347155092691038,1.3454
100,,log2,2,5,0.952286779073636,0.03101348874539098,0.9526002506265664,0.0304068911695448,1.2505
100,,log2,2,10,0.947004750245949,0.02774815994204661,0.9473684210526315,0.027178830499701163,1.2901
100,,log2,5,1,0.9558670057278205,0.03411156426614688,0.956140350877193,0.033517496797443515,1.264
100,,log2,5,2,0.9539396899652643,0.034509070452556814,0.9543859649122807,0.03347155092691038,1.3154
100,,log2,5,5,0.952286779073636,0.03101348874539098,0.9526002506265664,0.0304068911695448,1.39
100,,log2,5,10,0.947004750245949,0.02774815994204661,0.9473684210526315,0.027178830499701163,1.283
100,,log2,10,1,0.948390018172675,0.03794411903988392,0.9491228070175438,0.03633739504773329,1.2572
100,,log2,10,2,0.9520661139998005,0.03348754386098288,0.9526315789473683,0.032396816337928756,1.3237
100,,log2,10,5,0.952286779073636,0.03101348874539098,0.9526002506265664,0.0304068911695448,1.3114
100,,log2,10,10,0.947004750245949,0.02774815994204661,0.9473684210526315,0.027178830499701163,1.3326
100,,log2,20,1,0.9520661139998005,0.03348754386098288,0.9526315789473683,0.032396816337928756,1.3313
100,,log2,20,2,0.948390018172675,0.03794411903988392,0.9491228070175438,0.03633739504773329,1.3525
100,,log2,20,5,0.9483937195438799,0.038733286958612216,0.9491228070175438,0.03717477210599489,1.339
100,,log2,20,10,0.947004750245949,0.02774815994204661,0.9473684210526315,0.027178830499701163,1.2843
100,,0.5,2,1,0.9576918952691041,0.021192308139579702,0.9578947368421054,0.021052631578947385,1.3796
100,,0.5,2,2,0.952153769925513,0.03699519182148059,0.9526315789473683,0.035996990401198574,1.3837
100,,0.5,2,5,0.9576684654160509,0.028851881718682325,0.9578947368421051,0.028505397911003365,1.3492
100,,0.5,2,10,0.9543153554675954,0.028602491891835023,0.9543859649122807,0.028505397911003365,1.3798
100,,0.5,5,1,0.9541256650672327,0.026590593308825725,0.9543859649122807,0.026257244819466258,1.3818
100,,0.5,5,2,0.9540507796563176,0.032187802049616875,0.9543859649122807,0.03157894736842107,1.3669
100,,0.5,5,5,0.9576684654160509,0.028851881718682325,0.9578947368421051,0.028505397911003365,1.3481
100,,0.5,5,10,0.9543153554675954,0.028602491891835023,0.9543859649122807,0.028505397911003365,1.381
100,,0.5,10,1,0.9504307865778155,0.036747464960445585,0.9508771929824562,0.0357825930778441,1.3764
100,,0.5,10,2,0.9523570378596009,0.032038189224741956,0.9526315789473683,0.03143240853889285,1.3969
100,,0.5,10,5,0.9576684654160509,0.028851881718682325,0.9578947368421051,0.028505397911003365,1.3899
100,,0.5,10,10,0.9543153554675954,0.028602491891835023,0.9543859649122807,0.028505397911003365,1.3384
100,,0.5,20,1,0.9505541657631614,0.031782847905806905,0.9508771929824562,0.03118664707830032,1.3898
100,,0.5,20,2,0.9505541657631614,0.031782847905806905,0.9508771929824562,0.03118664707830032,1.3765
100,,0.5,20,5,0.9524278914829573,0.0296710472466508,0.9526315789473683,0.02940886774428106,1.3585
100,,0.5,20,10,0.9543153554675954,0.028602491891835023,0.9543859649122807,0.028505397911003365,1.369
100,,1.0,2,1,0.9485788439949786,0.03556195032777617,0.9491228070175438,0.0346018998654667,1.4994
100,,1.0,2,2,0.9433666383905379,0.03494382825742396,0.9438596491228071,0.03401880601695669,1.4827
100,,1.0,2,5,0.9433710298240712,0.035833737034314445,0.9438596491228071,0.03491183989847789,1.4573
100,,1.0,2,10,0.9420795468047801,0.034308878124025895,0.9421052631578947,0.03424424788761953,1.4076
100,,1.0,5,1,0.9470951480865206,0.029823103031856577,0.9473684210526315,0.029356492159090385,1.5179
100,,1.0,5,2,0.9398578664607132,0.0334534185874213,0.9403508771929824,0.0325390122648972,1.5555
100,,1.0,5,5,0.9433710298240712,0.035833737034314445,0.9438596491228071,0.03491183989847789,1.4724
100,,1.0,5,10,0.9420795468047801,0.034308878124025895,0.9421052631578947,0.03424424788761953,1.4549
100,,1.0,10,1,0.9451131399994704,0.03459378146137291,0.9456140350877194,0.03370065388122552,1.4975
100,,1.0,10,2,0.941680857812688,0.0359743218494605,0.9421052631578947,0.03513155156929961,1.4591
100,,1.0,10,5,0.9433710298240712,0.035833737034314445,0.9438596491228071,0.03491183989847789,1.4811
100,,1.0,10,10,0.9420795468047801,0.034308878124025895,0.9421052631578947,0.03424424788761953,1.4294
100,,1.0,20,1,0.9399153578586142,0.03206905664981783,0.9403508771929825,0.03157894736842107,1.489
100,,1.0,20,2,0.9382891721960102,0.031094041752033504,0.9385964912280702,0.030639033678198223,1.4798
100,,1.0,20,5,0.9400286260523043,0.03390247685147536,0.9403508771929825,0.03347155092691038,1.4502
100,,1.0,20,10,0.9420795468047801,0.034308878124025895,0.9421052631578947,0.03424424788761953,1.4785
100,5,sqrt,2,1,0.9540628098648571,0.029125322038670354,0.9543859649122807,0.028505397911003365,1.3343
100,5,sqrt,2,2,0.9558670057278205,0.03411156426614688,0.956140350877193,0.033517496797443515,1.3629
100,5,sqrt,2,5,0.9539176659566155,0.033634440576494784,0.9543859649122807,0.032539012264897214,1.323
100,5,sqrt,2,10,0.9488127319498915,0.029323254963484077,0.9491228070175438,0.028774069240099513,1.2784
100,5,sqrt,5,1,0.9575711040302568,0.030230295259501,0.9578947368421054,0.02956543780061879,1.2781
100,5,sqrt,5,2,0.9575711040302568,0.030230295259501,0.9578947368421054,0.02956543780061879,1.248
100,5,sqrt,5,5,0.9539176659566155,0.033634440576494784,0.9543859649122807,0.032539012264897214,1.2365
100,5,sqrt,5,10,0.9488127319498915,0.029323254963484077,0.9491228070175438,0.028774069240099513,1.2811
100,5,sqrt,10,1,0.9504617018316164,0.03757958715371844,0.9508771929824562,0.036632654417229994,1.2731
100,5,sqrt,10,2,0.9521846851793135,0.03782045576930443,0.9526315789473683,0.036842105263157884,1.3151
100,5,sqrt,10,5,0.9539176659566155,0.033634440576494784,0.9543859649122807,0.032539012264897214,1.3055
100,5,sqrt,10,10,0.9488127319498915,0.029323254963484077,0.9491228070175438,0.028774069240099513,1.3534
100,5,sqrt,20,1,0.9486571560323565,0.036461936549861275,0.9491228070175438,0.03548026037922225,1.3469
100,5,sqrt,20,2,0.9488279156239475,0.03238732855381185,0.9491228070175438,0.031821679205643966,1.3161
100,5,sqrt,20,5,0.9505902163862483,0.024926906266130356,0.9508771929824562,0.024561403508771933,1.3277
100,5,sqrt,20,10,0.9488127319498915,0.029323254963484077,0.9491228070175438,0.028774069240099513,1.2972
100,5,log2,2,1,0.9555291764141964,0.03463397348619964,0.956140350877193,0.033517496797443515,1.2382
100,5,log2,2,2,0.9536570614835025,0.03942311485059778,0.9543859649122807,0.03779063022550528,1.2213
100,5,log2,2,5,0.9504617018316164,0.03757958715371844,0.9508771929824562,0.036632654417229994,1.235
100,5,log2,2,10,0.9487469685752037,0.028241195360610018,0.9491228070175438,0.027683743575542978,1.2245
100,5,log2,5,1,0.9539745447170954,0.02918837949731859,0.9543859649122807,0.028505397911003365,1.2404
100,5,log2,5,2,0.9538773624952597,0.033621480784666855,0.9543859649122807,0.032539012264897214,1.2609
100,5,log2,5,5,0.9504617018316164,0.03757958715371844,0.9508771929824562,0.036632654417229994,1.257
100,5,log2,5,10,0.9487469685752037,0.028241195360610018,0.9491228070175438,0.027683743575542978,1.3141
100,5,log2,10,1,0.9521543791475622,0.03343763412468846,0.9526315789473683,0.032396816337928756,1.3465
100,5,log2,10,2,0.9503431306521033,0.03320911768703926,0.9508771929824562,0.03215842592951467,1.3283
100,5,log2,10,5,0.9504617018316164,0.03757958715371844,0.9508771929824562,0.036632654417229994,1.3238
100,5,log2,10,10,0.9487469685752037,0.028241195360610018,0.9491228070175438,0.027683743575542978,1.3035
100,5,log2,20,1,0.948390018172675,0.03794411903988392,0.9491228070175438,0.03633739504773329,1.2356
100,5,log2,20,2,0.948390018172675,0.03794411903988392,0.9491228070175438,0.03633739504773329,1.2291
100,5,log2,20,5,0.9501130015203725,0.03827605813767894,0.9508771929824562,0.036632654417229994,1.2505
100,5,log2,20,10,0.9487469685752037,0.028241195360610018,0.9491228070175438,0.027683743575542978,1.323
100,5,0.5,2,1,0.9523085613270629,0.0320457588351317,0.9526315789473683,0.03143240853889285,1.3778
100,5,0.5,2,2,0.9559109758849349,0.027799667336211472,0.956140350877193,0.02746048393420794,1.4034
100,5,0.5,2,5,0.9541959961400714,0.02884025767623678,0.9543859649122807,0.028505397911003365,1.3692
100,5,0.5,2,10,0.9543153554675954,0.028602491891835023,0.9543859649122807,0.028505397911003365,1.3394
100,5,0.5,5,1,0.9540752535228968,0.025494429550428844,0.9543859649122807,0.025057643608922285,1.4351
100,5,0.5,5,2,0.9540507796563176,0.032187802049616875,0.9543859649122807,0.03157894736842107,1.3735
100,5,0.5,5,5,0.9541959961400714,0.02884025767623678,0.9543859649122807,0.028505397911003365,1.3738
100,5,0.5,5,10,0.9543153554675954,0.028602491891835023,0.9543859649122807,0.028505397911003365,1.3843
100,5,0.5,10,1,0.948851532721293,0.0314097428072752,0.9491228070175438,0.03083929093201219,1.3423
100,5,0.5,10,2,0.9505745160689901,0.03178493410880847,0.9508771929824562,0.03118664707830032,1.3471
100,5,0.5,10,5,0.9541959961400714,0.02884025767623678,0.9543859649122807,0.028505397911003365,1.3353
100,5,0.5,10,10,0.9543153554675954,0.028602491891835023,0.9543859649122807,0.028505397911003365,1.3481
100,5,0.5,20,1,0.946930905893143,0.03690139591114717,0.9473684210526315,0.035954213213893325,1.3589
100,5,0.5,20,2,0.9488279156239475,0.03238732855381185,0.9491228070175438,0.031821679205643966,1.3633
100,5,0.5,20,5,0.9489874804091439,0.03199450253157079,0.9491228070175438,0.03182167920564395,1.4068
100,5,0.5,20,10,0.9543153554675954,0.028602491891835023,0.9543859649122807,0.028505397911003365,1.3975
100,5,1.0,2,1,0.9468864748732464,0.030950657280298804,0.9473684210526315,0.0303868562731382,1.4926
100,5,1.0,2,2,0.9380510093987875,0.03350208289443605,0.9385964912280702,0.03258627301931001,1.5008
100,5,1.0,2,5,0.9468551793722938,0.03774088388883841,0.9473684210526315,0.036800310462110575,1.4393
100,5,1.0,2,10,0.9420795468047801,0.034308878124025895,0.9421052631578947,0.03424424788761953,1.4279
100,5,1.0,5,1,0.9451414675169005,0.029351955660946467,0.9456140350877191,0.028774069240099526,1.4922
100,5,1.0,5,2,0.9398295303818873,0.034396827205357194,0.9403508771929824,0.03347155092691037,1.4536
100,5,1.0,5,5,0.9468551793722938,0.03774088388883841,0.9473684210526315,0.036800310462110575,1.454
100,5,1.0,5,10,0.9420795468047801,0.034308878124025895,0.9421052631578947,0.03424424788761953,1.4437
100,5,1.0,10,1,0.9414643907577023,0.03518703683270689,0.9421052631578947,0.03424424788761953,1.5013
100,5,1.0,10,2,0.9381128345502365,0.034375660433259035,0.9385964912280702,0.0335174967974435,1.4882
100,5,1.0,10,5,0.9468551793722938,0.03774088388883841,0.9473684210526315,0.036800310462110575,1.4736
100,5,1.0,10,10,0.9420795468047801,0.034308878124025895,0.9421052631578947,0.03424424788761953,1.4738
100,5,1.0,20,1,0.943361400488507,0.03075863547914054,0.9438596491228071,0.03018359742821975,1.5059
100,5,1.0,20,2,0.9382891721960102,0.031094041752033504,0.9385964912280702,0.030639033678198223,1.4644
100,5,1.0,20,5,0.9417361189743858,0.031952260081869376,0.9421052631578947,0.03143240853889285,1.4436
100,5,1.0,20,10,0.9420795468047801,0.034308878124025895,0.9421052631578947,0.03424424788761953,1.4301
100,10,sqrt,2,1,0.9559175044105596,0.02422629829204158,0.956140350877193,0.023862228962693768,1.3051
100,10,sqrt,2,2,0.9524577415905128,0.027519686939853266,0.9526315789473685,0.02723539420396495,1.3338
100,10,sqrt,2,5,0.9575711040302568,0.030230295259501,0.9578947368421054,0.02956543780061879,1.3417
100,10,sqrt,2,10,0.9488127319498915,0.029323254963484077,0.9491228070175438,0.028774069240099513,1.3315
100,10,sqrt,5,1,0.9559309650696839,0.024219779417013487,0.956140350877193,0.02386222896269377,1.2847
100,10,sqrt,5,2,0.9560068169816935,0.02126975658642019,0.956140350877193,0.02112560452419701,1.3247
100,10,sqrt,5,5,0.9575711040302568,0.030230295259501,0.9578947368421054,0.02956543780061879,1.3921
100,10,sqrt,5,10,0.9488127319498915,0.029323254963484077,0.9491228070175438,0.028774069240099513,1.337
100,10,sqrt,10,1,0.9503734366838547,0.037620031629463466,0.9508771929824562,0.036632654417229994,1.3241
100,10,sqrt,10,2,0.9558145063777893,0.03410666960383922,0.956140350877193,0.033517496797443515,1.3017
100,10,sqrt,10,5,0.9575711040302568,0.030230295259501,0.9578947368421054,0.02956543780061879,1.3017
100,10,sqrt,10,10,0.9488127319498915,0.029323254963484077,0.9491228070175438,0.028774069240099513,1.3262
100,10,sqrt,20,1,0.950613704206075,0.03176079020421115,0.9508771929824562,0.03118664707830032,1.3777
100,10,sqrt,20,2,0.9542592112523944,0.028809054917106326,0.9543859649122807,0.028505397911003358,1.3786
100,10,sqrt,20,5,0.95074451037522,0.0271962433972796,0.9508771929824562,0.026951388589012654,1.3606
100,10,sqrt,20,10,0.9488127319498915,0.029323254963484077,0.9491228070175438,0.028774069240099513,1.3304
100,10,log2,2,1,0.9520380109642698,0.043772024409301155,0.9526315789473683,0.042287616818224384,1.3527
100,10,log2,2,2,0.9539396899652643,0.034509070452556814,0.9543859649122807,0.03347155092691038,1.3183
100,10,log2,2,5,0.952286779073636,0.03101348874539098,0.9526002506265664,0.0304068911695448,1.3537
100,10,log2,2,10,0.947004750245949,0.02774815994204661,0.9473684210526315,0.027178830499701163,1.3406
100,10,log2,5,1,0.9558670057278205,0.03411156426614688,0.956140350877193,0.033517496797443515,1.2929
100,10,log2,5,2,0.9539396899652643,0.034509070452556814,0.9543859649122807,0.03347155092691038,1.3239
100,10,log2,5,5,0.952286779073636,0.03101348874539098,0.9526002506265664,0.0304068911695448,1.328
100,10,log2,5,10,0.947004750245949,0.02774815994204661,0.9473684210526315,0.027178830499701163,1.3046
100,10,log2,10,1,0.948390018172675,0.03794411903988392,0.9491228070175438,0.03633739504773329,1.2795
100,10,log2,10,2,0.9520661139998005,0.03348754386098288,0.9526315789473683,0.032396816337928756,1.253
100,10,log2,10,5,0.952286779073636,0.03101348874539098,0.9526002506265664,0.0304068911695448,1.3598
100,10,log2,10,10,0.947004750245949,0.02774815994204661,0.9473684210526315,0.027178830499701163,1.2582
100,10,log2,20,1,0.9520661139998005,0.03348754386098288,0.9526315789473683,0.032396816337928756,1.2672
100,10,log2,20,2,0.948390018172675,0.03794411903988392,0.9491228070175438,0.03633739504773329,1.3258
100,10,log2,20,5,0.9483937195438799,0.038733286958612216,0.9491228070175438,0.03717477210599489,1.3692
100,10,log2,20,10,0.947004750245949,0.02774815994204661,0.9473684210526315,0.027178830499701163,1.3565
100,10,0.5,2,1,0.9576918952691041,0.021192308139579702,0.9578947368421054,0.021052631578947385,1.3482
100,10,0.5,2,2,0.952153769925513,0.03699519182148059,0.9526315789473683,0.035996990401198574,1.3524
100,10,0.5,2,5,0.9576684654160509,0.028851881718682325,0.9578947368421051,0.028505397911003365,1.3648
100,10,0.5,2,10,0.9543153554675954,0.028602491891835023,0.9543859649122807,0.028505397911003365,1.3348
100,10,0.5,5,1,0.9541256650672327,0.026590593308825725,0.9543859649122807,0.026257244819466258,1.3896
100,10,0.5,5,2,0.9540507796563176,0.032187802049616875,0.9543859649122807,0.03157894736842107,1.3611
100,10,0.5,5,5,0.9576684654160509,0.028851881718682325,0.9578947368421051,0.028505397911003365,1.3429
100,10,0.5,5,10,0.9543153554675954,0.028602491891835023,0.9543859649122807,0.028505397911003365,1.3196
100,10,0.5,10,1,0.9504307865778155,0.036747464960445585,0.9508771929824562,0.0357825930778441,1.3656
100,10,0.5,10,2,0.9523570378596009,0.032038189224741956,0.9526315789473683,0.03143240853889285,1.3994
100,10,0.5,10,5,0.9576684654160509,0.028851881718682325,0.9578947368421051,0.028505397911003365,1.4077
100,10,0.5,10,10,0.9543153554675954,0.028602491891835023,0.9543859649122807,0.028505397911003365,1.3288
100,10,0.5,20,1,0.9505541657631614,0.031782847905806905,0.9508771929824562,0.03118664707830032,1.3583
100,10,0.5,20,2,0.9505541657631614,0.031782847905806905,0.9508771929824562,0.03118664707830032,1.3869
100,10,0.5,20,5,0.9524278914829573,0.0296710472466508,0.9526315789473683,0.02940886774428106,1.3367
100,10,0.5,20,10,0.9543153554675954,0.028602491891835023,0.9543859649122807,0.028505397911003365,1.3516
100,10,1.0,2,1,0.9485788439949786,0.03556195032777617,0.9491228070175438,0.0346018998654667,1.4979
100,10,1.0,2,2,0.9433666383905379,0.03494382825742396,0.9438596491228071,0.03401880601695669,1.4718
100,10,1.0,2,5,0.9433710298240712,0.035833737034314445,0.9438596491228071,0.03491183989847789,1.4541
100,10,1.0,2,10,0.9420795468047801,0.034308878124025895,0.9421052631578947,0.03424424788761953,1.4341
100,10,1.0,5,1,0.9470951480865206,0.029823103031856577,0.9473684210526315,0.029356492159090385,1.5253
100,10,1.0,5,2,0.9398578664607132,0.0334534185874213,0.9403508771929824,0.0325390122648972,1.5154
100,10,1.0,5,5,0.9433710298240712,0.035833737034314445,0.9438596491228071,0.03491183989847789,1.4825
100,10,1.0,5,10,0.9420795468047801,0.034308878124025895,0.9421052631578947,0.03424424788761953,1.4424
100,10,1.0,10,1,0.9451131399994704,0.03459378146137291,0.9456140350877194,0.03370065388122552,1.509
100,10,1.0,10,2,0.941680857812688,0.0359743218494605,0.9421052631578947,0.03513155156929961,1.4758
100,10,1.0,10,5,0.9433710298240712,0.035833737034314445,0.9438596491228071,0.03491183989847789,1.4977
100,10,1.0,10,10,0.9420795468047801,0.034308878124025895,0.9421052631578947,0.03424424788761953,1.4216
100,10,1.0,20,1,0.9399153578586142,0.03206905664981783,0.9403508771929825,0.03157894736842107,1.5158
100,10,1.0,20,2,0.9382891721960102,0.031094041752033504,0.9385964912280702,0.030639033678198223,1.4989
100,10,1.0,20,5,0.9400286260523043,0.03390247685147536,0.9403508771929825,0.03347155092691038,1.4533
100,10,1.0,20,10,0.9420795468047801,0.034308878124025895,0.9421052631578947,0.03424424788761953,1.4132
100,20,sqrt,2,1,0.9559175044105596,0.02422629829204158,0.956140350877193,0.023862228962693768,1.3453
100,20,sqrt,2,2,0.9524577415905128,0.027519686939853266,0.9526315789473685,0.02723539420396495,1.313
100,20,sqrt,2,5,0.9575711040302568,0.030230295259501,0.9578947368421054,0.02956543780061879,1.327
100,20,sqrt,2,10,0.9488127319498915,0.029323254963484077,0.9491228070175438,0.028774069240099513,1.3358
100,20,sqrt,5,1,0.9559309650696839,0.024219779417013487,0.956140350877193,0.02386222896269377,1.3101
100,20,sqrt,5,2,0.9560068169816935,0.02126975658642019,0.956140350877193,0.02112560452419701,1.3517
100,20,sqrt,5,5,0.9575711040302568,0.030230295259501,0.9578947368421054,0.02956543780061879,1.2619
100,20,sqrt,5,10,0.9488127319498915,0.029323254963484077,0.9491228070175438,0.028774069240099513,1.2994
100,20,sqrt,10,1,0.9503734366838547,0.037620031629463466,0.9508771929824562,0.036632654417229994,1.3222
100,20,sqrt,10,2,0.9558145063777893,0.03410666960383922,0.956140350877193,0.033517496797443515,1.3199
100,20,sqrt,10,5,0.9575711040302568,0.030230295259501,0.9578947368421054,0.02956543780061879,1.3625
100,20,sqrt,10,10,0.9488127319498915,0.029323254963484077,0.9491228070175438,0.028774069240099513,1.3263
100,20,sqrt,20,1,0.950613704206075,0.03176079020421115,0.9508771929824562,0.03118664707830032,1.3388
100,20,sqrt,20,2,0.9542592112523944,0.028809054917106326,0.9543859649122807,0.028505397911003358,1.3022
100,20,sqrt,20,5,0.95074451037522,0.0271962433972796,0.9508771929824562,0.026951388589012654,1.2223
100,20,sqrt,20,10,0.9488127319498915,0.029323254963484077,0.9491228070175438,0.028774069240099513,1.2629
100,20,log2,2,1,0.9520380109642698,0.043772024409301155,0.9526315789473683,0.042287616818224384,1.309
100,20,log2,2,2,0.9539396899652643,0.034509070452556814,0.9543859649122807,0.03347155092691038,1.316
100,20,log2,2,5,0.952286779073636,0.03101348874539098,0.9526002506265664,0.0304068911695448,1.308
100,20,log2,2,10,0.947004750245949,0.02774815994204661,0.9473684210526315,0.027178830499701163,1.319
100,20,log2,5,1,0.9558670057278205,0.03411156426614688,0.956140350877193,0.033517496797443515,1.3145
100,20,log2,5,2,0.9539396899652643,0.034509070452556814,0.9543859649122807,0.03347155092691038,1.3284
100,20,log2,5,5,0.952286779073636,0.03101348874539098,0.9526002506265664,0.0304068911695448,1.3189
100,20,log2,5,10,0.947004750245949,0.02774815994204661,0.9473684210526315,0.027178830499701163,1.3231
100,20,log2,10,1,0.948390018172675,0.03794411903988392,0.9491228070175438,0.03633739504773329,1.2754
100,20,log2,10,2,0.9520661139998005,0.03348754386098288,0.9526315789473683,0.032396816337928756,1.3636
100,20,log2,10,5,0.952286779073636,0.03101348874539098,0.9526002506265664,0.0304068911695448,1.3001
100,20,log2,10,10,0.947004750245949,0.02774815994204661,0.9473684210526315,0.027178830499701163,1.2644
100,20,log2,20,1,0.9520661139998005,0.03348754386098288,0.9526315789473683,0.032396816337928756,1.2225
100,20,log2,20,2,0.948390018172675,0.03794411903988392,0.9491228070175438,0.03633739504773329,1.2763
100,20,log2,20,5,0.9483937195438799,0.038733286958612216,0.9491228070175438,0.03717477210599489,1.2843
100,20,log2,20,10,0.947004750245949,0.02774815994204661,0.9473684210526315,0.027178830499701163,1.3142
100,20,0.5,2,1,0.9576918952691041,0.021192308139579702,0.9578947368421054,0.021052631578947385,1.3878
100,20,0.5,2,2,0.952153769925513,0.03699519182148059,0.9526315789473683,0.035996990401198574,1.3554
100,20,0.5,2,5,0.9576684654160509,0.028851881718682325,0.9578947368421051,0.028505397911003365,1.3453
100,20,0.5,2,10,0.9543153554675954,0.028602491891835023,0.9543859649122807,0.028505397911003365,1.3271
100,20,0.5,5,1,0.9541256650672327,0.026590593308825725,0.9543859649122807,0.026257244819466258,1.397
100,20,0.5,5,2,0.9540507796563176,0.032187802049616875,0.9543859649122807,0.03157894736842107,1.4423
100,20,0.5,5,5,0.9576684654160509,0.028851881718682325,0.9578947368421051,0.028505397911003365,1.3872
100,20,0.5,5,10,0.9543153554675954,0.028602491891835023,0.9543859649122807,0.028505397911003365,1.3656
100,20,0.5,10,1,0.9504307865778155,0.036747464960445585,0.9508771929824562,0.0357825930778441,1.3587
100,20,0.5,10,2,0.9523570378596009,0.032038189224741956,0.9526315789473683,0.03143240853889285,1.3782
100,20,0.5,10,5,0.9576684654160509,0.028851881718682325,0.9578947368421051,0.028505397911003365,1.3551
100,20,0.5,10,10,0.9543153554675954,0.028602491891835023,0.9543859649122807,0.028505397911003365,1.3385
100,20,0.5,20,1,0.9505541657631614,0.031782847905806905,0.9508771929824562,0.03118664707830032,1.331
100,20,0.5,20,2,0.9505541657631614,0.031782847905806905,0.9508771929824562,0.03118664707830032,1.3604
100,20,0.5,20,5,0.9524278914829573,0.0296710472466508,0.9526315789473683,0.02940886774428106,1.3394
100,20,0.5,20,10,0.9543153554675954,0.028602491891835023,0.9543859649122807,0.028505397911003365,1.3271
100,20,1.0,2,1,0.9485788439949786,0.03556195032777617,0.9491228070175438,0.0346018998654667,1.635
100,20,1.0,2,2,0.9433666383905379,0.03494382825742396,0.9438596491228071,0.03401880601695669,1.5791
100,20,1.0,2,5,0.9433710298240712,0.035833737034314445,0.9438596491228071,0.03491183989847789,1.5109
100,20,1.0,2,10,0.9420795468047801,0.034308878124025895,0.9421052631578947,0.03424424788761953,1.4169
100,20,1.0,5,1,0.9470951480865206,0.029823103031856577,0.9473684210526315,0.029356492159090385,1.4995
100,20,1.0,5,2,0.9398578664607132,0.0334534185874213,0.9403508771929824,0.0325390122648972,1.4641
100,20,1.0,5,5,0.9433710298240712,0.035833737034314445,0.9438596491228071,0.03491183989847789,1.4838
100,20,1.0,5,10,0.9420795468047801,0.034308878124025895,0.9421052631578947,0.03424424788761953,1.396
100,20,1.0,10,1,0.9451131399994704,0.03459378146137291,0.9456140350877194,0.03370065388122552,1.4837
100,20,1.0,10,2,0.941680857812688,0.0359743218494605,0.9421052631578947,0.03513155156929961,1.467
100,20,1.0,10,5,0.9433710298240712,0.035833737034314445,0.9438596491228071,0.03491183989847789,1.4662
100,20,1.0,10,10,0.9420795468047801,0.034308878124025895,0.9421052631578947,0.03424424788761953,1.4958
100,20,1.0,20,1,0.9399153578586142,0.03206905664981783,0.9403508771929825,0.03157894736842107,1.5246
100,20,1.0,20,2,0.9382891721960102,0.031094041752033504,0.9385964912280702,0.030639033678198223,1.4589
100,20,1.0,20,5,0.9400286260523043,0.03390247685147536,0.9403508771929825,0.03347155092691038,1.5307
100,20,1.0,20,10,0.9420795468047801,0.034308878124025895,0.9421052631578947,0.03424424788761953,1.4213
200,,sqrt,2,1,0.9540763649799313,0.030104001515195718,0.9543859649122807,0.02956543780061879,2.434
200,,sqrt,2,2,0.9521543791475622,0.03343763412468846,0.9526315789473683,0.032396816337928756,2.4198
200,,sqrt,2,5,0.9501389391981292,0.03743158032757633,0.9508771929824562,0.0357825930778441,2.6393
200,,sqrt,2,10,0.9486497863533678,0.03278706349982877,0.9491228070175438,0.03182167920564396,2.5233
200,,sqrt,5,1,0.9559322608201807,0.025447337041694596,0.956140350877193,0.025118984321537464,2.5668
200,,sqrt,5,2,0.9559322608201807,0.025447337041694596,0.956140350877193,0.025118984321537464,2.3917
200,,sqrt,5,5,0.9501389391981292,0.03743158032757633,0.9508771929824562,0.0357825930778441,2.3373
200,,sqrt,5,10,0.9486497863533678,0.03278706349982877,0.9491228070175438,0.03182167920564396,2.4659
200,,sqrt,10,1,0.9503431306521033,0.03320911768703926,0.9508771929824562,0.03215842592951467,2.5122
200,,sqrt,10,2,0.9467371383821408,0.0414785523025585,0.9473684210526315,0.04000615526663643,2.5386
200,,sqrt,10,5,0.9501389391981292,0.03743158032757633,0.9508771929824562,0.0357825930778441,2.5415
200,,sqrt,10,10,0.9486497863533678,0.03278706349982877,0.9491228070175438,0.03182167920564396,2.4837
200,,sqrt,20,1,0.9505734007447189,0.03174287084474889,0.9508771929824562,0.03118664707830032,2.4778
200,,sqrt,20,2,0.9486763910139142,0.03642809661954955,0.9491228070175438,0.03548026037922225,2.4508
200,,sqrt,20,5,0.9521543791475622,0.03343763412468846,0.9526315789473683,0.032396816337928756,2.4948
200,,sqrt,20,10,0.9486497863533678,0.03278706349982877,0.9491228070175438,0.03182167920564396,2.5599
200,,log2,2,1,0.952191952778341,0.0378060864737467,0.9526315789473683,0.036842105263157884,2.585
200,,log2,2,2,0.9519865774858364,0.039266214299520465,0.9526315789473683,0.03766826412909453,2.5196
200,,log2,2,5,0.9502808031820983,0.032278866078603086,0.9508771929824562,0.03118664707830032,2.5566
200,,log2,2,10,0.941426511217575,0.03659437993019838,0.9421052631578947,0.03513155156929961,2.5435
200,,log2,5,1,0.9540628098648571,0.029125322038670354,0.9543859649122807,0.028505397911003365,2.5536
200,,log2,5,2,0.9539745447170954,0.02918837949731859,0.9543859649122807,0.028505397911003365,2.5247
200,,log2,5,5,0.9502808031820983,0.032278866078603086,0.9508771929824562,0.03118664707830032,2.6708
200,,log2,5,10,0.941426511217575,0.03659437993019838,0.9421052631578947,0.03513155156929961,2.6785
200,,log2,10,1,0.948390018172675,0.03794411903988392,0.9491228070175438,0.03633739504773329,2.68
200,,log2,10,2,0.9501130015203725,0.03827605813767894,0.9508771929824562,0.036632654417229994,2.6383
200,,log2,10,5,0.9502808031820983,0.032278866078603086,0.9508771929824562,0.03118664707830032,2.6219
200,,log2,10,10,0.941426511217575,0.03659437993019838,0.9421052631578947,0.03513155156929961,2.4963
200,,log2,20,1,0.9503431306521033,0.03320911768703926,0.9508771929824562,0.03215842592951467,2.5125
200,,log2,20,2,0.9485578198344011,0.03189361969755136,0.9491228070175438,0.030839290932012195,2.5844
200,,log2,20,5,0.9411647094348815,0.0422176151602127,0.9421052631578947,0.04004460424741519,2.4759
200,,log2,20,10,0.941426511217575,0.03659437993019838,0.9421052631578947,0.03513155156929961,2.5052
200,,0.5,2,1,0.9560163958433872,0.02399511164050718,0.956140350877193,0.02386222896269377,2.6491
200,,0.5,2,2,0.9540507796563176,0.032187802049616875,0.9543859649122807,0.03157894736842107,2.6173
200,,0.5,2,5,0.9541409362690942,0.027752574841232818,0.9543859649122807,0.027404384827742646,2.6115
200,,0.5,2,10,0.9506267559328286,0.035413441551960155,0.9508771929824562,0.03491183989847789,2.6494
200,,0.5,5,1,0.9541879925372377,0.02770380251371571,0.9543859649122807,0.027404384827742646,2.6524
200,,0.5,5,2,0.9540507796563176,0.032187802049616875,0.9543859649122807,0.03157894736842107,2.6584
200,,0.5,5,5,0.9541409362690942,0.027752574841232818,0.9543859649122807,0.027404384827742646,2.6587
200,,0.5,5,10,0.9506267559328286,0.035413441551960155,0.9508771929824562,0.03491183989847789,2.6837
200,,0.5,10,1,0.9504307865778155,0.036747464960445585,0.9508771929824562,0.0357825930778441,2.6805
200,,0.5,10,2,0.9469032574308587,0.03517226558685396,0.9473684210526315,0.03419927840283847,2.8236
200,,0.5,10,5,0.9541409362690942,0.027752574841232818,0.9543859649122807,0.027404384827742646,2.7105
200,,0.5,10,10,0.9506267559328286,0.035413441551960155,0.9508771929824562,0.03491183989847789,2.6987
200,,0.5,20,1,0.9469341726846594,0.036043800646639236,0.9473684210526315,0.03508771929824561,2.7117
200,,0.5,20,2,0.9434714344083652,0.034971245825347885,0.9438596491228071,0.034018806016956685,2.7498
200,,0.5,20,5,0.9488414451151265,0.03419769057960224,0.9491228070175438,0.03370065388122552,2.6701
200,,0.5,20,10,0.9506267559328286,0.035413441551960155,0.9508771929824562,0.03491183989847789,2.6389
200,,1.0,2,1,0.9540155409094083,0.03216649208823646,0.9543859649122807,0.03157894736842106,2.8584
200,,1.0,2,2,0.9449998004547491,0.041781881115335484,0.9456140350877191,0.04035087719298246,2.8338
200,,1.0,2,5,0.9471098126781134,0.03284893887236332,0.9473684210526315,0.03234927879751891,2.7819
200,,1.0,2,10,0.9454612369769062,0.0329666521065877,0.9456140350877194,0.03277463454784105,2.7079
200,,1.0,5,1,0.9470835713300125,0.030883062627893535,0.9473684210526315,0.03038685627313821,2.9266
200,,1.0,5,2,0.9470835713300125,0.030883062627893535,0.9473684210526315,0.03038685627313821,2.9265
200,,1.0,5,5,0.9471098126781134,0.03284893887236332,0.9473684210526315,0.03234927879751891,2.7659
200,,1.0,5,10,0.9454612369769062,0.0329666521065877,0.9456140350877194,0.03277463454784105,2.7846
200,,1.0,10,1,0.9469477277997335,0.03684176091638289,0.9473684210526315,0.03595421321389332,2.9106
200,,1.0,10,2,0.9452223572548718,0.03717464015227058,0.9456140350877194,0.03633739504773329,2.9314
200,,1.0,10,5,0.9471098126781134,0.03284893887236332,0.9473684210526315,0.03234927879751891,2.9789
200,,1.0,10,10,0.9454612369769062,0.0329666521065877,0.9456140350877194,0.03277463454784105,2.784
200,,1.0,20,1,0.9399153578586142,0.03206905664981783,0.9403508771929825,0.03157894736842107,3.016
200,,1.0,20,2,0.9400058680276608,0.03110771106730207,0.9403508771929824,0.030588764516074913,2.9477
200,,1.0,20,5,0.9417361189743858,0.031952260081869376,0.9421052631578947,0.03143240853889285,2.8969
200,,1.0,20,10,0.9454612369769062,0.0329666521065877,0.9456140350877194,0.03277463454784105,2.9802
200,5,sqrt,2,1,0.95036906832986,0.03223197385798646,0.9508771929824562,0.03118664707830032,2.6458
200,5,sqrt,2,2,0.9575711040302568,0.030230295259501,0.9578947368421054,0.02956543780061879,2.5343
200,5,sqrt,2,5,0.9537095608335335,0.039430222148128934,0.9543859649122807,0.03779063022550528,2.5132
200,5,sqrt,2,10,0.9448854253784805,0.03701739080626133,0.9456140350877191,0.03548026037922224,2.483
200,5,sqrt,5,1,0.9575711040302568,0.030230295259501,0.9578947368421054,0.02956543780061879,2.4851
200,5,sqrt,5,2,0.9557857932125546,0.02922390441849245,0.956140350877193,0.028559334379122284,2.5447
200,5,sqrt,5,5,0.9537095608335335,0.039430222148128934,0.9543859649122807,0.03779063022550528,2.5805
200,5,sqrt,5,10,0.9448854253784805,0.03701739080626133,0.9456140350877191,0.03548026037922224,2.5334
200,5,sqrt,10,1,0.9520920516775575,0.032517393110423905,0.9526315789473683,0.03143240853889285,2.5046
200,5,sqrt,10,2,0.9484669115644404,0.04330474892736839,0.9491228070175438,0.04184863312939145,2.4803
200,5,sqrt,10,5,0.9537095608335335,0.039430222148128934,0.9543859649122807,0.03779063022550528,2.4695
200,5,sqrt,10,10,0.9448854253784805,0.03701739080626133,0.9456140350877191,0.03548026037922224,2.5423
200,5,sqrt,20,1,0.9503993743616114,0.03676030262247522,0.9508771929824562,0.0357825930778441,2.638
200,5,sqrt,20,2,0.9485881258661525,0.03646549699421219,0.9491228070175438,0.03548026037922225,2.5462
200,5,sqrt,20,5,0.95036906832986,0.03223197385798646,0.9508771929824562,0.03118664707830032,2.6194
200,5,sqrt,20,10,0.9448854253784805,0.03701739080626133,0.9456140350877191,0.03548026037922224,2.5177
200,5,log2,2,1,0.9485578198344011,0.03189361969755136,0.9491228070175438,0.030839290932012195,2.5831
200,5,log2,2,2,0.9520661139998005,0.03348754386098288,0.9526315789473683,0.032396816337928756,2.6754
200,5,log2,2,5,0.9468411240027503,0.032337515706694436,0.9473684210526315,0.03138341021052337,2.7616
200,5,log2,2,10,0.9411647094348815,0.0422176151602127,0.9421052631578947,0.04004460424741519,2.6972
200,5,log2,5,1,0.9503431306521033,0.03320911768703926,0.9508771929824562,0.03215842592951467,2.6167
200,5,log2,5,2,0.9520661139998005,0.03348754386098288,0.9526315789473683,0.032396816337928756,2.5224
200,5,log2,5,5,0.9468411240027503,0.032337515706694436,0.9473684210526315,0.03138341021052337,2.4504
200,5,log2,5,10,0.9411647094348815,0.0422176151602127,0.9421052631578947,0.04004460424741519,2.466
200,5,log2,10,1,0.9485578198344011,0.03189361969755136,0.9491228070175438,0.030839290932012195,2.5323
200,5,log2,10,2,0.9466047073549728,0.036703403437527,0.9473684210526315,0.03508771929824561,2.5289
200,5,log2,10,5,0.9468411240027503,0.032337515706694436,0.9473684210526315,0.03138341021052337,2.4658
200,5,log2,10,10,0.9411647094348815,0.0422176151602127,0.9421052631578947,0.04004460424741519,2.4565
200,5,log2,20,1,0.9466047073549728,0.036703403437527,0.9473684210526315,0.03508771929824561,2.4907
200,5,log2,20,2,0.9466047073549728,0.036703403437527,0.9473684210526315,0.03508771929824561,2.4868
200,5,log2,20,5,0.9446006872430246,0.04191715630519681,0.9456140350877191,0.039580751483082384,2.5136
200,5,log2,20,10,0.9411647094348815,0.0422176151602127,0.9421052631578947,0.04004460424741519,2.5314
200,5,0.5,2,1,0.946881711186635,0.03692977901127629,0.9473684210526315,0.035954213213893325,2.5681
200,5,0.5,2,2,0.9503684591078109,0.03590914654418991,0.9508771929824562,0.03491183989847789,2.6462
200,5,0.5,2,5,0.9541471734594497,0.028832072323090294,0.9543859649122807,0.028505397911003365,2.5711
200,5,0.5,2,10,0.9488414451151265,0.03419769057960224,0.9491228070175438,0.03370065388122552,2.5574
200,5,0.5,5,1,0.9505054859027858,0.0317931816862372,0.9508771929824562,0.03118664707830032,2.581
200,5,0.5,5,2,0.9504542203431565,0.030802974469413207,0.9508771929824562,0.030183597428219754,2.7982
200,5,0.5,5,5,0.9541471734594497,0.028832072323090294,0.9543859649122807,0.028505397911003365,2.6528
200,5,0.5,5,10,0.9488414451151265,0.03419769057960224,0.9491228070175438,0.03370065388122552,2.6586
200,5,0.5,10,1,0.9469934100997375,0.030983750882875926,0.9473684210526315,0.03038685627313821,2.6622
200,5,0.5,10,2,0.94681938371663,0.03608956625611695,0.9473684210526315,0.03508771929824561,2.722
200,5,0.5,10,5,0.9541471734594497,0.028832072323090294,0.9543859649122807,0.028505397911003365,2.7526
200,5,0.5,10,10,0.9488414451151265,0.03419769057960224,0.9491228070175438,0.03370065388122552,2.8037
200,5,0.5,20,1,0.9415953950422434,0.036920855205747914,0.9421052631578947,0.035996990401198574,2.7184
200,5,0.5,20,2,0.9415953950422434,0.036920855205747914,0.9421052631578947,0.035996990401198574,2.7743
200,5,0.5,20,5,0.9488414451151265,0.03419769057960224,0.9491228070175438,0.03370065388122552,2.7308
200,5,0.5,20,10,0.9488414451151265,0.03419769057960224,0.9491228070175438,0.03370065388122552,2.7889
200,5,1.0,2,1,0.9487094662252209,0.033276682808250795,0.9491228070175438,0.03277463454784106,2.9816
200,5,1.0,2,2,0.9433209475291374,0.036703947985269415,0.9438596491228071,0.035782593077844094,3.0482
200,5,1.0,2,5,0.9471098126781134,0.03284893887236332,0.9473684210526315,0.03234927879751891,2.9247
200,5,1.0,2,10,0.9454612369769062,0.0329666521065877,0.9456140350877194,0.03277463454784105,3.0163
200,5,1.0,5,1,0.9470145411638085,0.030883749152590012,0.9473684210526315,0.03038685627313821,2.8711
200,5,1.0,5,2,0.9416543339924204,0.03598277883838752,0.9421052631578947,0.03513155156929962,2.7667
200,5,1.0,5,5,0.9471098126781134,0.03284893887236332,0.9473684210526315,0.03234927879751891,2.8409
200,5,1.0,5,10,0.9454612369769062,0.0329666521065877,0.9456140350877194,0.03277463454784105,2.6897
200,5,1.0,10,1,0.9468786976335292,0.03684208188008221,0.9473684210526315,0.03595421321389332,2.8188
200,5,1.0,10,2,0.9434155001929458,0.037477966189234053,0.9438596491228071,0.036632654417229994,2.8532
200,5,1.0,10,5,0.9471098126781134,0.03284893887236332,0.9473684210526315,0.03234927879751891,2.7978
200,5,1.0,10,10,0.9454612369769062,0.0329666521065877,0.9456140350877194,0.03277463454784105,2.7634
200,5,1.0,20,1,0.9399153578586142,0.03206905664981783,0.9403508771929825,0.03157894736842107,2.8825
200,5,1.0,20,2,0.9401004206914692,0.032027093827226315,0.9403508771929825,0.03157894736842107,2.8096
200,5,1.0,20,5,0.9417361189743858,0.031952260081869376,0.9421052631578947,0.03143240853889285,2.7364
200,5,1.0,20,10,0.9454612369769062,0.0329666521065877,0.9456140350877194,0.03277463454784105,2.7971
200,10,sqrt,2,1,0.9540763649799313,0.030104001515195718,0.9543859649122807,0.02956543780061879,2.5079
200,10,sqrt,2,2,0.9521543791475622,0.03343763412468846,0.9526315789473683,0.032396816337928756,2.4892
200,10,sqrt,2,5,0.9501389391981292,0.03743158032757633,0.9508771929824562,0.0357825930778441,2.5611
200,10,sqrt,2,10,0.9486497863533678,0.03278706349982877,0.9491228070175438,0.03182167920564396,2.4917
200,10,sqrt,5,1,0.9541710946196552,0.024120895034762866,0.9543859649122807,0.02379764906359744,2.5336
200,10,sqrt,5,2,0.9559322608201807,0.025447337041694596,0.956140350877193,0.025118984321537464,2.543
200,10,sqrt,5,5,0.9501389391981292,0.03743158032757633,0.9508771929824562,0.0357825930778441,2.5093
200,10,sqrt,5,10,0.9486497863533678,0.03278706349982877,0.9491228070175438,0.03182167920564396,2.4915
200,10,sqrt,10,1,0.9503431306521033,0.03320911768703926,0.9508771929824562,0.03215842592951467,2.6314
200,10,sqrt,10,2,0.9467371383821408,0.0414785523025585,0.9473684210526315,0.04000615526663643,2.5556
200,10,sqrt,10,5,0.9501389391981292,0.03743158032757633,0.9508771929824562,0.0357825930778441,2.553
200,10,sqrt,10,10,0.9486497863533678,0.03278706349982877,0.9491228070175438,0.03182167920564396,2.5496
200,10,sqrt,20,1,0.9505734007447189,0.03174287084474889,0.9508771929824562,0.03118664707830032,2.6164
200,10,sqrt,20,2,0.9486763910139142,0.03642809661954955,0.9491228070175438,0.03548026037922225,2.5926
200,10,sqrt,20,5,0.9521543791475622,0.03343763412468846,0.9526315789473683,0.032396816337928756,2.8031
200,10,sqrt,20,10,0.9486497863533678,0.03278706349982877,0.9491228070175438,0.03182167920564396,2.6257
200,10,log2,2,1,0.952191952778341,0.0378060864737467,0.9526315789473683,0.036842105263157884,2.6282
200,10,log2,2,2,0.9519865774858364,0.039266214299520465,0.9526315789473683,0.03766826412909453,2.596
200,10,log2,2,5,0.9502808031820983,0.032278866078603086,0.9508771929824562,0.03118664707830032,2.6054
200,10,log2,2,10,0.941426511217575,0.03659437993019838,0.9421052631578947,0.03513155156929961,2.5854
200,10,log2,5,1,0.9540628098648571,0.029125322038670354,0.9543859649122807,0.028505397911003365,2.5343
200,10,log2,5,2,0.9522515613693983,0.028982197813177096,0.9526315789473683,0.02834297266912896,2.5124
200,10,log2,5,5,0.9502808031820983,0.032278866078603086,0.9508771929824562,0.03118664707830032,2.4652
200,10,log2,5,10,0.941426511217575,0.03659437993019838,0.9421052631578947,0.03513155156929961,2.5427
200,10,log2,10,1,0.948390018172675,0.03794411903988392,0.9491228070175438,0.03633739504773329,2.5643
200,10,log2,10,2,0.9501130015203725,0.03827605813767894,0.9508771929824562,0.036632654417229994,2.4463
200,10,log2,10,5,0.9502808031820983,0.032278866078603086,0.9508771929824562,0.03118664707830032,2.4751
200,10,log2,10,10,0.941426511217575,0.03659437993019838,0.9421052631578947,0.03513155156929961,2.5428
200,10,log2,20,1,0.9503431306521033,0.03320911768703926,0.9508771929824562,0.03215842592951467,2.4962
200,10,log2,20,2,0.9485578198344011,0.03189361969755136,0.9491228070175438,0.030839290932012195,2.429
200,10,log2,20,5,0.9411647094348815,0.0422176151602127,0.9421052631578947,0.04004460424741519,2.4621
200,10,log2,20,10,0.941426511217575,0.03659437993019838,0.9421052631578947,0.03513155156929961,2.5145
200,10,0.5,2,1,0.9560163958433872,0.02399511164050718,0.956140350877193,0.02386222896269377,2.667
200,10,0.5,2,2,0.9540507796563176,0.032187802049616875,0.9543859649122807,0.03157894736842107,2.6845
200,10,0.5,2,5,0.9541409362690942,0.027752574841232818,0.9543859649122807,0.027404384827742646,2.648
200,10,0.5,2,10,0.9506267559328286,0.035413441551960155,0.9508771929824562,0.03491183989847789,2.6194
200,10,0.5,5,1,0.9541879925372377,0.02770380251371571,0.9543859649122807,0.027404384827742646,2.7064
200,10,0.5,5,2,0.9540507796563176,0.032187802049616875,0.9543859649122807,0.03157894736842107,2.7283
200,10,0.5,5,5,0.9541409362690942,0.027752574841232818,0.9543859649122807,0.027404384827742646,2.6738
200,10,0.5,5,10,0.9506267559328286,0.035413441551960155,0.9508771929824562,0.03491183989847789,2.7612
200,10,0.5,10,1,0.9504307865778155,0.036747464960445585,0.9508771929824562,0.0357825930778441,2.7077
200,10,0.5,10,2,0.9469032574308587,0.03517226558685396,0.9473684210526315,0.03419927840283847,2.6938
200,10,0.5,10,5,0.9541409362690942,0.027752574841232818,0.9543859649122807,0.027404384827742646,2.6439
200,10,0.5,10,10,0.9506267559328286,0.035413441551960155,0.9508771929824562,0.03491183989847789,2.7631
200,10,0.5,20,1,0.9469341726846594,0.036043800646639236,0.9473684210526315,0.03508771929824561,2.7822
200,10,0.5,20,2,0.9434714344083652,0.034971245825347885,0.9438596491228071,0.034018806016956685,2.922
200,10,0.5,20,5,0.9488414451151265,0.03419769057960224,0.9491228070175438,0.03370065388122552,2.8201
200,10,0.5,20,10,0.9506267559328286,0.035413441551960155,0.9508771929824562,0.03491183989847789,2.8213
200,10,1.0,2,1,0.9540155409094083,0.03216649208823646,0.9543859649122807,0.03157894736842106,3.0085
200,10,1.0,2,2,0.9449998004547491,0.041781881115335484,0.9456140350877191,0.04035087719298246,2.9925
200,10,1.0,2,5,0.9471098126781134,0.03284893887236332,0.9473684210526315,0.03234927879751891,3.0075
200,10,1.0,2,10,0.9454612369769062,0.0329666521065877,0.9456140350877194,0.03277463454784105,2.7898
200,10,1.0,5,1,0.9470835713300125,0.030883062627893535,0.9473684210526315,0.03038685627313821,2.8805
200,10,1.0,5,2,0.9470835713300125,0.030883062627893535,0.9473684210526315,0.03038685627313821,2.8654
200,10,1.0,5,5,0.9471098126781134,0.03284893887236332,0.9473684210526315,0.03234927879751891,2.749
200,10,1.0,5,10,0.9454612369769062,0.0329666521065877,0.9456140350877194,0.03277463454784105,2.7329
200,10,1.0,10,1,0.9469477277997335,0.03684176091638289,0.9473684210526315,0.03595421321389332,2.9846
200,10,1.0,10,2,0.9452223572548718,0.03717464015227058,0.9456140350877194,0.03633739504773329,2.8504
200,10,1.0,10,5,0.9471098126781134,0.03284893887236332,0.9473684210526315,0.03234927879751891,2.7804
200,10,1.0,10,10,0.9454612369769062,0.0329666521065877,0.9456140350877194,0.03277463454784105,2.732
200,10,1.0,20,1,0.9399153578586142,0.03206905664981783,0.9403508771929825,0.03157894736842107,2.8446
200,10,1.0,20,2,0.9400058680276608,0.03110771106730207,0.9403508771929824,0.030588764516074913,2.877
200,10,1.0,20,5,0.9417361189743858,0.031952260081869376,0.9421052631578947,0.03143240853889285,2.9314
200,10,1.0,20,10,0.9454612369769062,0.0329666521065877,0.9456140350877194,0.03277463454784105,2.715
200,20,sqrt,2,1,0.9540763649799313,0.030104001515195718,0.9543859649122807,0.02956543780061879,2.4865
200,20,sqrt,2,2,0.9521543791475622,0.03343763412468846,0.9526315789473683,0.032396816337928756,2.5316
200,20,sqrt,2,5,0.9501389391981292,0.03743158032757633,0.9508771929824562,0.0357825930778441,2.5795
200,20,sqrt,2,10,0.9486497863533678,0.03278706349982877,0.9491228070175438,0.03182167920564396,2.6395
200,20,sqrt,5,1,0.9559322608201807,0.025447337041694596,0.956140350877193,0.025118984321537464,2.6445
200,20,sqrt,5,2,0.9559322608201807,0.025447337041694596,0.956140350877193,0.025118984321537464,2.5243
200,20,sqrt,5,5,0.9501389391981292,0.03743158032757633,0.9508771929824562,0.0357825930778441,2.5243
200,20,sqrt,5,10,0.9486497863533678,0.03278706349982877,0.9491228070175438,0.03182167920564396,2.5342
200,20,sqrt,10,1,0.9503431306521033,0.03320911768703926,0.9508771929824562,0.03215842592951467,2.5844
200,20,sqrt,10,2,0.9467371383821408,0.0414785523025585,0.9473684210526315,0.04000615526663643,2.5253
200,20,sqrt,10,5,0.9501389391981292,0.03743158032757633,0.9508771929824562,0.0357825930778441,2.7382
200,20,sqrt,10,10,0.9486497863533678,0.03278706349982877,0.9491228070175438,0.03182167920564396,2.6061
200,20,sqrt,20,1,0.9505734007447189,0.03174287084474889,0.9508771929824562,0.03118664707830032,2.7216
200,20,sqrt,20,2,0.9486763910139142,0.03642809661954955,0.9491228070175438,0.03548026037922225,2.6436
200,20,sqrt,20,5,0.9521543791475622,0.03343763412468846,0.9526315789473683,0.032396816337928756,2.6798
200,20,sqrt,20,10,0.9486497863533678,0.03278706349982877,0.9491228070175438,0.03182167920564396,2.5757
200,20,log2,2,1,0.952191952778341,0.0378060864737467,0.9526315789473683,0.036842105263157884,2.803
200,20,log2,2,2,0.9519865774858364,0.039266214299520465,0.9526315789473683,0.03766826412909453,2.6363
200,20,log2,2,5,0.9502808031820983,0.032278866078603086,0.9508771929824562,0.03118664707830032,2.4773
200,20,log2,2,10,0.941426511217575,0.03659437993019838,0.9421052631578947,0.03513155156929961,2.4771
200,20,log2,5,1,0.9540628098648571,0.029125322038670354,0.9543859649122807,0.028505397911003365,2.5231
200,20,log2,5,2,0.9539745447170954,0.02918837949731859,0.9543859649122807,0.028505397911003365,2.4811
200,20,log2,5,5,0.9502808031820983,0.032278866078603086,0.9508771929824562,0.03118664707830032,2.5501
200,20,log2,5,10,0.941426511217575,0.03659437993019838,0.9421052631578947,0.03513155156929961,2.4505
200,20,log2,10,1,0.948390018172675,0.03794411903988392,0.9491228070175438,0.03633739504773329,2.4634
200,20,log2,10,2,0.9501130015203725,0.03827605813767894,0.9508771929824562,0.036632654417229994,2.4704
200,20,log2,10,5,0.9502808031820983,0.032278866078603086,0.9508771929824562,0.03118664707830032,2.5607
200,20,log2,10,10,0.941426511217575,0.03659437993019838,0.9421052631578947,0.03513155156929961,2.4686
200,20,log2,20,1,0.9503431306521033,0.03320911768703926,0.9508771929824562,0.03215842592951467,2.4957
200,20,log2,20,2,0.9485578198344011,0.03189361969755136,0.9491228070175438,0.030839290932012195,2.5289
200,20,log2,20,5,0.9411647094348815,0.0422176151602127,0.9421052631578947,0.04004460424741519,2.4563
200,20,log2,20,10,0.941426511217575,0.03659437993019838,0.9421052631578947,0.03513155156929961,2.4469
200,20,0.5,2,1,0.9560163958433872,0.02399511164050718,0.956140350877193,0.02386222896269377,2.5791
200,20,0.5,2,2,0.9540507796563176,0.032187802049616875,0.9543859649122807,0.03157894736842107,2.5846
200,20,0.5,2,5,0.9541409362690942,0.027752574841232818,0.9543859649122807,0.027404384827742646,2.6374
200,20,0.5,2,10,0.9506267559328286,0.035413441551960155,0.9508771929824562,0.03491183989847789,2.6448
200,20,0.5,5,1,0.9541879925372377,0.02770380251371571,0.9543859649122807,0.027404384827742646,2.616
200,20,0.5,5,2,0.9540507796563176,0.032187802049616875,0.9543859649122807,0.03157894736842107,2.5939
200,20,0.5,5,5,0.9541409362690942,0.027752574841232818,0.9543859649122807,0.027404384827742646,2.5885
200,20,0.5,5,10,0.9506267559328286,0.035413441551960155,0.9508771929824562,0.03491183989847789,2.521
200,20,0.5,10,1,0.9504307865778155,0.036747464960445585,0.9508771929824562,0.0357825930778441,2.629
200,20,0.5,10,2,0.9469032574308587,0.03517226558685396,0.9473684210526315,0.03419927840283847,2.7052
200,20,0.5,10,5,0.9541409362690942,0.027752574841232818,0.9543859649122807,0.027404384827742646,2.565
200,20,0.5,10,10,0.9506267559328286,0.035413441551960155,0.9508771929824562,0.03491183989847789,2.6035
200,20,0.5,20,1,0.9469341726846594,0.036043800646639236,0.9473684210526315,0.03508771929824561,2.6322
200,20,0.5,20,2,0.9434714344083652,0.034971245825347885,0.9438596491228071,0.034018806016956685,2.6213
200,20,0.5,20,5,0.9488414451151265,0.03419769057960224,0.9491228070175438,0.03370065388122552,2.5693
200,20,0.5,20,10,0.9506267559328286,0.035413441551960155,0.9508771929824562,0.03491183989847789,2.7583
200,20,1.0,2,1,0.9540155409094083,0.03216649208823646,0.9543859649122807,0.03157894736842106,2.9475
200,20,1.0,2,2,0.9449998004547491,0.041781881115335484,0.9456140350877191,0.04035087719298246,3.0033
200,20,1.0,2,5,0.9471098126781134,0.03284893887236332,0.9473684210526315,0.03234927879751891,2.888
200,20,1.0,2,10,0.9454612369769062,0.0329666521065877,0.9456140350877194,0.03277463454784105,2.8464
200,20,1.0,5,1,0.9470835713300125,0.030883062627893535,0.9473684210526315,0.03038685627313821,2.9573
200,20,1.0,5,2,0.9470835713300125,0.030883062627893535,0.9473684210526315,0.03038685627313821,2.9723
200,20,1.0,5,5,0.9471098126781134,0.03284893887236332,0.9473684210526315,0.03234927879751891,2.9271
200,20,1.0,5,10,0.9454612369769062,0.0329666521065877,0.9456140350877194,0.03277463454784105,2.8224
200,20,1.0,10,1,0.9469477277997335,0.03684176091638289,0.9473684210526315,0.03595421321389332,2.8653
200,20,1.0,10,2,0.9452223572548718,0.03717464015227058,0.9456140350877194,0.03633739504773329,2.883
200,20,1.0,10,5,0.9471098126781134,0.03284893887236332,0.9473684210526315,0.03234927879751891,2.9864
200,20,1.0,10,10,0.9454612369769062,0.0329666521065877,0.9456140350877194,0.03277463454784105,2.8321
200,20,1.0,20,1,0.9399153578586142,0.03206905664981783,0.9403508771929825,0.03157894736842107,3.014
200,20,1.0,20,2,0.9400058680276608,0.03110771106730207,0.9403508771929824,0.030588764516074913,3.1103
200,20,1.0,20,5,0.9417361189743858,0.031952260081869376,0.9421052631578947,0.03143240853889285,3.1718
200,20,1.0,20,10,0.9454612369769062,0.0329666521065877,0.9456140350877194,0.03277463454784105,3.1108
500,,sqrt,2,1,0.954088962509146,0.033114433270869346,0.9543859649122807,0.032539012264897214,6.4906
500,,sqrt,2,2,0.9540628098648571,0.029125322038670354,0.9543859649122807,0.028505397911003365,6.2764
500,,sqrt,2,5,0.95036906832986,0.03223197385798646,0.9508771929824562,0.03118664707830032,6.7679
500,,sqrt,2,10,0.947004750245949,0.02774815994204661,0.9473684210526315,0.027178830499701163,6.2998
500,,sqrt,5,1,0.9540628098648571,0.029125322038670354,0.9543859649122807,0.028505397911003365,6.3315
500,,sqrt,5,2,0.9540628098648571,0.029125322038670354,0.9543859649122807,0.028505397911003365,5.8834
500,,sqrt,5,5,0.95036906832986,0.03223197385798646,0.9508771929824562,0.03118664707830032,5.7766
500,,sqrt,5,10,0.947004750245949,0.02774815994204661,0.9473684210526315,0.027178830499701163,5.9268
500,,sqrt,10,1,0.9522515613693983,0.028982197813177096,0.9526315789473683,0.02834297266912896,5.7795
500,,sqrt,10,2,0.9540004823948525,0.02806826959422593,0.9543859649122807,0.027404384827742642,5.7744
500,,sqrt,10,5,0.95036906832986,0.03223197385798646,0.9508771929824562,0.03118664707830032,5.8799
500,,sqrt,10,10,0.947004750245949,0.02774815994204661,0.9473684210526315,0.027178830499701163,5.8829
500,,sqrt,20,1,0.94876215224926,0.03141103120966416,0.9491228070175438,0.030839290932012195,5.7781
500,,sqrt,20,2,0.94876215224926,0.03141103120966416,0.9491228070175438,0.030839290932012195,5.8647
500,,sqrt,20,5,0.9485578198344011,0.03189361969755136,0.9491228070175438,0.030839290932012195,5.9466
500,,sqrt,20,10,0.947004750245949,0.02774815994204661,0.9473684210526315,0.027178830499701163,6.0338
500,,log2,2,1,0.9557930608115821,0.029204409709925702,0.956140350877193,0.028559334379122284,5.8213
500,,log2,2,2,0.9558481206825593,0.030236909026724483,0.956140350877193,0.02961744388795461,6.0284
500,,log2,2,5,0.9504662505516961,0.027588757745708365,0.9508771929824562,0.026951388589012654,6.2407
500,,log2,2,10,0.947004750245949,0.02774815994204661,0.9473684210526315,0.027178830499701163,6.2577
500,,log2,5,1,0.952358711562421,0.03295535605633337,0.9526315789473683,0.032396816337928756,6.3138
500,,log2,5,2,0.9540628098648571,0.029125322038670354,0.9543859649122807,0.028505397911003365,6.329
500,,log2,5,5,0.9504662505516961,0.027588757745708365,0.9508771929824562,0.026951388589012654,6.5482
500,,log2,5,10,0.947004750245949,0.02774815994204661,0.9473684210526315,0.027178830499701163,6.7369
500,,log2,10,1,0.9503431306521033,0.03320911768703926,0.9508771929824562,0.03215842592951467,6.6101
500,,log2,10,2,0.9540628098648571,0.029125322038670354,0.9543859649122807,0.028505397911003365,7.372
500,,log2,10,5,0.9504662505516961,0.027588757745708365,0.9508771929824562,0.026951388589012654,7.3115
500,,log2,10,10,0.947004750245949,0.02774815994204661,0.9473684210526315,0.027178830499701163,6.9355
500,,log2,20,1,0.9522515613693983,0.028982197813177096,0.9526315789473683,0.02834297266912896,6.8685
500,,log2,20,2,0.9485578198344011,0.03189361969755136,0.9491228070175438,0.030839290932012195,6.3883
500,,log2,20,5,0.9468385378579087,0.03235840351107475,0.9473684210526315,0.03138341021052337,6.255
500,,log2,20,10,0.947004750245949,0.02774815994204661,0.9473684210526315,0.027178830499701163,6.1641
500,,0.5,2,1,0.9540507796563176,0.032187802049616875,0.9543859649122807,0.03157894736842107,6.877
500,,0.5,2,2,0.9522844167098862,0.032045346826176796,0.9526315789473683,0.03143240853889285,6.8528
500,,0.5,2,5,0.9558025389952594,0.034130146900062185,0.956140350877193,0.033517496797443515,6.9807
500,,0.5,2,10,0.9506318769747211,0.03626125358948656,0.950877192982456,0.03578259307784411,7.1181
500,,0.5,5,1,0.9540507796563176,0.032187802049616875,0.9543859649122807,0.03157894736842107,6.8176
500,,0.5,5,2,0.955811945856843,0.03319981589278124,0.956140350877193,0.032586273019310025,7.1384
500,,0.5,5,5,0.9558025389952594,0.034130146900062185,0.956140350877193,0.033517496797443515,6.7199
500,,0.5,5,10,0.9506318769747211,0.03626125358948656,0.950877192982456,0.03578259307784411,6.6689
500,,0.5,10,1,0.9504497344490863,0.03759919239131434,0.9508771929824562,0.036632654417229994,7.0281
500,,0.5,10,2,0.9503874069790814,0.03678032429081828,0.9508771929824562,0.0357825930778441,7.1846
500,,0.5,10,5,0.9558025389952594,0.034130146900062185,0.956140350877193,0.033517496797443515,7.3444
500,,0.5,10,10,0.9506318769747211,0.03626125358948656,0.950877192982456,0.03578259307784411,7.5205
500,,0.5,20,1,0.9486644236313841,0.036447735048469154,0.9491228070175438,0.03548026037922225,7.7053
500,,0.5,20,2,0.9452079225454456,0.03640669125026523,0.9456140350877194,0.03548026037922224,7.2809
500,,0.5,20,5,0.95056769525434,0.03362507547288559,0.9508771929824562,0.03310168818265475,7.183
500,,0.5,20,10,0.9506318769747211,0.03626125358948656,0.950877192982456,0.03578259307784411,7.2915
500,,1.0,2,1,0.9541100935732167,0.03301634384140202,0.9543859649122807,0.03253901226489721,8.2673
500,,1.0,2,2,0.9489018887762871,0.03322865416259815,0.9491228070175438,0.03277463454784107,8.2108
500,,1.0,2,5,0.9453931168464628,0.033205318158544064,0.9456140350877194,0.03277463454784106,8.2638
500,,1.0,2,10,0.9472558479721307,0.0305569091239424,0.9473684210526315,0.030386856273138196,8.0148
500,,1.0,5,1,0.9506111004769696,0.03264627615388383,0.9508771929824562,0.03215842592951468,8.738
500,,1.0,5,2,0.9489018887762871,0.03322865416259815,0.9491228070175438,0.03277463454784107,8.0096
500,,1.0,5,5,0.9453931168464628,0.033205318158544064,0.9456140350877194,0.03277463454784106,7.547
500,,1.0,5,10,0.9472558479721307,0.0305569091239424,0.9473684210526315,0.030386856273138196,7.3987
500,,1.0,10,1,0.950627259321149,0.0326620241842844,0.9508771929824562,0.03215842592951468,7.6268
500,,1.0,10,2,0.9489018887762871,0.03322865416259815,0.9491228070175438,0.03277463454784107,7.5674
500,,1.0,10,5,0.9453931168464628,0.033205318158544064,0.9456140350877194,0.03277463454784106,7.5528
500,,1.0,10,10,0.9472558479721307,0.0305569091239424,0.9473684210526315,0.030386856273138196,7.2175
500,,1.0,20,1,0.9435818683510035,0.03260169663322277,0.9438596491228071,0.03215842592951467,7.6081
500,,1.0,20,2,0.9436628658997378,0.03258820285898142,0.9438596491228071,0.03215842592951467,7.6913
500,,1.0,20,5,0.9471098126781134,0.03284893887236332,0.9473684210526315,0.03234927879751891,7.5812
500,,1.0,20,10,0.9472558479721307,0.0305569091239424,0.9473684210526315,0.030386856273138196,7.587
500,5,sqrt,2,1,0.9504662505516961,0.027588757745708365,0.9508771929824562,0.026951388589012654,6.4527
500,5,sqrt,2,2,0.9540816949101183,0.03313125358933024,0.9543859649122807,0.032539012264897214,7.3749
500,5,sqrt,2,5,0.9520920516775575,0.032517393110423905,0.9526315789473683,0.03143240853889285,7.1316
500,5,sqrt,2,10,0.9468193028763512,0.032395403520951625,0.9473684210526315,0.03138341021052337,7.5274
500,5,sqrt,5,1,0.9521892338993933,0.027915683462302582,0.9526315789473683,0.027235394203964952,10.479
500,5,sqrt,5,2,0.9539745447170954,0.02918837949731859,0.9543859649122807,0.028505397911003365,12.3736
500,5,sqrt,5,5,0.9520920516775575,0.032517393110423905,0.9526315789473683,0.03143240853889285,12.4607
500,5,sqrt,5,10,0.9468193028763512,0.032395403520951625,0.9473684210526315,0.03138341021052337,12.0166
500,5,sqrt,10,1,0.9504662505516961,0.027588757745708365,0.9508771929824562,0.026951388589012654,13.55
500,5,sqrt,10,2,0.9521892338993933,0.027915683462302582,0.9526315789473683,0.027235394203964952,13.3337
500,5,sqrt,10,5,0.9520920516775575,0.032517393110423905,0.9526315789473683,0.03143240853889285,13.6846
500,5,sqrt,10,10,0.9468193028763512,0.032395403520951625,0.9473684210526315,0.03138341021052337,13.6735
500,5,sqrt,20,1,0.94876215224926,0.03141103120966416,0.9491228070175438,0.030839290932012195,13.5211
500,5,sqrt,20,2,0.94876215224926,0.03141103120966416,0.9491228070175438,0.030839290932012195,13.5319
500,5,sqrt,20,5,0.9466047073549728,0.036703403437527,0.9473684210526315,0.03508771929824561,11.5232
500,5,sqrt,20,10,0.9468193028763512,0.032395403520951625,0.9473684210526315,0.03138341021052337,11.262
500,5,log2,2,1,0.9485578198344011,0.03189361969755136,0.9491228070175438,0.030839290932012195,11.794
500,5,log2,2,2,0.9485578198344011,0.03189361969755136,0.9491228070175438,0.030839290932012195,12.1432
500,5,log2,2,5,0.9504662505516961,0.027588757745708365,0.9508771929824562,0.026951388589012654,12.1951
500,5,log2,2,10,0.947004750245949,0.02774815994204661,0.9473684210526315,0.027178830499701163,11.911
500,5,log2,5,1,0.9485578198344011,0.03189361969755136,0.9491228070175438,0.030839290932012195,10.9124
500,5,log2,5,2,0.9485578198344011,0.03189361969755136,0.9491228070175438,0.030839290932012195,10.9268
500,5,log2,5,5,0.9504662505516961,0.027588757745708365,0.9508771929824562,0.026951388589012654,10.7467
500,5,log2,5,10,0.947004750245949,0.02774815994204661,0.9473684210526315,0.027178830499701163,11.02
500,5,log2,10,1,0.9485578198344011,0.03189361969755136,0.9491228070175438,0.030839290932012195,10.9285
500,5,log2,10,2,0.9485578198344011,0.03189361969755136,0.9491228070175438,0.030839290932012195,10.6654
500,5,log2,10,5,0.9504662505516961,0.027588757745708365,0.9508771929824562,0.026951388589012654,11.0273
500,5,log2,10,10,0.947004750245949,0.02774815994204661,0.9473684210526315,0.027178830499701163,11.9769
500,5,log2,20,1,0.9504662505516961,0.027588757745708365,0.9508771929824562,0.026951388589012654,11.9513
500,5,log2,20,2,0.9466047073549728,0.036703403437527,0.9473684210526315,0.03508771929824561,11.8831
500,5,log2,20,5,0.9485578198344011,0.03189361969755136,0.9491228070175438,0.030839290932012195,13.5065
500,5,log2,20,10,0.947004750245949,0.02774815994204661,0.9473684210526315,0.027178830499701163,14.204
500,5,0.5,2,1,0.9505424854909184,0.03075333422967598,0.9508771929824562,0.030183597428219754,15.2824
500,5,0.5,2,2,0.9521296253083363,0.036994733909577145,0.9526315789473683,0.035996990401198574,14.0723
500,5,0.5,2,5,0.9558025389952594,0.034130146900062185,0.956140350877193,0.033517496797443515,12.246
500,5,0.5,2,10,0.9506318769747211,0.03626125358948656,0.950877192982456,0.03578259307784411,11.7597
500,5,0.5,5,1,0.9523085613270629,0.0320457588351317,0.9526315789473683,0.03143240853889285,11.8667
500,5,0.5,5,2,0.9503874069790814,0.03678032429081828,0.9508771929824562,0.0357825930778441,12.0035
500,5,0.5,5,5,0.9558025389952594,0.034130146900062185,0.956140350877193,0.033517496797443515,12.1002
500,5,0.5,5,10,0.9506318769747211,0.03626125358948656,0.950877192982456,0.03578259307784411,11.8534
500,5,0.5,10,1,0.9469032574308587,0.03517226558685396,0.9473684210526315,0.03419927840283847,12.166
500,5,0.5,10,2,0.9503874069790814,0.03678032429081828,0.9508771929824562,0.0357825930778441,12.0047
500,5,0.5,10,5,0.9558025389952594,0.034130146900062185,0.956140350877193,0.033517496797443515,12.4765
500,5,0.5,10,10,0.9506318769747211,0.03626125358948656,0.950877192982456,0.03578259307784411,12.5541
500,5,0.5,20,1,0.946853175135925,0.0360633492413379,0.9473684210526315,0.03508771929824561,12.8908
500,5,0.5,20,2,0.9469381734921705,0.036887703707010444,0.9473684210526315,0.035954213213893325,12.662
500,5,0.5,20,5,0.9505607270916187,0.03365607843924894,0.9508771929824562,0.03310168818265475,14.929
500,5,0.5,20,10,0.9506318769747211,0.03626125358948656,0.950877192982456,0.03578259307784411,16.1296
500,5,1.0,2,1,0.952327571782606,0.032865866003712094,0.9526315789473683,0.032396816337928756,19.3013
500,5,1.0,2,2,0.9488643743420226,0.03413451559068819,0.9491228070175438,0.03370065388122552,17.4068
500,5,1.0,2,5,0.9471098126781134,0.03284893887236332,0.9473684210526315,0.03234927879751891,17.0755
500,5,1.0,2,10,0.9472558479721307,0.0305569091239424,0.9473684210526315,0.030386856273138196,15.4966
500,5,1.0,5,1,0.9488213982257342,0.030301088714777453,0.9491228070175438,0.029824561403508785,16.6669
500,5,1.0,5,2,0.9471193669856763,0.03279728903273628,0.9473684210526315,0.03234927879751891,15.7858
500,5,1.0,5,5,0.9471098126781134,0.03284893887236332,0.9473684210526315,0.03234927879751891,15.3378
500,5,1.0,5,10,0.9472558479721307,0.0305569091239424,0.9473684210526315,0.030386856273138196,16.0671
500,5,1.0,10,1,0.948844737530538,0.03231837798281745,0.9491228070175438,0.03182167920564396,16.3502
500,5,1.0,10,2,0.9471193669856763,0.03279728903273628,0.9473684210526315,0.03234927879751891,16.0404
500,5,1.0,10,5,0.9471098126781134,0.03284893887236332,0.9473684210526315,0.03234927879751891,16.1476
500,5,1.0,10,10,0.9472558479721307,0.0305569091239424,0.9473684210526315,0.030386856273138196,15.4946
500,5,1.0,20,1,0.9417805893432604,0.03378806852061125,0.9421052631578947,0.03333333333333334,15.7454
500,5,1.0,20,2,0.9418516174042789,0.031874764408300074,0.9421052631578947,0.031432408538892835,15.651
500,5,1.0,20,5,0.9471098126781134,0.03284893887236332,0.9473684210526315,0.03234927879751891,20.8117
500,5,1.0,20,10,0.9472558479721307,0.0305569091239424,0.9473684210526315,0.030386856273138196,20.8419
500,10,sqrt,2,1,0.954088962509146,0.033114433270869346,0.9543859649122807,0.032539012264897214,14.811
500,10,sqrt,2,2,0.9540628098648571,0.029125322038670354,0.9543859649122807,0.028505397911003365,13.4716
500,10,sqrt,2,5,0.95036906832986,0.03223197385798646,0.9508771929824562,0.03118664707830032,13.7988
500,10,sqrt,2,10,0.947004750245949,0.02774815994204661,0.9473684210526315,0.027178830499701163,15.0722
500,10,sqrt,5,1,0.9540628098648571,0.029125322038670354,0.9543859649122807,0.028505397911003365,13.8914
500,10,sqrt,5,2,0.9540628098648571,0.029125322038670354,0.9543859649122807,0.028505397911003365,15.1152
500,10,sqrt,5,5,0.95036906832986,0.03223197385798646,0.9508771929824562,0.03118664707830032,14.8673
500,10,sqrt,5,10,0.947004750245949,0.02774815994204661,0.9473684210526315,0.027178830499701163,14.3869
500,10,sqrt,10,1,0.9522515613693983,0.028982197813177096,0.9526315789473683,0.02834297266912896,13.7703
500,10,sqrt,10,2,0.9540004823948525,0.02806826959422593,0.9543859649122807,0.027404384827742642,15.0379
500,10,sqrt,10,5,0.95036906832986,0.03223197385798646,0.9508771929824562,0.03118664707830032,14.3587
500,10,sqrt,10,10,0.947004750245949,0.02774815994204661,0.9473684210526315,0.027178830499701163,16.0816
500,10,sqrt,20,1,0.94876215224926,0.03141103120966416,0.9491228070175438,0.030839290932012195,14.401
500,10,sqrt,20,2,0.94876215224926,0.03141103120966416,0.9491228070175438,0.030839290932012195,15.2246
500,10,sqrt,20,5,0.9485578198344011,0.03189361969755136,0.9491228070175438,0.030839290932012195,12.4798
500,10,sqrt,20,10,0.947004750245949,0.02774815994204661,0.9473684210526315,0.027178830499701163,13.1247
500,10,log2,2,1,0.9540077499938799,0.028048434268324013,0.9543859649122807,0.027404384827742642,13.5003
500,10,log2,2,2,0.9558481206825593,0.030236909026724483,0.956140350877193,0.02961744388795461,13.2769
500,10,log2,2,5,0.9504662505516961,0.027588757745708365,0.9508771929824562,0.026951388589012654,10.4745
500,10,log2,2,10,0.947004750245949,0.02774815994204661,0.9473684210526315,0.027178830499701163,10.3029
500,10,log2,5,1,0.952358711562421,0.03295535605633337,0.9526315789473683,0.032396816337928756,10.6648
500,10,log2,5,2,0.9540628098648571,0.029125322038670354,0.9543859649122807,0.028505397911003365,10.3209
500,10,log2,5,5,0.9504662505516961,0.027588757745708365,0.9508771929824562,0.026951388589012654,10.2683
500,10,log2,5,10,0.947004750245949,0.02774815994204661,0.9473684210526315,0.027178830499701163,10.1742
500,10,log2,10,1,0.9503431306521033,0.03320911768703926,0.9508771929824562,0.03215842592951467,10.1644
500,10,log2,10,2,0.9540628098648571,0.029125322038670354,0.9543859649122807,0.028505397911003365,10.2658
500,10,log2,10,5,0.9504662505516961,0.027588757745708365,0.9508771929824562,0.026951388589012654,10.3047
500,10,log2,10,10,0.947004750245949,0.02774815994204661,0.9473684210526315,0.027178830499701163,10.2424
500,10,log2,20,1,0.9522515613693983,0.028982197813177096,0.9526315789473683,0.02834297266912896,10.3141
500,10,log2,20,2,0.9485578198344011,0.03189361969755136,0.9491228070175438,0.030839290932012195,10.126
500,10,log2,20,5,0.9468385378579087,0.03235840351107475,0.9473684210526315,0.03138341021052337,10.2275
500,10,log2,20,10,0.947004750245949,0.02774815994204661,0.9473684210526315,0.027178830499701163,10.7862
500,10,0.5,2,1,0.9540507796563176,0.032187802049616875,0.9543859649122807,0.03157894736842107,12.3134
500,10,0.5,2,2,0.9522844167098862,0.032045346826176796,0.9526315789473683,0.03143240853889285,12.4274
500,10,0.5,2,5,0.9558025389952594,0.034130146900062185,0.956140350877193,0.033517496797443515,11.9172
500,10,0.5,2,10,0.9506318769747211,0.03626125358948656,0.950877192982456,0.03578259307784411,11.6427
500,10,0.5,5,1,0.9540507796563176,0.032187802049616875,0.9543859649122807,0.03157894736842107,12.6094
500,10,0.5,5,2,0.955811945856843,0.03319981589278124,0.956140350877193,0.032586273019310025,12.173
500,10,0.5,5,5,0.9558025389952594,0.034130146900062185,0.956140350877193,0.033517496797443515,12.5333
500,10,0.5,5,10,0.9506318769747211,0.03626125358948656,0.950877192982456,0.03578259307784411,12.3652
500,10,0.5,10,1,0.9504497344490863,0.03759919239131434,0.9508771929824562,0.036632654417229994,13.6407
500,10,0.5,10,2,0.9503874069790814,0.03678032429081828,0.9508771929824562,0.0357825930778441,13.5645
500,10,0.5,10,5,0.9558025389952594,0.034130146900062185,0.956140350877193,0.033517496797443515,13.2295
500,10,0.5,10,10,0.9506318769747211,0.03626125358948656,0.950877192982456,0.03578259307784411,12.9799
500,10,0.5,20,1,0.9486644236313841,0.036447735048469154,0.9491228070175438,0.03548026037922225,13.4229
500,10,0.5,20,2,0.9452079225454456,0.03640669125026523,0.9456140350877194,0.03548026037922224,13.507
500,10,0.5,20,5,0.95056769525434,0.03362507547288559,0.9508771929824562,0.03310168818265475,13.1786
500,10,0.5,20,10,0.9506318769747211,0.03626125358948656,0.950877192982456,0.03578259307784411,12.6783
500,10,1.0,2,1,0.9541100935732167,0.03301634384140202,0.9543859649122807,0.03253901226489721,16.4416
500,10,1.0,2,2,0.9489018887762871,0.03322865416259815,0.9491228070175438,0.03277463454784107,15.688
500,10,1.0,2,5,0.9453931168464628,0.033205318158544064,0.9456140350877194,0.03277463454784106,15.2293
500,10,1.0,2,10,0.9472558479721307,0.0305569091239424,0.9473684210526315,0.030386856273138196,14.4466
500,10,1.0,5,1,0.9506111004769696,0.03264627615388383,0.9508771929824562,0.03215842592951468,16.193
500,10,1.0,5,2,0.9489018887762871,0.03322865416259815,0.9491228070175438,0.03277463454784107,16.3353
500,10,1.0,5,5,0.9453931168464628,0.033205318158544064,0.9456140350877194,0.03277463454784106,15.523
500,10,1.0,5,10,0.9472558479721307,0.0305569091239424,0.9473684210526315,0.030386856273138196,14.9517
500,10,1.0,10,1,0.950627259321149,0.0326620241842844,0.9508771929824562,0.03215842592951468,16.3032
500,10,1.0,10,2,0.9489018887762871,0.03322865416259815,0.9491228070175438,0.03277463454784107,15.7874
500,10,1.0,10,5,0.9453931168464628,0.033205318158544064,0.9456140350877194,0.03277463454784106,15.0792
500,10,1.0,10,10,0.9472558479721307,0.0305569091239424,0.9473684210526315,0.030386856273138196,14.7775
500,10,1.0,20,1,0.9435818683510035,0.03260169663322277,0.9438596491228071,0.03215842592951467,16.4545
500,10,1.0,20,2,0.9436628658997378,0.03258820285898142,0.9438596491228071,0.03215842592951467,17.4681
500,10,1.0,20,5,0.9471098126781134,0.03284893887236332,0.9473684210526315,0.03234927879751891,18.1889
500,10,1.0,20,10,0.9472558479721307,0.0305569091239424,0.9473684210526315,0.030386856273138196,18.3263
500,20,sqrt,2,1,0.954088962509146,0.033114433270869346,0.9543859649122807,0.032539012264897214,13.8578
500,20,sqrt,2,2,0.9540628098648571,0.029125322038670354,0.9543859649122807,0.028505397911003365,14.5192
500,20,sqrt,2,5,0.95036906832986,0.03223197385798646,0.9508771929824562,0.03118664707830032,12.6534
500,20,sqrt,2,10,0.947004750245949,0.02774815994204661,0.9473684210526315,0.027178830499701163,14.2313
500,20,sqrt,5,1,0.9540628098648571,0.029125322038670354,0.9543859649122807,0.028505397911003365,14.491
500,20,sqrt,5,2,0.9540628098648571,0.029125322038670354,0.9543859649122807,0.028505397911003365,14.196
500,20,sqrt,5,5,0.95036906832986,0.03223197385798646,0.9508771929824562,0.03118664707830032,14.8307
500,20,sqrt,5,10,0.947004750245949,0.02774815994204661,0.9473684210526315,0.027178830499701163,13.7547
500,20,sqrt,10,1,0.9522515613693983,0.028982197813177096,0.9526315789473683,0.02834297266912896,15.7219
500,20,sqrt,10,2,0.9540004823948525,0.02806826959422593,0.9543859649122807,0.027404384827742642,15.989
500,20,sqrt,10,5,0.95036906832986,0.03223197385798646,0.9508771929824562,0.03118664707830032,14.2704
500,20,sqrt,10,10,0.947004750245949,0.02774815994204661,0.9473684210526315,0.027178830499701163,14.7525
500,20,sqrt,20,1,0.94876215224926,0.03141103120966416,0.9491228070175438,0.030839290932012195,12.5085
500,20,sqrt,20,2,0.94876215224926,0.03141103120966416,0.9491228070175438,0.030839290932012195,11.6878
500,20,sqrt,20,5,0.9485578198344011,0.03189361969755136,0.9491228070175438,0.030839290932012195,10.7917
500,20,sqrt,20,10,0.947004750245949,0.02774815994204661,0.9473684210526315,0.027178830499701163,10.9113
500,20,log2,2,1,0.9557930608115821,0.029204409709925702,0.956140350877193,0.028559334379122284,10.601
500,20,log2,2,2,0.9558481206825593,0.030236909026724483,0.956140350877193,0.02961744388795461,11.1878
500,20,log2,2,5,0.9504662505516961,0.027588757745708365,0.9508771929824562,0.026951388589012654,11.5412
500,20,log2,2,10,0.947004750245949,0.02774815994204661,0.9473684210526315,0.027178830499701163,10.8187
500,20,log2,5,1,0.952358711562421,0.03295535605633337,0.9526315789473683,0.032396816337928756,11.4737
500,20,log2,5,2,0.9540628098648571,0.029125322038670354,0.9543859649122807,0.028505397911003365,10.849
500,20,log2,5,5,0.9504662505516961,0.027588757745708365,0.9508771929824562,0.026951388589012654,11.6933
500,20,log2,5,10,0.947004750245949,0.02774815994204661,0.9473684210526315,0.027178830499701163,11.7404
500,20,log2,10,1,0.9503431306521033,0.03320911768703926,0.9508771929824562,0.03215842592951467,11.9263
500,20,log2,10,2,0.9540628098648571,0.029125322038670354,0.9543859649122807,0.028505397911003365,12.9908
500,20,log2,10,5,0.9504662505516961,0.027588757745708365,0.9508771929824562,0.026951388589012654,13.4641
500,20,log2,10,10,0.947004750245949,0.02774815994204661,0.9473684210526315,0.027178830499701163,12.908
500,20,log2,20,1,0.9522515613693983,0.028982197813177096,0.9526315789473683,0.02834297266912896,12.7173
500,20,log2,20,2,0.9485578198344011,0.03189361969755136,0.9491228070175438,0.030839290932012195,12.8072
500,20,log2,20,5,0.9468385378579087,0.03235840351107475,0.9473684210526315,0.03138341021052337,13.7168
500,20,log2,20,10,0.947004750245949,0.02774815994204661,0.9473684210526315,0.027178830499701163,14.7457
500,20,0.5,2,1,0.9540507796563176,0.032187802049616875,0.9543859649122807,0.03157894736842107,16.6473
500,20,0.5,2,2,0.9522844167098862,0.032045346826176796,0.9526315789473683,0.03143240853889285,14.6287
500,20,0.5,2,5,0.9558025389952594,0.034130146900062185,0.956140350877193,0.033517496797443515,14.8092
500,20,0.5,2,10,0.9506318769747211,0.03626125358948656,0.950877192982456,0.03578259307784411,14.2829
500,20,0.5,5,1,0.9540507796563176,0.032187802049616875,0.9543859649122807,0.03157894736842107,16.2237
500,20,0.5,5,2,0.955811945856843,0.03319981589278124,0.956140350877193,0.032586273019310025,15.3438
500,20,0.5,5,5,0.9558025389952594,0.034130146900062185,0.956140350877193,0.033517496797443515,14.4919
500,20,0.5,5,10,0.9506318769747211,0.03626125358948656,0.950877192982456,0.03578259307784411,13.8433
500,20,0.5,10,1,0.9504497344490863,0.03759919239131434,0.9508771929824562,0.036632654417229994,12.5782
500,20,0.5,10,2,0.9503874069790814,0.03678032429081828,0.9508771929824562,0.0357825930778441,13.5641
500,20,0.5,10,5,0.9558025389952594,0.034130146900062185,0.956140350877193,0.033517496797443515,13.8792
500,20,0.5,10,10,0.9506318769747211,0.03626125358948656,0.950877192982456,0.03578259307784411,13.3994
500,20,0.5,20,1,0.9486644236313841,0.036447735048469154,0.9491228070175438,0.03548026037922225,14.5972
500,20,0.5,20,2,0.9452079225454456,0.03640669125026523,0.9456140350877194,0.03548026037922224,14.9421
500,20,0.5,20,5,0.95056769525434,0.03362507547288559,0.9508771929824562,0.03310168818265475,15.5533
500,20,0.5,20,10,0.9506318769747211,0.03626125358948656,0.950877192982456,0.03578259307784411,13.7363
500,20,1.0,2,1,0.9541100935732167,0.03301634384140202,0.9543859649122807,0.03253901226489721,18.0966
500,20,1.0,2,2,0.9489018887762871,0.03322865416259815,0.9491228070175438,0.03277463454784107,17.736
500,20,1.0,2,5,0.9453931168464628,0.033205318158544064,0.9456140350877194,0.03277463454784106,17.71
500,20,1.0,2,10,0.9472558479721307,0.0305569091239424,0.9473684210526315,0.030386856273138196,17.0592
500,20,1.0,5,1,0.9506111004769696,0.03264627615388383,0.9508771929824562,0.03215842592951468,17.5663
500,20,1.0,5,2,0.9489018887762871,0.03322865416259815,0.9491228070175438,0.03277463454784107,17.9874
500,20,1.0,5,5,0.9453931168464628,0.033205318158544064,0.9456140350877194,0.03277463454784106,17.834
500,20,1.0,5,10,0.9472558479721307,0.0305569091239424,0.9473684210526315,0.030386856273138196,16.6476
500,20,1.0,10,1,0.950627259321149,0.0326620241842844,0.9508771929824562,0.03215842592951468,18.178
500,20,1.0,10,2,0.9489018887762871,0.03322865416259815,0.9491228070175438,0.03277463454784107,18.7658
500,20,1.0,10,5,0.9453931168464628,0.033205318158544064,0.9456140350877194,0.03277463454784106,16.6138
500,20,1.0,10,10,0.9472558479721307,0.0305569091239424,0.9473684210526315,0.030386856273138196,16.307
500,20,1.0,20,1,0.9435818683510035,0.03260169663322277,0.9438596491228071,0.03215842592951467,17.1722
500,20,1.0,20,2,0.9436628658997378,0.03258820285898142,0.9438596491228071,0.03215842592951467,20.2161
500,20,1.0,20,5,0.9471098126781134,0.03284893887236332,0.9473684210526315,0.03234927879751891,19.4383
500,20,1.0,20,10,0.9472558479721307,0.0305569091239424,0.9473684210526315,0.030386856273138196,17.4243
