n_estimators,max_depth,max_features,min_samples_split,min_samples_leaf,mean_f1,std_f1,mean_accuracy,std_accuracy,time_s
50,,sqrt,2,1,0.9422251385268036,0.0318948471584813,0.9429365079365079,0.03137170179428251,0.7623
50,,sqrt,2,2,0.9305740063265073,0.03732806414095349,0.9315079365079365,0.03667671476421644,0.7618
50,,sqrt,2,5,0.9248946287031469,0.0374677174363565,0.9257936507936508,0.03668907787576775,0.8054
50,,sqrt,2,10,0.9303057259260946,0.041866599536989686,0.9314285714285715,0.0408081624488163,0.7673
50,,sqrt,5,1,0.9364243268970869,0.038566434573618184,0.9372222222222222,0.03797675025710736,0.7732
50,,sqrt,5,2,0.9420218435177732,0.03457517232597155,0.9429365079365079,0.03387401628965537,0.7931
50,,sqrt,5,5,0.9248946287031469,0.0374677174363565,0.9257936507936508,0.03668907787576775,0.7848
50,,sqrt,5,10,0.9303057259260946,0.041866599536989686,0.9314285714285715,0.0408081624488163,0.7695
50,,sqrt,10,1,0.9252814137905323,0.0430554552259997,0.9257936507936508,0.04284722107373473,0.7687
50,,sqrt,10,2,0.9338659548533341,0.03640525852120851,0.9343650793650793,0.0363350807792978,0.8013
50,,sqrt,10,5,0.9248946287031469,0.0374677174363565,0.9257936507936508,0.03668907787576775,0.7672
50,,sqrt,10,10,0.9303057259260946,0.041866599536989686,0.9314285714285715,0.0408081624488163,0.7658
50,,sqrt,20,1,0.9254845883937068,0.040881117568899644,0.9257936507936508,0.04089766555219318,0.7617
50,,sqrt,20,2,0.9310693232805696,0.04284218583455093,0.9314285714285715,0.04276179870598792,0.7694
50,,sqrt,20,5,0.9279424736804531,0.04109884851186065,0.9286507936507936,0.04099181379478032,0.7529
50,,sqrt,20,10,0.9303057259260946,0.041866599536989686,0.9314285714285715,0.0408081624488163,0.7631
50,,log2,2,1,0.9422251385268036,0.0318948471584813,0.9429365079365079,0.03137170179428251,0.7832
50,,log2,2,2,0.9305740063265073,0.03732806414095349,0.9315079365079365,0.03667671476421644,0.747
50,,log2,2,5,0.9248946287031469,0.0374677174363565,0.9257936507936508,0.03668907787576775,0.7691
50,,log2,2,10,0.9303057259260946,0.041866599536989686,0.9314285714285715,0.0408081624488163,0.7731
50,,log2,5,1,0.9364243268970869,0.038566434573618184,0.9372222222222222,0.03797675025710736,0.7501
50,,log2,5,2,0.9420218435177732,0.03457517232597155,0.9429365079365079,0.03387401628965537,0.7535
50,,log2,5,5,0.9248946287031469,0.0374677174363565,0.9257936507936508,0.03668907787576775,0.775
50,,log2,5,10,0.9303057259260946,0.041866599536989686,0.9314285714285715,0.0408081624488163,0.7475
50,,log2,10,1,0.9252814137905323,0.0430554552259997,0.9257936507936508,0.04284722107373473,0.7814
50,,log2,10,2,0.9338659548533341,0.03640525852120851,0.9343650793650793,0.0363350807792978,0.7533
50,,log2,10,5,0.9248946287031469,0.0374677174363565,0.9257936507936508,0.03668907787576775,0.7749
50,,log2,10,10,0.9303057259260946,0.041866599536989686,0.9314285714285715,0.0408081624488163,0.8476
50,,log2,20,1,0.9254845883937068,0.040881117568899644,0.9257936507936508,0.04089766555219318,0.8194
50,,log2,20,2,0.9310693232805696,0.04284218583455093,0.9314285714285715,0.04276179870598792,0.7915
50,,log2,20,5,0.9279424736804531,0.04109884851186065,0.9286507936507936,0.04099181379478032,0.7935
50,,log2,20,10,0.9303057259260946,0.041866599536989686,0.9314285714285715,0.0408081624488163,0.7628
50,,0.5,2,1,0.9366538744121538,0.04228788390370033,0.9371428571428572,0.041991252733425924,0.7865
50,,0.5,2,2,0.927990590492118,0.029806096377299522,0.9286507936507936,0.029393915485584707,0.7923
50,,0.5,2,5,0.9251050182848581,0.03677846779572991,0.9257936507936508,0.03668907787576775,0.7893
50,,0.5,2,10,0.9113257439012197,0.040912852369314426,0.9115873015873017,0.04142857142857142,0.7983
50,,0.5,5,1,0.9280392758028281,0.0412660458391949,0.9285714285714286,0.040908060180789595,0.7992
50,,0.5,5,2,0.931019311693827,0.02950685147395342,0.9315079365079365,0.02924697398925819,0.803
50,,0.5,5,5,0.9251050182848581,0.03677846779572991,0.9257936507936508,0.03668907787576775,0.7977
50,,0.5,5,10,0.9113257439012197,0.040912852369314426,0.9115873015873017,0.04142857142857142,0.7835
50,,0.5,10,1,0.9368135265700482,0.042295467087237366,0.9371428571428572,0.041991252733425924,0.7792
50,,0.5,10,2,0.9366040465806897,0.031193292110633736,0.9371428571428572,0.030772370326482893,0.7868
50,,0.5,10,5,0.9251050182848581,0.03677846779572991,0.9257936507936508,0.03668907787576775,0.7878
50,,0.5,10,10,0.9113257439012197,0.040912852369314426,0.9115873015873017,0.04142857142857142,0.7974
50,,0.5,20,1,0.9172281859334005,0.04982470434881952,0.9171428571428573,0.050223988089276986,0.7918
50,,0.5,20,2,0.9224620743750318,0.040657067410527686,0.9228571428571429,0.04050699108216523,0.795
50,,0.5,20,5,0.9169599732017047,0.04647550746858283,0.9173015873015874,0.046950062726504156,0.7797
50,,0.5,20,10,0.9113257439012197,0.040912852369314426,0.9115873015873017,0.04142857142857142,0.7723
50,,1.0,2,1,0.9227311242080081,0.049503578098554255,0.9228571428571429,0.04956957592256422,0.8053
50,,1.0,2,2,0.9222266974317401,0.029290360177699287,0.9229365079365079,0.028848851551277824,0.8188
50,,1.0,2,5,0.9185695669669274,0.032858153826867034,0.9201587301587303,0.03089371730154019,0.8407
50,,1.0,2,10,0.8939609010568489,0.03141618085949807,0.8945238095238095,0.03158780010773554,0.7983
50,,1.0,5,1,0.9197977908746748,0.049091461597899795,0.9200000000000002,0.049156144383100744,0.8206
50,,1.0,5,2,0.9250304799376503,0.03475012071820639,0.9257142857142858,0.034285714285714294,0.83
50,,1.0,5,5,0.9185695669669274,0.032858153826867034,0.9201587301587303,0.03089371730154019,0.7884
50,,1.0,5,10,0.8939609010568489,0.03141618085949807,0.8945238095238095,0.03158780010773554,0.8017
50,,1.0,10,1,0.9198600509263068,0.04569285667434749,0.920079365079365,0.04580410323339902,0.8438
50,,1.0,10,2,0.9222732782915598,0.029369681134457357,0.9229365079365079,0.028848851551277824,0.8094
50,,1.0,10,5,0.9185695669669274,0.032858153826867034,0.9201587301587303,0.03089371730154019,0.8109
50,,1.0,10,10,0.8939609010568489,0.03141618085949807,0.8945238095238095,0.03158780010773554,0.8069
50,,1.0,20,1,0.8950399990201634,0.04717060183986326,0.8943650793650795,0.04802269399275715,0.8211
50,,1.0,20,2,0.8974303917881343,0.03127357416821796,0.8973809523809523,0.031951813209064324,0.8263
50,,1.0,20,5,0.8967418534378012,0.0342616695785337,0.8973809523809525,0.03441196991555972,0.8022
50,,1.0,20,10,0.8939609010568489,0.03141618085949807,0.8945238095238095,0.03158780010773554,0.8069
50,5,sqrt,2,1,0.9388445681874915,0.03583414773951865,0.9400793650793651,0.03494813131036006,0.7564
50,5,sqrt,2,2,0.9360451320393042,0.03883428376511099,0.9372222222222222,0.03797675025710736,0.7718
50,5,sqrt,2,5,0.9335608814570004,0.02940089992705571,0.9343650793650793,0.028817393651590858,0.7494
50,5,sqrt,2,10,0.9185284411808474,0.043464367684925474,0.9200000000000002,0.041991252733425924,0.763
50,5,sqrt,5,1,0.9332641796583516,0.041267012392449835,0.9343650793650793,0.04058039806954824,0.7552
50,5,sqrt,5,2,0.9360528535694745,0.03862719894247301,0.9372222222222222,0.03797675025710735,0.7905
50,5,sqrt,5,5,0.9335608814570004,0.02940089992705571,0.9343650793650793,0.028817393651590858,0.8023
50,5,sqrt,5,10,0.9185284411808474,0.043464367684925474,0.9200000000000002,0.041991252733425924,0.8077
50,5,sqrt,10,1,0.9390885101844398,0.035608736548488486,0.9400793650793651,0.03494813131036006,0.7775
50,5,sqrt,10,2,0.9390885101844398,0.035608736548488486,0.9400793650793651,0.03494813131036006,0.7732
50,5,sqrt,10,5,0.9335608814570004,0.02940089992705571,0.9343650793650793,0.028817393651590858,0.7604
50,5,sqrt,10,10,0.9185284411808474,0.043464367684925474,0.9200000000000002,0.041991252733425924,0.7504
50,5,sqrt,20,1,0.9361530391799586,0.03665631329893783,0.9372222222222222,0.035762665644051964,0.7774
50,5,sqrt,20,2,0.9361530391799586,0.03665631329893783,0.9372222222222222,0.035762665644051964,0.7569
50,5,sqrt,20,5,0.9276800479162697,0.04331514642114853,0.9286507936507936,0.04293709473530308,0.7752
50,5,sqrt,20,10,0.9185284411808474,0.043464367684925474,0.9200000000000002,0.041991252733425924,0.7719
50,5,log2,2,1,0.9388445681874915,0.03583414773951865,0.9400793650793651,0.03494813131036006,0.7904
50,5,log2,2,2,0.9360451320393042,0.03883428376511099,0.9372222222222222,0.03797675025710736,0.816
50,5,log2,2,5,0.9335608814570004,0.02940089992705571,0.9343650793650793,0.028817393651590858,0.8103
50,5,log2,2,10,0.9185284411808474,0.043464367684925474,0.9200000000000002,0.041991252733425924,0.7821
50,5,log2,5,1,0.9332641796583516,0.041267012392449835,0.9343650793650793,0.04058039806954824,0.7867
50,5,log2,5,2,0.9360528535694745,0.03862719894247301,0.9372222222222222,0.03797675025710735,0.787
50,5,log2,5,5,0.9335608814570004,0.02940089992705571,0.9343650793650793,0.028817393651590858,0.7944
50,5,log2,5,10,0.9185284411808474,0.043464367684925474,0.9200000000000002,0.041991252733425924,0.8106
50,5,log2,10,1,0.9390885101844398,0.035608736548488486,0.9400793650793651,0.03494813131036006,0.743
50,5,log2,10,2,0.9390885101844398,0.035608736548488486,0.9400793650793651,0.03494813131036006,0.7645
50,5,log2,10,5,0.9335608814570004,0.02940089992705571,0.9343650793650793,0.028817393651590858,0.7894
50,5,log2,10,10,0.9185284411808474,0.043464367684925474,0.9200000000000002,0.041991252733425924,0.8175
50,5,log2,20,1,0.9361530391799586,0.03665631329893783,0.9372222222222222,0.035762665644051964,0.7814
50,5,log2,20,2,0.9361530391799586,0.03665631329893783,0.9372222222222222,0.035762665644051964,0.7919
50,5,log2,20,5,0.9276800479162697,0.04331514642114853,0.9286507936507936,0.04293709473530308,0.8089
50,5,log2,20,10,0.9185284411808474,0.043464367684925474,0.9200000000000002,0.041991252733425924,0.7955
50,5,0.5,2,1,0.9334561415663174,0.031942341847333876,0.9343650793650793,0.03152312616148972,0.7935
50,5,0.5,2,2,0.9362815677589961,0.03384204739364069,0.9372222222222222,0.03340213986926295,0.806
50,5,0.5,2,5,0.9308772620542112,0.03161762900829332,0.9315873015873016,0.03187631994510393,0.8194
50,5,0.5,2,10,0.9113944957875919,0.04282091359504583,0.9116666666666667,0.04325804553376585,0.7976
50,5,0.5,5,1,0.9359508868251698,0.040962199256295476,0.9371428571428572,0.040000000000000015,0.811
50,5,0.5,5,2,0.9303216781265811,0.035310191299289924,0.9315079365079365,0.0343790066722883,0.789
50,5,0.5,5,5,0.9308772620542112,0.03161762900829332,0.9315873015873016,0.03187631994510393,0.8034
50,5,0.5,5,10,0.9113944957875919,0.04282091359504583,0.9116666666666667,0.04325804553376585,0.8427
50,5,0.5,10,1,0.9362599240722276,0.03615230359536244,0.9371428571428572,0.03568570284799086,0.8452
50,5,0.5,10,2,0.9362599240722276,0.03615230359536244,0.9371428571428572,0.03568570284799086,0.7732
50,5,0.5,10,5,0.9308772620542112,0.03161762900829332,0.9315873015873016,0.03187631994510393,0.7989
50,5,0.5,10,10,0.9113944957875919,0.04282091359504583,0.9116666666666667,0.04325804553376585,0.8053
50,5,0.5,20,1,0.9222674280305242,0.0315700986887062,0.9229365079365079,0.031551886503822776,0.803
50,5,0.5,20,2,0.9224286354418473,0.028634987940673394,0.9230158730158731,0.028828211176505365,0.808
50,5,0.5,20,5,0.9198220117182299,0.043213876467802635,0.9201587301587303,0.04397742154153852,0.8218
50,5,0.5,20,10,0.9113944957875919,0.04282091359504583,0.9116666666666667,0.04325804553376585,0.8334
50,5,1.0,2,1,0.9192792326960975,0.0441719126268575,0.9201587301587303,0.043977421541538546,0.824
50,5,1.0,2,2,0.919359183641354,0.025430190367434227,0.9201587301587303,0.025057756413186423,0.8233
50,5,1.0,2,5,0.9191591386671416,0.03135525006592718,0.9202380952380953,0.030736426128560607,0.822
50,5,1.0,2,10,0.8970953644965853,0.03143919632603761,0.8973809523809523,0.031951813209064324,0.8256
50,5,1.0,5,1,0.9248771401548976,0.039125333926412556,0.9257936507936508,0.03885040207638268,0.836
50,5,1.0,5,2,0.9191499241373673,0.02548589615789193,0.9201587301587303,0.025057756413186423,0.8004
50,5,1.0,5,5,0.9191591386671416,0.03135525006592718,0.9202380952380953,0.030736426128560607,0.8242
50,5,1.0,5,10,0.8970953644965853,0.03143919632603761,0.8973809523809523,0.031951813209064324,0.8026
50,5,1.0,10,1,0.9195721579955214,0.03575211720224997,0.9201587301587303,0.035790395093549636,0.8233
50,5,1.0,10,2,0.919418568568107,0.02163068792963491,0.9202380952380953,0.02132913436567729,0.8259
50,5,1.0,10,5,0.9191591386671416,0.03135525006592718,0.9202380952380953,0.030736426128560607,0.8201
50,5,1.0,10,10,0.8970953644965853,0.03143919632603761,0.8973809523809523,0.031951813209064324,0.8264
50,5,1.0,20,1,0.8946719427398859,0.03761843589267004,0.8945238095238095,0.03856922392288448,0.8312
50,5,1.0,20,2,0.9002298279363217,0.031148354520704493,0.9002380952380952,0.03205808928235389,0.8303
50,5,1.0,20,5,0.8998763168775377,0.03402756325403832,0.9002380952380953,0.03451067073468469,0.8308
50,5,1.0,20,10,0.8970953644965853,0.03143919632603761,0.8973809523809523,0.031951813209064324,0.8139
50,10,sqrt,2,1,0.9450505647194823,0.033056012115393045,0.9457936507936507,0.03251460512577788,0.7854
50,10,sqrt,2,2,0.9333720867990063,0.03709448724284478,0.9343650793650793,0.0363350807792978,0.818
50,10,sqrt,2,5,0.9248946287031469,0.0374677174363565,0.9257936507936508,0.03668907787576775,0.8139
50,10,sqrt,2,10,0.9303057259260946,0.041866599536989686,0.9314285714285715,0.0408081624488163,0.7931
50,10,sqrt,5,1,0.9364108071597433,0.03867642170922115,0.9372222222222222,0.03797675025710736,0.7842
50,10,sqrt,5,2,0.9420218435177732,0.03457517232597155,0.9429365079365079,0.03387401628965537,0.8391
50,10,sqrt,5,5,0.9248946287031469,0.0374677174363565,0.9257936507936508,0.03668907787576775,0.8486
50,10,sqrt,5,10,0.9303057259260946,0.041866599536989686,0.9314285714285715,0.0408081624488163,0.8235
50,10,sqrt,10,1,0.9310464931556117,0.03677781451220363,0.9315079365079365,0.036676714764216446,0.843
50,10,sqrt,10,2,0.9310284994577392,0.03197652919918124,0.9315079365079365,0.03191630921097855,0.8345
50,10,sqrt,10,5,0.9248946287031469,0.0374677174363565,0.9257936507936508,0.03668907787576775,0.8398
50,10,sqrt,10,10,0.9303057259260946,0.041866599536989686,0.9314285714285715,0.0408081624488163,0.839
50,10,sqrt,20,1,0.9254845883937068,0.040881117568899644,0.9257936507936508,0.04089766555219318,0.8287
50,10,sqrt,20,2,0.9310693232805696,0.04284218583455093,0.9314285714285715,0.04276179870598792,0.8199
50,10,sqrt,20,5,0.9279424736804531,0.04109884851186065,0.9286507936507936,0.04099181379478032,0.8279
50,10,sqrt,20,10,0.9303057259260946,0.041866599536989686,0.9314285714285715,0.0408081624488163,0.8143
50,10,log2,2,1,0.9450505647194823,0.033056012115393045,0.9457936507936507,0.03251460512577788,0.8116
50,10,log2,2,2,0.9333720867990063,0.03709448724284478,0.9343650793650793,0.0363350807792978,0.8164
50,10,log2,2,5,0.9248946287031469,0.0374677174363565,0.9257936507936508,0.03668907787576775,0.8166
50,10,log2,2,10,0.9303057259260946,0.041866599536989686,0.9314285714285715,0.0408081624488163,0.8513
50,10,log2,5,1,0.9364108071597433,0.03867642170922115,0.9372222222222222,0.03797675025710736,0.8638
50,10,log2,5,2,0.9420218435177732,0.03457517232597155,0.9429365079365079,0.03387401628965537,0.8669
50,10,log2,5,5,0.9248946287031469,0.0374677174363565,0.9257936507936508,0.03668907787576775,0.8744
50,10,log2,5,10,0.9303057259260946,0.041866599536989686,0.9314285714285715,0.0408081624488163,0.8312
50,10,log2,10,1,0.9310464931556117,0.03677781451220363,0.9315079365079365,0.036676714764216446,0.8527
50,10,log2,10,2,0.9310284994577392,0.03197652919918124,0.9315079365079365,0.03191630921097855,0.8349
50,10,log2,10,5,0.9248946287031469,0.0374677174363565,0.9257936507936508,0.03668907787576775,0.8396
50,10,log2,10,10,0.9303057259260946,0.041866599536989686,0.9314285714285715,0.0408081624488163,0.8187
50,10,log2,20,1,0.9254845883937068,0.040881117568899644,0.9257936507936508,0.04089766555219318,0.8356
50,10,log2,20,2,0.9310693232805696,0.04284218583455093,0.9314285714285715,0.04276179870598792,0.8016
50,10,log2,20,5,0.9279424736804531,0.04109884851186065,0.9286507936507936,0.04099181379478032,0.8281
50,10,log2,20,10,0.9303057259260946,0.041866599536989686,0.9314285714285715,0.0408081624488163,0.8107
50,10,0.5,2,1,0.9366538744121538,0.04228788390370033,0.9371428571428572,0.041991252733425924,0.8576
50,10,0.5,2,2,0.927990590492118,0.029806096377299522,0.9286507936507936,0.029393915485584707,0.8677
50,10,0.5,2,5,0.9251050182848581,0.03677846779572991,0.9257936507936508,0.03668907787576775,0.8662
50,10,0.5,2,10,0.9113257439012197,0.040912852369314426,0.9115873015873017,0.04142857142857142,0.8885
50,10,0.5,5,1,0.9250869829522929,0.04115625676554122,0.9257142857142858,0.040808162448816306,0.868
50,10,0.5,5,2,0.928067018843292,0.029651325315493724,0.9286507936507936,0.029393915485584707,0.8871
50,10,0.5,5,5,0.9251050182848581,0.03677846779572991,0.9257936507936508,0.03668907787576775,0.8585
50,10,0.5,5,10,0.9113257439012197,0.040912852369314426,0.9115873015873017,0.04142857142857142,0.865
50,10,0.5,10,1,0.9338489493854898,0.04080860181689788,0.9342857142857144,0.04050699108216523,0.8955
50,10,0.5,10,2,0.9366040465806897,0.031193292110633736,0.9371428571428572,0.030772370326482893,0.8769
50,10,0.5,10,5,0.9251050182848581,0.03677846779572991,0.9257936507936508,0.03668907787576775,0.8487
50,10,0.5,10,10,0.9113257439012197,0.040912852369314426,0.9115873015873017,0.04142857142857142,0.8343
50,10,0.5,20,1,0.9172281859334005,0.04982470434881952,0.9171428571428573,0.050223988089276986,0.829
50,10,0.5,20,2,0.9224620743750318,0.040657067410527686,0.9228571428571429,0.04050699108216523,0.8349
50,10,0.5,20,5,0.9169599732017047,0.04647550746858283,0.9173015873015874,0.046950062726504156,0.851
50,10,0.5,20,10,0.9113257439012197,0.040912852369314426,0.9115873015873017,0.04142857142857142,0.872
50,10,1.0,2,1,0.9197755440431257,0.05395467826655847,0.9200000000000002,0.05390846361175203,0.9602
50,10,1.0,2,2,0.9222266974317401,0.029290360177699287,0.9229365079365079,0.028848851551277824,0.9239
50,10,1.0,2,5,0.9185695669669274,0.032858153826867034,0.9201587301587303,0.03089371730154019,0.8684
50,10,1.0,2,10,0.8939609010568489,0.03141618085949807,0.8945238095238095,0.03158780010773554,0.865
50,10,1.0,5,1,0.9197977908746748,0.049091461597899795,0.9200000000000002,0.049156144383100744,0.9047
50,10,1.0,5,2,0.9250304799376503,0.03475012071820639,0.9257142857142858,0.034285714285714294,0.8765
50,10,1.0,5,5,0.9185695669669274,0.032858153826867034,0.9201587301587303,0.03089371730154019,0.8844
50,10,1.0,5,10,0.8939609010568489,0.03141618085949807,0.8945238095238095,0.03158780010773554,0.865
50,10,1.0,10,1,0.9198600509263068,0.04569285667434749,0.920079365079365,0.04580410323339902,0.889
50,10,1.0,10,2,0.9222732782915598,0.029369681134457357,0.9229365079365079,0.028848851551277824,0.8636
50,10,1.0,10,5,0.9185695669669274,0.032858153826867034,0.9201587301587303,0.03089371730154019,0.9021
50,10,1.0,10,10,0.8939609010568489,0.03141618085949807,0.8945238095238095,0.03158780010773554,0.8355
50,10,1.0,20,1,0.8950399990201634,0.04717060183986326,0.8943650793650795,0.04802269399275715,0.8103
50,10,1.0,20,2,0.8974303917881343,0.03127357416821796,0.8973809523809523,0.031951813209064324,0.8046
50,10,1.0,20,5,0.8967418534378012,0.0342616695785337,0.8973809523809525,0.03441196991555972,0.7827
50,10,1.0,20,10,0.8939609010568489,0.03141618085949807,0.8945238095238095,0.03158780010773554,0.7999
50,20,sqrt,2,1,0.9422251385268036,0.0318948471584813,0.9429365079365079,0.03137170179428251,0.7701
50,20,sqrt,2,2,0.9305740063265073,0.03732806414095349,0.9315079365079365,0.03667671476421644,0.7839
50,20,sqrt,2,5,0.9248946287031469,0.0374677174363565,0.9257936507936508,0.03668907787576775,0.7891
50,20,sqrt,2,10,0.9303057259260946,0.041866599536989686,0.9314285714285715,0.0408081624488163,0.7746
50,20,sqrt,5,1,0.9364243268970869,0.038566434573618184,0.9372222222222222,0.03797675025710736,0.7626
50,20,sqrt,5,2,0.9420218435177732,0.03457517232597155,0.9429365079365079,0.03387401628965537,0.7736
50,20,sqrt,5,5,0.9248946287031469,0.0374677174363565,0.9257936507936508,0.03668907787576775,0.7657
50,20,sqrt,5,10,0.9303057259260946,0.041866599536989686,0.9314285714285715,0.0408081624488163,0.7689
50,20,sqrt,10,1,0.9252814137905323,0.0430554552259997,0.9257936507936508,0.04284722107373473,0.7648
50,20,sqrt,10,2,0.9338659548533341,0.03640525852120851,0.9343650793650793,0.0363350807792978,0.7626
50,20,sqrt,10,5,0.9248946287031469,0.0374677174363565,0.9257936507936508,0.03668907787576775,0.7796
50,20,sqrt,10,10,0.9303057259260946,0.041866599536989686,0.9314285714285715,0.0408081624488163,0.7731
50,20,sqrt,20,1,0.9254845883937068,0.040881117568899644,0.9257936507936508,0.04089766555219318,0.787
50,20,sqrt,20,2,0.9310693232805696,0.04284218583455093,0.9314285714285715,0.04276179870598792,0.7897
50,20,sqrt,20,5,0.9279424736804531,0.04109884851186065,0.9286507936507936,0.04099181379478032,0.8107
50,20,sqrt,20,10,0.9303057259260946,0.041866599536989686,0.9314285714285715,0.0408081624488163,0.7825
50,20,log2,2,1,0.9422251385268036,0.0318948471584813,0.9429365079365079,0.03137170179428251,0.7702
50,20,log2,2,2,0.9305740063265073,0.03732806414095349,0.9315079365079365,0.03667671476421644,0.7658
50,20,log2,2,5,0.9248946287031469,0.0374677174363565,0.9257936507936508,0.03668907787576775,0.7823
50,20,log2,2,10,0.9303057259260946,0.041866599536989686,0.9314285714285715,0.0408081624488163,0.7627
50,20,log2,5,1,0.9364243268970869,0.038566434573618184,0.9372222222222222,0.03797675025710736,0.7935
50,20,log2,5,2,0.9420218435177732,0.03457517232597155,0.9429365079365079,0.03387401628965537,0.8038
50,20,log2,5,5,0.9248946287031469,0.0374677174363565,0.9257936507936508,0.03668907787576775,0.7538
50,20,log2,5,10,0.9303057259260946,0.041866599536989686,0.9314285714285715,0.0408081624488163,0.7807
50,20,log2,10,1,0.9252814137905323,0.0430554552259997,0.9257936507936508,0.04284722107373473,0.7786
50,20,log2,10,2,0.9338659548533341,0.03640525852120851,0.9343650793650793,0.0363350807792978,0.789
50,20,log2,10,5,0.9248946287031469,0.0374677174363565,0.9257936507936508,0.03668907787576775,0.7776
50,20,log2,10,10,0.9303057259260946,0.041866599536989686,0.9314285714285715,0.0408081624488163,0.7733
50,20,log2,20,1,0.9254845883937068,0.040881117568899644,0.9257936507936508,0.04089766555219318,0.7781
50,20,log2,20,2,0.9310693232805696,0.04284218583455093,0.9314285714285715,0.04276179870598792,0.7654
50,20,log2,20,5,0.9279424736804531,0.04109884851186065,0.9286507936507936,0.04099181379478032,0.7804
50,20,log2,20,10,0.9303057259260946,0.041866599536989686,0.9314285714285715,0.0408081624488163,0.7861
50,20,0.5,2,1,0.9366538744121538,0.04228788390370033,0.9371428571428572,0.041991252733425924,0.8002
50,20,0.5,2,2,0.927990590492118,0.029806096377299522,0.9286507936507936,0.029393915485584707,0.7887
50,20,0.5,2,5,0.9251050182848581,0.03677846779572991,0.9257936507936508,0.03668907787576775,0.7984
50,20,0.5,2,10,0.9113257439012197,0.040912852369314426,0.9115873015873017,0.04142857142857142,0.8221
50,20,0.5,5,1,0.9280392758028281,0.0412660458391949,0.9285714285714286,0.040908060180789595,0.8074
50,20,0.5,5,2,0.931019311693827,0.02950685147395342,0.9315079365079365,0.02924697398925819,0.7867
50,20,0.5,5,5,0.9251050182848581,0.03677846779572991,0.9257936507936508,0.03668907787576775,0.7788
50,20,0.5,5,10,0.9113257439012197,0.040912852369314426,0.9115873015873017,0.04142857142857142,0.7793
50,20,0.5,10,1,0.9368135265700482,0.042295467087237366,0.9371428571428572,0.041991252733425924,0.7926
50,20,0.5,10,2,0.9366040465806897,0.031193292110633736,0.9371428571428572,0.030772370326482893,0.794
50,20,0.5,10,5,0.9251050182848581,0.03677846779572991,0.9257936507936508,0.03668907787576775,0.7856
50,20,0.5,10,10,0.9113257439012197,0.040912852369314426,0.9115873015873017,0.04142857142857142,0.7869
50,20,0.5,20,1,0.9172281859334005,0.04982470434881952,0.9171428571428573,0.050223988089276986,0.804
50,20,0.5,20,2,0.9224620743750318,0.040657067410527686,0.9228571428571429,0.04050699108216523,0.7838
50,20,0.5,20,5,0.9169599732017047,0.04647550746858283,0.9173015873015874,0.046950062726504156,0.7726
50,20,0.5,20,10,0.9113257439012197,0.040912852369314426,0.9115873015873017,0.04142857142857142,0.7843
50,20,1.0,2,1,0.9227311242080081,0.049503578098554255,0.9228571428571429,0.04956957592256422,0.8161
50,20,1.0,2,2,0.9222266974317401,0.029290360177699287,0.9229365079365079,0.028848851551277824,0.812
50,20,1.0,2,5,0.9185695669669274,0.032858153826867034,0.9201587301587303,0.03089371730154019,0.7989
50,20,1.0,2,10,0.8939609010568489,0.03141618085949807,0.8945238095238095,0.03158780010773554,0.8213
50,20,1.0,5,1,0.9197977908746748,0.049091461597899795,0.9200000000000002,0.049156144383100744,0.8472
50,20,1.0,5,2,0.9250304799376503,0.03475012071820639,0.9257142857142858,0.034285714285714294,0.8335
50,20,1.0,5,5,0.9185695669669274,0.032858153826867034,0.9201587301587303,0.03089371730154019,0.8113
50,20,1.0,5,10,0.8939609010568489,0.03141618085949807,0.8945238095238095,0.03158780010773554,0.8486
50,20,1.0,10,1,0.9198600509263068,0.04569285667434749,0.920079365079365,0.04580410323339902,0.838
50,20,1.0,10,2,0.9222732782915598,0.029369681134457357,0.9229365079365079,0.028848851551277824,0.8386
50,20,1.0,10,5,0.9185695669669274,0.032858153826867034,0.9201587301587303,0.03089371730154019,0.835
50,20,1.0,10,10,0.8939609010568489,0.03141618085949807,0.8945238095238095,0.03158780010773554,0.8059
50,20,1.0,20,1,0.8950399990201634,0.04717060183986326,0.8943650793650795,0.04802269399275715,0.8302
50,20,1.0,20,2,0.8974303917881343,0.03127357416821796,0.8973809523809523,0.031951813209064324,0.8118
50,20,1.0,20,5,0.8967418534378012,0.0342616695785337,0.8973809523809525,0.03441196991555972,0.8161
50,20,1.0,20,10,0.8939609010568489,0.03141618085949807,0.8945238095238095,0.03158780010773554,0.8087
100,,sqrt,2,1,0.9363289035347083,0.03144837384737401,0.9373015873015873,0.030805512361211186,1.2385
100,,sqrt,2,2,0.933547951153756,0.03197333322592465,0.9344444444444445,0.03147543403744904,1.2518
100,,sqrt,2,5,0.9307799290760481,0.02970372470377247,0.9315079365079365,0.029246973989258185,1.2283
100,,sqrt,2,10,0.9216845483073524,0.03969272949307819,0.9229365079365079,0.038539816557911395,1.2204
100,,sqrt,5,1,0.9363983368525954,0.033954179462264394,0.9372222222222222,0.03340213986926295,1.2261
100,,sqrt,5,2,0.9391964173250944,0.03321007412267005,0.9400793650793651,0.03252855016694903,1.2306
100,,sqrt,5,5,0.9307799290760481,0.02970372470377247,0.9315079365079365,0.029246973989258185,1.2505
100,,sqrt,5,10,0.9216845483073524,0.03969272949307819,0.9229365079365079,0.038539816557911395,1.2874
100,,sqrt,10,1,0.9280606276283956,0.0449722287054926,0.9285714285714286,0.0447213595499958,1.2214
100,,sqrt,10,2,0.9307799290760481,0.02970372470377247,0.9315079365079365,0.029246973989258185,1.2386
100,,sqrt,10,5,0.9307799290760481,0.02970372470377247,0.9315079365079365,0.029246973989258185,1.239
100,,sqrt,10,10,0.9216845483073524,0.03969272949307819,0.9229365079365079,0.038539816557911395,1.2109
100,,sqrt,20,1,0.9253042439154902,0.048341294009064326,0.9257142857142858,0.0481494272752935,1.2188
100,,sqrt,20,2,0.9308415800093479,0.04308802965214259,0.9314285714285715,0.04276179870598792,1.2231
100,,sqrt,20,5,0.9277938555064893,0.03937297664585913,0.9286507936507936,0.03894949925305193,1.2217
100,,sqrt,20,10,0.9216845483073524,0.03969272949307819,0.9229365079365079,0.038539816557911395,1.2377
100,,log2,2,1,0.9363289035347083,0.03144837384737401,0.9373015873015873,0.030805512361211186,1.2416
100,,log2,2,2,0.933547951153756,0.03197333322592465,0.9344444444444445,0.03147543403744904,1.2426
100,,log2,2,5,0.9307799290760481,0.02970372470377247,0.9315079365079365,0.029246973989258185,1.2278
100,,log2,2,10,0.9216845483073524,0.03969272949307819,0.9229365079365079,0.038539816557911395,1.2556
100,,log2,5,1,0.9363983368525954,0.033954179462264394,0.9372222222222222,0.03340213986926295,1.2719
100,,log2,5,2,0.9391964173250944,0.03321007412267005,0.9400793650793651,0.03252855016694903,1.2435
100,,log2,5,5,0.9307799290760481,0.02970372470377247,0.9315079365079365,0.029246973989258185,1.3255
100,,log2,5,10,0.9216845483073524,0.03969272949307819,0.9229365079365079,0.038539816557911395,1.2509
100,,log2,10,1,0.9280606276283956,0.0449722287054926,0.9285714285714286,0.0447213595499958,1.2877
100,,log2,10,2,0.9307799290760481,0.02970372470377247,0.9315079365079365,0.029246973989258185,1.2498
100,,log2,10,5,0.9307799290760481,0.02970372470377247,0.9315079365079365,0.029246973989258185,1.2579
100,,log2,10,10,0.9216845483073524,0.03969272949307819,0.9229365079365079,0.038539816557911395,1.2589
100,,log2,20,1,0.9253042439154902,0.048341294009064326,0.9257142857142858,0.0481494272752935,1.2486
100,,log2,20,2,0.9308415800093479,0.04308802965214259,0.9314285714285715,0.04276179870598792,1.2565
100,,log2,20,5,0.9277938555064893,0.03937297664585913,0.9286507936507936,0.03894949925305193,1.2606
100,,log2,20,10,0.9216845483073524,0.03969272949307819,0.9229365079365079,0.038539816557911395,1.2636
100,,0.5,2,1,0.9338500919062437,0.03877883926365105,0.9343650793650793,0.03851627450001551,1.3776
100,,0.5,2,2,0.9250382976415826,0.029649061476074063,0.9257936507936508,0.029262476262387694,1.3503
100,,0.5,2,5,0.9194259042846294,0.03348195420509574,0.9201587301587303,0.03343182727327258,1.2896
100,,0.5,2,10,0.913981690306678,0.04183128306001176,0.9144444444444446,0.04248782672132258,1.2789
100,,0.5,5,1,0.9308966565349545,0.041116865512375984,0.9314285714285715,0.0408081624488163,1.3065
100,,0.5,5,2,0.9278757530371777,0.03486983131174951,0.9286507936507936,0.03450409946395638,1.2795
100,,0.5,5,5,0.9194259042846294,0.03348195420509574,0.9201587301587303,0.03343182727327258,1.3006
100,,0.5,5,10,0.913981690306678,0.04183128306001176,0.9144444444444446,0.04248782672132258,1.2859
100,,0.5,10,1,0.9336776089159068,0.038844560126835154,0.9342857142857144,0.03843892584878204,1.3268
100,,0.5,10,2,0.9392701615067016,0.03539560290848266,0.9400000000000001,0.034875873187810595,1.2965
100,,0.5,10,5,0.9194259042846294,0.03348195420509574,0.9201587301587303,0.03343182727327258,1.2592
100,,0.5,10,10,0.913981690306678,0.04183128306001176,0.9144444444444446,0.04248782672132258,1.325
100,,0.5,20,1,0.9201600477224051,0.046984809683149456,0.9200000000000002,0.047466422073817564,1.3596
100,,0.5,20,2,0.925337938874393,0.038681343748971454,0.9257142857142858,0.0387561713321444,1.3266
100,,0.5,20,5,0.913981690306678,0.04183128306001176,0.9144444444444446,0.04248782672132258,1.3169
100,,0.5,20,10,0.913981690306678,0.04183128306001176,0.9144444444444446,0.04248782672132258,1.2892
100,,1.0,2,1,0.9282013843144794,0.04826431823469846,0.9285714285714286,0.048234122903240396,1.3847
100,,1.0,2,2,0.9306705314009662,0.0371657023971978,0.9315079365079365,0.036676714764216446,1.3778
100,,1.0,2,5,0.9103088173323395,0.036244027682808086,0.9116666666666667,0.0349026829758339,1.3376
100,,1.0,2,10,0.9002298279363217,0.031148354520704493,0.9002380952380952,0.03205808928235389,1.3235
100,,1.0,5,1,0.9196676369024711,0.05542552751561787,0.9200000000000002,0.055402055513329475,1.3863
100,,1.0,5,2,0.9306705314009662,0.0371657023971978,0.9315079365079365,0.036676714764216446,1.3692
100,,1.0,5,5,0.9103088173323395,0.036244027682808086,0.9116666666666667,0.0349026829758339,1.3999
100,,1.0,5,10,0.9002298279363217,0.031148354520704493,0.9002380952380952,0.03205808928235389,1.4266
100,,1.0,10,1,0.9171298921961482,0.04838768199937169,0.9172222222222223,0.04866063237214601,1.5503
100,,1.0,10,2,0.922466249287018,0.025785053316726085,0.9230952380952381,0.025644747244308926,1.4717
100,,1.0,10,5,0.9103088173323395,0.036244027682808086,0.9116666666666667,0.0349026829758339,1.4173
100,,1.0,10,10,0.9002298279363217,0.031148354520704493,0.9002380952380952,0.03205808928235389,1.4034
100,,1.0,20,1,0.9005978842165991,0.04214318117048426,0.9000793650793651,0.04298987382745707,1.4803
100,,1.0,20,2,0.9001818903203638,0.026047515670819005,0.9002380952380952,0.02648000143864189,1.4383
100,,1.0,20,5,0.8998763168775377,0.03402756325403832,0.9002380952380953,0.03451067073468469,1.4131
100,,1.0,20,10,0.9002298279363217,0.031148354520704493,0.9002380952380952,0.03205808928235389,1.3831
100,5,sqrt,2,1,0.9360451320393042,0.03883428376511099,0.9372222222222222,0.03797675025710736,1.3287
100,5,sqrt,2,2,0.9361803849001383,0.038757890667275155,0.9372222222222222,0.03797675025710736,1.3224
100,5,sqrt,2,5,0.9307799290760481,0.02970372470377247,0.9315079365079365,0.029246973989258185,1.3396
100,5,sqrt,2,10,0.9244961485171949,0.039996287763580454,0.9257936507936508,0.03885040207638268,1.3252
100,5,sqrt,5,1,0.9277072940970555,0.03722347684593569,0.9287301587301589,0.03676548218468119,1.3553
100,5,sqrt,5,2,0.9361803849001383,0.038757890667275155,0.9372222222222222,0.03797675025710736,1.2959
100,5,sqrt,5,5,0.9307799290760481,0.02970372470377247,0.9315079365079365,0.029246973989258185,1.2879
100,5,sqrt,5,10,0.9244961485171949,0.039996287763580454,0.9257936507936508,0.03885040207638268,1.3256
100,5,sqrt,10,1,0.9391964173250944,0.03321007412267005,0.9400793650793651,0.03252855016694903,1.3568
100,5,sqrt,10,2,0.9391964173250944,0.03321007412267005,0.9400793650793651,0.03252855016694903,1.3386
100,5,sqrt,10,5,0.9307799290760481,0.02970372470377247,0.9315079365079365,0.029246973989258185,1.3743
100,5,sqrt,10,10,0.9244961485171949,0.039996287763580454,0.9257936507936508,0.03885040207638268,1.35
100,5,sqrt,20,1,0.9361530391799586,0.03665631329893783,0.9372222222222222,0.035762665644051964,1.3296
100,5,sqrt,20,2,0.9391964173250944,0.03321007412267005,0.9400793650793651,0.03252855016694903,1.3341
100,5,sqrt,20,5,0.930438753465673,0.03950879051491006,0.9315079365079365,0.03883872696186297,1.282
100,5,sqrt,20,10,0.9244961485171949,0.039996287763580454,0.9257936507936508,0.03885040207638268,1.3375
100,5,log2,2,1,0.9360451320393042,0.03883428376511099,0.9372222222222222,0.03797675025710736,1.4059
100,5,log2,2,2,0.9361803849001383,0.038757890667275155,0.9372222222222222,0.03797675025710736,1.3497
100,5,log2,2,5,0.9307799290760481,0.02970372470377247,0.9315079365079365,0.029246973989258185,1.327
100,5,log2,2,10,0.9244961485171949,0.039996287763580454,0.9257936507936508,0.03885040207638268,1.3452
100,5,log2,5,1,0.9277072940970555,0.03722347684593569,0.9287301587301589,0.03676548218468119,1.33
100,5,log2,5,2,0.9361803849001383,0.038757890667275155,0.9372222222222222,0.03797675025710736,1.3067
100,5,log2,5,5,0.9307799290760481,0.02970372470377247,0.9315079365079365,0.029246973989258185,1.3043
100,5,log2,5,10,0.9244961485171949,0.039996287763580454,0.9257936507936508,0.03885040207638268,1.3764
100,5,log2,10,1,0.9391964173250944,0.03321007412267005,0.9400793650793651,0.03252855016694903,1.2356
100,5,log2,10,2,0.9391964173250944,0.03321007412267005,0.9400793650793651,0.03252855016694903,1.2111
100,5,log2,10,5,0.9307799290760481,0.02970372470377247,0.9315079365079365,0.029246973989258185,1.2249
100,5,log2,10,10,0.9244961485171949,0.039996287763580454,0.9257936507936508,0.03885040207638268,1.2432
100,5,log2,20,1,0.9361530391799586,0.03665631329893783,0.9372222222222222,0.035762665644051964,1.2694
100,5,log2,20,2,0.9391964173250944,0.03321007412267005,0.9400793650793651,0.03252855016694903,1.2465
100,5,log2,20,5,0.930438753465673,0.03950879051491006,0.9315079365079365,0.03883872696186297,1.2359
100,5,log2,20,10,0.9244961485171949,0.039996287763580454,0.9257936507936508,0.03885040207638268,1.2289
100,5,0.5,2,1,0.93341405396861,0.03185370659042688,0.9344444444444445,0.03147543403744904,1.2589
100,5,0.5,2,2,0.93341405396861,0.03185370659042688,0.9344444444444445,0.03147543403744904,1.2582
100,5,0.5,2,5,0.930824367393772,0.026343528846147157,0.9315873015873016,0.02625964891230903,1.2473
100,5,0.5,2,10,0.9169339831572134,0.04271390245411561,0.9173015873015874,0.04333333333333332,1.243
100,5,0.5,5,1,0.93341405396861,0.03185370659042688,0.9344444444444445,0.03147543403744904,1.2528
100,5,0.5,5,2,0.9305765985730149,0.026631742300717007,0.9315873015873016,0.02625964891230903,1.236
100,5,0.5,5,5,0.930824367393772,0.026343528846147157,0.9315873015873016,0.02625964891230903,1.2288
100,5,0.5,5,10,0.9169339831572134,0.04271390245411561,0.9173015873015874,0.04333333333333332,1.2551
100,5,0.5,10,1,0.9334699675491536,0.03445817299224711,0.9343650793650793,0.034014302713941486,1.2597
100,5,0.5,10,2,0.9336311749604764,0.03173397586687499,0.9344444444444445,0.03147543403744904,1.3059
100,5,0.5,10,5,0.930824367393772,0.026343528846147157,0.9315873015873016,0.02625964891230903,1.2485
100,5,0.5,10,10,0.9169339831572134,0.04271390245411561,0.9173015873015874,0.04333333333333332,1.2601
100,5,0.5,20,1,0.9198039976383241,0.03763584518060248,0.920079365079365,0.03801255908941251,1.268
100,5,0.5,20,2,0.916936483847938,0.034515677236694915,0.9173015873015874,0.034995950526996444,1.236
100,5,0.5,20,5,0.9197619100406168,0.03754534713426389,0.9201587301587303,0.03800286419567387,1.2633
100,5,0.5,20,10,0.9169339831572134,0.04271390245411561,0.9173015873015874,0.04333333333333332,1.2527
100,5,1.0,2,1,0.924794321958406,0.037227385974355466,0.925873015873016,0.03666666666666668,1.3062
100,5,1.0,2,2,0.9219308765183196,0.02638782935490367,0.9230158730158731,0.025841835335647885,1.3005
100,5,1.0,2,5,0.916355959306012,0.03281238003897327,0.9173809523809524,0.032437800239130614,1.2918
100,5,1.0,2,10,0.9002298279363217,0.031148354520704493,0.9002380952380952,0.03205808928235389,1.2739
100,5,1.0,5,1,0.9275937581065934,0.03499792371021224,0.9287301587301589,0.034473691043310994,1.2823
100,5,1.0,5,2,0.9219308765183196,0.02638782935490367,0.9230158730158731,0.025841835335647885,1.3891
100,5,1.0,5,5,0.916355959306012,0.03281238003897327,0.9173809523809524,0.032437800239130614,1.32
100,5,1.0,5,10,0.9002298279363217,0.031148354520704493,0.9002380952380952,0.03205808928235389,1.269
100,5,1.0,10,1,0.9251307754430789,0.03219227015434544,0.925873015873016,0.031904761904761915,1.2893
100,5,1.0,10,2,0.9194375280853089,0.025115899127668904,0.9202380952380953,0.02486357333352479,1.2929
100,5,1.0,10,5,0.916355959306012,0.03281238003897327,0.9173809523809524,0.032437800239130614,1.2889
100,5,1.0,10,10,0.9002298279363217,0.031148354520704493,0.9002380952380952,0.03205808928235389,1.2942
100,5,1.0,20,1,0.9030376822825387,0.02900984902001171,0.903015873015873,0.02935821455580639,1.2767
100,5,1.0,20,2,0.9029813264685511,0.025597877486393465,0.903095238095238,0.026299556396765844,1.2969
100,5,1.0,20,5,0.8998763168775377,0.03402756325403832,0.9002380952380953,0.03451067073468469,1.2772
100,5,1.0,20,10,0.9002298279363217,0.031148354520704493,0.9002380952380952,0.03205808928235389,1.2692
100,10,sqrt,2,1,0.9363289035347083,0.03144837384737401,0.9373015873015873,0.030805512361211186,1.2044
100,10,sqrt,2,2,0.933547951153756,0.03197333322592465,0.9344444444444445,0.03147543403744904,1.2492
100,10,sqrt,2,5,0.9307799290760481,0.02970372470377247,0.9315079365079365,0.029246973989258185,1.2501
100,10,sqrt,2,10,0.9216845483073524,0.03969272949307819,0.9229365079365079,0.038539816557911395,1.2746
100,10,sqrt,5,1,0.9363289035347083,0.03144837384737401,0.9373015873015873,0.030805512361211186,1.2075
100,10,sqrt,5,2,0.9391964173250944,0.03321007412267005,0.9400793650793651,0.03252855016694903,1.2258
100,10,sqrt,5,5,0.9307799290760481,0.02970372470377247,0.9315079365079365,0.029246973989258185,1.2525
100,10,sqrt,5,10,0.9216845483073524,0.03969272949307819,0.9229365079365079,0.038539816557911395,1.2654
100,10,sqrt,10,1,0.9252188258750778,0.034502469419662854,0.9257936507936508,0.03439219576083652,1.218
100,10,sqrt,10,2,0.9307799290760481,0.02970372470377247,0.9315079365079365,0.029246973989258185,1.2341
100,10,sqrt,10,5,0.9307799290760481,0.02970372470377247,0.9315079365079365,0.029246973989258185,1.2281
100,10,sqrt,10,10,0.9216845483073524,0.03969272949307819,0.9229365079365079,0.038539816557911395,1.2302
100,10,sqrt,20,1,0.9253042439154902,0.048341294009064326,0.9257142857142858,0.0481494272752935,1.2152
100,10,sqrt,20,2,0.9308415800093479,0.04308802965214259,0.9314285714285715,0.04276179870598792,1.2419
100,10,sqrt,20,5,0.9277938555064893,0.03937297664585913,0.9286507936507936,0.03894949925305193,1.2409
100,10,sqrt,20,10,0.9216845483073524,0.03969272949307819,0.9229365079365079,0.038539816557911395,1.2735
100,10,log2,2,1,0.9363289035347083,0.03144837384737401,0.9373015873015873,0.030805512361211186,1.2511
100,10,log2,2,2,0.933547951153756,0.03197333322592465,0.9344444444444445,0.03147543403744904,1.2297
100,10,log2,2,5,0.9307799290760481,0.02970372470377247,0.9315079365079365,0.029246973989258185,1.2141
100,10,log2,2,10,0.9216845483073524,0.03969272949307819,0.9229365079365079,0.038539816557911395,1.2127
100,10,log2,5,1,0.9363289035347083,0.03144837384737401,0.9373015873015873,0.030805512361211186,1.2418
100,10,log2,5,2,0.9391964173250944,0.03321007412267005,0.9400793650793651,0.03252855016694903,1.2141
100,10,log2,5,5,0.9307799290760481,0.02970372470377247,0.9315079365079365,0.029246973989258185,1.2232
100,10,log2,5,10,0.9216845483073524,0.03969272949307819,0.9229365079365079,0.038539816557911395,1.2603
100,10,log2,10,1,0.9252188258750778,0.034502469419662854,0.9257936507936508,0.03439219576083652,1.279
100,10,log2,10,2,0.9307799290760481,0.02970372470377247,0.9315079365079365,0.029246973989258185,1.2811
100,10,log2,10,5,0.9307799290760481,0.02970372470377247,0.9315079365079365,0.029246973989258185,1.2491
100,10,log2,10,10,0.9216845483073524,0.03969272949307819,0.9229365079365079,0.038539816557911395,1.2786
100,10,log2,20,1,0.9253042439154902,0.048341294009064326,0.9257142857142858,0.0481494272752935,1.3119
100,10,log2,20,2,0.9308415800093479,0.04308802965214259,0.9314285714285715,0.04276179870598792,1.269
100,10,log2,20,5,0.9277938555064893,0.03937297664585913,0.9286507936507936,0.03894949925305193,1.2879
100,10,log2,20,10,0.9216845483073524,0.03969272949307819,0.9229365079365079,0.038539816557911395,1.2587
100,10,0.5,2,1,0.9366538744121538,0.04228788390370033,0.9371428571428572,0.041991252733425924,1.2866
100,10,0.5,2,2,0.927819250022535,0.02988482740240799,0.9286507936507936,0.029393915485584707,1.3162
100,10,0.5,2,5,0.9194259042846294,0.03348195420509574,0.9201587301587303,0.03343182727327258,1.2943
100,10,0.5,2,10,0.913981690306678,0.04183128306001176,0.9144444444444446,0.04248782672132258,1.2862
100,10,0.5,5,1,0.9250869829522929,0.04115625676554122,0.9257142857142858,0.040808162448816306,1.324
100,10,0.5,5,2,0.9250382976415826,0.029649061476074063,0.9257936507936508,0.029262476262387694,1.323
100,10,0.5,5,5,0.9194259042846294,0.03348195420509574,0.9201587301587303,0.03343182727327258,1.2882
100,10,0.5,5,10,0.913981690306678,0.04183128306001176,0.9144444444444446,0.04248782672132258,1.309
100,10,0.5,10,1,0.933708256744797,0.040779717494946334,0.9342857142857144,0.04050699108216523,1.3685
100,10,0.5,10,2,0.9364892091257493,0.03609018595002284,0.9371428571428572,0.03568570284799086,1.3018
100,10,0.5,10,5,0.9194259042846294,0.03348195420509574,0.9201587301587303,0.03343182727327258,1.2935
100,10,0.5,10,10,0.913981690306678,0.04183128306001176,0.9144444444444446,0.04248782672132258,1.333
100,10,0.5,20,1,0.9201600477224051,0.046984809683149456,0.9200000000000002,0.047466422073817564,1.278
100,10,0.5,20,2,0.925337938874393,0.038681343748971454,0.9257142857142858,0.0387561713321444,1.2796
100,10,0.5,20,5,0.913981690306678,0.04183128306001176,0.9144444444444446,0.04248782672132258,1.2646
100,10,0.5,20,10,0.913981690306678,0.04183128306001176,0.9144444444444446,0.04248782672132258,1.2663
100,10,1.0,2,1,0.9280166934785397,0.049997717653929505,0.9285714285714286,0.049897854847351396,1.3809
100,10,1.0,2,2,0.9306705314009662,0.0371657023971978,0.9315079365079365,0.036676714764216446,1.3813
100,10,1.0,2,5,0.9103088173323395,0.036244027682808086,0.9116666666666667,0.0349026829758339,1.3738
100,10,1.0,2,10,0.9002298279363217,0.031148354520704493,0.9002380952380952,0.03205808928235389,1.3176
100,10,1.0,5,1,0.9196676369024711,0.05542552751561787,0.9200000000000002,0.055402055513329475,1.444
100,10,1.0,5,2,0.9306705314009662,0.0371657023971978,0.9315079365079365,0.036676714764216446,1.4443
100,10,1.0,5,5,0.9103088173323395,0.036244027682808086,0.9116666666666667,0.0349026829758339,1.3726
100,10,1.0,5,10,0.9002298279363217,0.031148354520704493,0.9002380952380952,0.03205808928235389,1.3361
100,10,1.0,10,1,0.9171298921961482,0.04838768199937169,0.9172222222222223,0.04866063237214601,1.3964
100,10,1.0,10,2,0.922466249287018,0.025785053316726085,0.9230952380952381,0.025644747244308926,1.3943
100,10,1.0,10,5,0.9103088173323395,0.036244027682808086,0.9116666666666667,0.0349026829758339,1.4521
100,10,1.0,10,10,0.9002298279363217,0.031148354520704493,0.9002380952380952,0.03205808928235389,1.4367
100,10,1.0,20,1,0.9005978842165991,0.04214318117048426,0.9000793650793651,0.04298987382745707,1.4549
100,10,1.0,20,2,0.9001818903203638,0.026047515670819005,0.9002380952380952,0.02648000143864189,1.422
100,10,1.0,20,5,0.8998763168775377,0.03402756325403832,0.9002380952380953,0.03451067073468469,1.4476
100,10,1.0,20,10,0.9002298279363217,0.031148354520704493,0.9002380952380952,0.03205808928235389,1.4774
100,20,sqrt,2,1,0.9363289035347083,0.03144837384737401,0.9373015873015873,0.030805512361211186,1.3318
100,20,sqrt,2,2,0.933547951153756,0.03197333322592465,0.9344444444444445,0.03147543403744904,1.2933
100,20,sqrt,2,5,0.9307799290760481,0.02970372470377247,0.9315079365079365,0.029246973989258185,1.3545
100,20,sqrt,2,10,0.9216845483073524,0.03969272949307819,0.9229365079365079,0.038539816557911395,1.3632
100,20,sqrt,5,1,0.9363983368525954,0.033954179462264394,0.9372222222222222,0.03340213986926295,1.3748
100,20,sqrt,5,2,0.9391964173250944,0.03321007412267005,0.9400793650793651,0.03252855016694903,1.371
100,20,sqrt,5,5,0.9307799290760481,0.02970372470377247,0.9315079365079365,0.029246973989258185,1.3385
100,20,sqrt,5,10,0.9216845483073524,0.03969272949307819,0.9229365079365079,0.038539816557911395,1.3044
100,20,sqrt,10,1,0.9280606276283956,0.0449722287054926,0.9285714285714286,0.0447213595499958,1.308
100,20,sqrt,10,2,0.9307799290760481,0.02970372470377247,0.9315079365079365,0.029246973989258185,1.3299
100,20,sqrt,10,5,0.9307799290760481,0.02970372470377247,0.9315079365079365,0.029246973989258185,1.3479
100,20,sqrt,10,10,0.9216845483073524,0.03969272949307819,0.9229365079365079,0.038539816557911395,1.4331
100,20,sqrt,20,1,0.9253042439154902,0.048341294009064326,0.9257142857142858,0.0481494272752935,1.3625
100,20,sqrt,20,2,0.9308415800093479,0.04308802965214259,0.9314285714285715,0.04276179870598792,1.372
100,20,sqrt,20,5,0.9277938555064893,0.03937297664585913,0.9286507936507936,0.03894949925305193,1.3392
100,20,sqrt,20,10,0.9216845483073524,0.03969272949307819,0.9229365079365079,0.038539816557911395,1.3008
100,20,log2,2,1,0.9363289035347083,0.03144837384737401,0.9373015873015873,0.030805512361211186,1.3215
100,20,log2,2,2,0.933547951153756,0.03197333322592465,0.9344444444444445,0.03147543403744904,1.3293
100,20,log2,2,5,0.9307799290760481,0.02970372470377247,0.9315079365079365,0.029246973989258185,1.3183
100,20,log2,2,10,0.9216845483073524,0.03969272949307819,0.9229365079365079,0.038539816557911395,1.3317
100,20,log2,5,1,0.9363983368525954,0.033954179462264394,0.9372222222222222,0.03340213986926295,1.4105
100,20,log2,5,2,0.9391964173250944,0.03321007412267005,0.9400793650793651,0.03252855016694903,1.3138
100,20,log2,5,5,0.9307799290760481,0.02970372470377247,0.9315079365079365,0.029246973989258185,1.3418
100,20,log2,5,10,0.9216845483073524,0.03969272949307819,0.9229365079365079,0.038539816557911395,1.48
100,20,log2,10,1,0.9280606276283956,0.0449722287054926,0.9285714285714286,0.0447213595499958,1.347
100,20,log2,10,2,0.9307799290760481,0.02970372470377247,0.9315079365079365,0.029246973989258185,1.3036
100,20,log2,10,5,0.9307799290760481,0.02970372470377247,0.9315079365079365,0.029246973989258185,1.2812
100,20,log2,10,10,0.9216845483073524,0.03969272949307819,0.9229365079365079,0.038539816557911395,1.2106
100,20,log2,20,1,0.9253042439154902,0.048341294009064326,0.9257142857142858,0.0481494272752935,1.2184
100,20,log2,20,2,0.9308415800093479,0.04308802965214259,0.9314285714285715,0.04276179870598792,1.214
100,20,log2,20,5,0.9277938555064893,0.03937297664585913,0.9286507936507936,0.03894949925305193,1.2388
100,20,log2,20,10,0.9216845483073524,0.03969272949307819,0.9229365079365079,0.038539816557911395,1.2198
100,20,0.5,2,1,0.9338500919062437,0.03877883926365105,0.9343650793650793,0.03851627450001551,1.2854
100,20,0.5,2,2,0.9250382976415826,0.029649061476074063,0.9257936507936508,0.029262476262387694,1.2725
100,20,0.5,2,5,0.9194259042846294,0.03348195420509574,0.9201587301587303,0.03343182727327258,1.312
100,20,0.5,2,10,0.913981690306678,0.04183128306001176,0.9144444444444446,0.04248782672132258,1.2728
100,20,0.5,5,1,0.9308966565349545,0.041116865512375984,0.9314285714285715,0.0408081624488163,1.3155
100,20,0.5,5,2,0.9278757530371777,0.03486983131174951,0.9286507936507936,0.03450409946395638,1.2574
100,20,0.5,5,5,0.9194259042846294,0.03348195420509574,0.9201587301587303,0.03343182727327258,1.2567
100,20,0.5,5,10,0.913981690306678,0.04183128306001176,0.9144444444444446,0.04248782672132258,1.2284
100,20,0.5,10,1,0.9336776089159068,0.038844560126835154,0.9342857142857144,0.03843892584878204,1.2664
100,20,0.5,10,2,0.9392701615067016,0.03539560290848266,0.9400000000000001,0.034875873187810595,1.2474
100,20,0.5,10,5,0.9194259042846294,0.03348195420509574,0.9201587301587303,0.03343182727327258,1.2621
100,20,0.5,10,10,0.913981690306678,0.04183128306001176,0.9144444444444446,0.04248782672132258,1.2425
100,20,0.5,20,1,0.9201600477224051,0.046984809683149456,0.9200000000000002,0.047466422073817564,1.2771
100,20,0.5,20,2,0.925337938874393,0.038681343748971454,0.9257142857142858,0.0387561713321444,1.2684
100,20,0.5,20,5,0.913981690306678,0.04183128306001176,0.9144444444444446,0.04248782672132258,1.2343
100,20,0.5,20,10,0.913981690306678,0.04183128306001176,0.9144444444444446,0.04248782672132258,1.2228
100,20,1.0,2,1,0.9282013843144794,0.04826431823469846,0.9285714285714286,0.048234122903240396,1.3671
100,20,1.0,2,2,0.9306705314009662,0.0371657023971978,0.9315079365079365,0.036676714764216446,1.3325
100,20,1.0,2,5,0.9103088173323395,0.036244027682808086,0.9116666666666667,0.0349026829758339,1.3495
100,20,1.0,2,10,0.9002298279363217,0.031148354520704493,0.9002380952380952,0.03205808928235389,1.2904
100,20,1.0,5,1,0.9196676369024711,0.05542552751561787,0.9200000000000002,0.055402055513329475,1.3214
100,20,1.0,5,2,0.9306705314009662,0.0371657023971978,0.9315079365079365,0.036676714764216446,1.3419
100,20,1.0,5,5,0.9103088173323395,0.036244027682808086,0.9116666666666667,0.0349026829758339,1.2888
100,20,1.0,5,10,0.9002298279363217,0.031148354520704493,0.9002380952380952,0.03205808928235389,1.2993
100,20,1.0,10,1,0.9171298921961482,0.04838768199937169,0.9172222222222223,0.04866063237214601,1.3752
100,20,1.0,10,2,0.922466249287018,0.025785053316726085,0.9230952380952381,0.025644747244308926,1.3263
100,20,1.0,10,5,0.9103088173323395,0.036244027682808086,0.9116666666666667,0.0349026829758339,1.289
100,20,1.0,10,10,0.9002298279363217,0.031148354520704493,0.9002380952380952,0.03205808928235389,1.2685
100,20,1.0,20,1,0.9005978842165991,0.04214318117048426,0.9000793650793651,0.04298987382745707,1.3793
100,20,1.0,20,2,0.9001818903203638,0.026047515670819005,0.9002380952380952,0.02648000143864189,1.3569
100,20,1.0,20,5,0.8998763168775377,0.03402756325403832,0.9002380952380953,0.03451067073468469,1.3135
100,20,1.0,20,10,0.9002298279363217,0.031148354520704493,0.9002380952380952,0.03205808928235389,1.2862
200,,sqrt,2,1,0.9336173844716431,0.03444657173636976,0.9343650793650793,0.034014302713941486,2.3017
200,,sqrt,2,2,0.930837233651625,0.036882723900557364,0.9315079365079365,0.036676714764216446,2.2961
200,,sqrt,2,5,0.9336173844716431,0.03444657173636976,0.9343650793650793,0.034014302713941486,2.3025
200,,sqrt,2,10,0.9217151961362425,0.03958767735445709,0.9229365079365079,0.038539816557911395,2.2824
200,,sqrt,5,1,0.930837233651625,0.036882723900557364,0.9315079365079365,0.036676714764216446,2.2965
200,,sqrt,5,2,0.930837233651625,0.036882723900557364,0.9315079365079365,0.036676714764216446,2.2778
200,,sqrt,5,5,0.9336173844716431,0.03444657173636976,0.9343650793650793,0.034014302713941486,2.2698
200,,sqrt,5,10,0.9217151961362425,0.03958767735445709,0.9229365079365079,0.038539816557911395,2.2553
200,,sqrt,10,1,0.9280562812706726,0.039067047543066814,0.9286507936507936,0.03894949925305193,2.2608
200,,sqrt,10,2,0.930837233651625,0.036882723900557364,0.9315079365079365,0.036676714764216446,2.3069
200,,sqrt,10,5,0.9336173844716431,0.03444657173636976,0.9343650793650793,0.034014302713941486,2.2782
200,,sqrt,10,10,0.9217151961362425,0.03958767735445709,0.9229365079365079,0.038539816557911395,2.2763
200,,sqrt,20,1,0.9253042439154902,0.048341294009064326,0.9257142857142858,0.0481494272752935,2.3055
200,,sqrt,20,2,0.9336410161575353,0.04076391628972456,0.9342857142857144,0.04050699108216523,2.2414
200,,sqrt,20,5,0.930837233651625,0.036882723900557364,0.9315079365079365,0.036676714764216446,2.25
200,,sqrt,20,10,0.9217151961362425,0.03958767735445709,0.9229365079365079,0.038539816557911395,2.2878
200,,log2,2,1,0.9336173844716431,0.03444657173636976,0.9343650793650793,0.034014302713941486,2.315
200,,log2,2,2,0.930837233651625,0.036882723900557364,0.9315079365079365,0.036676714764216446,2.3466
200,,log2,2,5,0.9336173844716431,0.03444657173636976,0.9343650793650793,0.034014302713941486,2.3241
200,,log2,2,10,0.9217151961362425,0.03958767735445709,0.9229365079365079,0.038539816557911395,2.3338
200,,log2,5,1,0.930837233651625,0.036882723900557364,0.9315079365079365,0.036676714764216446,2.3783
200,,log2,5,2,0.930837233651625,0.036882723900557364,0.9315079365079365,0.036676714764216446,2.3288
200,,log2,5,5,0.9336173844716431,0.03444657173636976,0.9343650793650793,0.034014302713941486,2.3288
200,,log2,5,10,0.9217151961362425,0.03958767735445709,0.9229365079365079,0.038539816557911395,2.3041
200,,log2,10,1,0.9280562812706726,0.039067047543066814,0.9286507936507936,0.03894949925305193,2.3649
200,,log2,10,2,0.930837233651625,0.036882723900557364,0.9315079365079365,0.036676714764216446,2.4116
200,,log2,10,5,0.9336173844716431,0.03444657173636976,0.9343650793650793,0.034014302713941486,2.3698
200,,log2,10,10,0.9217151961362425,0.03958767735445709,0.9229365079365079,0.038539816557911395,2.3309
200,,log2,20,1,0.9253042439154902,0.048341294009064326,0.9257142857142858,0.0481494272752935,2.3546
200,,log2,20,2,0.9336410161575353,0.04076391628972456,0.9342857142857144,0.04050699108216523,2.3537
200,,log2,20,5,0.930837233651625,0.036882723900557364,0.9315079365079365,0.036676714764216446,2.3934
200,,log2,20,10,0.9217151961362425,0.03958767735445709,0.9229365079365079,0.038539816557911395,2.2947
200,,0.5,2,1,0.9281235218579346,0.03694759162356842,0.9286507936507936,0.036793996601905646,2.4742
200,,0.5,2,2,0.927819250022535,0.02988482740240799,0.9286507936507936,0.029393915485584707,2.6143
200,,0.5,2,5,0.927830057085267,0.03453967511520745,0.9287301587301589,0.034473691043310994,2.6127
200,,0.5,2,10,0.9141939319357792,0.0418046762238459,0.9145238095238095,0.04238429628327656,2.5522
200,,0.5,5,1,0.922249527556698,0.03662203107699585,0.9228571428571429,0.03625307868699864,2.5401
200,,0.5,5,2,0.927819250022535,0.02988482740240799,0.9286507936507936,0.029393915485584707,2.5652
200,,0.5,5,5,0.927830057085267,0.03453967511520745,0.9287301587301589,0.034473691043310994,2.6497
200,,0.5,5,10,0.9141939319357792,0.0418046762238459,0.9145238095238095,0.04238429628327656,2.6162
200,,0.5,10,1,0.933708256744797,0.040779717494946334,0.9342857142857144,0.04050699108216523,2.5775
200,,0.5,10,2,0.9306230325284452,0.03480499960102533,0.9314285714285715,0.034285714285714294,2.4918
200,,0.5,10,5,0.927830057085267,0.03453967511520745,0.9287301587301589,0.034473691043310994,2.5463
200,,0.5,10,10,0.9141939319357792,0.0418046762238459,0.9145238095238095,0.04238429628327656,2.5104
200,,0.5,20,1,0.9256046031669605,0.038812544298438084,0.9257142857142858,0.0387561713321444,2.6358
200,,0.5,20,2,0.9195097815244966,0.04013747623319458,0.9200000000000002,0.040000000000000015,2.6015
200,,0.5,20,5,0.9167240130984922,0.04100618885757218,0.9173015873015874,0.04140667182538737,2.5864
200,,0.5,20,10,0.9141939319357792,0.0418046762238459,0.9145238095238095,0.04238429628327656,2.6001
200,,1.0,2,1,0.9311470019818362,0.049871499498117144,0.9314285714285715,0.049815987926179146,2.8728
200,,1.0,2,2,0.924965562214985,0.029685575315420303,0.925873015873016,0.029234372339373014,2.8585
200,,1.0,2,5,0.9108235083928303,0.037042194051271474,0.9116666666666667,0.037168031761636404,2.7668
200,,1.0,2,10,0.894295928348398,0.031284022391916536,0.8945238095238095,0.03158780010773554,2.4795
200,,1.0,5,1,0.9226009702358045,0.04792885229438907,0.9228571428571429,0.047894441754972046,2.5125
200,,1.0,5,2,0.924965562214985,0.029685575315420303,0.925873015873016,0.029234372339373014,2.4881
200,,1.0,5,5,0.9108235083928303,0.037042194051271474,0.9116666666666667,0.037168031761636404,2.3899
200,,1.0,5,10,0.894295928348398,0.031284022391916536,0.8945238095238095,0.03158780010773554,2.3907
200,,1.0,10,1,0.9143369106122796,0.04586124460020155,0.9143650793650794,0.04616899353157725,2.4834
200,,1.0,10,2,0.919418568568107,0.02163068792963491,0.9202380952380953,0.02132913436567729,2.5883
200,,1.0,10,5,0.9108235083928303,0.037042194051271474,0.9116666666666667,0.037168031761636404,2.5791
200,,1.0,10,10,0.894295928348398,0.031284022391916536,0.8945238095238095,0.03158780010773554,2.3833
200,,1.0,20,1,0.8948307395161768,0.047092716610527344,0.8943650793650795,0.04802269399275715,2.4795
200,,1.0,20,2,0.894497058454801,0.030856474868862106,0.8945238095238095,0.03158780010773554,2.4372
200,,1.0,20,5,0.9000584874667389,0.031070990212443556,0.9002380952380952,0.03205808928235389,2.415
200,,1.0,20,10,0.894295928348398,0.031284022391916536,0.8945238095238095,0.03158780010773554,2.4044
200,5,sqrt,2,1,0.9334821316108087,0.036809641549874365,0.9343650793650793,0.0363350807792978,2.3097
200,5,sqrt,2,2,0.9333549587074597,0.03710298304012274,0.9343650793650793,0.0363350807792978,2.3232
200,5,sqrt,2,5,0.9336173844716431,0.03444657173636976,0.9343650793650793,0.034014302713941486,2.2639
200,5,sqrt,2,10,0.9187065004840687,0.041206130886550035,0.920079365079365,0.04010261780293809,2.2501
200,5,sqrt,5,1,0.9333549587074597,0.03710298304012274,0.9343650793650793,0.0363350807792978,2.2696
200,5,sqrt,5,2,0.9363983368525954,0.033954179462264394,0.9372222222222222,0.03340213986926295,2.2692
200,5,sqrt,5,5,0.9336173844716431,0.03444657173636976,0.9343650793650793,0.034014302713941486,2.29
200,5,sqrt,5,10,0.9187065004840687,0.041206130886550035,0.920079365079365,0.04010261780293809,2.2768
200,5,sqrt,10,1,0.9363983368525954,0.033954179462264394,0.9372222222222222,0.03340213986926295,2.2357
200,5,sqrt,10,2,0.9363983368525954,0.033954179462264394,0.9372222222222222,0.03340213986926295,2.2631
200,5,sqrt,10,5,0.9336173844716431,0.03444657173636976,0.9343650793650793,0.034014302713941486,2.255
200,5,sqrt,10,10,0.9187065004840687,0.041206130886550035,0.920079365079365,0.04010261780293809,2.2514
200,5,sqrt,20,1,0.9363983368525954,0.033954179462264394,0.9372222222222222,0.03340213986926295,2.2622
200,5,sqrt,20,2,0.9363983368525954,0.033954179462264394,0.9372222222222222,0.03340213986926295,2.3129
200,5,sqrt,20,5,0.9307011792298564,0.03704605318576411,0.9315079365079365,0.036676714764216446,2.2852
200,5,sqrt,20,10,0.9187065004840687,0.041206130886550035,0.920079365079365,0.04010261780293809,2.2901
200,5,log2,2,1,0.9334821316108087,0.036809641549874365,0.9343650793650793,0.0363350807792978,2.2814
200,5,log2,2,2,0.9333549587074597,0.03710298304012274,0.9343650793650793,0.0363350807792978,2.3285
200,5,log2,2,5,0.9336173844716431,0.03444657173636976,0.9343650793650793,0.034014302713941486,2.2169
200,5,log2,2,10,0.9187065004840687,0.041206130886550035,0.920079365079365,0.04010261780293809,2.2717
200,5,log2,5,1,0.9333549587074597,0.03710298304012274,0.9343650793650793,0.0363350807792978,2.3169
200,5,log2,5,2,0.9363983368525954,0.033954179462264394,0.9372222222222222,0.03340213986926295,2.2719
200,5,log2,5,5,0.9336173844716431,0.03444657173636976,0.9343650793650793,0.034014302713941486,2.258
200,5,log2,5,10,0.9187065004840687,0.041206130886550035,0.920079365079365,0.04010261780293809,2.249
200,5,log2,10,1,0.9363983368525954,0.033954179462264394,0.9372222222222222,0.03340213986926295,2.2765
200,5,log2,10,2,0.9363983368525954,0.033954179462264394,0.9372222222222222,0.03340213986926295,2.3212
200,5,log2,10,5,0.9336173844716431,0.03444657173636976,0.9343650793650793,0.034014302713941486,2.3754
200,5,log2,10,10,0.9187065004840687,0.041206130886550035,0.920079365079365,0.04010261780293809,2.29
200,5,log2,20,1,0.9363983368525954,0.033954179462264394,0.9372222222222222,0.03340213986926295,2.2714
200,5,log2,20,2,0.9363983368525954,0.033954179462264394,0.9372222222222222,0.03340213986926295,2.2687
200,5,log2,20,5,0.9307011792298564,0.03704605318576411,0.9315079365079365,0.036676714764216446,2.2631
200,5,log2,20,10,0.9187065004840687,0.041206130886550035,0.920079365079365,0.04010261780293809,2.3373
200,5,0.5,2,1,0.93341405396861,0.03185370659042688,0.9344444444444445,0.03147543403744904,2.3188
200,5,0.5,2,2,0.9276261853159247,0.026694419850690963,0.9288095238095238,0.026221842689132392,2.276
200,5,0.5,2,5,0.927848540852502,0.03188358674839755,0.9287301587301589,0.03201827709336047,2.3845
200,5,0.5,2,10,0.9141939319357792,0.0418046762238459,0.9145238095238095,0.04238429628327656,2.4279
200,5,0.5,5,1,0.9305765985730149,0.026631742300717007,0.9315873015873016,0.02625964891230903,2.3754
200,5,0.5,5,2,0.9276261853159247,0.026694419850690963,0.9288095238095238,0.026221842689132392,2.4549
200,5,0.5,5,5,0.927848540852502,0.03188358674839755,0.9287301587301589,0.03201827709336047,2.4021
200,5,0.5,5,10,0.9141939319357792,0.0418046762238459,0.9145238095238095,0.04238429628327656,2.3697
200,5,0.5,10,1,0.9334669424883589,0.034288987965757585,0.9342857142857144,0.0339266916772512,2.3482
200,5,0.5,10,2,0.9277956461920626,0.026656138984204904,0.9287301587301589,0.02643178873595795,2.4433
200,5,0.5,10,5,0.927848540852502,0.03188358674839755,0.9287301587301589,0.03201827709336047,2.3834
200,5,0.5,10,10,0.9141939319357792,0.0418046762238459,0.9145238095238095,0.04238429628327656,2.3761
200,5,0.5,20,1,0.9195054351667737,0.033386756615331296,0.920079365079365,0.033442847311214094,2.4882
200,5,0.5,20,2,0.9166379213763876,0.02979661702159933,0.9173015873015874,0.029969750433446796,2.4962
200,5,0.5,20,5,0.9195234492466795,0.03956852980417688,0.9201587301587303,0.04009342830436526,2.4206
200,5,0.5,20,10,0.9141939319357792,0.0418046762238459,0.9145238095238095,0.04238429628327656,2.4459
200,5,1.0,2,1,0.9219568665628112,0.03211780083854687,0.9230158730158731,0.031533015487892016,2.6344
200,5,1.0,2,2,0.9216218392712621,0.032532657928713425,0.9230158730158731,0.031533015487892016,2.5421
200,5,1.0,2,5,0.913648934585509,0.04031114955429648,0.9145238095238095,0.04041241474233038,2.4919
200,5,1.0,2,10,0.894295928348398,0.031284022391916536,0.8945238095238095,0.03158780010773554,2.5042
200,5,1.0,5,1,0.9247563027109985,0.029772740529775823,0.925873015873016,0.029234372339373014,2.655
200,5,1.0,5,2,0.9187964130785835,0.029164411550922646,0.9201587301587303,0.028127503667852122,2.7442
200,5,1.0,5,5,0.913648934585509,0.04031114955429648,0.9145238095238095,0.04041241474233038,2.9167
200,5,1.0,5,10,0.894295928348398,0.031284022391916536,0.8945238095238095,0.03158780010773554,2.7309
200,5,1.0,10,1,0.9222629542779875,0.02889630553412124,0.9230952380952381,0.028651673028759407,2.73
200,5,1.0,10,2,0.9221995209490593,0.022653457145948568,0.9230952380952381,0.022234832023247695,2.7311
200,5,1.0,10,5,0.913648934585509,0.04031114955429648,0.9145238095238095,0.04041241474233038,2.6004
200,5,1.0,10,10,0.894295928348398,0.031284022391916536,0.8945238095238095,0.03158780010773554,2.5415
200,5,1.0,20,1,0.894497058454801,0.030856474868862106,0.8945238095238095,0.03158780010773554,2.6542
200,5,1.0,20,2,0.894497058454801,0.030856474868862106,0.8945238095238095,0.03158780010773554,2.5547
200,5,1.0,20,5,0.9000584874667389,0.031070990212443556,0.9002380952380952,0.03205808928235389,2.5114
200,5,1.0,20,10,0.894295928348398,0.031284022391916536,0.8945238095238095,0.03158780010773554,2.5415
200,10,sqrt,2,1,0.9363983368525954,0.033954179462264394,0.9372222222222222,0.03340213986926295,2.3115
200,10,sqrt,2,2,0.9336173844716431,0.03444657173636976,0.9343650793650793,0.034014302713941486,2.3457
200,10,sqrt,2,5,0.9336173844716431,0.03444657173636976,0.9343650793650793,0.034014302713941486,2.4375
200,10,sqrt,2,10,0.9217151961362425,0.03958767735445709,0.9229365079365079,0.038539816557911395,2.3334
200,10,sqrt,5,1,0.930837233651625,0.036882723900557364,0.9315079365079365,0.036676714764216446,2.3294
200,10,sqrt,5,2,0.9336173844716431,0.03444657173636976,0.9343650793650793,0.034014302713941486,2.3871
200,10,sqrt,5,5,0.9336173844716431,0.03444657173636976,0.9343650793650793,0.034014302713941486,2.4048
200,10,sqrt,5,10,0.9217151961362425,0.03958767735445709,0.9229365079365079,0.038539816557911395,2.5103
200,10,sqrt,10,1,0.9280562812706726,0.039067047543066814,0.9286507936507936,0.03894949925305193,2.5626
200,10,sqrt,10,2,0.930837233651625,0.036882723900557364,0.9315079365079365,0.036676714764216446,2.7482
200,10,sqrt,10,5,0.9336173844716431,0.03444657173636976,0.9343650793650793,0.034014302713941486,2.5206
200,10,sqrt,10,10,0.9217151961362425,0.03958767735445709,0.9229365079365079,0.038539816557911395,2.5038
200,10,sqrt,20,1,0.9252814137905323,0.0430554552259997,0.9257936507936508,0.04284722107373473,2.6089
200,10,sqrt,20,2,0.9336410161575353,0.04076391628972456,0.9342857142857144,0.04050699108216523,2.5931
200,10,sqrt,20,5,0.930837233651625,0.036882723900557364,0.9315079365079365,0.036676714764216446,2.6024
200,10,sqrt,20,10,0.9217151961362425,0.03958767735445709,0.9229365079365079,0.038539816557911395,2.7215
200,10,log2,2,1,0.9363983368525954,0.033954179462264394,0.9372222222222222,0.03340213986926295,2.6054
200,10,log2,2,2,0.9336173844716431,0.03444657173636976,0.9343650793650793,0.034014302713941486,2.5862
200,10,log2,2,5,0.9336173844716431,0.03444657173636976,0.9343650793650793,0.034014302713941486,2.4835
200,10,log2,2,10,0.9217151961362425,0.03958767735445709,0.9229365079365079,0.038539816557911395,2.5625
200,10,log2,5,1,0.930837233651625,0.036882723900557364,0.9315079365079365,0.036676714764216446,2.5418
200,10,log2,5,2,0.9336173844716431,0.03444657173636976,0.9343650793650793,0.034014302713941486,2.8523
200,10,log2,5,5,0.9336173844716431,0.03444657173636976,0.9343650793650793,0.034014302713941486,2.5457
200,10,log2,5,10,0.9217151961362425,0.03958767735445709,0.9229365079365079,0.038539816557911395,2.505
200,10,log2,10,1,0.9280562812706726,0.039067047543066814,0.9286507936507936,0.03894949925305193,2.5498
200,10,log2,10,2,0.930837233651625,0.036882723900557364,0.9315079365079365,0.036676714764216446,2.4655
200,10,log2,10,5,0.9336173844716431,0.03444657173636976,0.9343650793650793,0.034014302713941486,2.486
200,10,log2,10,10,0.9217151961362425,0.03958767735445709,0.9229365079365079,0.038539816557911395,2.5598
200,10,log2,20,1,0.9252814137905323,0.0430554552259997,0.9257936507936508,0.04284722107373473,2.7254
200,10,log2,20,2,0.9336410161575353,0.04076391628972456,0.9342857142857144,0.04050699108216523,2.5226
200,10,log2,20,5,0.930837233651625,0.036882723900557364,0.9315079365079365,0.036676714764216446,2.57
200,10,log2,20,10,0.9217151961362425,0.03958767735445709,0.9229365079365079,0.038539816557911395,2.564
200,10,0.5,2,1,0.9278985831621356,0.04121765591690329,0.9285714285714286,0.040908060180789595,2.7211
200,10,0.5,2,2,0.927819250022535,0.02988482740240799,0.9286507936507936,0.029393915485584707,2.759
200,10,0.5,2,5,0.927830057085267,0.03453967511520745,0.9287301587301589,0.034473691043310994,2.7336
200,10,0.5,2,10,0.9141939319357792,0.0418046762238459,0.9145238095238095,0.04238429628327656,2.723
200,10,0.5,5,1,0.9250304799376503,0.03475012071820639,0.9257142857142858,0.034285714285714294,2.7606
200,10,0.5,5,2,0.9306230325284452,0.03480499960102533,0.9314285714285715,0.034285714285714294,2.8392
200,10,0.5,5,5,0.927830057085267,0.03453967511520745,0.9287301587301589,0.034473691043310994,2.7907
200,10,0.5,5,10,0.9141939319357792,0.0418046762238459,0.9145238095238095,0.04238429628327656,2.9449
200,10,0.5,10,1,0.933708256744797,0.040779717494946334,0.9342857142857144,0.04050699108216523,2.8992
200,10,0.5,10,2,0.9278420801474928,0.03482737868457292,0.9285714285714286,0.03440455593940657,2.7208
200,10,0.5,10,5,0.927830057085267,0.03453967511520745,0.9287301587301589,0.034473691043310994,2.7394
200,10,0.5,10,10,0.9141939319357792,0.0418046762238459,0.9145238095238095,0.04238429628327656,2.6501
200,10,0.5,20,1,0.9256046031669605,0.038812544298438084,0.9257142857142858,0.0387561713321444,2.6477
200,10,0.5,20,2,0.9195097815244966,0.04013747623319458,0.9200000000000002,0.040000000000000015,2.8158
200,10,0.5,20,5,0.9167240130984922,0.04100618885757218,0.9173015873015874,0.04140667182538737,2.6137
200,10,0.5,20,10,0.9141939319357792,0.0418046762238459,0.9145238095238095,0.04238429628327656,2.6004
200,10,1.0,2,1,0.9281628749977091,0.05327725195671804,0.9285714285714286,0.053069073202876335,2.8598
200,10,1.0,2,2,0.924965562214985,0.029685575315420303,0.925873015873016,0.029234372339373014,3.0243
200,10,1.0,2,5,0.9108235083928303,0.037042194051271474,0.9116666666666667,0.037168031761636404,3.2102
200,10,1.0,2,10,0.894295928348398,0.031284022391916536,0.8945238095238095,0.03158780010773554,3.0448
200,10,1.0,5,1,0.9253819226167568,0.048215838970421115,0.9257142857142858,0.0481494272752935,3.1134
200,10,1.0,5,2,0.924965562214985,0.029685575315420303,0.925873015873016,0.029234372339373014,3.1436
200,10,1.0,5,5,0.9108235083928303,0.037042194051271474,0.9116666666666667,0.037168031761636404,3.0839
200,10,1.0,5,10,0.894295928348398,0.031284022391916536,0.8945238095238095,0.03158780010773554,3.0592
200,10,1.0,10,1,0.9143369106122796,0.04586124460020155,0.9143650793650794,0.04616899353157725,3.3192
200,10,1.0,10,2,0.919418568568107,0.02163068792963491,0.9202380952380953,0.02132913436567729,3.0559
200,10,1.0,10,5,0.9108235083928303,0.037042194051271474,0.9116666666666667,0.037168031761636404,3.0108
200,10,1.0,10,10,0.894295928348398,0.031284022391916536,0.8945238095238095,0.03158780010773554,3.0513
200,10,1.0,20,1,0.8948307395161768,0.047092716610527344,0.8943650793650795,0.04802269399275715,3.4445
200,10,1.0,20,2,0.894497058454801,0.030856474868862106,0.8945238095238095,0.03158780010773554,3.4849
200,10,1.0,20,5,0.9000584874667389,0.031070990212443556,0.9002380952380952,0.03205808928235389,3.2006
200,10,1.0,20,10,0.894295928348398,0.031284022391916536,0.8945238095238095,0.03158780010773554,3.1283
200,20,sqrt,2,1,0.9336173844716431,0.03444657173636976,0.9343650793650793,0.034014302713941486,2.9008
200,20,sqrt,2,2,0.930837233651625,0.036882723900557364,0.9315079365079365,0.036676714764216446,2.8362
200,20,sqrt,2,5,0.9336173844716431,0.03444657173636976,0.9343650793650793,0.034014302713941486,2.954
200,20,sqrt,2,10,0.9217151961362425,0.03958767735445709,0.9229365079365079,0.038539816557911395,2.7334
200,20,sqrt,5,1,0.930837233651625,0.036882723900557364,0.9315079365079365,0.036676714764216446,2.6647
200,20,sqrt,5,2,0.930837233651625,0.036882723900557364,0.9315079365079365,0.036676714764216446,2.7499
200,20,sqrt,5,5,0.9336173844716431,0.03444657173636976,0.9343650793650793,0.034014302713941486,2.8987
200,20,sqrt,5,10,0.9217151961362425,0.03958767735445709,0.9229365079365079,0.038539816557911395,2.7708
200,20,sqrt,10,1,0.9280562812706726,0.039067047543066814,0.9286507936507936,0.03894949925305193,2.9415
200,20,sqrt,10,2,0.930837233651625,0.036882723900557364,0.9315079365079365,0.036676714764216446,2.9111
200,20,sqrt,10,5,0.9336173844716431,0.03444657173636976,0.9343650793650793,0.034014302713941486,2.8409
200,20,sqrt,10,10,0.9217151961362425,0.03958767735445709,0.9229365079365079,0.038539816557911395,2.7833
200,20,sqrt,20,1,0.9253042439154902,0.048341294009064326,0.9257142857142858,0.0481494272752935,2.7711
200,20,sqrt,20,2,0.9336410161575353,0.04076391628972456,0.9342857142857144,0.04050699108216523,2.888
200,20,sqrt,20,5,0.930837233651625,0.036882723900557364,0.9315079365079365,0.036676714764216446,2.7564
200,20,sqrt,20,10,0.9217151961362425,0.03958767735445709,0.9229365079365079,0.038539816557911395,2.662
200,20,log2,2,1,0.9336173844716431,0.03444657173636976,0.9343650793650793,0.034014302713941486,2.7419
200,20,log2,2,2,0.930837233651625,0.036882723900557364,0.9315079365079365,0.036676714764216446,2.8006
200,20,log2,2,5,0.9336173844716431,0.03444657173636976,0.9343650793650793,0.034014302713941486,2.781
200,20,log2,2,10,0.9217151961362425,0.03958767735445709,0.9229365079365079,0.038539816557911395,2.9184
200,20,log2,5,1,0.930837233651625,0.036882723900557364,0.9315079365079365,0.036676714764216446,2.8566
200,20,log2,5,2,0.930837233651625,0.036882723900557364,0.9315079365079365,0.036676714764216446,2.9171
200,20,log2,5,5,0.9336173844716431,0.03444657173636976,0.9343650793650793,0.034014302713941486,2.8313
200,20,log2,5,10,0.9217151961362425,0.03958767735445709,0.9229365079365079,0.038539816557911395,2.8848
200,20,log2,10,1,0.9280562812706726,0.039067047543066814,0.9286507936507936,0.03894949925305193,2.8161
200,20,log2,10,2,0.930837233651625,0.036882723900557364,0.9315079365079365,0.036676714764216446,2.9771
200,20,log2,10,5,0.9336173844716431,0.03444657173636976,0.9343650793650793,0.034014302713941486,2.7944
200,20,log2,10,10,0.9217151961362425,0.03958767735445709,0.9229365079365079,0.038539816557911395,2.7174
200,20,log2,20,1,0.9253042439154902,0.048341294009064326,0.9257142857142858,0.0481494272752935,2.4069
200,20,log2,20,2,0.9336410161575353,0.04076391628972456,0.9342857142857144,0.04050699108216523,2.4247
200,20,log2,20,5,0.930837233651625,0.036882723900557364,0.9315079365079365,0.036676714764216446,2.6091
200,20,log2,20,10,0.9217151961362425,0.03958767735445709,0.9229365079365079,0.038539816557911395,2.7641
200,20,0.5,2,1,0.9281235218579346,0.03694759162356842,0.9286507936507936,0.036793996601905646,2.7867
200,20,0.5,2,2,0.927819250022535,0.02988482740240799,0.9286507936507936,0.029393915485584707,2.7569
200,20,0.5,2,5,0.927830057085267,0.03453967511520745,0.9287301587301589,0.034473691043310994,2.6492
200,20,0.5,2,10,0.9141939319357792,0.0418046762238459,0.9145238095238095,0.04238429628327656,2.6726
200,20,0.5,5,1,0.922249527556698,0.03662203107699585,0.9228571428571429,0.03625307868699864,2.896
200,20,0.5,5,2,0.927819250022535,0.02988482740240799,0.9286507936507936,0.029393915485584707,2.818
200,20,0.5,5,5,0.927830057085267,0.03453967511520745,0.9287301587301589,0.034473691043310994,2.7285
200,20,0.5,5,10,0.9141939319357792,0.0418046762238459,0.9145238095238095,0.04238429628327656,3.6681
200,20,0.5,10,1,0.933708256744797,0.040779717494946334,0.9342857142857144,0.04050699108216523,5.3709
200,20,0.5,10,2,0.9306230325284452,0.03480499960102533,0.9314285714285715,0.034285714285714294,5.0055
200,20,0.5,10,5,0.927830057085267,0.03453967511520745,0.9287301587301589,0.034473691043310994,4.8147
200,20,0.5,10,10,0.9141939319357792,0.0418046762238459,0.9145238095238095,0.04238429628327656,4.7717
200,20,0.5,20,1,0.9256046031669605,0.038812544298438084,0.9257142857142858,0.0387561713321444,5.384
200,20,0.5,20,2,0.9195097815244966,0.04013747623319458,0.9200000000000002,0.040000000000000015,4.9527
200,20,0.5,20,5,0.9167240130984922,0.04100618885757218,0.9173015873015874,0.04140667182538737,4.7766
200,20,0.5,20,10,0.9141939319357792,0.0418046762238459,0.9145238095238095,0.04238429628327656,4.3402
200,20,1.0,2,1,0.9311470019818362,0.049871499498117144,0.9314285714285715,0.049815987926179146,5.587
200,20,1.0,2,2,0.924965562214985,0.029685575315420303,0.925873015873016,0.029234372339373014,5.3838
200,20,1.0,2,5,0.9108235083928303,0.037042194051271474,0.9116666666666667,0.037168031761636404,5.222
200,20,1.0,2,10,0.894295928348398,0.031284022391916536,0.8945238095238095,0.03158780010773554,5.0325
200,20,1.0,5,1,0.9226009702358045,0.04792885229438907,0.9228571428571429,0.047894441754972046,5.6509
200,20,1.0,5,2,0.924965562214985,0.029685575315420303,0.925873015873016,0.029234372339373014,6.1765
200,20,1.0,5,5,0.9108235083928303,0.037042194051271474,0.9116666666666667,0.037168031761636404,5.3043
200,20,1.0,5,10,0.894295928348398,0.031284022391916536,0.8945238095238095,0.03158780010773554,5.0691
200,20,1.0,10,1,0.9143369106122796,0.04586124460020155,0.9143650793650794,0.04616899353157725,5.4972
200,20,1.0,10,2,0.919418568568107,0.02163068792963491,0.9202380952380953,0.02132913436567729,5.3491
200,20,1.0,10,5,0.9108235083928303,0.037042194051271474,0.9116666666666667,0.037168031761636404,5.1433
200,20,1.0,10,10,0.894295928348398,0.031284022391916536,0.8945238095238095,0.03158780010773554,4.9005
200,20,1.0,20,1,0.8948307395161768,0.047092716610527344,0.8943650793650795,0.04802269399275715,5.7062
200,20,1.0,20,2,0.894497058454801,0.030856474868862106,0.8945238095238095,0.03158780010773554,5.6681
200,20,1.0,20,5,0.9000584874667389,0.031070990212443556,0.9002380952380952,0.03205808928235389,5.2812
200,20,1.0,20,10,0.894295928348398,0.031284022391916536,0.8945238095238095,0.03158780010773554,5.237
500,,sqrt,2,1,0.930837233651625,0.036882723900557364,0.9315079365079365,0.036676714764216446,11.2726
500,,sqrt,2,2,0.930837233651625,0.036882723900557364,0.9315079365079365,0.036676714764216446,11.1422
500,,sqrt,2,5,0.9336173844716431,0.03444657173636976,0.9343650793650793,0.034014302713941486,12.1274
500,,sqrt,2,10,0.9306975708756531,0.03681900435163091,0.9315079365079365,0.036676714764216446,12.1495
500,,sqrt,5,1,0.930837233651625,0.036882723900557364,0.9315079365079365,0.036676714764216446,12.2219
500,,sqrt,5,2,0.930837233651625,0.036882723900557364,0.9315079365079365,0.036676714764216446,11.7238
500,,sqrt,5,5,0.9336173844716431,0.03444657173636976,0.9343650793650793,0.034014302713941486,10.939
500,,sqrt,5,10,0.9306975708756531,0.03681900435163091,0.9315079365079365,0.036676714764216446,10.8176
500,,sqrt,10,1,0.9280377975034376,0.039236701315931155,0.9286507936507936,0.03894949925305193,10.7635
500,,sqrt,10,2,0.930837233651625,0.036882723900557364,0.9315079365079365,0.036676714764216446,11.0441
500,,sqrt,10,5,0.9336173844716431,0.03444657173636976,0.9343650793650793,0.034014302713941486,10.8747
500,,sqrt,10,10,0.9306975708756531,0.03681900435163091,0.9315079365079365,0.036676714764216446,10.6461
500,,sqrt,20,1,0.9252568451224853,0.04110775370072949,0.9257936507936508,0.04089766555219318,11.1748
500,,sqrt,20,2,0.930837233651625,0.036882723900557364,0.9315079365079365,0.036676714764216446,12.1423
500,,sqrt,20,5,0.930837233651625,0.036882723900557364,0.9315079365079365,0.036676714764216446,11.728
500,,sqrt,20,10,0.9306975708756531,0.03681900435163091,0.9315079365079365,0.036676714764216446,11.8543
500,,log2,2,1,0.930837233651625,0.036882723900557364,0.9315079365079365,0.036676714764216446,13.9003
500,,log2,2,2,0.930837233651625,0.036882723900557364,0.9315079365079365,0.036676714764216446,14.5088
500,,log2,2,5,0.9336173844716431,0.03444657173636976,0.9343650793650793,0.034014302713941486,15.4632
500,,log2,2,10,0.9306975708756531,0.03681900435163091,0.9315079365079365,0.036676714764216446,13.7349
500,,log2,5,1,0.930837233651625,0.036882723900557364,0.9315079365079365,0.036676714764216446,12.1041
500,,log2,5,2,0.930837233651625,0.036882723900557364,0.9315079365079365,0.036676714764216446,11.8638
500,,log2,5,5,0.9336173844716431,0.03444657173636976,0.9343650793650793,0.034014302713941486,11.8008
500,,log2,5,10,0.9306975708756531,0.03681900435163091,0.9315079365079365,0.036676714764216446,11.864
500,,log2,10,1,0.9280377975034376,0.039236701315931155,0.9286507936507936,0.03894949925305193,12.1364
500,,log2,10,2,0.930837233651625,0.036882723900557364,0.9315079365079365,0.036676714764216446,12.0176
500,,log2,10,5,0.9336173844716431,0.03444657173636976,0.9343650793650793,0.034014302713941486,12.0621
500,,log2,10,10,0.9306975708756531,0.03681900435163091,0.9315079365079365,0.036676714764216446,11.8772
500,,log2,20,1,0.9252568451224853,0.04110775370072949,0.9257936507936508,0.04089766555219318,12.784
500,,log2,20,2,0.930837233651625,0.036882723900557364,0.9315079365079365,0.036676714764216446,12.5139
500,,log2,20,5,0.930837233651625,0.036882723900557364,0.9315079365079365,0.036676714764216446,12.9993
500,,log2,20,10,0.9306975708756531,0.03681900435163091,0.9315079365079365,0.036676714764216446,12.5975
500,,0.5,2,1,0.925064152827335,0.03706572912216559,0.9257936507936508,0.03668907787576775,15.3448
500,,0.5,2,2,0.9250605444731319,0.03455296532912441,0.9257936507936508,0.03439219576083652,16.5409
500,,0.5,2,5,0.9222976061720853,0.040192297506458544,0.9230158730158731,0.04058808064259053,19.4058
500,,0.5,2,10,0.9139844874087142,0.03975349209093908,0.9144444444444446,0.04052098361810438,17.0478
500,,0.5,5,1,0.9222832004463827,0.03666754184136925,0.9229365079365079,0.036360035123676825,17.0525
500,,0.5,5,2,0.9250382976415826,0.029649061476074063,0.9257936507936508,0.029262476262387694,15.5369
500,,0.5,5,5,0.9222976061720853,0.040192297506458544,0.9230158730158731,0.04058808064259053,16.4537
500,,0.5,5,10,0.9139844874087142,0.03975349209093908,0.9144444444444446,0.04052098361810438,15.8158
500,,0.5,10,1,0.925109229783842,0.044818253774405355,0.9257142857142858,0.044629998148038044,15.4778
500,,0.5,10,2,0.9250833745980896,0.03890856940813208,0.9257142857142858,0.0387561713321444,15.7447
500,,0.5,10,5,0.9222976061720853,0.040192297506458544,0.9230158730158731,0.04058808064259053,16.5951
500,,0.5,10,10,0.9139844874087142,0.03975349209093908,0.9144444444444446,0.04052098361810438,15.9871
500,,0.5,20,1,0.922519543209004,0.040558414373720444,0.9228571428571429,0.040506991082165225,16.3563
500,,0.5,20,2,0.9225489970577267,0.04413243574276031,0.9228571428571429,0.044354784846457204,15.5355
500,,0.5,20,5,0.9139124128886496,0.04016980195642146,0.9144444444444446,0.04052098361810438,15.6467
500,,0.5,20,10,0.9139844874087142,0.03975349209093908,0.9144444444444446,0.04052098361810438,16.0447
500,,1.0,2,1,0.9281226344682878,0.0411336316526969,0.9285714285714286,0.040908060180789595,22.2305
500,,1.0,2,2,0.9364650158611779,0.03367562124656309,0.9371428571428572,0.03331972511340173,18.5346
500,,1.0,2,5,0.9191509786706937,0.04005037782700698,0.9201587301587303,0.04009342830436526,13.5182
500,,1.0,2,10,0.894295928348398,0.031284022391916536,0.8945238095238095,0.03158780010773554,12.4537
500,,1.0,5,1,0.9253031727705652,0.041071331869699614,0.9257142857142858,0.040808162448816306,13.485
500,,1.0,5,2,0.9364650158611779,0.03367562124656309,0.9371428571428572,0.03331972511340173,14.0695
500,,1.0,5,5,0.9191509786706937,0.04005037782700698,0.9201587301587303,0.04009342830436526,13.7264
500,,1.0,5,10,0.894295928348398,0.031284022391916536,0.8945238095238095,0.03158780010773554,13.6923
500,,1.0,10,1,0.9170742763596123,0.044899177010090545,0.9172222222222223,0.04518104171676705,15.0645
500,,1.0,10,2,0.9167337906791531,0.03671532823278626,0.9173809523809524,0.03713140849198477,14.2097
500,,1.0,10,5,0.9191509786706937,0.04005037782700698,0.9201587301587303,0.04009342830436526,13.9418
500,,1.0,10,10,0.894295928348398,0.031284022391916536,0.8945238095238095,0.03158780010773554,13.2372
500,,1.0,20,1,0.8975891885644252,0.04218693653692685,0.8972222222222224,0.04290011073568208,14.6742
500,,1.0,20,2,0.9004390874403082,0.031229826903033043,0.9002380952380952,0.03205808928235389,15.579
500,,1.0,20,5,0.9000584874667389,0.031070990212443556,0.9002380952380952,0.03205808928235389,14.9876
500,,1.0,20,10,0.894295928348398,0.031284022391916536,0.8945238095238095,0.03158780010773554,15.1817
500,5,sqrt,2,1,0.9392237630452742,0.035513819293417195,0.9400793650793651,0.03494813131036006,12.503
500,5,sqrt,2,2,0.9392237630452742,0.035513819293417195,0.9400793650793651,0.03494813131036006,12.9741
500,5,sqrt,2,5,0.9307011792298564,0.03704605318576411,0.9315079365079365,0.036676714764216446,12.7618
500,5,sqrt,2,10,0.9334562764250564,0.03199582449701713,0.9343650793650793,0.03152312616148972,13.6805
500,5,sqrt,5,1,0.9392237630452742,0.035513819293417195,0.9400793650793651,0.03494813131036006,11.3372
500,5,sqrt,5,2,0.9392237630452742,0.035513819293417195,0.9400793650793651,0.03494813131036006,10.2559
500,5,sqrt,5,5,0.9307011792298564,0.03704605318576411,0.9315079365079365,0.036676714764216446,10.5677
500,5,sqrt,5,10,0.9334562764250564,0.03199582449701713,0.9343650793650793,0.03152312616148972,10.5211
500,5,sqrt,10,1,0.9363983368525954,0.033954179462264394,0.9372222222222222,0.03340213986926295,10.3683
500,5,sqrt,10,2,0.9336173844716431,0.03444657173636976,0.9343650793650793,0.034014302713941486,10.233
500,5,sqrt,10,5,0.9307011792298564,0.03704605318576411,0.9315079365079365,0.036676714764216446,10.1747
500,5,sqrt,10,10,0.9334562764250564,0.03199582449701713,0.9343650793650793,0.03152312616148972,10.2621
500,5,sqrt,20,1,0.9363983368525954,0.033954179462264394,0.9372222222222222,0.03340213986926295,10.2121
500,5,sqrt,20,2,0.9336173844716431,0.03444657173636976,0.9343650793650793,0.034014302713941486,10.2532
500,5,sqrt,20,5,0.9279424736804531,0.04109884851186065,0.9286507936507936,0.04099181379478032,10.2791
500,5,sqrt,20,10,0.9334562764250564,0.03199582449701713,0.9343650793650793,0.03152312616148972,10.2784
500,5,log2,2,1,0.9392237630452742,0.035513819293417195,0.9400793650793651,0.03494813131036006,10.1881
500,5,log2,2,2,0.9392237630452742,0.035513819293417195,0.9400793650793651,0.03494813131036006,10.362
500,5,log2,2,5,0.9307011792298564,0.03704605318576411,0.9315079365079365,0.036676714764216446,12.1804
500,5,log2,2,10,0.9334562764250564,0.03199582449701713,0.9343650793650793,0.03152312616148972,12.1931
500,5,log2,5,1,0.9392237630452742,0.035513819293417195,0.9400793650793651,0.03494813131036006,12.4386
500,5,log2,5,2,0.9392237630452742,0.035513819293417195,0.9400793650793651,0.03494813131036006,11.4898
500,5,log2,5,5,0.9307011792298564,0.03704605318576411,0.9315079365079365,0.036676714764216446,12.2788
500,5,log2,5,10,0.9334562764250564,0.03199582449701713,0.9343650793650793,0.03152312616148972,12.4235
500,5,log2,10,1,0.9363983368525954,0.033954179462264394,0.9372222222222222,0.03340213986926295,12.0137
500,5,log2,10,2,0.9336173844716431,0.03444657173636976,0.9343650793650793,0.034014302713941486,12.9068
500,5,log2,10,5,0.9307011792298564,0.03704605318576411,0.9315079365079365,0.036676714764216446,12.8407
500,5,log2,10,10,0.9334562764250564,0.03199582449701713,0.9343650793650793,0.03152312616148972,13.8272
500,5,log2,20,1,0.9363983368525954,0.033954179462264394,0.9372222222222222,0.03340213986926295,13.5536
500,5,log2,20,2,0.9336173844716431,0.03444657173636976,0.9343650793650793,0.034014302713941486,12.9019
500,5,log2,20,5,0.9279424736804531,0.04109884851186065,0.9286507936507936,0.04099181379478032,13.1233
500,5,log2,20,10,0.9334562764250564,0.03199582449701713,0.9343650793650793,0.03152312616148972,13.6858
500,5,0.5,2,1,0.93341405396861,0.03185370659042688,0.9344444444444445,0.03147543403744904,13.2193
500,5,0.5,2,2,0.9277049351621164,0.03674423769074878,0.9288095238095238,0.03661483658987709,12.883
500,5,0.5,2,5,0.9247140774127656,0.03475494025313406,0.925873015873016,0.03436828681098312,15.1054
500,5,0.5,2,10,0.9139844874087142,0.03975349209093908,0.9144444444444446,0.04052098361810438,16.0802
500,5,0.5,5,1,0.9362815677589961,0.03384204739364069,0.9372222222222222,0.03340213986926295,15.0782
500,5,0.5,5,2,0.9304636407115197,0.03216744175052316,0.9316666666666666,0.03169529676047685,14.9427
500,5,0.5,5,5,0.9247140774127656,0.03475494025313406,0.925873015873016,0.03436828681098312,15.4082
500,5,0.5,5,10,0.9139844874087142,0.03975349209093908,0.9144444444444446,0.04052098361810438,16.1049
500,5,0.5,10,1,0.9307082369389557,0.03882911074147088,0.9314285714285715,0.0387561713321444,16.0412
500,5,0.5,10,2,0.9222115144499806,0.028682944768776655,0.9230158730158731,0.028828211176505365,15.1678
500,5,0.5,10,5,0.9247140774127656,0.03475494025313406,0.925873015873016,0.03436828681098312,15.8156
500,5,0.5,10,10,0.9139844874087142,0.03975349209093908,0.9144444444444446,0.04052098361810438,15.9271
500,5,0.5,20,1,0.9250712105364343,0.036689077697927515,0.9257142857142858,0.036589281356759144,15.496
500,5,0.5,20,2,0.9222674280305242,0.0315700986887062,0.9229365079365079,0.031551886503822776,15.0981
500,5,0.5,20,5,0.9195234492466795,0.03956852980417688,0.9201587301587303,0.04009342830436526,15.4601
500,5,0.5,20,10,0.9139844874087142,0.03975349209093908,0.9144444444444446,0.04052098361810438,17.0598
500,5,1.0,2,1,0.9277649983631724,0.026818855811184518,0.9287301587301589,0.02643178873595795,17.7137
500,5,1.0,2,2,0.924630534923436,0.030167367689616136,0.925873015873016,0.029234372339373014,18.5702
500,5,1.0,2,5,0.9191509786706937,0.04005037782700698,0.9201587301587303,0.04009342830436526,14.9101
500,5,1.0,2,10,0.894295928348398,0.031284022391916536,0.8945238095238095,0.03158780010773554,12.8258
500,5,1.0,5,1,0.9277649983631724,0.026818855811184518,0.9287301587301589,0.02643178873595795,13.1243
500,5,1.0,5,2,0.924630534923436,0.030167367689616136,0.925873015873016,0.029234372339373014,12.4366
500,5,1.0,5,5,0.9191509786706937,0.04005037782700698,0.9201587301587303,0.04009342830436526,13.7003
500,5,1.0,5,10,0.894295928348398,0.031284022391916536,0.8945238095238095,0.03158780010773554,14.3603
500,5,1.0,10,1,0.9195147430601054,0.037526527504160787,0.9202380952380953,0.03787510804636481,14.7127
500,5,1.0,10,2,0.9195147430601054,0.037526527504160787,0.9202380952380953,0.03787510804636481,14.2804
500,5,1.0,10,5,0.9191509786706937,0.04005037782700698,0.9201587301587303,0.04009342830436526,14.0305
500,5,1.0,10,10,0.894295928348398,0.031284022391916536,0.8945238095238095,0.03158780010773554,15.4581
500,5,1.0,20,1,0.894497058454801,0.030856474868862106,0.8945238095238095,0.03158780010773554,14.7226
500,5,1.0,20,2,0.894497058454801,0.030856474868862106,0.8945238095238095,0.03158780010773554,14.1149
500,5,1.0,20,5,0.9000584874667389,0.031070990212443556,0.9002380952380952,0.03205808928235389,13.3755
500,5,1.0,20,10,0.894295928348398,0.031284022391916536,0.8945238095238095,0.03158780010773554,11.994
500,10,sqrt,2,1,0.930837233651625,0.036882723900557364,0.9315079365079365,0.036676714764216446,11.4074
500,10,sqrt,2,2,0.9336173844716431,0.03444657173636976,0.9343650793650793,0.034014302713941486,10.7829
500,10,sqrt,2,5,0.9336173844716431,0.03444657173636976,0.9343650793650793,0.034014302713941486,10.7041
500,10,sqrt,2,10,0.9306975708756531,0.03681900435163091,0.9315079365079365,0.036676714764216446,10.8157
500,10,sqrt,5,1,0.930837233651625,0.036882723900557364,0.9315079365079365,0.036676714764216446,11.0854
500,10,sqrt,5,2,0.930837233651625,0.036882723900557364,0.9315079365079365,0.036676714764216446,11.506
500,10,sqrt,5,5,0.9336173844716431,0.03444657173636976,0.9343650793650793,0.034014302713941486,10.8128
500,10,sqrt,5,10,0.9306975708756531,0.03681900435163091,0.9315079365079365,0.036676714764216446,11.475
500,10,sqrt,10,1,0.9280377975034376,0.039236701315931155,0.9286507936507936,0.03894949925305193,11.1376
500,10,sqrt,10,2,0.930837233651625,0.036882723900557364,0.9315079365079365,0.036676714764216446,11.4983
500,10,sqrt,10,5,0.9336173844716431,0.03444657173636976,0.9343650793650793,0.034014302713941486,11.578
500,10,sqrt,10,10,0.9306975708756531,0.03681900435163091,0.9315079365079365,0.036676714764216446,12.5295
500,10,sqrt,20,1,0.9282655407746594,0.0389829501594383,0.9286507936507936,0.03894949925305193,12.76
500,10,sqrt,20,2,0.930837233651625,0.036882723900557364,0.9315079365079365,0.036676714764216446,13.3379
500,10,sqrt,20,5,0.930837233651625,0.036882723900557364,0.9315079365079365,0.036676714764216446,12.9979
500,10,sqrt,20,10,0.9306975708756531,0.03681900435163091,0.9315079365079365,0.036676714764216446,12.7036
500,10,log2,2,1,0.930837233651625,0.036882723900557364,0.9315079365079365,0.036676714764216446,12.9344
500,10,log2,2,2,0.9336173844716431,0.03444657173636976,0.9343650793650793,0.034014302713941486,13.7387
500,10,log2,2,5,0.9336173844716431,0.03444657173636976,0.9343650793650793,0.034014302713941486,15.2462
500,10,log2,2,10,0.9306975708756531,0.03681900435163091,0.9315079365079365,0.036676714764216446,16.9758
500,10,log2,5,1,0.930837233651625,0.036882723900557364,0.9315079365079365,0.036676714764216446,14.4693
500,10,log2,5,2,0.930837233651625,0.036882723900557364,0.9315079365079365,0.036676714764216446,14.8787
500,10,log2,5,5,0.9336173844716431,0.03444657173636976,0.9343650793650793,0.034014302713941486,14.1834
500,10,log2,5,10,0.9306975708756531,0.03681900435163091,0.9315079365079365,0.036676714764216446,16.2863
500,10,log2,10,1,0.9280377975034376,0.039236701315931155,0.9286507936507936,0.03894949925305193,14.8651
500,10,log2,10,2,0.930837233651625,0.036882723900557364,0.9315079365079365,0.036676714764216446,13.9196
500,10,log2,10,5,0.9336173844716431,0.03444657173636976,0.9343650793650793,0.034014302713941486,13.5609
500,10,log2,10,10,0.9306975708756531,0.03681900435163091,0.9315079365079365,0.036676714764216446,13.2814
500,10,log2,20,1,0.9282655407746594,0.0389829501594383,0.9286507936507936,0.03894949925305193,13.5872
500,10,log2,20,2,0.930837233651625,0.036882723900557364,0.9315079365079365,0.036676714764216446,13.2505
500,10,log2,20,5,0.930837233651625,0.036882723900557364,0.9315079365079365,0.036676714764216446,13.6597
500,10,log2,20,10,0.9306975708756531,0.03681900435163091,0.9315079365079365,0.036676714764216446,14.5757
500,10,0.5,2,1,0.925064152827335,0.03706572912216559,0.9257936507936508,0.03668907787576775,15.2906
500,10,0.5,2,2,0.9250605444731319,0.03455296532912441,0.9257936507936508,0.03439219576083652,14.0075
500,10,0.5,2,5,0.9222976061720853,0.040192297506458544,0.9230158730158731,0.04058808064259053,14.7895
500,10,0.5,2,10,0.9139844874087142,0.03975349209093908,0.9144444444444446,0.04052098361810438,16.5862
500,10,0.5,5,1,0.9222832004463827,0.03666754184136925,0.9229365079365079,0.036360035123676825,18.532
500,10,0.5,5,2,0.9250382976415826,0.029649061476074063,0.9257936507936508,0.029262476262387694,17.9653
500,10,0.5,5,5,0.9222976061720853,0.040192297506458544,0.9230158730158731,0.04058808064259053,15.7495
500,10,0.5,5,10,0.9139844874087142,0.03975349209093908,0.9144444444444446,0.04052098361810438,17.0979
500,10,0.5,10,1,0.9223282774028897,0.044492324444300034,0.9228571428571429,0.044354784846457225,18.3343
500,10,0.5,10,2,0.9250833745980896,0.03890856940813208,0.9257142857142858,0.0387561713321444,17.5066
500,10,0.5,10,5,0.9222976061720853,0.040192297506458544,0.9230158730158731,0.04058808064259053,17.0503
500,10,0.5,10,10,0.9139844874087142,0.03975349209093908,0.9144444444444446,0.04052098361810438,17.798
500,10,0.5,20,1,0.922519543209004,0.040558414373720444,0.9228571428571429,0.040506991082165225,17.5192
500,10,0.5,20,2,0.9225489970577267,0.04413243574276031,0.9228571428571429,0.044354784846457204,17.0938
500,10,0.5,20,5,0.9139124128886496,0.04016980195642146,0.9144444444444446,0.04052098361810438,17.5685
500,10,0.5,20,10,0.9139844874087142,0.03975349209093908,0.9144444444444446,0.04052098361810438,18.5924
500,10,1.0,2,1,0.9338676882838319,0.04066953525712039,0.9342857142857144,0.04050699108216523,19.5896
500,10,1.0,2,2,0.9364650158611779,0.03367562124656309,0.9371428571428572,0.03331972511340173,19.0878
500,10,1.0,2,5,0.9191509786706937,0.04005037782700698,0.9201587301587303,0.04009342830436526,18.1911
500,10,1.0,2,10,0.894295928348398,0.031284022391916536,0.8945238095238095,0.03158780010773554,11.2122
500,10,1.0,5,1,0.9253031727705652,0.041071331869699614,0.9257142857142858,0.040808162448816306,12.6338
500,10,1.0,5,2,0.9364650158611779,0.03367562124656309,0.9371428571428572,0.03331972511340173,12.1932
500,10,1.0,5,5,0.9191509786706937,0.04005037782700698,0.9201587301587303,0.04009342830436526,11.1643
500,10,1.0,5,10,0.894295928348398,0.031284022391916536,0.8945238095238095,0.03158780010773554,10.5434
500,10,1.0,10,1,0.9170742763596123,0.044899177010090545,0.9172222222222223,0.04518104171676705,12.0842
500,10,1.0,10,2,0.9167337906791531,0.03671532823278626,0.9173809523809524,0.03713140849198477,12.2879
500,10,1.0,10,5,0.9191509786706937,0.04005037782700698,0.9201587301587303,0.04009342830436526,13.2071
500,10,1.0,10,10,0.894295928348398,0.031284022391916536,0.8945238095238095,0.03158780010773554,13.3247
500,10,1.0,20,1,0.8975891885644252,0.04218693653692685,0.8972222222222224,0.04290011073568208,12.3015
500,10,1.0,20,2,0.9004390874403082,0.031229826903033043,0.9002380952380952,0.03205808928235389,11.818
500,10,1.0,20,5,0.9000584874667389,0.031070990212443556,0.9002380952380952,0.03205808928235389,14.09
500,10,1.0,20,10,0.894295928348398,0.031284022391916536,0.8945238095238095,0.03158780010773554,13.088
500,20,sqrt,2,1,0.930837233651625,0.036882723900557364,0.9315079365079365,0.036676714764216446,9.3369
500,20,sqrt,2,2,0.930837233651625,0.036882723900557364,0.9315079365079365,0.036676714764216446,9.174
500,20,sqrt,2,5,0.9336173844716431,0.03444657173636976,0.9343650793650793,0.034014302713941486,9.7629
500,20,sqrt,2,10,0.9306975708756531,0.03681900435163091,0.9315079365079365,0.036676714764216446,9.2845
500,20,sqrt,5,1,0.930837233651625,0.036882723900557364,0.9315079365079365,0.036676714764216446,9.3912
500,20,sqrt,5,2,0.930837233651625,0.036882723900557364,0.9315079365079365,0.036676714764216446,9.3199
500,20,sqrt,5,5,0.9336173844716431,0.03444657173636976,0.9343650793650793,0.034014302713941486,9.2226
500,20,sqrt,5,10,0.9306975708756531,0.03681900435163091,0.9315079365079365,0.036676714764216446,9.1702
500,20,sqrt,10,1,0.9280377975034376,0.039236701315931155,0.9286507936507936,0.03894949925305193,9.377
500,20,sqrt,10,2,0.930837233651625,0.036882723900557364,0.9315079365079365,0.036676714764216446,9.2674
500,20,sqrt,10,5,0.9336173844716431,0.03444657173636976,0.9343650793650793,0.034014302713941486,10.5086
500,20,sqrt,10,10,0.9306975708756531,0.03681900435163091,0.9315079365079365,0.036676714764216446,11.5549
500,20,sqrt,20,1,0.9252568451224853,0.04110775370072949,0.9257936507936508,0.04089766555219318,11.0337
500,20,sqrt,20,2,0.930837233651625,0.036882723900557364,0.9315079365079365,0.036676714764216446,10.4047
500,20,sqrt,20,5,0.930837233651625,0.036882723900557364,0.9315079365079365,0.036676714764216446,11.1384
500,20,sqrt,20,10,0.9306975708756531,0.03681900435163091,0.9315079365079365,0.036676714764216446,11.4407
500,20,log2,2,1,0.930837233651625,0.036882723900557364,0.9315079365079365,0.036676714764216446,11.1699
500,20,log2,2,2,0.930837233651625,0.036882723900557364,0.9315079365079365,0.036676714764216446,10.3505
500,20,log2,2,5,0.9336173844716431,0.03444657173636976,0.9343650793650793,0.034014302713941486,11.2908
500,20,log2,2,10,0.9306975708756531,0.03681900435163091,0.9315079365079365,0.036676714764216446,11.6247
500,20,log2,5,1,0.930837233651625,0.036882723900557364,0.9315079365079365,0.036676714764216446,11.17
500,20,log2,5,2,0.930837233651625,0.036882723900557364,0.9315079365079365,0.036676714764216446,10.6179
500,20,log2,5,5,0.9336173844716431,0.03444657173636976,0.9343650793650793,0.034014302713941486,10.73
500,20,log2,5,10,0.9306975708756531,0.03681900435163091,0.9315079365079365,0.036676714764216446,10.8898
500,20,log2,10,1,0.9280377975034376,0.039236701315931155,0.9286507936507936,0.03894949925305193,10.8558
500,20,log2,10,2,0.930837233651625,0.036882723900557364,0.9315079365079365,0.036676714764216446,10.4034
500,20,log2,10,5,0.9336173844716431,0.03444657173636976,0.9343650793650793,0.034014302713941486,9.4799
500,20,log2,10,10,0.9306975708756531,0.03681900435163091,0.9315079365079365,0.036676714764216446,8.568
500,20,log2,20,1,0.9252568451224853,0.04110775370072949,0.9257936507936508,0.04089766555219318,8.6095
500,20,log2,20,2,0.930837233651625,0.036882723900557364,0.9315079365079365,0.036676714764216446,8.6698
500,20,log2,20,5,0.930837233651625,0.036882723900557364,0.9315079365079365,0.036676714764216446,8.6846
500,20,log2,20,10,0.9306975708756531,0.03681900435163091,0.9315079365079365,0.036676714764216446,8.6391
500,20,0.5,2,1,0.925064152827335,0.03706572912216559,0.9257936507936508,0.03668907787576775,9.6882
500,20,0.5,2,2,0.9250605444731319,0.03455296532912441,0.9257936507936508,0.03439219576083652,9.3008
500,20,0.5,2,5,0.9222976061720853,0.040192297506458544,0.9230158730158731,0.04058808064259053,9.0743
500,20,0.5,2,10,0.9139844874087142,0.03975349209093908,0.9144444444444446,0.04052098361810438,8.9367
500,20,0.5,5,1,0.9222832004463827,0.03666754184136925,0.9229365079365079,0.036360035123676825,9.4503
500,20,0.5,5,2,0.9250382976415826,0.029649061476074063,0.9257936507936508,0.029262476262387694,9.3148
500,20,0.5,5,5,0.9222976061720853,0.040192297506458544,0.9230158730158731,0.04058808064259053,9.2137
500,20,0.5,5,10,0.9139844874087142,0.03975349209093908,0.9144444444444446,0.04052098361810438,9.0822
500,20,0.5,10,1,0.925109229783842,0.044818253774405355,0.9257142857142858,0.044629998148038044,9.754
500,20,0.5,10,2,0.9250833745980896,0.03890856940813208,0.9257142857142858,0.0387561713321444,9.3291
500,20,0.5,10,5,0.9222976061720853,0.040192297506458544,0.9230158730158731,0.04058808064259053,9.1177
500,20,0.5,10,10,0.9139844874087142,0.03975349209093908,0.9144444444444446,0.04052098361810438,9.0559
500,20,0.5,20,1,0.922519543209004,0.040558414373720444,0.9228571428571429,0.040506991082165225,9.3758
500,20,0.5,20,2,0.9225489970577267,0.04413243574276031,0.9228571428571429,0.044354784846457204,9.2793
500,20,0.5,20,5,0.9139124128886496,0.04016980195642146,0.9144444444444446,0.04052098361810438,9.6326
500,20,0.5,20,10,0.9139844874087142,0.03975349209093908,0.9144444444444446,0.04052098361810438,11.5642
500,20,1.0,2,1,0.9281226344682878,0.0411336316526969,0.9285714285714286,0.040908060180789595,13.8789
500,20,1.0,2,2,0.9364650158611779,0.03367562124656309,0.9371428571428572,0.03331972511340173,13.7242
500,20,1.0,2,5,0.9191509786706937,0.04005037782700698,0.9201587301587303,0.04009342830436526,14.4277
500,20,1.0,2,10,0.894295928348398,0.031284022391916536,0.8945238095238095,0.03158780010773554,12.5057
500,20,1.0,5,1,0.9253031727705652,0.041071331869699614,0.9257142857142858,0.040808162448816306,15.1666
500,20,1.0,5,2,0.9364650158611779,0.03367562124656309,0.9371428571428572,0.03331972511340173,12.325
500,20,1.0,5,5,0.9191509786706937,0.04005037782700698,0.9201587301587303,0.04009342830436526,11.1886
500,20,1.0,5,10,0.894295928348398,0.031284022391916536,0.8945238095238095,0.03158780010773554,10.6932
500,20,1.0,10,1,0.9170742763596123,0.044899177010090545,0.9172222222222223,0.04518104171676705,12.4413
500,20,1.0,10,2,0.9167337906791531,0.03671532823278626,0.9173809523809524,0.03713140849198477,11.9652
500,20,1.0,10,5,0.9191509786706937,0.04005037782700698,0.9201587301587303,0.04009342830436526,11.6496
500,20,1.0,10,10,0.894295928348398,0.031284022391916536,0.8945238095238095,0.03158780010773554,10.975
500,20,1.0,20,1,0.8975891885644252,0.04218693653692685,0.8972222222222224,0.04290011073568208,13.1635
500,20,1.0,20,2,0.9004390874403082,0.031229826903033043,0.9002380952380952,0.03205808928235389,12.4624
500,20,1.0,20,5,0.9000584874667389,0.031070990212443556,0.9002380952380952,0.03205808928235389,11.957
500,20,1.0,20,10,0.894295928348398,0.031284022391916536,0.8945238095238095,0.03158780010773554,11.0919
