n_estimators,max_depth,max_features,min_samples_split,min_samples_leaf,mean_f1,std_f1,mean_accuracy,std_accuracy,time_s
50,,sqrt,2,1,0.9845651714668208,0.0015112333472399534,0.9846,0.0015040685563571202,9.1406
50,,sqrt,2,2,0.98214064175125,0.002518349440925766,0.9822,0.002495328969628395,9.2192
50,,sqrt,2,5,0.9768139895962543,0.0031147498355520355,0.9769333333333334,0.003086889840744044,9.0673
50,,sqrt,2,10,0.9697711731758497,0.0035633440882546445,0.97,0.00350238014308366,10.0172
50,,sqrt,5,1,0.9832844175263034,0.002249520659960157,0.9833333333333334,0.0022310934040908844,10.586
50,,sqrt,5,2,0.9812689717398767,0.0033469946744676777,0.9813333333333333,0.0033199732261303063,11.1552
50,,sqrt,5,5,0.9768139895962543,0.0031147498355520355,0.9769333333333334,0.003086889840744044,11.3612
50,,sqrt,5,10,0.9697711731758497,0.0035633440882546445,0.97,0.00350238014308366,8.9051
50,,sqrt,10,1,0.981410028059402,0.0024752533462604064,0.9814666666666667,0.002472964932132181,8.7291
50,,sqrt,10,2,0.9797157949681836,0.0020867362162537793,0.9797999999999998,0.0020666666666666754,9.2456
50,,sqrt,10,5,0.9768139895962543,0.0031147498355520355,0.9769333333333334,0.003086889840744044,8.1565
50,,sqrt,10,10,0.9697711731758497,0.0035633440882546445,0.97,0.00350238014308366,10.0008
50,,sqrt,20,1,0.9791782636930918,0.0032091762103721574,0.9792666666666665,0.0031895663237081714,9.8103
50,,sqrt,20,2,0.9791021508351292,0.0030048405576359174,0.9792,0.002963481436119044,9.3859
50,,sqrt,20,5,0.9751899100883049,0.0034600887713174618,0.9753333333333334,0.003412395704551905,9.5977
50,,sqrt,20,10,0.9697711731758497,0.0035633440882546445,0.97,0.00350238014308366,6.7407
50,,log2,2,1,0.9835562783986674,0.0025794616301541774,0.9836,0.0025681813712344344,10.1088
50,,log2,2,2,0.9796990188719542,0.0026765016654644994,0.9798,0.0026507860469427947,11.1786
50,,log2,2,5,0.9723334836264371,0.0030573873243343284,0.9725333333333334,0.002993325909419149,11.6332
50,,log2,2,10,0.9641865961343428,0.004114681075458774,0.9645333333333334,0.004030991055421595,8.7534
50,,log2,5,1,0.9820736485398095,0.003496204058752256,0.9821333333333333,0.00347435045887876,8.7463
50,,log2,5,2,0.9797125167968461,0.002529398085916596,0.9798,0.002495328969628384,9.1294
50,,log2,5,5,0.9723334836264371,0.0030573873243343284,0.9725333333333334,0.002993325909419149,7.2315
50,,log2,5,10,0.9641865961343428,0.004114681075458774,0.9645333333333334,0.004030991055421595,4.5135
50,,log2,10,1,0.9803168831245829,0.003961533775836931,0.9804,0.003923717058549895,3.3767
50,,log2,10,2,0.9784289995294067,0.002698449588661681,0.9785333333333334,0.002663331247391748,3.7124
50,,log2,10,5,0.9723334836264371,0.0030573873243343284,0.9725333333333334,0.002993325909419149,3.185
50,,log2,10,10,0.9641865961343428,0.004114681075458774,0.9645333333333334,0.004030991055421595,2.947
50,,log2,20,1,0.9768223768870365,0.0026071463755937664,0.9769333333333334,0.002568181371234407,3.2539
50,,log2,20,2,0.9759246234284198,0.0036227286737158305,0.9760666666666667,0.003570869797557875,3.0822
50,,log2,20,5,0.9705562798368639,0.0038090456021624233,0.9708,0.003745219174716843,3.3514
50,,log2,20,10,0.9641865961343428,0.004114681075458774,0.9645333333333334,0.004030991055421595,2.8877
50,,0.5,2,1,0.9863879091612983,0.0019412928117756197,0.9864,0.0019367785395112017,3.5835
50,,0.5,2,2,0.9858506574278172,0.0020901038520777784,0.9858666666666668,0.002082733246908456,3.558
50,,0.5,2,5,0.9835106714313367,0.002188522378883971,0.9835333333333333,0.0021919042963698286,3.3439
50,,0.5,2,10,0.9812976270814933,0.0031680665171696784,0.9813333333333333,0.0031552425509864617,3.3914
50,,0.5,5,1,0.9859194539989499,0.0027898564074700888,0.9859333333333333,0.002788069822176868,3.2286
50,,0.5,5,2,0.9853845495369106,0.001992851185366386,0.9854,0.001987740202116735,3.5735
50,,0.5,5,5,0.9835106714313367,0.002188522378883971,0.9835333333333333,0.0021919042963698286,3.953
50,,0.5,5,10,0.9812976270814933,0.0031680665171696784,0.9813333333333333,0.0031552425509864617,3.4021
50,,0.5,10,1,0.9851812050530653,0.0023857901217720348,0.9852000000000001,0.00238140947993223,3.1434
50,,0.5,10,2,0.9849813265788251,0.0025606594478581345,0.985,0.0025516878945339473,3.3546
50,,0.5,10,5,0.9835106714313367,0.002188522378883971,0.9835333333333333,0.0021919042963698286,3.8393
50,,0.5,10,10,0.9812976270814933,0.0031680665171696784,0.9813333333333333,0.0031552425509864617,3.9523
50,,0.5,20,1,0.9830985470625334,0.002995769274790856,0.9831333333333333,0.0029821692328460105,3.4729
50,,0.5,20,2,0.9839047130448643,0.0027334797709416586,0.9839333333333332,0.0027235597621087233,3.2756
50,,0.5,20,5,0.9827736509326798,0.0026871643699053504,0.9827999999999999,0.002679966832298886,3.4038
50,,0.5,20,10,0.9812976270814933,0.0031680665171696784,0.9813333333333333,0.0031552425509864617,3.4967
50,,1.0,2,1,0.9846619560856192,0.0016933797287114506,0.9846666666666666,0.0016865480854231342,4.6013
50,,1.0,2,2,0.9845254288119456,0.0014342636120422206,0.9845333333333333,0.0014236104336041813,4.7615
50,,1.0,2,5,0.9817214814633367,0.002752623001995973,0.9817333333333332,0.0027519689920733684,4.5294
50,,1.0,2,10,0.9779682655426536,0.002505636710186942,0.978,0.0024944382578492748,4.457
50,,1.0,5,1,0.9845253437820786,0.0014952289629846375,0.9845333333333335,0.0014847371634213312,4.6532
50,,1.0,5,2,0.9845237785356385,0.0019372422385109287,0.9845333333333333,0.0019275776393067928,5.0047
50,,1.0,5,5,0.9817214814633367,0.002752623001995973,0.9817333333333332,0.0027519689920733684,4.5553
50,,1.0,5,10,0.9779682655426536,0.002505636710186942,0.978,0.0024944382578492748,4.5693
50,,1.0,10,1,0.9832520611672513,0.002003438695541059,0.9832666666666665,0.001987740202116745,4.5447
50,,1.0,10,2,0.983518877556852,0.0021453754931856934,0.9835333333333333,0.002130206041156064,4.508
50,,1.0,10,5,0.9817214814633367,0.002752623001995973,0.9817333333333332,0.0027519689920733684,5.3928
50,,1.0,10,10,0.9779682655426536,0.002505636710186942,0.978,0.0024944382578492748,4.3591
50,,1.0,20,1,0.9809668850183295,0.0025659245262129146,0.9810000000000001,0.0025516878945339317,5.24
50,,1.0,20,2,0.9807678082968814,0.002888192107146616,0.9808,0.0028720878971383933,5.2343
50,,1.0,20,5,0.9797720513597621,0.0028186807957279567,0.9798,0.002813459712801229,4.1758
50,,1.0,20,10,0.9779682655426536,0.002505636710186942,0.978,0.0024944382578492748,4.7478
50,5,sqrt,2,1,0.9364092103147683,0.006057825947263843,0.9367333333333333,0.006040235462665702,3.0823
50,5,sqrt,2,2,0.9361377150397372,0.00582560768627357,0.9364666666666667,0.0058122476050338785,3.3862
50,5,sqrt,2,5,0.9359404439437412,0.00526235091229311,0.9362666666666668,0.0052425608670233085,2.9756
50,5,sqrt,2,10,0.936207584186092,0.0057457656686826465,0.9365333333333334,0.005741080037762922,3.0054
50,5,sqrt,5,1,0.9363430893553085,0.006066087278456043,0.9366666666666668,0.006044281043542987,2.9401
50,5,sqrt,5,2,0.9362061999506317,0.005848679147808576,0.9365333333333334,0.005833238094460615,3.0987
50,5,sqrt,5,5,0.9359404439437412,0.00526235091229311,0.9362666666666668,0.0052425608670233085,3.2859
50,5,sqrt,5,10,0.936207584186092,0.0057457656686826465,0.9365333333333334,0.005741080037762922,3.2472
50,5,sqrt,10,1,0.936277127914536,0.005547377043278455,0.9366000000000001,0.005525295366664929,3.3637
50,5,sqrt,10,2,0.9362777542508018,0.005367882221390988,0.9366000000000001,0.005353711070110355,3.3068
50,5,sqrt,10,5,0.9359404439437412,0.00526235091229311,0.9362666666666668,0.0052425608670233085,3.6966
50,5,sqrt,10,10,0.936207584186092,0.0057457656686826465,0.9365333333333334,0.005741080037762922,4.3144
50,5,sqrt,20,1,0.9363441742336935,0.005801744361598853,0.9366666666666668,0.005788878225624624,4.3211
50,5,sqrt,20,2,0.9362749445797973,0.005887383720747038,0.9366000000000001,0.00586856030044847,3.8038
50,5,sqrt,20,5,0.9360751983740607,0.005742389049942748,0.9364000000000001,0.005720916787446626,4.0219
50,5,sqrt,20,10,0.936207584186092,0.0057457656686826465,0.9365333333333334,0.005741080037762922,4.1587
50,5,log2,2,1,0.9323936433756457,0.0045438847359070295,0.9330666666666667,0.0044141187619324805,3.5701
50,5,log2,2,2,0.932466553798523,0.004791834434943263,0.9331333333333335,0.004657610259922275,3.7912
50,5,log2,2,5,0.9321861811356238,0.004972766953216394,0.9328666666666667,0.004807863928560733,4.1145
50,5,log2,2,10,0.9325191588306673,0.0051583120343785295,0.9332,0.004978174587358522,4.4202
50,5,log2,5,1,0.9325323278603423,0.004629121359639463,0.9332000000000003,0.0044998765415163134,4.0996
50,5,log2,5,2,0.9324664316585702,0.00465711464278967,0.9331333333333335,0.0045220447685630815,4.2769
50,5,log2,5,5,0.9321861811356238,0.004972766953216394,0.9328666666666667,0.004807863928560733,4.4554
50,5,log2,5,10,0.9325191588306673,0.0051583120343785295,0.9332,0.004978174587358522,3.8121
50,5,log2,10,1,0.9323911866968204,0.004669789360953521,0.9330666666666667,0.004513682901282862,4.0418
50,5,log2,10,2,0.932395406246564,0.0047729811871071795,0.9330666666666667,0.00462072625364357,3.7914
50,5,log2,10,5,0.9321861811356238,0.004972766953216394,0.9328666666666667,0.004807863928560733,3.9031
50,5,log2,10,10,0.9325191588306673,0.0051583120343785295,0.9332,0.004978174587358522,4.614
50,5,log2,20,1,0.9325950022258658,0.004713742177052841,0.9332666666666668,0.00455533874822839,3.8156
50,5,log2,20,2,0.9325257711812481,0.0048883337515331195,0.9332,0.004730985333122702,3.7942
50,5,log2,20,5,0.932448185618844,0.005128043230272662,0.9331333333333334,0.00493558507170121,3.8808
50,5,log2,20,10,0.9325191588306673,0.0051583120343785295,0.9332,0.004978174587358522,3.5547
50,5,0.5,2,1,0.9402601271137113,0.004352738151636138,0.9401999999999999,0.00435175571209801,3.241
50,5,0.5,2,2,0.9401225336921059,0.004706688585480025,0.9400666666666666,0.004689941956523086,3.992
50,5,0.5,2,5,0.9406825230158258,0.004054792522688136,0.9405999999999999,0.004049142570416052,4.016
50,5,0.5,2,10,0.9404099065181375,0.004507389642544321,0.9403333333333332,0.0045043189150957,4.1344
50,5,0.5,5,1,0.9402592663418332,0.004373340615625053,0.9401999999999999,0.004361956747454795,3.5294
50,5,0.5,5,2,0.94025877556987,0.004488799924561804,0.9402000000000001,0.004472632831391847,3.702
50,5,0.5,5,5,0.9406825230158258,0.004054792522688136,0.9405999999999999,0.004049142570416052,4.4885
50,5,0.5,5,10,0.9404099065181375,0.004507389642544321,0.9403333333333332,0.0045043189150957,4.6292
50,5,0.5,10,1,0.940330637551899,0.004236190111859403,0.9402666666666665,0.004229000407240979,3.2171
50,5,0.5,10,2,0.9403986577919617,0.00426698431000573,0.9403333333333332,0.004260933648339938,3.8164
50,5,0.5,10,5,0.9406825230158258,0.004054792522688136,0.9405999999999999,0.004049142570416052,3.4854
50,5,0.5,10,10,0.9404099065181375,0.004507389642544321,0.9403333333333332,0.0045043189150957,3.9216
50,5,0.5,20,1,0.9407356796684037,0.004369610694835687,0.9406666666666667,0.004361447262345633,3.7706
50,5,0.5,20,2,0.94087175955551,0.004417851822541146,0.9408,0.004410089442277662,4.1537
50,5,0.5,20,5,0.9407357783891683,0.004287923149893812,0.9406666666666667,0.004279148409568318,3.9992
50,5,0.5,20,10,0.9404099065181375,0.004507389642544321,0.9403333333333332,0.0045043189150957,3.6454
50,5,1.0,2,1,0.9492054120730407,0.005412907335113087,0.9488666666666665,0.0055461698495448235,4.4865
50,5,1.0,2,2,0.9492054120730407,0.005412907335113087,0.9488666666666665,0.0055461698495448235,27.7702
50,5,1.0,2,5,0.9492701380467492,0.005427890114203766,0.9489333333333333,0.005555377774933246,29.4998
50,5,1.0,2,10,0.949332635811777,0.005161747147326442,0.9489999999999998,0.005285199460127646,29.4531
50,5,1.0,5,1,0.9491378898525145,0.005428690721427252,0.9488,0.005560175856531481,29.7661
50,5,1.0,5,2,0.9492054120730407,0.005412907335113087,0.9488666666666665,0.0055461698495448235,31.5793
50,5,1.0,5,5,0.9492701380467492,0.005427890114203766,0.9489333333333333,0.005555377774933246,28.0452
50,5,1.0,5,10,0.949332635811777,0.005161747147326442,0.9489999999999998,0.005285199460127646,27.4713
50,5,1.0,10,1,0.9491378898525145,0.005428690721427252,0.9488,0.005560175856531481,27.5439
50,5,1.0,10,2,0.9491378898525145,0.005428690721427252,0.9488,0.005560175856531481,29.927
50,5,1.0,10,5,0.9492701380467492,0.005427890114203766,0.9489333333333333,0.005555377774933246,29.1455
50,5,1.0,10,10,0.949332635811777,0.005161747147326442,0.9489999999999998,0.005285199460127646,33.8578
50,5,1.0,20,1,0.9493980274367416,0.00524335942419226,0.9490666666666666,0.005368219237119318,28.5593
50,5,1.0,20,2,0.9493980274367416,0.00524335942419226,0.9490666666666666,0.005368219237119318,32.1835
50,5,1.0,20,5,0.9494653777796579,0.0053336573397539866,0.9491333333333332,0.0054573090642021,25.1844
50,5,1.0,20,10,0.949332635811777,0.005161747147326442,0.9489999999999998,0.005285199460127646,30.4639
50,10,sqrt,2,1,0.9530942155017049,0.005724921072712997,0.9531333333333333,0.005735270990400849,24.2633
50,10,sqrt,2,2,0.9515993369204029,0.006058222276577609,0.9516666666666665,0.0060534654904810066,25.5115
50,10,sqrt,2,5,0.9503905749519307,0.0064880415391579665,0.9504666666666667,0.006477653896280659,25.8249
50,10,sqrt,2,10,0.9473956498268186,0.006570785039898709,0.9475333333333333,0.006539113089708719,24.1707
50,10,sqrt,5,1,0.9525596055479092,0.005934258092196976,0.9526,0.005928837247817751,29.7659
50,10,sqrt,5,2,0.9535324549719142,0.004881239063621838,0.9536000000000001,0.0048826222462934905,27.7518
50,10,sqrt,5,5,0.9503905749519307,0.0064880415391579665,0.9504666666666667,0.006477653896280659,23.247
50,10,sqrt,5,10,0.9473956498268186,0.006570785039898709,0.9475333333333333,0.006539113089708719,23.4054
50,10,sqrt,10,1,0.9528690316300799,0.00586194895605109,0.9529333333333334,0.005859086011391965,24.2276
50,10,sqrt,10,2,0.9529393822257332,0.004439833160001487,0.9530000000000001,0.0044347115652166955,33.3993
50,10,sqrt,10,5,0.9503905749519307,0.0064880415391579665,0.9504666666666667,0.006477653896280659,39.2643
50,10,sqrt,10,10,0.9473956498268186,0.006570785039898709,0.9475333333333333,0.006539113089708719,32.3101
50,10,sqrt,20,1,0.9507956390338661,0.006938939803421284,0.9508666666666666,0.006934935712271111,31.2002
50,10,sqrt,20,2,0.9500460701554825,0.006149457931680947,0.9501333333333333,0.0061376796194580925,31.0164
50,10,sqrt,20,5,0.9486867305709596,0.006581497266491529,0.9488,0.0065577774012575635,29.3895
50,10,sqrt,20,10,0.9473956498268186,0.006570785039898709,0.9475333333333333,0.006539113089708719,27.3463
50,10,log2,2,1,0.9501276870337405,0.005155133335907544,0.9502666666666666,0.005122499389946277,24.1035
50,10,log2,2,2,0.9494678454803924,0.004800698403108869,0.9496,0.004781445620544302,27.5526
50,10,log2,2,5,0.9488250011583175,0.005010993001981951,0.9490000000000001,0.004955356249106171,28.2803
50,10,log2,2,10,0.9459669075183674,0.004020663924273953,0.9461999999999999,0.004000555516980683,34.8016
50,10,log2,5,1,0.9505950285604705,0.005014895642489553,0.9507333333333332,0.0049481758704036,32.076
50,10,log2,5,2,0.9495690474177128,0.005172515650936549,0.9497333333333333,0.0051311683746383795,36.1677
50,10,log2,5,5,0.9488250011583175,0.005010993001981951,0.9490000000000001,0.004955356249106171,33.4087
50,10,log2,5,10,0.9459669075183674,0.004020663924273953,0.9461999999999999,0.004000555516980683,37.9593
50,10,log2,10,1,0.9491104358456257,0.0050198744409090555,0.9492666666666667,0.004983974317750846,35.0754
50,10,log2,10,2,0.9489807662018054,0.005145121586536196,0.9491333333333335,0.005103811212112852,32.4328
50,10,log2,10,5,0.9488250011583175,0.005010993001981951,0.9490000000000001,0.004955356249106171,36.7231
50,10,log2,10,10,0.9459669075183674,0.004020663924273953,0.9461999999999999,0.004000555516980683,33.3983
50,10,log2,20,1,0.94931377637108,0.004617080945222431,0.9494666666666666,0.004597583906551118,20.1469
50,10,log2,20,2,0.9484489726762748,0.0047590405737976335,0.9486000000000001,0.004746460669687345,5.5888
50,10,log2,20,5,0.9479507296084062,0.004958583417009373,0.9481333333333334,0.004942334131426846,5.7206
50,10,log2,20,10,0.9459669075183674,0.004020663924273953,0.9461999999999999,0.004000555516980683,8.1389
50,10,0.5,2,1,0.9806180624611438,0.002659157041436399,0.9805999999999999,0.002674156149350875,9.4944
50,10,0.5,2,2,0.9800156437799717,0.0026869595341559704,0.9799999999999999,0.002699794230842194,7.6195
50,10,0.5,2,5,0.9787409945656373,0.0032077258934663385,0.9787333333333332,0.0032173142698702873,7.8097
50,10,0.5,2,10,0.9777905865951764,0.0030600082384452556,0.9778,0.0030702877172451687,7.3653
50,10,0.5,5,1,0.9810145402102943,0.0017127509026732806,0.9809999999999999,0.0017191729277636837,10.0239
50,10,0.5,5,2,0.9804724294344463,0.0030201786192620506,0.9804666666666666,0.0030265491900843067,8.0057
50,10,0.5,5,5,0.9787409945656373,0.0032077258934663385,0.9787333333333332,0.0032173142698702873,8.9354
50,10,0.5,5,10,0.9777905865951764,0.0030600082384452556,0.9778,0.0030702877172451687,7.5971
50,10,0.5,10,1,0.9810782934104356,0.0027597492625019023,0.9810666666666666,0.002768071932270204,7.6061
50,10,0.5,10,2,0.9800724765325597,0.0028616182876526276,0.9800666666666666,0.0028666666666666628,8.4884
50,10,0.5,10,5,0.9787409945656373,0.0032077258934663385,0.9787333333333332,0.0032173142698702873,7.1656
50,10,0.5,10,10,0.9777905865951764,0.0030600082384452556,0.9778,0.0030702877172451687,6.0399
50,10,0.5,20,1,0.9792030385746593,0.0033013070896119583,0.9792,0.003303869784897038,6.2911
50,10,0.5,20,2,0.9794014162721199,0.003292399414321473,0.9794,0.003299158141775627,5.0741
50,10,0.5,20,5,0.9776031789436148,0.0033924800235977564,0.9776,0.0034019602192461354,6.5311
50,10,0.5,20,10,0.9777905865951764,0.0030600082384452556,0.9778,0.0030702877172451687,6.181
50,10,1.0,2,1,0.9813382953019529,0.001993897694408862,0.9813333333333333,0.0019999999999999944,6.3305
50,10,1.0,2,2,0.981602150710646,0.003098432119597473,0.9815999999999999,0.0031012542265634775,6.4106
50,10,1.0,2,5,0.980062518319617,0.0029401842513949714,0.9800666666666666,0.0029431653406191906,7.1437
50,10,1.0,2,10,0.9771020858009821,0.0026947905291600724,0.9771333333333334,0.00268410961855964,6.486
50,10,1.0,5,1,0.9811318098816576,0.002684283515587679,0.9811333333333334,0.00268410961855964,6.0773
50,10,1.0,5,2,0.9817982360674453,0.00308781216458118,0.9818,0.00308472941366914,6.9941
50,10,1.0,5,5,0.980062518319617,0.0029401842513949714,0.9800666666666666,0.0029431653406191906,6.0743
50,10,1.0,5,10,0.9771020858009821,0.0026947905291600724,0.9771333333333334,0.00268410961855964,6.5857
50,10,1.0,10,1,0.9805292603174719,0.0023827591415589836,0.9805333333333334,0.0023814094799322386,6.7672
50,10,1.0,10,2,0.9808622171414353,0.0028463568652985012,0.9808666666666668,0.0028448784391135722,5.963
50,10,1.0,10,5,0.980062518319617,0.0029401842513949714,0.9800666666666666,0.0029431653406191906,6.4343
50,10,1.0,10,10,0.9771020858009821,0.0026947905291600724,0.9771333333333334,0.00268410961855964,6.9239
50,10,1.0,20,1,0.9788501985913248,0.0029395295031315826,0.9788666666666666,0.0029371187695880663,7.105
50,10,1.0,20,2,0.9791832063170978,0.0030264212470331522,0.9792000000000002,0.003022875746334549,5.9187
50,10,1.0,20,5,0.9786425218899284,0.0032066287703372527,0.9786666666666667,0.0031972210155417923,6.0784
50,10,1.0,20,10,0.9771020858009821,0.0026947905291600724,0.9771333333333334,0.00268410961855964,9.1522
50,20,sqrt,2,1,0.982628004169644,0.002729314784613886,0.9826666666666666,0.002716206504995121,7.4148
50,20,sqrt,2,2,0.9800061685120485,0.003171053019642166,0.9800666666666669,0.0031615748537011604,8.7552
50,20,sqrt,2,5,0.9752883941001576,0.003849936787350197,0.9754000000000002,0.0037999999999999818,5.5564
50,20,sqrt,2,10,0.9698643060163535,0.0037826120855885444,0.9700666666666666,0.003741063425759517,7.3685
50,20,sqrt,5,1,0.9816902826327514,0.002312118006913261,0.9817333333333333,0.0022939534045446773,6.4513
50,20,sqrt,5,2,0.9795311347134248,0.0018391464566812493,0.9795999999999999,0.0018184242262647662,7.3252
50,20,sqrt,5,5,0.9752883941001576,0.003849936787350197,0.9754000000000002,0.0037999999999999818,5.8995
50,20,sqrt,5,10,0.9698643060163535,0.0037826120855885444,0.9700666666666666,0.003741063425759517,5.4988
50,20,sqrt,10,1,0.9801455410702073,0.003076559735684968,0.9802,0.003055777769697548,6.1315
50,20,sqrt,10,2,0.9783316799616696,0.0033223011351943394,0.9784,0.00330924630559754,6.2667
50,20,sqrt,10,5,0.9752883941001576,0.003849936787350197,0.9754000000000002,0.0037999999999999818,5.5643
50,20,sqrt,10,10,0.9698643060163535,0.0037826120855885444,0.9700666666666666,0.003741063425759517,6.1878
50,20,sqrt,20,1,0.9782516368521517,0.003986914728058786,0.9783333333333333,0.003958114029012627,9.0569
50,20,sqrt,20,2,0.9769762622345806,0.003036557143317746,0.9770666666666667,0.0030140412147886026,9.6978
50,20,sqrt,20,5,0.974325215104938,0.003657227216490459,0.9744666666666667,0.003615399163454993,8.7873
50,20,sqrt,20,10,0.9698643060163535,0.0037826120855885444,0.9700666666666666,0.003741063425759517,8.2344
50,20,log2,2,1,0.9808225247988341,0.0017465475300032915,0.9808666666666668,0.0017397317800933324,8.4121
50,20,log2,2,2,0.977455090503003,0.0031184579984603793,0.9775333333333334,0.0030702877172451813,9.6812
50,20,log2,2,5,0.9707688062391897,0.003954651238550648,0.9709333333333333,0.003912373533632326,8.8879
50,20,log2,2,10,0.9633505000237983,0.003980418623668868,0.9636666666666667,0.0039129414908877945,8.103
50,20,log2,5,1,0.9806738549520849,0.003195455164041335,0.9807333333333335,0.0031756014303505435,8.7341
50,20,log2,5,2,0.9775187077241062,0.003959576681171571,0.9776,0.0039237170585498995,9.1011
50,20,log2,5,5,0.9707688062391897,0.003954651238550648,0.9709333333333333,0.003912373533632326,10.6633
50,20,log2,5,10,0.9633505000237983,0.003980418623668868,0.9636666666666667,0.0039129414908877945,9.2658
50,20,log2,10,1,0.9785897594114019,0.0029966525804683616,0.9786666666666667,0.0029664793948382356,7.319
50,20,log2,10,2,0.9766932129339116,0.0035824584718617924,0.9768000000000001,0.0035377331097124075,8.1238
50,20,log2,10,5,0.9707688062391897,0.003954651238550648,0.9709333333333333,0.003912373533632326,9.41
50,20,log2,10,10,0.9633505000237983,0.003980418623668868,0.9636666666666667,0.0039129414908877945,9.3783
50,20,log2,20,1,0.976034514797858,0.003389228249327367,0.9761333333333333,0.0033572475498704337,8.3772
50,20,log2,20,2,0.9744804355459269,0.0035182005372767933,0.9746,0.003482655436429055,7.7369
50,20,log2,20,5,0.9688617744972235,0.0030262615721003768,0.9690666666666667,0.002984403904746578,11.7012
50,20,log2,20,10,0.9633505000237983,0.003980418623668868,0.9636666666666667,0.0039129414908877945,11.9648
50,20,0.5,2,1,0.986323634608629,0.002054172357260358,0.9863333333333333,0.0020493901531919217,12.0396
50,20,0.5,2,2,0.9861839533661376,0.0020297620427508355,0.9862,0.002023198787399131,12.8657
50,20,0.5,2,5,0.9835776802720781,0.002252623090476085,0.9836,0.0022548712700383865,11.0833
50,20,0.5,2,10,0.9813649997421681,0.0031597318668572876,0.9814,0.0031474857690967674,10.8696
50,20,0.5,5,1,0.9855192048078576,0.00284608673513823,0.9855333333333333,0.002844878439113575,12.9498
50,20,0.5,5,2,0.9855181827068243,0.002408584557343085,0.9855333333333333,0.0024046251729161936,12.4723
50,20,0.5,5,5,0.9835776802720781,0.002252623090476085,0.9836,0.0022548712700383865,13.9476
50,20,0.5,5,10,0.9813649997421681,0.0031597318668572876,0.9814,0.0031474857690967674,9.7184
50,20,0.5,10,1,0.9855832188886545,0.002178065325018121,0.9856,0.0021746008573733443,10.2874
50,20,0.5,10,2,0.9851141221056391,0.0025916257719512787,0.9851333333333333,0.0025828494170413918,10.0543
50,20,0.5,10,5,0.9835776802720781,0.002252623090476085,0.9836,0.0022548712700383865,10.6153
50,20,0.5,10,10,0.9813649997421681,0.0031597318668572876,0.9814,0.0031474857690967674,10.8803
50,20,0.5,20,1,0.9828306437988115,0.0031262651084074974,0.9828666666666667,0.0031134118476895027,14.1523
50,20,0.5,20,2,0.9839720754285372,0.0025904737450284047,0.984,0.0025819888974715935,11.644
50,20,0.5,20,5,0.9827736509326798,0.0026871643699053504,0.9827999999999999,0.002679966832298886,11.7249
50,20,0.5,20,10,0.9813649997421681,0.0031597318668572876,0.9814,0.0031474857690967674,10.2636
50,20,1.0,2,1,0.9847953310842223,0.0016340279781494576,0.9847999999999999,0.0016275407487644992,13.3892
50,20,1.0,2,2,0.9845254288119456,0.0014342636120422206,0.9845333333333333,0.0014236104336041813,12.7164
50,20,1.0,2,5,0.9817214814633367,0.002752623001995973,0.9817333333333332,0.0027519689920733684,12.5966
50,20,1.0,2,10,0.9779682655426536,0.002505636710186942,0.978,0.0024944382578492748,12.8664
50,20,1.0,5,1,0.9845253437820786,0.0014952289629846375,0.9845333333333335,0.0014847371634213312,12.7962
50,20,1.0,5,2,0.9845237785356385,0.0019372422385109287,0.9845333333333333,0.0019275776393067928,13.0063
50,20,1.0,5,5,0.9817214814633367,0.002752623001995973,0.9817333333333332,0.0027519689920733684,10.4928
50,20,1.0,5,10,0.9779682655426536,0.002505636710186942,0.978,0.0024944382578492748,10.9535
50,20,1.0,10,1,0.9832520611672513,0.002003438695541059,0.9832666666666665,0.001987740202116745,10.0177
50,20,1.0,10,2,0.983518877556852,0.0021453754931856934,0.9835333333333333,0.002130206041156064,13.8191
50,20,1.0,10,5,0.9817214814633367,0.002752623001995973,0.9817333333333332,0.0027519689920733684,14.2881
50,20,1.0,10,10,0.9779682655426536,0.002505636710186942,0.978,0.0024944382578492748,11.9442
50,20,1.0,20,1,0.9809668850183295,0.0025659245262129146,0.9810000000000001,0.0025516878945339317,12.5025
50,20,1.0,20,2,0.9807678082968814,0.002888192107146616,0.9808,0.0028720878971383933,13.2438
50,20,1.0,20,5,0.9797720513597621,0.0028186807957279567,0.9798,0.002813459712801229,10.4758
50,20,1.0,20,10,0.9779682655426536,0.002505636710186942,0.978,0.0024944382578492748,11.3277
100,,sqrt,2,1,0.984564903658368,0.0024216846566773253,0.9846000000000001,0.0024120070020167395,11.9764
100,,sqrt,2,2,0.9818061368524859,0.002365556426244475,0.9818666666666666,0.002343786110832926,12.4376
100,,sqrt,2,5,0.9774934985815549,0.0031007449247677094,0.9776,0.0030724582991474335,10.3338
100,,sqrt,2,10,0.9700624977244263,0.0029290412180977476,0.9702666666666667,0.0028782710859897136,10.7062
100,,sqrt,5,1,0.9843553788086913,0.0023077574918120617,0.9844000000000002,0.0022939534045447064,11.3585
100,,sqrt,5,2,0.9824110041485087,0.002543645113233595,0.9824666666666666,0.002530700386146972,10.8204
100,,sqrt,5,5,0.9774934985815549,0.0031007449247677094,0.9776,0.0030724582991474335,10.5917
100,,sqrt,5,10,0.9700624977244263,0.0029290412180977476,0.9702666666666667,0.0028782710859897136,10.5927
100,,sqrt,10,1,0.9822109389214871,0.002643798105218746,0.9822666666666666,0.002636495991104686,9.7026
100,,sqrt,10,2,0.9807248333781307,0.00222083449446247,0.9808,0.002207059380966232,14.0957
100,,sqrt,10,5,0.9774934985815549,0.0031007449247677094,0.9776,0.0030724582991474335,11.3696
100,,sqrt,10,10,0.9700624977244263,0.0029290412180977476,0.9702666666666667,0.0028782710859897136,12.113
100,,sqrt,20,1,0.9798530963814625,0.0030346243634766013,0.9799333333333333,0.003002961501214707,11.9648
100,,sqrt,20,2,0.9800459430891421,0.0023210575914186346,0.9801333333333332,0.002286190426597618,10.2516
100,,sqrt,20,5,0.9760005301100658,0.0028654129950645224,0.9761333333333333,0.0028252826800556057,12.1513
100,,sqrt,20,10,0.9700624977244263,0.0029290412180977476,0.9702666666666667,0.0028782710859897136,10.9537
100,,log2,2,1,0.9848903943647394,0.0024016735934961763,0.9849333333333332,0.0023888630489558695,7.5457
100,,log2,2,2,0.9809821842389275,0.0029199637482810593,0.9810666666666666,0.0028936712552280804,7.9649
100,,log2,2,5,0.9742265698669312,0.003732646641613028,0.9743999999999999,0.00367816379310233,8.4762
100,,log2,2,10,0.9664869092539474,0.002921301904501831,0.9667999999999999,0.002872087897138402,9.454
100,,log2,5,1,0.9833475221780057,0.0018359434614767577,0.9833999999999999,0.0018245242911205234,8.2366
100,,log2,5,2,0.9803836994891008,0.0028957719109771133,0.9804666666666666,0.0028604583937233063,7.4731
100,,log2,5,5,0.9742265698669312,0.003732646641613028,0.9743999999999999,0.00367816379310233,6.7646
100,,log2,5,10,0.9664869092539474,0.002921301904501831,0.9667999999999999,0.002872087897138402,6.7532
100,,log2,10,1,0.9814555903511802,0.003316481105180063,0.9815333333333334,0.0032937651538761754,6.0963
100,,log2,10,2,0.9790974462674618,0.002623402965476351,0.9791999999999998,0.0025957229778575544,7.7349
100,,log2,10,5,0.9742265698669312,0.003732646641613028,0.9743999999999999,0.00367816379310233,6.3041
100,,log2,10,10,0.9664869092539474,0.002921301904501831,0.9667999999999999,0.002872087897138402,7.4136
100,,log2,20,1,0.9786952133210743,0.0024044997056054153,0.9788,0.002362672686222568,6.2901
100,,log2,20,2,0.9777506185602516,0.0027503129693289097,0.9778666666666667,0.002712931993250112,5.9009
100,,log2,20,5,0.9718533369366339,0.003776677034745014,0.9720666666666669,0.003717227162520167,9.4434
100,,log2,20,10,0.9664869092539474,0.002921301904501831,0.9667999999999999,0.002872087897138402,9.5078
100,,0.5,2,1,0.9868572063793788,0.002028636067372446,0.9868666666666668,0.002023198787399141,10.4958
100,,0.5,2,2,0.986051986164985,0.0023571823887674373,0.9860666666666665,0.002356079606276316,9.8778
100,,0.5,2,5,0.9845149431893455,0.0021880359147866775,0.9845333333333333,0.0021868292622475704,10.8716
100,,0.5,2,10,0.9814986982991298,0.002570183886617361,0.9815333333333334,0.0025655841873191737,10.4291
100,,0.5,5,1,0.9860515991823655,0.0026802686739267347,0.9860666666666666,0.002674156149350879,13.1148
100,,0.5,5,2,0.9859866276865326,0.002424228176681677,0.986,0.0024221202832779985,9.6785
100,,0.5,5,5,0.9845149431893455,0.0021880359147866775,0.9845333333333333,0.0021868292622475704,9.6909
100,,0.5,5,10,0.9814986982991298,0.002570183886617361,0.9815333333333334,0.0025655841873191737,7.9785
100,,0.5,10,1,0.985581026966778,0.002336525804529731,0.9856,0.002332380757938115,9.2459
100,,0.5,10,2,0.9843142866313219,0.0018992184998339612,0.9843333333333332,0.001891501461214827,9.1248
100,,0.5,10,5,0.9845149431893455,0.0021880359147866775,0.9845333333333333,0.0021868292622475704,8.9097
100,,0.5,10,10,0.9814986982991298,0.002570183886617361,0.9815333333333334,0.0025655841873191737,10.1248
100,,0.5,20,1,0.9830359925310311,0.0030977071050522762,0.9830666666666668,0.0030868898407440484,8.9699
100,,0.5,20,2,0.983303739244729,0.0025719498281824432,0.9833333333333334,0.00256471787488951,9.9901
100,,0.5,20,5,0.9829717115093721,0.0031059463959017992,0.983,0.0030876096471758314,7.366
100,,0.5,20,10,0.9814986982991298,0.002570183886617361,0.9815333333333334,0.0025655841873191737,7.7602
100,,1.0,2,1,0.9853952761314824,0.0017042322581019985,0.9853999999999999,0.0016983652270475976,10.598
100,,1.0,2,2,0.9849228701415276,0.002124550305212089,0.9849333333333332,0.0021123972690339794,11.8644
100,,1.0,2,5,0.9823233509221259,0.0026538542372294724,0.9823333333333334,0.002654137231652581,10.9385
100,,1.0,2,10,0.9774969586702632,0.001970348961507881,0.9775333333333334,0.001956186766816142,9.0321
100,,1.0,5,1,0.9847907359738262,0.0014949292727903353,0.9848000000000001,0.0014847371634213412,9.7356
100,,1.0,5,2,0.9847869256753341,0.0020053466538377364,0.9847999999999999,0.001995550606279437,10.9448
100,,1.0,5,5,0.9823233509221259,0.0026538542372294724,0.9823333333333334,0.002654137231652581,9.0496
100,,1.0,5,10,0.9774969586702632,0.001970348961507881,0.9775333333333334,0.001956186766816142,8.5103
100,,1.0,10,1,0.9833206425890092,0.0022797922764795,0.9833333333333332,0.002270584848790178,14.6766
100,,1.0,10,2,0.9836508498992244,0.0023845099520938945,0.9836666666666666,0.0023711225658371742,12.9823
100,,1.0,10,5,0.9823233509221259,0.0026538542372294724,0.9823333333333334,0.002654137231652581,11.1833
100,,1.0,10,10,0.9774969586702632,0.001970348961507881,0.9775333333333334,0.001956186766816142,13.0938
100,,1.0,20,1,0.980968420857636,0.0029554762708941993,0.9810000000000001,0.002940143609493321,12.2901
100,,1.0,20,2,0.9813012303597896,0.0028169719370658083,0.9813333333333334,0.0027968235951204056,12.694
100,,1.0,20,5,0.9799092873070109,0.002343739273886334,0.9799333333333333,0.00233713975239441,10.6252
100,,1.0,20,10,0.9774969586702632,0.001970348961507881,0.9775333333333334,0.001956186766816142,10.6187
100,5,sqrt,2,1,0.9342676262121093,0.006608404258936086,0.9346,0.00657571288910943,8.9612
100,5,sqrt,2,2,0.9340019376988966,0.006473315863340511,0.9343333333333333,0.0064308285279235525,9.0018
100,5,sqrt,2,5,0.9339271976870942,0.006442834717235365,0.9342666666666666,0.006409714848918346,11.3048
100,5,sqrt,2,10,0.9337866001901144,0.006245795662860892,0.9341333333333333,0.006216823054333208,10.3176
100,5,sqrt,5,1,0.9341401427982075,0.00651498887071328,0.9344666666666667,0.006477653896280662,9.8995
100,5,sqrt,5,2,0.9340019376988966,0.006473315863340511,0.9343333333333333,0.0064308285279235525,11.9061
100,5,sqrt,5,5,0.9339271976870942,0.006442834717235365,0.9342666666666666,0.006409714848918346,11.7022
100,5,sqrt,5,10,0.9337866001901144,0.006245795662860892,0.9341333333333333,0.006216823054333208,9.3391
100,5,sqrt,10,1,0.9340065161041362,0.006208974770379348,0.9343333333333333,0.006177018338612533,10.2314
100,5,sqrt,10,2,0.9339370461386529,0.006301813242279385,0.9342666666666666,0.006262409901769257,9.1656
100,5,sqrt,10,5,0.9339271976870942,0.006442834717235365,0.9342666666666666,0.006409714848918346,9.3963
100,5,sqrt,10,10,0.9337866001901144,0.006245795662860892,0.9341333333333333,0.006216823054333208,11.5527
100,5,sqrt,20,1,0.9340721365117816,0.006079173990942965,0.9343999999999999,0.006053098380168602,11.0111
100,5,sqrt,20,2,0.9340039938170115,0.006074885057889849,0.9343333333333333,0.006053465490480986,10.1431
100,5,sqrt,20,5,0.9337972527171761,0.005949076687989291,0.9341333333333331,0.005923962637739477,11.6497
100,5,sqrt,20,10,0.9337866001901144,0.006245795662860892,0.9341333333333333,0.006216823054333208,10.055
100,5,log2,2,1,0.9313323444551198,0.006710515818189317,0.9322666666666667,0.006464948225280342,9.3854
100,5,log2,2,2,0.9316111417272376,0.00675480314686968,0.9325333333333333,0.006510162995057966,9.5659
100,5,log2,2,5,0.9314111393905694,0.006605164889828391,0.9323333333333332,0.006361341577581456,10.5486
100,5,log2,2,10,0.9305116047784182,0.006490154809625593,0.9314666666666666,0.00622396800905801,10.606
100,5,log2,5,1,0.9316812254950847,0.006700944003903463,0.9326000000000001,0.006459790158270524,11.2062
100,5,log2,5,2,0.9316111417272376,0.00675480314686968,0.9325333333333333,0.006510162995057966,10.703
100,5,log2,5,5,0.9314111393905694,0.006605164889828391,0.9323333333333332,0.006361341577581456,10.8227
100,5,log2,5,10,0.9305116047784182,0.006490154809625593,0.9314666666666666,0.00622396800905801,10.7787
100,5,log2,10,1,0.9318180972562233,0.0065560954111006315,0.9327333333333334,0.006327716807822532,8.522
100,5,log2,10,2,0.9316078824731999,0.006735652693898928,0.9325333333333333,0.0064964947813759034,10.4067
100,5,log2,10,5,0.9314111393905694,0.006605164889828391,0.9323333333333332,0.006361341577581456,12.3595
100,5,log2,10,10,0.9305116047784182,0.006490154809625593,0.9314666666666666,0.00622396800905801,9.4209
100,5,log2,20,1,0.9316079078542746,0.006579875812610675,0.9325333333333334,0.006337191807101925,5.3678
100,5,log2,20,2,0.9316064848903386,0.006749090288495449,0.9325333333333334,0.006496494781375901,5.9071
100,5,log2,20,5,0.9312097222979716,0.006482328749386173,0.9321333333333334,0.006231104770958895,5.1885
100,5,log2,20,10,0.9305116047784182,0.006490154809625593,0.9314666666666666,0.00622396800905801,5.5316
100,5,0.5,2,1,0.9420571279764015,0.004441002253137643,0.9419999999999998,0.004432205370291903,5.3874
100,5,0.5,2,2,0.9421943872287196,0.004314187210892061,0.9421333333333333,0.004318435930853765,5.6757
100,5,0.5,2,5,0.9421298036545597,0.004269822762970892,0.9420666666666666,0.004283819687044611,5.3087
100,5,0.5,2,10,0.9423283921758789,0.004160842559775598,0.9422666666666666,0.004176122603564209,5.532
100,5,0.5,5,1,0.9421267069957814,0.004245488023854312,0.9420666666666666,0.004252580915684538,5.6358
100,5,0.5,5,2,0.9421267069957814,0.004245488023854312,0.9420666666666666,0.004252580915684538,5.5149
100,5,0.5,5,5,0.9421298036545597,0.004269822762970892,0.9420666666666666,0.004283819687044611,6.2738
100,5,0.5,5,10,0.9423283921758789,0.004160842559775598,0.9422666666666666,0.004176122603564209,5.5793
100,5,0.5,10,1,0.9422634906974368,0.004241724143043089,0.9421999999999999,0.004258847000982503,5.365
100,5,0.5,10,2,0.9422603598000915,0.004244937065350646,0.9421999999999999,0.004258847000982503,6.7516
100,5,0.5,10,5,0.9421298036545597,0.004269822762970892,0.9420666666666666,0.004283819687044611,4.9381
100,5,0.5,10,10,0.9423283921758789,0.004160842559775598,0.9422666666666666,0.004176122603564209,5.0436
100,5,0.5,20,1,0.9421250677434332,0.004078132872543929,0.9420666666666667,0.0041036569057366235,5.7597
100,5,0.5,20,2,0.9421934603687777,0.004022328762590547,0.9421333333333333,0.0040529824409521594,5.0279
100,5,0.5,20,5,0.9419904021657357,0.00431708485229424,0.9419333333333333,0.0043251204222155976,5.7095
100,5,0.5,20,10,0.9423283921758789,0.004160842559775598,0.9422666666666666,0.004176122603564209,5.3376
100,5,1.0,2,1,0.9486775086464642,0.005533141773110831,0.9483333333333333,0.005658818094109619,6.4038
100,5,1.0,2,2,0.9486775086464642,0.005533141773110831,0.9483333333333333,0.005658818094109619,6.3375
100,5,1.0,2,5,0.9488072181453509,0.005491412133816394,0.9484666666666666,0.005609911863043047,6.1889
100,5,1.0,2,10,0.9487375630634223,0.005382669654144438,0.9484,0.005499090833947017,6.0573
100,5,1.0,5,1,0.9486775086464642,0.005533141773110831,0.9483333333333333,0.005658818094109619,6.2598
100,5,1.0,5,2,0.9486775086464642,0.005533141773110831,0.9483333333333333,0.005658818094109619,6.9223
100,5,1.0,5,5,0.9488072181453509,0.005491412133816394,0.9484666666666666,0.005609911863043047,6.8387
100,5,1.0,5,10,0.9487375630634223,0.005382669654144438,0.9484,0.005499090833947017,6.445
100,5,1.0,10,1,0.9486775086464642,0.005533141773110831,0.9483333333333333,0.005658818094109619,5.7368
100,5,1.0,10,2,0.9486775086464642,0.005533141773110831,0.9483333333333333,0.005658818094109619,6.6971
100,5,1.0,10,5,0.9488072181453509,0.005491412133816394,0.9484666666666666,0.005609911863043047,6.1155
100,5,1.0,10,10,0.9487375630634223,0.005382669654144438,0.9484,0.005499090833947017,6.9204
100,5,1.0,20,1,0.9486724992560225,0.005445292396498944,0.9483333333333333,0.0055637717023216985,6.2921
100,5,1.0,20,2,0.9486724992560225,0.005445292396498944,0.9483333333333333,0.0055637717023216985,6.6758
100,5,1.0,20,5,0.9488071976730931,0.005467573741255893,0.9484666666666666,0.005586093844937125,7.2447
100,5,1.0,20,10,0.9487375630634223,0.005382669654144438,0.9484,0.005499090833947017,6.2385
100,10,sqrt,2,1,0.9523823142827071,0.00521559922976562,0.9523999999999999,0.005225578117937434,5.4977
100,10,sqrt,2,2,0.9521042530484284,0.004907519949248867,0.9521333333333333,0.004915282290977819,6.8401
100,10,sqrt,2,5,0.9500919605231214,0.006284770537444206,0.9501333333333333,0.0062595704502962785,6.5956
100,10,sqrt,2,10,0.9469533499900141,0.006218261847413432,0.9470666666666666,0.006169458827338284,6.4617
100,10,sqrt,5,1,0.9525255759005453,0.006248476378727596,0.9525333333333332,0.006238233368154456,6.2705
100,10,sqrt,5,2,0.9521659397633446,0.005138855558818531,0.9521999999999998,0.005138525512678168,7.1347
100,10,sqrt,5,5,0.9500919605231214,0.006284770537444206,0.9501333333333333,0.0062595704502962785,6.2895
100,10,sqrt,5,10,0.9469533499900141,0.006218261847413432,0.9470666666666666,0.006169458827338284,6.491
100,10,sqrt,10,1,0.9522403493046543,0.005245364966234693,0.9522666666666666,0.005234076380370816,6.2209
100,10,sqrt,10,2,0.9520359390143487,0.005103122694628325,0.9520666666666667,0.005089859199100369,5.9462
100,10,sqrt,10,5,0.9500919605231214,0.006284770537444206,0.9501333333333333,0.0062595704502962785,6.0843
100,10,sqrt,10,10,0.9469533499900141,0.006218261847413432,0.9470666666666666,0.006169458827338284,5.5431
100,10,sqrt,20,1,0.950626691824899,0.006012218048553112,0.9506666666666668,0.0060147965699413235,4.922
100,10,sqrt,20,2,0.9506907312843476,0.005834247999536254,0.9507333333333333,0.005830570774422993,4.9282
100,10,sqrt,20,5,0.9484524400841983,0.006324285858255239,0.9485333333333333,0.006302027892318124,5.1196
100,10,sqrt,20,10,0.9469533499900141,0.006218261847413432,0.9470666666666666,0.006169458827338284,5.1184
100,10,log2,2,1,0.9493762803120329,0.004408844317172901,0.9495333333333333,0.004361956747454838,5.4516
100,10,log2,2,2,0.9484503809422506,0.004927899679483893,0.9486000000000001,0.004875790534193738,5.4776
100,10,log2,2,5,0.9470806027140368,0.005149104179374566,0.9472666666666667,0.005098583681333029,4.2443
100,10,log2,2,10,0.9448401488456316,0.004709770883714725,0.9450666666666665,0.004668571040003091,4.9311
100,10,log2,5,1,0.9493302725373599,0.004962515864973988,0.9494666666666667,0.004906231864793103,5.018
100,10,log2,5,2,0.948233543497223,0.00514947883314399,0.9484,0.0051051172584204415,6.2464
100,10,log2,5,5,0.9470806027140368,0.005149104179374566,0.9472666666666667,0.005098583681333029,6.0668
100,10,log2,5,10,0.9448401488456316,0.004709770883714725,0.9450666666666665,0.004668571040003091,6.6144
100,10,log2,10,1,0.9490565215378266,0.004940026096726311,0.9492,0.004897164712588524,7.2629
100,10,log2,10,2,0.9480547743195042,0.004933318250754806,0.9481999999999999,0.004890353316024891,14.4419
100,10,log2,10,5,0.9470806027140368,0.005149104179374566,0.9472666666666667,0.005098583681333029,26.9971
100,10,log2,10,10,0.9448401488456316,0.004709770883714725,0.9450666666666665,0.004668571040003091,27.1254
100,10,log2,20,1,0.9479713433111755,0.0048312434207874065,0.9481333333333332,0.004768414597932711,26.951
100,10,log2,20,2,0.9478554384075479,0.004991070410015612,0.9479999999999998,0.0049441323247304495,29.1997
100,10,log2,20,5,0.9468160985723163,0.00517800364478369,0.9469999999999998,0.00513160143944689,27.3463
100,10,log2,20,10,0.9448401488456316,0.004709770883714725,0.9450666666666665,0.004668571040003091,26.7736
100,10,0.5,2,1,0.9810150567639437,0.0027681999819344485,0.9810000000000001,0.002768874620972671,34.1018
100,10,0.5,2,2,0.9808112747085918,0.0026771212512477845,0.9808,0.0026799668322988837,35.8315
100,10,0.5,2,5,0.9792693369114644,0.0034085346501403655,0.9792666666666665,0.0034182516648784554,35.3469
100,10,0.5,2,10,0.9773208526228625,0.002921712697716623,0.9773333333333332,0.002921186973360881,33.6728
100,10,0.5,5,1,0.9811450892173031,0.002824008291263189,0.9811333333333334,0.002829212689856368,33.1506
100,10,0.5,5,2,0.9808106739512118,0.002803655539300029,0.9808,0.002809507667427393,35.5724
100,10,0.5,5,5,0.9792693369114644,0.0034085346501403655,0.9792666666666665,0.0034182516648784554,39.1854
100,10,0.5,5,10,0.9773208526228625,0.002921712697716623,0.9773333333333332,0.002921186973360881,31.3168
100,10,0.5,10,1,0.9806110963333212,0.0028873793561130486,0.9805999999999999,0.0028975085082800865,30.6602
100,10,0.5,10,2,0.980938161246384,0.0028903382444140837,0.9809333333333333,0.0028936712552280856,34.3608
100,10,0.5,10,5,0.9792693369114644,0.0034085346501403655,0.9792666666666665,0.0034182516648784554,34.9208
100,10,0.5,10,10,0.9773208526228625,0.002921712697716623,0.9773333333333332,0.002921186973360881,37.404
100,10,0.5,20,1,0.9793361471818264,0.0032728129048340713,0.9793333333333333,0.003279566366999678,37.5861
100,10,0.5,20,2,0.9796006451534052,0.003081384232051776,0.9795999999999999,0.0030868898407440636,36.7421
100,10,0.5,20,5,0.9776663240924834,0.0029367263152681898,0.9776666666666666,0.0029401436094933157,37.8279
100,10,0.5,20,10,0.9773208526228625,0.002921712697716623,0.9773333333333332,0.002921186973360881,33.0456
100,10,1.0,2,1,0.9818048535577679,0.002384103353651622,0.9818,0.0023860706890897823,43.2654
100,10,1.0,2,2,0.9816689595131793,0.0028924112567805986,0.9816666666666667,0.002894439112812312,42.7966
100,10,1.0,2,5,0.9803329953302935,0.0028139830526467467,0.9803333333333333,0.0028166173565703436,47.1153
100,10,1.0,2,10,0.9768999352234335,0.002458714926077883,0.9769333333333332,0.0024440403706430898,44.3158
100,10,1.0,5,1,0.9812018743902458,0.002678402202823351,0.9812000000000001,0.002679966832298898,42.1737
100,10,1.0,5,2,0.9817342396403053,0.0028460744647357695,0.9817333333333333,0.002847220867208339,44.5564
100,10,1.0,5,5,0.9803329953302935,0.0028139830526467467,0.9803333333333333,0.0028166173565703436,41.1665
100,10,1.0,5,10,0.9768999352234335,0.002458714926077883,0.9769333333333332,0.0024440403706430898,36.8387
100,10,1.0,10,1,0.980667228508856,0.0026182518611731595,0.9806666666666667,0.002616188916046464,47.4394
100,10,1.0,10,2,0.9811989302855434,0.0028419612269433066,0.9812,0.002840970100355006,40.4255
100,10,1.0,10,5,0.9803329953302935,0.0028139830526467467,0.9803333333333333,0.0028166173565703436,39.8
100,10,1.0,10,10,0.9768999352234335,0.002458714926077883,0.9769333333333332,0.0024440403706430898,41.7934
100,10,1.0,20,1,0.9791756662175167,0.0034551570214994606,0.9792,0.0034486712417006503,43.4288
100,10,1.0,20,2,0.9791125644014326,0.0033799769423839246,0.9791333333333334,0.0033737549143679985,43.8561
100,10,1.0,20,5,0.9786464942039244,0.0025499695100325705,0.9786666666666666,0.0025473297566057083,46.5652
100,10,1.0,20,10,0.9768999352234335,0.002458714926077883,0.9769333333333332,0.0024440403706430898,38.5903
100,20,sqrt,2,1,0.9829029355655289,0.0020918096743931867,0.9829333333333334,0.0020912516188477588,32.2709
100,20,sqrt,2,2,0.9808849735213746,0.0021672654914065403,0.9809333333333333,0.0021540659228538026,31.6089
100,20,sqrt,2,5,0.9759663090463807,0.003471286354786191,0.9760666666666667,0.0034441576941571742,32.131
100,20,sqrt,2,10,0.9698768565601414,0.003108953678289919,0.9700666666666666,0.003076072532015796,29.4711
100,20,sqrt,5,1,0.9819664689498447,0.002120843897066558,0.9819999999999999,0.0021081851067789085,36.2762
100,20,sqrt,5,2,0.9806082438374488,0.0023667747759404845,0.9806666666666665,0.002347575581554544,32.4997
100,20,sqrt,5,5,0.9759663090463807,0.003471286354786191,0.9760666666666667,0.0034441576941571742,31.6224
100,20,sqrt,5,10,0.9698768565601414,0.003108953678289919,0.9700666666666666,0.003076072532015796,33.6703
100,20,sqrt,10,1,0.9806143981089896,0.0029071486480568964,0.9806666666666668,0.0028905977851571723,30.8339
100,20,sqrt,10,2,0.9792010440468955,0.003149079363267946,0.9792666666666667,0.0031333333333333196,32.869
100,20,sqrt,10,5,0.9759663090463807,0.003471286354786191,0.9760666666666667,0.0034441576941571742,31.9506
100,20,sqrt,10,10,0.9698768565601414,0.003108953678289919,0.9700666666666666,0.003076072532015796,30.733
100,20,sqrt,20,1,0.9787251376664416,0.003527887595049663,0.9788,0.003499841266241766,29.5495
100,20,sqrt,20,2,0.977784655181428,0.0036874984389573882,0.9778666666666667,0.003661208058065594,35.8909
100,20,sqrt,20,5,0.9748754486989111,0.0043512644854051975,0.975,0.0043024540800700095,42.3398
100,20,sqrt,20,10,0.9698768565601414,0.003108953678289919,0.9700666666666666,0.003076072532015796,38.3114
100,20,log2,2,1,0.9816926529388518,0.001799028788835652,0.9817333333333333,0.0017938165396098153,38.3878
100,20,log2,2,2,0.9789969169223929,0.002189950496251165,0.9790666666666666,0.0021746008573733195,39.7775
100,20,log2,2,5,0.9721083897124136,0.003716208391001219,0.9722666666666667,0.003666060555964653,42.8213
100,20,log2,2,10,0.9641706505601864,0.004037907151720642,0.9644666666666668,0.003967086812483155,38.6514
100,20,log2,5,1,0.9810142634589294,0.0032069463355219882,0.9810666666666666,0.003199999999999995,39.8753
100,20,log2,5,2,0.9779894633580885,0.003358734071102869,0.9780666666666665,0.0033259919155377102,41.6348
100,20,log2,5,5,0.9721083897124136,0.003716208391001219,0.9722666666666667,0.003666060555964653,47.4549
100,20,log2,5,10,0.9641706505601864,0.004037907151720642,0.9644666666666668,0.003967086812483155,54.3628
100,20,log2,10,1,0.9785284400066644,0.002495713893738182,0.9785999999999999,0.0024666666666666643,51.3608
100,20,log2,10,2,0.9771744666523692,0.0025023539357643607,0.9772666666666666,0.002484619353811223,51.3151
100,20,log2,10,5,0.9721083897124136,0.003716208391001219,0.9722666666666667,0.003666060555964653,53.6544
100,20,log2,10,10,0.9641706505601864,0.004037907151720642,0.9644666666666668,0.003967086812483155,50.4305
100,20,log2,20,1,0.9764439830435206,0.003060230993193238,0.9765333333333333,0.00302287574633456,56.6911
100,20,log2,20,2,0.9754934164091462,0.003488274598165352,0.9756,0.0034538223591969487,52.83
100,20,log2,20,5,0.9709495788086485,0.0033045065499495703,0.9711333333333332,0.003266666666666671,50.9282
100,20,log2,20,10,0.9641706505601864,0.004037907151720642,0.9644666666666668,0.003967086812483155,47.6736
100,20,0.5,2,1,0.9867234559309317,0.0019044167616720446,0.9867333333333332,0.0018961950204437264,64.2246
100,20,0.5,2,2,0.9860518210972578,0.0021813340251878076,0.9860666666666666,0.002179704363236243,71.9601
100,20,0.5,2,5,0.984380994397919,0.0023365397082523846,0.9843999999999999,0.0023323807579381205,74.8998
100,20,0.5,2,10,0.9814986982991298,0.002570183886617361,0.9815333333333334,0.0025655841873191737,70.9327
100,20,0.5,5,1,0.9857853870126476,0.0024833371110086584,0.9858,0.0024774538901416177,73.5659
100,20,0.5,5,2,0.9859863424640981,0.002551909892923735,0.9860000000000001,0.0025473297566057053,74.1524
100,20,0.5,5,5,0.984380994397919,0.0023365397082523846,0.9843999999999999,0.0023323807579381205,72.5566
100,20,0.5,5,10,0.9814986982991298,0.002570183886617361,0.9815333333333334,0.0025655841873191737,71.6082
100,20,0.5,10,1,0.9855144638107799,0.002391276985728703,0.9855333333333333,0.0023860706890897745,69.7821
100,20,0.5,10,2,0.9844477182231579,0.0017737330707228876,0.9844666666666665,0.0017650936393165128,68.9592
100,20,0.5,10,5,0.984380994397919,0.0023365397082523846,0.9843999999999999,0.0023323807579381205,70.6238
100,20,0.5,10,10,0.9814986982991298,0.002570183886617361,0.9815333333333334,0.0025655841873191737,74.2957
100,20,0.5,20,1,0.9829688065872352,0.003098263882542876,0.983,0.0030876096471758314,76.5516
100,20,0.5,20,2,0.9834383127136931,0.002405701805404316,0.9834666666666667,0.0023999999999999985,70.9322
100,20,0.5,20,5,0.9829717115093721,0.0031059463959017992,0.983,0.0030876096471758314,70.3986
100,20,0.5,20,10,0.9814986982991298,0.002570183886617361,0.9815333333333334,0.0025655841873191737,76.8918
100,20,1.0,2,1,0.985461634692473,0.0018139753871901176,0.9854666666666667,0.0018086213288334096,80.3875
100,20,1.0,2,2,0.9849228701415276,0.002124550305212089,0.9849333333333332,0.0021123972690339794,74.9423
100,20,1.0,2,5,0.9823233509221259,0.0026538542372294724,0.9823333333333334,0.002654137231652581,63.1568
100,20,1.0,2,10,0.9774969586702632,0.001970348961507881,0.9775333333333334,0.001956186766816142,56.7315
100,20,1.0,5,1,0.9847907359738262,0.0014949292727903353,0.9848000000000001,0.0014847371634213412,43.8038
100,20,1.0,5,2,0.9847869256753341,0.0020053466538377364,0.9847999999999999,0.001995550606279437,40.1106
100,20,1.0,5,5,0.9823233509221259,0.0026538542372294724,0.9823333333333334,0.002654137231652581,47.2999
100,20,1.0,5,10,0.9774969586702632,0.001970348961507881,0.9775333333333334,0.001956186766816142,44.3405
100,20,1.0,10,1,0.9833877206481174,0.0023082527491206524,0.9833999999999999,0.0022987919532755498,48.4486
100,20,1.0,10,2,0.9836508498992244,0.0023845099520938945,0.9836666666666666,0.0023711225658371742,40.7839
100,20,1.0,10,5,0.9823233509221259,0.0026538542372294724,0.9823333333333334,0.002654137231652581,42.3547
100,20,1.0,10,10,0.9774969586702632,0.001970348961507881,0.9775333333333334,0.001956186766816142,50.1203
100,20,1.0,20,1,0.980968420857636,0.0029554762708941993,0.9810000000000001,0.002940143609493321,43.3314
100,20,1.0,20,2,0.9813012303597896,0.0028169719370658083,0.9813333333333334,0.0027968235951204056,42.8104
100,20,1.0,20,5,0.9799092873070109,0.002343739273886334,0.9799333333333333,0.00233713975239441,43.555
100,20,1.0,20,10,0.9774969586702632,0.001970348961507881,0.9775333333333334,0.001956186766816142,40.4017
200,,sqrt,2,1,0.9846304038023812,0.002409124302329736,0.9846666666666668,0.0024037008503093355,44.3924
200,,sqrt,2,2,0.9816668356366129,0.0025333368075617156,0.9817333333333333,0.002515728301881756,42.8841
200,,sqrt,2,5,0.9774205243741292,0.003042344149714941,0.9775333333333334,0.0030118285328203966,35.4468
200,,sqrt,2,10,0.9704463840075279,0.0034441680159406126,0.9706666666666667,0.0033862466931200855,46.3701
200,,sqrt,5,1,0.9844893272135403,0.002277886850593337,0.9845333333333333,0.0022666666666666642,49.2196
200,,sqrt,5,2,0.9819347237594224,0.002727060085954433,0.9819999999999999,0.002716206504995102,41.7242
200,,sqrt,5,5,0.9774205243741292,0.003042344149714941,0.9775333333333334,0.0030118285328203966,36.3909
200,,sqrt,5,10,0.9704463840075279,0.0034441680159406126,0.9706666666666667,0.0033862466931200855,43.0453
200,,sqrt,10,1,0.9824034466095102,0.0026165412065456465,0.9824666666666667,0.002600000000000011,53.1153
200,,sqrt,10,2,0.9813902270504447,0.0028155054679459535,0.9814666666666667,0.0027936435786342514,49.3128
200,,sqrt,10,5,0.9774205243741292,0.003042344149714941,0.9775333333333334,0.0030118285328203966,51.2506
200,,sqrt,10,10,0.9704463840075279,0.0034441680159406126,0.9706666666666667,0.0033862466931200855,53.6773
200,,sqrt,20,1,0.9804491072738906,0.002815994048955763,0.9805333333333334,0.0027936435786342514,50.7781
200,,sqrt,20,2,0.9797732036820774,0.002626353125068307,0.9798666666666666,0.002595722977857565,52.7911
200,,sqrt,20,5,0.9757958481047095,0.003446955214890685,0.9759333333333334,0.0034052247437658953,51.001
200,,sqrt,20,10,0.9704463840075279,0.0034441680159406126,0.9706666666666667,0.0033862466931200855,52.5622
200,,log2,2,1,0.984623845127458,0.002055833625132384,0.9846666666666668,0.002043961295567448,50.1784
200,,log2,2,2,0.9803807795464097,0.0023783897632945216,0.9804666666666666,0.0023485219938411215,44.927
200,,log2,2,5,0.9739564807456148,0.003454288694343201,0.9741333333333333,0.0033967304540952026,52.0169
200,,log2,2,10,0.9674269503639545,0.003468532263423464,0.9677333333333331,0.003401960219246147,52.5091
200,,log2,5,1,0.9836149437468269,0.0022217674377206847,0.9836666666666666,0.0022161026851459527,62.823
200,,log2,5,2,0.9807141161507718,0.0028197298913783253,0.9808,0.0027936435786342566,67.9471
200,,log2,5,5,0.9739564807456148,0.003454288694343201,0.9741333333333333,0.0033967304540952026,59.898
200,,log2,5,10,0.9674269503639545,0.003468532263423464,0.9677333333333331,0.003401960219246147,58.1234
200,,log2,10,1,0.9809833617710544,0.002893107389450532,0.9810666666666666,0.0028627880738111683,66.2569
200,,log2,10,2,0.9792343245979547,0.0023399791900993562,0.9793333333333333,0.00230940107675847,70.1918
200,,log2,10,5,0.9739564807456148,0.003454288694343201,0.9741333333333333,0.0033967304540952026,60.2746
200,,log2,10,10,0.9674269503639545,0.003468532263423464,0.9677333333333331,0.003401960219246147,55.4783
200,,log2,20,1,0.9787575208049815,0.0028489833355513704,0.9788666666666666,0.002813459712801221,72.7393
200,,log2,20,2,0.9778130261652421,0.003604098606954725,0.9779333333333333,0.00355840163868865,68.2946
200,,log2,20,5,0.972331175646897,0.004129635629433754,0.9725333333333334,0.004063933507767521,71.9804
200,,log2,20,10,0.9674269503639545,0.003468532263423464,0.9677333333333331,0.003401960219246147,63.5687
200,,0.5,2,1,0.9863895815242401,0.002261866455548425,0.9864,0.0022548712700383826,75.3063
200,,0.5,2,2,0.9855847778324263,0.0024480693268341142,0.9856,0.002444040370643108,69.4914
200,,0.5,2,5,0.9837793717532326,0.00219600821202789,0.9837999999999999,0.0021919042963698203,81.1971
200,,0.5,2,10,0.9810318132885119,0.0029667773833767924,0.9810666666666666,0.002954469307488041,78.7931
200,,0.5,5,1,0.9860500333449208,0.0023066139254209698,0.9860666666666665,0.002298791953275573,75.2953
200,,0.5,5,2,0.9857174952918205,0.0025015878589765245,0.9857333333333331,0.002497999199359368,89.6388
200,,0.5,5,5,0.9837793717532326,0.00219600821202789,0.9837999999999999,0.0021919042963698203,75.7455
200,,0.5,5,10,0.9810318132885119,0.0029667773833767924,0.9810666666666666,0.002954469307488041,77.8431
200,,0.5,10,1,0.9852506555732985,0.00216311046400685,0.9852666666666666,0.0021592179654268966,96.9148
200,,0.5,10,2,0.9852493130593063,0.001974070430172066,0.9852666666666666,0.0019652537297311706,102.3624
200,,0.5,10,5,0.9837793717532326,0.00219600821202789,0.9837999999999999,0.0021919042963698203,88.4792
200,,0.5,10,10,0.9810318132885119,0.0029667773833767924,0.9810666666666666,0.002954469307488041,87.8447
200,,0.5,20,1,0.983370504879278,0.0027984142286257984,0.9833999999999999,0.00278806982217687,94.5656
200,,0.5,20,2,0.9830365224425506,0.002932848981726091,0.9830666666666665,0.002924228293261517,101.5532
200,,0.5,20,5,0.98210171732986,0.0023507039167323263,0.9821333333333333,0.0023437861108329267,91.3717
200,,0.5,20,10,0.9810318132885119,0.0029667773833767924,0.9810666666666666,0.002954469307488041,99.7547
200,,1.0,2,1,0.9855281940824042,0.0015329498585700807,0.9855333333333333,0.0015216949614017805,110.0845
200,,1.0,2,2,0.9843222649932806,0.0022078994846349443,0.9843333333333334,0.0021959558789334146,120.7817
200,,1.0,2,5,0.9819882143375189,0.0022333804872754805,0.9819999999999999,0.0022310934040908515,112.8767
200,,1.0,2,10,0.9777664405663605,0.002162667035910322,0.9778,0.0021509687739868838,117.9725
200,,1.0,5,1,0.9847912402276965,0.0019395204068607295,0.9848000000000001,0.0019275776393067943,125.998
200,,1.0,5,2,0.9844552142286419,0.0022812223376042877,0.9844666666666667,0.002271563338320102,112.5732
200,,1.0,5,5,0.9819882143375189,0.0022333804872754805,0.9819999999999999,0.0022310934040908515,110.9303
200,,1.0,5,10,0.9777664405663605,0.002162667035910322,0.9778,0.0021509687739868838,115.3206
200,,1.0,10,1,0.9829858079158218,0.0023434118775935518,0.9829999999999999,0.002333333333333333,111.0505
200,,1.0,10,2,0.9833156140835116,0.002339324392277364,0.9833333333333332,0.0023285665595430744,108.9875
200,,1.0,10,5,0.9819882143375189,0.0022333804872754805,0.9819999999999999,0.0022310934040908515,34.1649
200,,1.0,10,10,0.9777664405663605,0.002162667035910322,0.9778,0.0021509687739868838,23.0664
200,,1.0,20,1,0.9811029469314194,0.0026335730336530493,0.9811333333333334,0.0026170381901854025,25.2274
200,,1.0,20,2,0.9811047650441829,0.0024147517964737695,0.9811333333333332,0.002404625172916197,27.9047
200,,1.0,20,5,0.9797711969121566,0.0022940195325536973,0.9798,0.0022910453703252637,24.0009
200,,1.0,20,10,0.9777664405663605,0.002162667035910322,0.9778,0.0021509687739868838,26.178
200,5,sqrt,2,1,0.9334679113334763,0.006944406397514413,0.9338666666666666,0.006881860213634096,18.5851
200,5,sqrt,2,2,0.9335306541088693,0.006958729615689713,0.9339333333333334,0.006905392417845951,16.2576
200,5,sqrt,2,5,0.93366979203033,0.007009655392519365,0.9340666666666667,0.0069630772252248134,18.6902
200,5,sqrt,2,10,0.933123800034865,0.006510264070322256,0.9335333333333333,0.006477653896280652,16.3171
200,5,sqrt,5,1,0.9333912472378432,0.007038498697937002,0.9338000000000001,0.006973282345256552,19.0667
200,5,sqrt,5,2,0.9334610659670066,0.007037984267364783,0.9338666666666666,0.0069780608576690654,17.6436
200,5,sqrt,5,5,0.93366979203033,0.007009655392519365,0.9340666666666667,0.0069630772252248134,19.0524
200,5,sqrt,5,10,0.933123800034865,0.006510264070322256,0.9335333333333333,0.006477653896280652,16.5409
200,5,sqrt,10,1,0.9338055406371405,0.007184650557338376,0.9342,0.007124605252222756,16.9337
200,5,sqrt,10,2,0.9338070215496458,0.006958050328541158,0.9342000000000003,0.006909253054981986,15.7556
200,5,sqrt,10,5,0.93366979203033,0.007009655392519365,0.9340666666666667,0.0069630772252248134,18.3886
200,5,sqrt,10,10,0.933123800034865,0.006510264070322256,0.9335333333333333,0.006477653896280652,14.0146
200,5,sqrt,20,1,0.9336044648201524,0.006714981165071104,0.9339999999999999,0.006666666666666652,16.7607
200,5,sqrt,20,2,0.9336734797424635,0.006635421085237537,0.9340666666666667,0.006589216780299286,18.5763
200,5,sqrt,20,5,0.9336058492482495,0.0067352373896232874,0.9340000000000002,0.006699917080747254,19.0806
200,5,sqrt,20,10,0.933123800034865,0.006510264070322256,0.9335333333333333,0.006477653896280652,21.017
200,5,log2,2,1,0.9313245838828837,0.006091735374101597,0.9321333333333334,0.005931460378542725,16.3082
200,5,log2,2,2,0.9311159788707988,0.006033263457972057,0.9319333333333333,0.005876128733178752,17.0877
200,5,log2,2,5,0.9309848391903932,0.005934282756981106,0.9318,0.00577388757924655,16.8774
200,5,log2,2,10,0.9304293597934217,0.005774805454307573,0.9312666666666667,0.005620992399528359,21.2485
200,5,log2,5,1,0.9313244839160596,0.00603955211903336,0.9321333333333334,0.00587877538267962,18.8311
200,5,log2,5,2,0.9310546676213625,0.005820062836143229,0.9318666666666665,0.005663136155092091,25.0563
200,5,log2,5,5,0.9309848391903932,0.005934282756981106,0.9318,0.00577388757924655,17.133
200,5,log2,5,10,0.9304293597934217,0.005774805454307573,0.9312666666666667,0.005620992399528359,18.226
200,5,log2,10,1,0.9313907280644734,0.005988796793343102,0.9321999999999999,0.005835142576569047,13.3439
200,5,log2,10,2,0.930911625405803,0.005939896819877983,0.9317333333333332,0.00578273291792039,17.3252
200,5,log2,10,5,0.9309848391903932,0.005934282756981106,0.9318,0.00577388757924655,16.4412
200,5,log2,10,10,0.9304293597934217,0.005774805454307573,0.9312666666666667,0.005620992399528359,14.9041
200,5,log2,20,1,0.9309160537536721,0.005970803576793676,0.9317333333333334,0.005813394495091096,13.2346
200,5,log2,20,2,0.9309812872896567,0.0059230829282738455,0.9318,0.00576618495097833,12.5455
200,5,log2,20,5,0.9310512362546044,0.00592575669272629,0.9318666666666667,0.005771962885843547,14.302
200,5,log2,20,10,0.9304293597934217,0.005774805454307573,0.9312666666666667,0.005620992399528359,16.1891
200,5,0.5,2,1,0.9431497291280673,0.004542958028650812,0.9430666666666667,0.004562650301938324,17.0211
200,5,0.5,2,2,0.9431499734215357,0.004411334490886442,0.9430666666666667,0.004434210439550902,16.8131
200,5,0.5,2,5,0.9425405920494535,0.004457047733580554,0.9424666666666667,0.004472632831391865,15.5629
200,5,0.5,2,10,0.9427468880866485,0.004797593974189389,0.9426666666666665,0.004807401700618647,13.9461
200,5,0.5,5,1,0.9429436977719531,0.004644888639630232,0.9428666666666666,0.004667142832849913,18.7905
200,5,0.5,5,2,0.9432178069295546,0.004732207860580057,0.9431333333333333,0.004752075569919119,21.7203
200,5,0.5,5,5,0.9425405920494535,0.004457047733580554,0.9424666666666667,0.004472632831391865,18.9075
200,5,0.5,5,10,0.9427468880866485,0.004797593974189389,0.9426666666666665,0.004807401700618647,21.0931
200,5,0.5,10,1,0.9428097146172749,0.004530007248030073,0.9427333333333333,0.004545571715661536,21.1698
200,5,0.5,10,2,0.9427416376097687,0.004556291970662011,0.9426666666666665,0.004570436400267356,19.1835
200,5,0.5,10,5,0.9425405920494535,0.004457047733580554,0.9424666666666667,0.004472632831391865,19.8213
200,5,0.5,10,10,0.9427468880866485,0.004797593974189389,0.9426666666666665,0.004807401700618647,17.3855
200,5,0.5,20,1,0.9427413510883348,0.004514281184411252,0.9426666666666665,0.004521553322083497,18.3575
200,5,0.5,20,2,0.9427413510883348,0.004514281184411252,0.9426666666666665,0.004521553322083497,18.7039
200,5,0.5,20,5,0.9427446195824493,0.004466018150416592,0.9426666666666665,0.004482063017059079,17.8531
200,5,0.5,20,10,0.9427468880866485,0.004797593974189389,0.9426666666666665,0.004807401700618647,18.3011
200,5,1.0,2,1,0.9486099763689577,0.005573643553057402,0.9482666666666667,0.005697562831792419,50.8205
200,5,1.0,2,2,0.9486099763689577,0.005573643553057402,0.9482666666666667,0.005697562831792419,102.4401
200,5,1.0,2,5,0.9486074500960818,0.005521580882719006,0.9482666666666667,0.00564269439186637,90.4143
200,5,1.0,2,10,0.948602805608578,0.005391494842027263,0.9482666666666667,0.005507167047483578,88.0988
200,5,1.0,5,1,0.9486099763689577,0.005573643553057402,0.9482666666666667,0.005697562831792419,92.5753
200,5,1.0,5,2,0.9486099763689577,0.005573643553057402,0.9482666666666667,0.005697562831792419,81.1136
200,5,1.0,5,5,0.9486074500960818,0.005521580882719006,0.9482666666666667,0.00564269439186637,20.3557
200,5,1.0,5,10,0.948602805608578,0.005391494842027263,0.9482666666666667,0.005507167047483578,58.0213
200,5,1.0,10,1,0.9486749660618301,0.005504575282855305,0.9483333333333335,0.005627314338711393,36.7296
200,5,1.0,10,2,0.9486749660618301,0.005504575282855305,0.9483333333333335,0.005627314338711393,15.4807
200,5,1.0,10,5,0.9486074500960818,0.005521580882719006,0.9482666666666667,0.00564269439186637,18.4202
200,5,1.0,10,10,0.948602805608578,0.005391494842027263,0.9482666666666667,0.005507167047483578,17.1628
200,5,1.0,20,1,0.9486723136463564,0.0054138320486730096,0.9483333333333335,0.005531726674375743,18.461
200,5,1.0,20,2,0.9486723136463564,0.0054138320486730096,0.9483333333333335,0.005531726674375743,21.0889
200,5,1.0,20,5,0.9486050951110437,0.0053883657036118944,0.9482666666666667,0.005507167047483578,81.0954
200,5,1.0,20,10,0.948602805608578,0.005391494842027263,0.9482666666666667,0.005507167047483578,94.7834
200,10,sqrt,2,1,0.9546217513549653,0.005225515353872618,0.9546666666666666,0.005215361924162125,68.3388
200,10,sqrt,2,2,0.9541412951419959,0.005803142284739603,0.9541999999999998,0.005789262090763865,64.628
200,10,sqrt,2,5,0.9519790554876699,0.005559159891242235,0.9520666666666667,0.005541359640617711,76.5683
200,10,sqrt,2,10,0.9490367551172879,0.0053920235645309456,0.9491999999999999,0.00533999583853354,104.9341
200,10,sqrt,5,1,0.9544213294845016,0.005620308187139587,0.9544666666666666,0.005617828762075258,131.6177
200,10,sqrt,5,2,0.9539314741719604,0.005544568216973791,0.9540000000000001,0.005537749241945382,126.7833
200,10,sqrt,5,5,0.9519790554876699,0.005559159891242235,0.9520666666666667,0.005541359640617711,119.8135
200,10,sqrt,5,10,0.9490367551172879,0.0053920235645309456,0.9491999999999999,0.00533999583853354,121.0127
200,10,sqrt,10,1,0.9535321060469653,0.005290176304667725,0.9536,0.005276362383309172,110.6621
200,10,sqrt,10,2,0.9535323371343448,0.004761339396879282,0.9536000000000001,0.00477214137817953,103.479
200,10,sqrt,10,5,0.9519790554876699,0.005559159891242235,0.9520666666666667,0.005541359640617711,99.0356
200,10,sqrt,10,10,0.9490367551172879,0.0053920235645309456,0.9491999999999999,0.00533999583853354,118.5933
200,10,sqrt,20,1,0.9529313998204172,0.00601827053665042,0.9530000000000001,0.006009252125773334,143.9495
200,10,sqrt,20,2,0.952789385667473,0.005265359320407258,0.9528666666666666,0.005266666666666673,131.113
200,10,sqrt,20,5,0.9510183247897475,0.0054575761613523625,0.9511333333333333,0.005432822061834482,118.7242
200,10,sqrt,20,10,0.9490367551172879,0.0053920235645309456,0.9491999999999999,0.00533999583853354,118.5418
200,10,log2,2,1,0.9497094064837857,0.004571006620121641,0.9498666666666666,0.0045097425400767496,125.4232
200,10,log2,2,2,0.9484373703899575,0.004648026081110692,0.9486000000000002,0.004584514999187792,116.927
200,10,log2,2,5,0.947158998228716,0.004088948293304069,0.9473333333333332,0.00403319558993447,49.616
200,10,log2,2,10,0.9449767046788431,0.004290867105642571,0.9452,0.004245782220824178,108.335
200,10,log2,5,1,0.9488546482787342,0.0042354040347013224,0.9490000000000001,0.004197883064381652,129.7901
200,10,log2,5,2,0.9478464051979263,0.004186729517497515,0.9479999999999998,0.004131182235954591,127.5263
200,10,log2,5,5,0.947158998228716,0.004088948293304069,0.9473333333333332,0.00403319558993447,122.2733
200,10,log2,5,10,0.9449767046788431,0.004290867105642571,0.9452,0.004245782220824178,123.6535
200,10,log2,10,1,0.9498513819840264,0.004877875776072902,0.95,0.004816637831516924,120.5571
200,10,log2,10,2,0.9487647182045464,0.004434822854478875,0.9489333333333333,0.00436348484585428,98.2374
200,10,log2,10,5,0.947158998228716,0.004088948293304069,0.9473333333333332,0.00403319558993447,103.2262
200,10,log2,10,10,0.9449767046788431,0.004290867105642571,0.9452,0.004245782220824178,114.0232
200,10,log2,20,1,0.9484402030916353,0.0042873693550620935,0.9486000000000001,0.004199999999999994,119.5968
200,10,log2,20,2,0.9480396844568524,0.004387743618167765,0.9481999999999999,0.004331281565541543,126.3573
200,10,log2,20,5,0.9463397939716008,0.005127120069075633,0.9465333333333333,0.005075431016179809,109.5683
200,10,log2,20,10,0.9449767046788431,0.004290867105642571,0.9452,0.004245782220824178,109.0705
200,10,0.5,2,1,0.9810181424621032,0.0030771039255717346,0.9810000000000001,0.003087609647175812,110.7609
200,10,0.5,2,2,0.9808817754152862,0.0030492101801371315,0.9808666666666668,0.0030557777696975257,104.5356
200,10,0.5,2,5,0.9796047220934112,0.003382920186477156,0.9795999999999999,0.0033888706739036594,109.6191
200,10,0.5,2,10,0.977390906884574,0.003138458867768951,0.9773999999999999,0.0031333333333333317,72.0151
200,10,0.5,5,1,0.9812147460750321,0.002676117362390673,0.9812000000000001,0.0026799668322988915,75.3533
200,10,0.5,5,2,0.9806111505025926,0.0026690429727579458,0.9806000000000001,0.002674156149350858,77.9932
200,10,0.5,5,5,0.9796047220934112,0.003382920186477156,0.9795999999999999,0.0033888706739036594,19.6475
200,10,0.5,5,10,0.977390906884574,0.003138458867768951,0.9773999999999999,0.0031333333333333317,45.32
200,10,0.5,10,1,0.980612231897514,0.00300604203667939,0.9805999999999999,0.0030177254127349996,88.0769
200,10,0.5,10,2,0.9804103681335455,0.0032192725848016065,0.9804,0.0032276582498427233,82.3303
200,10,0.5,10,5,0.9796047220934112,0.003382920186477156,0.9795999999999999,0.0033888706739036594,96.1949
200,10,0.5,10,10,0.977390906884574,0.003138458867768951,0.9773999999999999,0.0031333333333333317,84.8633
200,10,0.5,20,1,0.9786015909899575,0.003931800956487369,0.9785999999999999,0.003937850513499291,88.8123
200,10,0.5,20,2,0.9788008567336088,0.0032972913707983967,0.9788,0.0033038697848970155,88.5326
200,10,0.5,20,5,0.9781976357984592,0.0033843881914939577,0.9782,0.0033869028789014722,86.6844
200,10,0.5,20,10,0.977390906884574,0.003138458867768951,0.9773999999999999,0.0031333333333333317,76.6656
200,10,1.0,2,1,0.9817360494962225,0.0024960905975467827,0.9817333333333332,0.002497999199359366,16.4116
200,10,1.0,2,2,0.9813334694834885,0.00306856193204634,0.9813333333333333,0.003069563848859018,16.9064
200,10,1.0,2,5,0.980194113441964,0.0028249852382481403,0.9802000000000002,0.002829212689856369,18.3299
200,10,1.0,2,10,0.9769018017309066,0.0028535679352462515,0.9769333333333332,0.002847220867208338,17.0916
200,10,1.0,5,1,0.9812670476586932,0.0027722428727548756,0.9812666666666667,0.0027720830515055883,17.1317
200,10,1.0,5,2,0.9811329628597598,0.003069999585849946,0.9811333333333332,0.0030702877172451835,17.6106
200,10,1.0,5,5,0.980194113441964,0.0028249852382481403,0.9802000000000002,0.002829212689856369,17.5225
200,10,1.0,5,10,0.9769018017309066,0.0028535679352462515,0.9769333333333332,0.002847220867208338,15.8195
200,10,1.0,10,1,0.9806616073200616,0.003171910772020784,0.9806666666666667,0.003169297153067925,16.2686
200,10,1.0,10,2,0.9809284036858681,0.0028956994886814016,0.9809333333333333,0.0028936712552281004,15.6856
200,10,1.0,10,5,0.980194113441964,0.0028249852382481403,0.9802000000000002,0.002829212689856369,16.8832
200,10,1.0,10,10,0.9769018017309066,0.0028535679352462515,0.9769333333333332,0.002847220867208338,16.14
200,10,1.0,20,1,0.9791124862107121,0.003695555331452437,0.9791333333333334,0.0036884203182994675,18.6695
200,10,1.0,20,2,0.9790448746945138,0.0034505247016791704,0.9790666666666666,0.0034409301068170405,18.224
200,10,1.0,20,5,0.9782451486331418,0.003001966436081275,0.9782666666666666,0.0029992591677871967,17.4759
200,10,1.0,20,10,0.9769018017309066,0.0028535679352462515,0.9769333333333332,0.002847220867208338,17.9823
200,20,sqrt,2,1,0.9835673884218064,0.002263454203210151,0.9836,0.0022548712700383583,11.599
200,20,sqrt,2,2,0.9808808003010536,0.0019231150482461959,0.9809333333333334,0.001913693345920967,11.8673
200,20,sqrt,2,5,0.9760333282920317,0.0037290417886692954,0.9761333333333333,0.0036974465663632055,11.9991
200,20,sqrt,2,10,0.9696679573394441,0.003046085940453846,0.9698666666666668,0.0030081371127142578,12.3343
200,20,sqrt,5,1,0.9827596875435191,0.0020321789648217524,0.9827999999999999,0.002017699460056201,11.6223
200,20,sqrt,5,2,0.981340672800924,0.002177733903522937,0.9814,0.0021592179654268697,12.4502
200,20,sqrt,5,5,0.9760333282920317,0.0037290417886692954,0.9761333333333333,0.0036974465663632055,10.9523
200,20,sqrt,5,10,0.9696679573394441,0.003046085940453846,0.9698666666666668,0.0030081371127142578,14.996
200,20,sqrt,10,1,0.9815493792456186,0.002489969215424528,0.9816,0.002480143365031753,77.8024
200,20,sqrt,10,2,0.9798662486078438,0.0030448096759611762,0.9799333333333333,0.0030324174441450974,76.3684
200,20,sqrt,10,5,0.9760333282920317,0.0037290417886692954,0.9761333333333333,0.0036974465663632055,71.6818
200,20,sqrt,10,10,0.9696679573394441,0.003046085940453846,0.9698666666666668,0.0030081371127142578,68.1128
200,20,sqrt,20,1,0.9781930952379995,0.0028623717126224123,0.9782666666666667,0.002847220867208321,72.3939
200,20,sqrt,20,2,0.9776513691256568,0.0031091915231549506,0.9777333333333335,0.0030868898407440414,73.1168
200,20,sqrt,20,5,0.9754788315128728,0.004653187899291515,0.9756,0.0046014490471299714,73.8084
200,20,sqrt,20,10,0.9696679573394441,0.003046085940453846,0.9698666666666668,0.0030081371127142578,71.7813
200,20,log2,2,1,0.9813572253224869,0.002123422208507265,0.9813999999999998,0.0021176506899024824,71.2121
200,20,log2,2,2,0.978387175636275,0.00245203503688718,0.9784666666666666,0.002423037579384804,84.1096
200,20,log2,2,5,0.9725120361791697,0.003580050355073433,0.9726666666666668,0.0035276684147527875,81.8683
200,20,log2,2,10,0.9646375033888088,0.003260092635348497,0.9649333333333333,0.0031999999999999906,75.9998
200,20,log2,5,1,0.9810127339762358,0.0020579436116928353,0.9810666666666668,0.002048305532764968,100.9772
200,20,log2,5,2,0.9785240554955245,0.0028251095492060475,0.9785999999999999,0.00280396544597507,96.5961
200,20,log2,5,5,0.9725120361791697,0.003580050355073433,0.9726666666666668,0.0035276684147527875,107.6363
200,20,log2,5,10,0.9646375033888088,0.003260092635348497,0.9649333333333333,0.0031999999999999906,97.5999
200,20,log2,10,1,0.9786581748877626,0.0029075440242605543,0.9787333333333332,0.0028666666666666563,95.5504
200,20,log2,10,2,0.9774395291147224,0.0027484687455111905,0.9775333333333333,0.0027170245163086336,98.6101
200,20,log2,10,5,0.9725120361791697,0.003580050355073433,0.9726666666666668,0.0035276684147527875,104.7723
200,20,log2,10,10,0.9646375033888088,0.003260092635348497,0.9649333333333333,0.0031999999999999906,109.3178
200,20,log2,20,1,0.9764374319143204,0.0028369772835056513,0.9765333333333335,0.002809507667427382,101.8585
200,20,log2,20,2,0.9757592780067282,0.0032391309321243523,0.9758666666666667,0.003208322510804248,93.3004
200,20,log2,20,5,0.9710738552049332,0.0034830215342822766,0.9712666666666667,0.003431229128655402,107.0258
200,20,log2,20,10,0.9646375033888088,0.003260092635348497,0.9649333333333333,0.0031999999999999906,107.5383
200,20,0.5,2,1,0.9861886532582214,0.0018928825133057259,0.9862,0.0018867962264113264,118.5632
200,20,0.5,2,2,0.985785500228537,0.002550867220031435,0.9857999999999999,0.0025482019804821967,137.8792
200,20,0.5,2,5,0.983645059831488,0.0020747217949345685,0.9836666666666666,0.0020709632756012275,128.3105
200,20,0.5,2,10,0.9810318132885119,0.0029667773833767924,0.9810666666666666,0.002954469307488041,131.9443
200,20,0.5,5,1,0.9861165683899085,0.0022342280375611734,0.9861333333333333,0.0022271057451320217,126.7929
200,20,0.5,5,2,0.9858517023595876,0.0025648623655271405,0.9858666666666667,0.0025612496949731513,126.8029
200,20,0.5,5,5,0.983645059831488,0.0020747217949345685,0.9836666666666666,0.0020709632756012275,127.976
200,20,0.5,5,10,0.9810318132885119,0.0029667773833767924,0.9810666666666666,0.002954469307488041,117.2175
200,20,0.5,10,1,0.9854505592711407,0.002250456687719518,0.9854666666666667,0.0022469732728470446,122.9022
200,20,0.5,10,2,0.9852492836004076,0.0020624361583997572,0.9852666666666666,0.00205372290676659,127.2044
200,20,0.5,10,5,0.983645059831488,0.0020747217949345685,0.9836666666666666,0.0020709632756012275,120.5436
200,20,0.5,10,10,0.9810318132885119,0.0029667773833767924,0.9810666666666666,0.002954469307488041,120.1984
200,20,0.5,20,1,0.9835722469973037,0.0027286815313276687,0.9836,0.0027194770739161532,126.8452
200,20,0.5,20,2,0.9831019990148648,0.002900326343477491,0.9831333333333333,0.0028913664589601917,136.4679
200,20,0.5,20,5,0.98210171732986,0.0023507039167323263,0.9821333333333333,0.0023437861108329267,132.1961
200,20,0.5,20,10,0.9810318132885119,0.0029667773833767924,0.9810666666666666,0.002954469307488041,129.606
200,20,1.0,2,1,0.9854618954536617,0.0014353384024222145,0.9854666666666667,0.0014236104336041741,150.7776
200,20,1.0,2,2,0.9843222649932806,0.0022078994846349443,0.9843333333333334,0.0021959558789334146,144.3677
200,20,1.0,2,5,0.9819882143375189,0.0022333804872754805,0.9819999999999999,0.0022310934040908515,142.7915
200,20,1.0,2,10,0.9777664405663605,0.002162667035910322,0.9778,0.0021509687739868838,132.3722
200,20,1.0,5,1,0.9847912402276965,0.0019395204068607295,0.9848000000000001,0.0019275776393067943,121.7907
200,20,1.0,5,2,0.9844552142286419,0.0022812223376042877,0.9844666666666667,0.002271563338320102,128.7323
200,20,1.0,5,5,0.9819882143375189,0.0022333804872754805,0.9819999999999999,0.0022310934040908515,123.797
200,20,1.0,5,10,0.9777664405663605,0.002162667035910322,0.9778,0.0021509687739868838,119.2509
200,20,1.0,10,1,0.9829858079158218,0.0023434118775935518,0.9829999999999999,0.002333333333333333,143.5185
200,20,1.0,10,2,0.9833156140835116,0.002339324392277364,0.9833333333333332,0.0023285665595430744,137.36
200,20,1.0,10,5,0.9819882143375189,0.0022333804872754805,0.9819999999999999,0.0022310934040908515,135.8346
200,20,1.0,10,10,0.9777664405663605,0.002162667035910322,0.9778,0.0021509687739868838,137.5558
200,20,1.0,20,1,0.9811029469314194,0.0026335730336530493,0.9811333333333334,0.0026170381901854025,136.2301
200,20,1.0,20,2,0.9811047650441829,0.0024147517964737695,0.9811333333333332,0.002404625172916197,123.7303
200,20,1.0,20,5,0.9797711969121566,0.0022940195325536973,0.9798,0.0022910453703252637,118.7337
200,20,1.0,20,10,0.9777664405663605,0.002162667035910322,0.9778,0.0021509687739868838,124.0426
500,,sqrt,2,1,0.9851650252009101,0.0019079211547087945,0.9852000000000001,0.0019043809142780795,131.4149
500,,sqrt,2,2,0.9821974624751121,0.002792404035422552,0.9822666666666665,0.002768071932270213,130.3528
500,,sqrt,2,5,0.9776799046074572,0.002474737985321981,0.9778,0.0024413111231467305,59.3197
500,,sqrt,2,10,0.970987724003383,0.0031726535628287373,0.9712,0.003124099870362668,53.8369
500,,sqrt,5,1,0.9844203733955134,0.0025392006624998026,0.9844666666666667,0.0025307003861469884,63.4022
500,,sqrt,5,2,0.9822660054557328,0.0022655703309719393,0.9823333333333333,0.0022558565754251434,62.8994
500,,sqrt,5,5,0.9776799046074572,0.002474737985321981,0.9778,0.0024413111231467305,56.7974
500,,sqrt,5,10,0.970987724003383,0.0031726535628287373,0.9712,0.003124099870362668,62.2967
500,,sqrt,10,1,0.9822662221808762,0.0021830248386268667,0.9823333333333333,0.002175622516277433,57.3588
500,,sqrt,10,2,0.9811861648782617,0.0027501004561725226,0.9812666666666665,0.002723559762108738,59.5038
500,,sqrt,10,5,0.9776799046074572,0.002474737985321981,0.9778,0.0024413111231467305,60.2668
500,,sqrt,10,10,0.970987724003383,0.0031726535628287373,0.9712,0.003124099870362668,56.3129
500,,sqrt,20,1,0.9803796862312648,0.0028511155842227817,0.9804666666666666,0.002829212689856391,64.3349
500,,sqrt,20,2,0.9796341057709756,0.00266524443857388,0.9797333333333332,0.002636495991104656,53.4878
500,,sqrt,20,5,0.9763364019530378,0.0026043772419928773,0.9764666666666667,0.00256558418731917,59.473
500,,sqrt,20,10,0.970987724003383,0.0031726535628287373,0.9712,0.003124099870362668,63.1277
500,,log2,2,1,0.9844926888385732,0.0019331733244299094,0.9845333333333333,0.0019275776393067867,62.028
500,,log2,2,2,0.9807138683043854,0.002063272077923533,0.9807999999999998,0.0020396078054371086,55.2802
500,,log2,2,5,0.9742973094115172,0.0031966344287005914,0.9744666666666667,0.0031418324447861756,61.6743
500,,log2,2,10,0.9667082885730552,0.0032119333560002346,0.967,0.003144660377352205,64.5923
500,,log2,5,1,0.9833465775898024,0.002144558193617454,0.9833999999999999,0.0021385353243127273,87.5178
500,,log2,5,2,0.9809196048992046,0.0024453825872705354,0.9810000000000001,0.002426703296426822,81.5172
500,,log2,5,5,0.9742973094115172,0.0031966344287005914,0.9744666666666667,0.0031418324447861756,80.0866
500,,log2,5,10,0.9667082885730552,0.0032119333560002346,0.967,0.003144660377352205,82.9278
500,,log2,10,1,0.9807868749369055,0.0025481068971448706,0.9808666666666668,0.00253070038614697,88.9497
500,,log2,10,2,0.9797070597197898,0.0028033276965598263,0.9798,0.002781686139336668,83.1403
500,,log2,10,5,0.9742973094115172,0.0031966344287005914,0.9744666666666667,0.0031418324447861756,97.3077
500,,log2,10,10,0.9667082885730552,0.0032119333560002346,0.967,0.003144660377352205,80.5905
500,,log2,20,1,0.9790961997572698,0.0026748388054712072,0.9792,0.0026465910988372056,80.2116
500,,log2,20,2,0.9774835558832302,0.002884730981480446,0.9776000000000001,0.0028472208672083305,91.7739
500,,log2,20,5,0.9729402708930166,0.003622720209310309,0.9731333333333334,0.003565887765417686,82.428
500,,log2,20,10,0.9667082885730552,0.0032119333560002346,0.967,0.003144660377352205,81.5026
500,,0.5,2,1,0.9864534679857982,0.002672918289527428,0.9864666666666668,0.002667499869832341,106.1581
500,,0.5,2,2,0.9855845174187012,0.0020954979111899724,0.9856,0.0020912516188477514,102.6362
500,,0.5,2,5,0.9841124538804091,0.0022125012288909973,0.9841333333333333,0.0022070593809662446,97.8372
500,,0.5,2,10,0.9809627799816736,0.0028029768572504533,0.9810000000000001,0.0027848798098940434,99.6967
500,,0.5,5,1,0.9863195735132528,0.002036781061398723,0.9863333333333335,0.0020275875100994093,125.6142
500,,0.5,5,2,0.9861177713024318,0.002044441609784235,0.9861333333333334,0.002039607805437106,150.1925
500,,0.5,5,5,0.9841124538804091,0.0022125012288909973,0.9841333333333333,0.0022070593809662446,136.4327
500,,0.5,5,10,0.9809627799816736,0.0028029768572504533,0.9810000000000001,0.0027848798098940434,130.3122
500,,0.5,10,1,0.9850477669138045,0.0021385129277385747,0.9850666666666668,0.002133333333333324,142.3369
500,,0.5,10,2,0.9850472440326978,0.0020347095223511203,0.9850666666666665,0.002026491220476115,153.2449
500,,0.5,10,5,0.9841124538804091,0.0022125012288909973,0.9841333333333333,0.0022070593809662446,142.3625
500,,0.5,10,10,0.9809627799816736,0.0028029768572504533,0.9810000000000001,0.0027848798098940434,147.696
500,,0.5,20,1,0.9833684856960204,0.002061040398165906,0.9833999999999999,0.002053722906766588,153.7584
500,,0.5,20,2,0.9827658709139199,0.002446885885583993,0.9827999999999999,0.002436755584332949,150.4729
500,,0.5,20,5,0.9825680457463675,0.0024611980956742298,0.9825999999999999,0.0024485823562942627,144.2476
500,,0.5,20,10,0.9809627799816736,0.0028029768572504533,0.9810000000000001,0.0027848798098940434,137.3001
500,,1.0,2,1,0.9858599814697714,0.00133742462762645,0.9858666666666667,0.0013266499161421633,165.8953
500,,1.0,2,2,0.9845869106139968,0.0021699168659028204,0.9846,0.002159217965426901,167.4779
500,,1.0,2,5,0.9817222421071616,0.002464522962386814,0.9817333333333333,0.0024621580416825765,159.0295
500,,1.0,2,10,0.9771636772775985,0.0025214944491592103,0.9771999999999998,0.00250865169629689,170.4952
500,,1.0,5,1,0.9848565583359312,0.002322108939144581,0.9848666666666667,0.0023103631268217946,150.6621
500,,1.0,5,2,0.9841867483253346,0.00246855958128886,0.9841999999999999,0.0024594488994262183,147.2549
500,,1.0,5,5,0.9817222421071616,0.002464522962386814,0.9817333333333333,0.0024621580416825765,134.2357
500,,1.0,5,10,0.9771636772775985,0.0025214944491592103,0.9771999999999998,0.00250865169629689,115.5247
500,,1.0,10,1,0.9833204918480242,0.0023392150401031764,0.9833333333333332,0.002328566559543084,139.6798
500,,1.0,10,2,0.9833175309223574,0.0024486157495091925,0.9833333333333332,0.0024404006956964333,139.9281
500,,1.0,10,5,0.9817222421071616,0.002464522962386814,0.9817333333333333,0.0024621580416825765,126.2557
500,,1.0,10,10,0.9771636772775985,0.0025214944491592103,0.9771999999999998,0.00250865169629689,135.5892
500,,1.0,20,1,0.9809707857832061,0.0025657279728868946,0.9809999999999999,0.0025516878945339647,180.0203
500,,1.0,20,2,0.9808365582462981,0.0024897780572937377,0.9808666666666666,0.002477453890141598,168.1044
500,,1.0,20,5,0.9793722088388508,0.002631841631304304,0.9794,0.002623822487220568,162.0295
500,,1.0,20,10,0.9771636772775985,0.0025214944491592103,0.9771999999999998,0.00250865169629689,166.4802
500,5,sqrt,2,1,0.9315159274147439,0.0064085118855949095,0.932,0.006317524128257134,103.2017
500,5,sqrt,2,2,0.9313848416081287,0.006333619101629464,0.9318666666666667,0.006238233368154441,89.2887
500,5,sqrt,2,5,0.9315196176427836,0.006432058864793115,0.932,0.006338594306135831,138.229
500,5,sqrt,2,10,0.9311754214125987,0.00667462838352152,0.9316666666666666,0.006587867636800226,102.0257
500,5,sqrt,5,1,0.931382040970384,0.006210384379445138,0.9318666666666667,0.006123180001709355,101.4648
500,5,sqrt,5,2,0.9314499166606749,0.006268473831447384,0.9319333333333335,0.0061712595508894574,91.6265
500,5,sqrt,5,5,0.9315196176427836,0.006432058864793115,0.932,0.006338594306135831,103.0683
500,5,sqrt,5,10,0.9311754214125987,0.00667462838352152,0.9316666666666666,0.006587867636800226,96.8001
500,5,sqrt,10,1,0.9315199984328082,0.0062124078515310615,0.932,0.00612463150818979,95.4039
500,5,sqrt,10,2,0.9316576159759015,0.006466893845738926,0.9321333333333335,0.006372161677519196,92.6702
500,5,sqrt,10,5,0.9315196176427836,0.006432058864793115,0.932,0.006338594306135831,90.8972
500,5,sqrt,10,10,0.9311754214125987,0.00667462838352152,0.9316666666666666,0.006587867636800226,89.4772
500,5,sqrt,20,1,0.9315236961641228,0.006499236005437411,0.932,0.0064083279150388755,99.3098
500,5,sqrt,20,2,0.9315927831233706,0.006459788020386323,0.9320666666666666,0.006369720035710614,97.9607
500,5,sqrt,20,5,0.9314475092265703,0.006577015910052554,0.9319333333333335,0.006487252457276822,92.8436
500,5,sqrt,20,10,0.9311754214125987,0.00667462838352152,0.9316666666666666,0.006587867636800226,90.9934
500,5,log2,2,1,0.9293208577404105,0.0057542485675371405,0.9300666666666668,0.005628893714083123,87.7081
500,5,log2,2,2,0.929258984561163,0.005645423681418481,0.93,0.005513619500836094,95.5126
500,5,log2,2,5,0.9293284167276183,0.005765000370992642,0.9300666666666668,0.005636783953047455,82.663
500,5,log2,2,10,0.929527766083315,0.005671032921121307,0.9302666666666667,0.005531324936717749,67.2112
500,5,log2,5,1,0.9294594456039149,0.005761442013627981,0.9302000000000001,0.005633629183552803,88.8617
500,5,log2,5,2,0.9293243973701572,0.005695944433803725,0.9300666666666668,0.00556536911025076,89.7175
500,5,log2,5,5,0.9293284167276183,0.005765000370992642,0.9300666666666668,0.005636783953047455,103.0143
500,5,log2,5,10,0.929527766083315,0.005671032921121307,0.9302666666666667,0.005531324936717749,94.1805
500,5,log2,10,1,0.9294600885495194,0.005824191599896361,0.9302000000000001,0.00570418949350192,87.4151
500,5,log2,10,2,0.9294600885495194,0.005824191599896361,0.9302000000000001,0.00570418949350192,97.3104
500,5,log2,10,5,0.9293284167276183,0.005765000370992642,0.9300666666666668,0.005636783953047455,102.6814
500,5,log2,10,10,0.929527766083315,0.005671032921121307,0.9302666666666667,0.005531324936717749,96.47
500,5,log2,20,1,0.9294598996030352,0.005764787309593873,0.9301999999999999,0.005641512799477346,92.1351
500,5,log2,20,2,0.9294585123404516,0.005863846877791982,0.9301999999999999,0.005727516428998223,102.7635
500,5,log2,20,5,0.9294626827899943,0.005729503523323711,0.9302000000000001,0.005594044452212856,95.7674
500,5,log2,20,10,0.929527766083315,0.005671032921121307,0.9302666666666667,0.005531324936717749,102.5419
500,5,0.5,2,1,0.9436942623620144,0.004678251867790493,0.9435999999999998,0.00468757222166585,122.3267
500,5,0.5,2,2,0.9436911290429322,0.004700645368933545,0.9435999999999998,0.004706496691926076,107.657
500,5,0.5,2,5,0.9438277281487538,0.004674818767628804,0.9437333333333333,0.00468757222166585,106.4971
500,5,0.5,2,10,0.9438373643576611,0.004704068887915241,0.9437333333333331,0.004706496691926076,126.816
500,5,0.5,5,1,0.9435576446933893,0.004812658862781493,0.9434666666666665,0.004814792022738081,103.2343
500,5,0.5,5,2,0.9436910186311327,0.004794849127663233,0.9436,0.004800000000000004,102.4408
500,5,0.5,5,5,0.9438277281487538,0.004674818767628804,0.9437333333333333,0.00468757222166585,126.0757
500,5,0.5,5,10,0.9438373643576611,0.004704068887915241,0.9437333333333331,0.004706496691926076,140.9165
500,5,0.5,10,1,0.943758634223976,0.004815860358790411,0.9436666666666668,0.004818944098266991,150.5732
500,5,0.5,10,2,0.943894885541944,0.004800683187580857,0.9438000000000001,0.004807863928560749,151.8622
500,5,0.5,10,5,0.9438277281487538,0.004674818767628804,0.9437333333333333,0.00468757222166585,146.4314
500,5,0.5,10,10,0.9438373643576611,0.004704068887915241,0.9437333333333331,0.004706496691926076,128.8044
500,5,0.5,20,1,0.9438967977945758,0.004619009756099831,0.9438000000000001,0.004619283253685329,149.443
500,5,0.5,20,2,0.9437607585522365,0.004718405229780774,0.9436666666666665,0.0047164016415530636,174.7366
500,5,0.5,20,5,0.9438970374588062,0.004740527954029363,0.9438000000000001,0.004742713709821976,201.8761
500,5,0.5,20,10,0.9438373643576611,0.004704068887915241,0.9437333333333331,0.004706496691926076,165.6365
500,5,1.0,2,1,0.948479771107168,0.005464691917193356,0.9481333333333334,0.005592057860136219,185.6121
500,5,1.0,2,2,0.948479771107168,0.005464691917193356,0.9481333333333334,0.005592057860136219,176.1223
500,5,1.0,2,5,0.9486074636622475,0.005384534397179839,0.9482666666666667,0.005507167047483578,189.7311
500,5,1.0,2,10,0.9486075154084965,0.005505100554396947,0.9482666666666667,0.005626919425602467,200.2647
500,5,1.0,5,1,0.948479771107168,0.005464691917193356,0.9481333333333334,0.005592057860136219,158.4606
500,5,1.0,5,2,0.948479771107168,0.005464691917193356,0.9481333333333334,0.005592057860136219,164.3241
500,5,1.0,5,5,0.9486074636622475,0.005384534397179839,0.9482666666666667,0.005507167047483578,168.6809
500,5,1.0,5,10,0.9486075154084965,0.005505100554396947,0.9482666666666667,0.005626919425602467,183.1037
500,5,1.0,10,1,0.9485447608000405,0.005395797284727235,0.9481999999999999,0.005522076903967695,158.4953
500,5,1.0,10,2,0.9485447608000405,0.005395797284727235,0.9481999999999999,0.005522076903967695,166.0098
500,5,1.0,10,5,0.9486074636622475,0.005384534397179839,0.9482666666666667,0.005507167047483578,179.0841
500,5,1.0,10,10,0.9486075154084965,0.005505100554396947,0.9482666666666667,0.005626919425602467,161.0778
500,5,1.0,20,1,0.9486074636622475,0.005384534397179839,0.9482666666666667,0.005507167047483578,101.6056
500,5,1.0,20,2,0.9486074636622475,0.005384534397179839,0.9482666666666667,0.005507167047483578,130.7059
500,5,1.0,20,5,0.9486074636622475,0.005384534397179839,0.9482666666666667,0.005507167047483578,128.0332
500,5,1.0,20,10,0.9486075154084965,0.005505100554396947,0.9482666666666667,0.005626919425602467,126.9545
500,10,sqrt,2,1,0.9538509796282264,0.005313220495076296,0.9538666666666668,0.0053065996645686505,106.9965
500,10,sqrt,2,2,0.9535578722773561,0.00563351695471462,0.9536,0.005619015334854802,109.8492
500,10,sqrt,2,5,0.9515963725781607,0.005130884421338373,0.9516666666666665,0.005105552532945535,109.0642
500,10,sqrt,2,10,0.9488044767845615,0.005819460235884018,0.9489333333333333,0.005775042087388746,100.2448
500,10,sqrt,5,1,0.9540364405101087,0.005595396514742582,0.9540666666666666,0.005589275444992846,108.2723
500,10,sqrt,5,2,0.9534880701609616,0.005669315613426046,0.9535333333333333,0.005657247072953808,99.4267
500,10,sqrt,5,5,0.9515963725781607,0.005130884421338373,0.9516666666666665,0.005105552532945535,108.8297
500,10,sqrt,5,10,0.9488044767845615,0.005819460235884018,0.9489333333333333,0.005775042087388746,102.3102
500,10,sqrt,10,1,0.9537565184152527,0.005606141924705848,0.9538,0.0055860938449371275,95.2549
500,10,sqrt,10,2,0.9532893963674791,0.005051626013918481,0.9533333333333334,0.005042045440317073,108.8742
500,10,sqrt,10,5,0.9515963725781607,0.005130884421338373,0.9516666666666665,0.005105552532945535,90.9082
500,10,sqrt,10,10,0.9488044767845615,0.005819460235884018,0.9489333333333333,0.005775042087388746,98.2971
500,10,sqrt,20,1,0.9525557316264625,0.004919500118882232,0.9526,0.004903060268852493,108.2221
500,10,sqrt,20,2,0.952548917711931,0.004901491290163528,0.9525999999999998,0.004884897360459315,98.8474
500,10,sqrt,20,5,0.9513091166284235,0.0054682749295227664,0.9513999999999999,0.00543609336850566,103.0737
500,10,sqrt,20,10,0.9488044767845615,0.005819460235884018,0.9489333333333333,0.005775042087388746,102.4576
500,10,log2,2,1,0.9481510943295914,0.004807287384380947,0.9482666666666667,0.004781445620544289,101.804
500,10,log2,2,2,0.9480742131952417,0.005082170010151269,0.9481999999999999,0.005051292463870576,101.8081
500,10,log2,2,5,0.9467751528987318,0.004625080858484483,0.9469333333333333,0.004582090740650548,100.6851
500,10,log2,2,10,0.9446216522627207,0.003988246756697064,0.9448000000000001,0.003953057888099637,100.4068
500,10,log2,5,1,0.9487482880652879,0.004692211500884419,0.9488666666666665,0.0046671428328499045,100.2107
500,10,log2,5,2,0.9480138483554972,0.004499195175636906,0.9481333333333334,0.004489988864128739,100.7959
500,10,log2,5,5,0.9467751528987318,0.004625080858484483,0.9469333333333333,0.004582090740650548,101.6163
500,10,log2,5,10,0.9446216522627207,0.003988246756697064,0.9448000000000001,0.003953057888099637,102.129
500,10,log2,10,1,0.9482106906900654,0.004656731047209934,0.9483333333333335,0.004630814663149936,101.6858
500,10,log2,10,2,0.9476636558978097,0.005092945437969239,0.9478,0.00505129246387056,101.6381
500,10,log2,10,5,0.9467751528987318,0.004625080858484483,0.9469333333333333,0.004582090740650548,101.0254
500,10,log2,10,10,0.9446216522627207,0.003988246756697064,0.9448000000000001,0.003953057888099637,100.6333
500,10,log2,20,1,0.9475274355154685,0.004802592087900495,0.9476666666666667,0.00473521089522127,99.923
500,10,log2,20,2,0.9467259434218807,0.004363525872529211,0.9468666666666665,0.004321008112826366,100.9372
500,10,log2,20,5,0.9464394786139405,0.004454017029334103,0.9465999999999999,0.004406560765242866,101.3492
500,10,log2,20,10,0.9446216522627207,0.003988246756697064,0.9448000000000001,0.003953057888099637,101.6235
500,10,0.5,2,1,0.9810182393257977,0.0032447989166244067,0.9809999999999999,0.0032557641192199217,135.3881
500,10,0.5,2,2,0.9809510958448937,0.0032034477748091815,0.9809333333333334,0.003213858878185029,142.4868
500,10,0.5,2,5,0.9794745527572101,0.002999510379439267,0.9794666666666666,0.0030081371127142465,127.9349
500,10,0.5,2,10,0.9769283230412418,0.0035709282951649655,0.9769333333333332,0.003567756842735896,132.2861
500,10,0.5,5,1,0.9809500545497176,0.0029597584272023957,0.9809333333333333,0.0029694743268426607,140.7255
500,10,0.5,5,2,0.9804833234928976,0.0029874382503452136,0.9804666666666668,0.0029970355723985117,135.5842
500,10,0.5,5,5,0.9794745527572101,0.002999510379439267,0.9794666666666666,0.0030081371127142465,135.6834
500,10,0.5,5,10,0.9769283230412418,0.0035709282951649655,0.9769333333333332,0.003567756842735896,133.0901
500,10,0.5,10,1,0.9800802458272917,0.0034072634520828054,0.9800666666666666,0.0034182516648784654,140.4294
500,10,0.5,10,2,0.9803437041146361,0.0033922261202152123,0.9803333333333333,0.0034026133747132956,140.5954
500,10,0.5,10,5,0.9794745527572101,0.002999510379439267,0.9794666666666666,0.0030081371127142465,133.1979
500,10,0.5,10,10,0.9769283230412418,0.0035709282951649655,0.9769333333333332,0.003567756842735896,110.9595
500,10,0.5,20,1,0.9787396954824557,0.0038179607532525498,0.9787333333333332,0.00382332025571724,99.9786
500,10,0.5,20,2,0.9789357053708967,0.0035271052991463123,0.9789333333333333,0.0035301872786329936,99.4777
500,10,0.5,20,5,0.978331799793691,0.0037253893952303697,0.9783333333333333,0.003726779962499635,99.2913
500,10,0.5,20,10,0.9769283230412418,0.0035709282951649655,0.9769333333333332,0.003567756842735896,97.4129
500,10,1.0,2,1,0.9816033200534692,0.0027529432333160395,0.9816,0.0027519689920733666,126.0667
500,10,1.0,2,2,0.981200055290163,0.002947910763483086,0.9812,0.0029484459183328074,120.0038
500,10,1.0,2,5,0.979928074867528,0.003456027039732291,0.9799333333333335,0.0034570379099904294,119.0481
500,10,1.0,2,10,0.9766294346026644,0.002841324828400078,0.9766666666666666,0.002828427124746185,120.4164
500,10,1.0,5,1,0.9813348399244542,0.002814135114233503,0.9813333333333333,0.002812669747963876,128.0391
500,10,1.0,5,2,0.9811328536335739,0.003026582465829065,0.9811333333333334,0.003026549190084312,123.6088
500,10,1.0,5,5,0.979928074867528,0.003456027039732291,0.9799333333333335,0.0034570379099904294,119.808
500,10,1.0,5,10,0.9766294346026644,0.002841324828400078,0.9766666666666666,0.002828427124746185,119.9183
500,10,1.0,10,1,0.980596350031284,0.0031501568966285118,0.9805999999999999,0.003147485769096763,117.4345
500,10,1.0,10,2,0.9805966044436444,0.003019115721404459,0.9806000000000001,0.003017725412735002,122.8353
500,10,1.0,10,5,0.979928074867528,0.003456027039732291,0.9799333333333335,0.0034570379099904294,115.7756
500,10,1.0,10,10,0.9766294346026644,0.002841324828400078,0.9766666666666666,0.002828427124746185,118.4917
500,10,1.0,20,1,0.9791126655324742,0.003646456188611704,0.9791333333333334,0.003639902318591653,158.8508
500,10,1.0,20,2,0.979048258787596,0.003449162600736578,0.9790666666666666,0.0034409301068170396,144.1124
500,10,1.0,20,5,0.9779768173359372,0.0034445908006374114,0.978,0.0034383458555273523,149.3046
500,10,1.0,20,10,0.9766294346026644,0.002841324828400078,0.9766666666666666,0.002828427124746185,132.4696
500,20,sqrt,2,1,0.9841740288185331,0.0019084915275267465,0.9842000000000001,0.0019102065042525952,127.7686
500,20,sqrt,2,2,0.9809471545211597,0.0018529440224590214,0.9810000000000001,0.001843908891458571,104.1597
500,20,sqrt,2,5,0.976699432898308,0.00300508476872277,0.9768000000000001,0.002978441053825144,121.5263
500,20,sqrt,2,10,0.9697991400669052,0.0030874906128100406,0.9700000000000001,0.003040467800264369,105.032
500,20,sqrt,5,1,0.9816901636017313,0.0019159795806522426,0.9817333333333332,0.001913693345920976,110.8558
500,20,sqrt,5,2,0.9808764382063682,0.0013886846626352015,0.9809333333333333,0.0013727506854649407,125.1183
500,20,sqrt,5,5,0.976699432898308,0.00300508476872277,0.9768000000000001,0.002978441053825144,100.4727
500,20,sqrt,5,10,0.9697991400669052,0.0030874906128100406,0.9700000000000001,0.003040467800264369,111.2732
500,20,sqrt,10,1,0.9814136209947858,0.0029751484713480283,0.9814666666666666,0.0029634814361190246,111.5955
500,20,sqrt,10,2,0.9792669781372361,0.0031161029605909787,0.9793333333333335,0.003098386676965922,112.9613
500,20,sqrt,10,5,0.976699432898308,0.00300508476872277,0.9768000000000001,0.002978441053825144,93.9851
500,20,sqrt,10,10,0.9697991400669052,0.0030874906128100406,0.9700000000000001,0.003040467800264369,95.7952
500,20,sqrt,20,1,0.9787246915395219,0.0028256034784848866,0.9788,0.002809507667427394,111.411
500,20,sqrt,20,2,0.9776476209482545,0.0027339003745060673,0.9777333333333333,0.002719477073916149,113.6521
500,20,sqrt,20,5,0.9748791804758156,0.0035006208541885557,0.9750000000000002,0.0034544657088084307,114.2638
500,20,sqrt,20,10,0.9697991400669052,0.0030874906128100406,0.9700000000000001,0.003040467800264369,113.4299
500,20,log2,2,1,0.9819637330099102,0.00215295851987229,0.9819999999999999,0.002149935399546277,113.9059
500,20,log2,2,2,0.978526241366224,0.002261391815229563,0.9785999999999999,0.002240039682188166,115.3712
500,20,log2,2,5,0.9721116750183336,0.003576818217969128,0.9722666666666667,0.0035175749222061178,125.0905
500,20,log2,2,10,0.965452506083467,0.003924652426570996,0.9657333333333333,0.0038551552786135965,107.3751
500,20,log2,5,1,0.9806196444051041,0.0019604930679983823,0.9806666666666667,0.00195505043981535,127.0224
500,20,log2,5,2,0.9792622913451586,0.002919613490046767,0.9793333333333333,0.002905932629027101,123.2316
500,20,log2,5,5,0.9721116750183336,0.003576818217969128,0.9722666666666667,0.0035175749222061178,119.2209
500,20,log2,5,10,0.965452506083467,0.003924652426570996,0.9657333333333333,0.0038551552786135965,134.903
500,20,log2,10,1,0.9790045569897721,0.002974329835653518,0.9790666666666666,0.0029544693074880215,118.8074
500,20,log2,10,2,0.9776518266486078,0.0029659189332304427,0.9777333333333333,0.0029393876913397917,112.3765
500,20,log2,10,5,0.9721116750183336,0.003576818217969128,0.9722666666666667,0.0035175749222061178,116.2199
500,20,log2,10,10,0.965452506083467,0.003924652426570996,0.9657333333333333,0.0038551552786135965,113.5319
500,20,log2,20,1,0.9765122268578488,0.00327211286171759,0.9766,0.0032448249396367706,133.3852
500,20,log2,20,2,0.9756323987713635,0.0033967798839991997,0.9757333333333333,0.0033625387234449116,123.5244
500,20,log2,20,5,0.9714981631086644,0.003717783206642316,0.9716666666666665,0.0036666666666666514,122.9285
500,20,log2,20,10,0.965452506083467,0.003924652426570996,0.9657333333333333,0.0038551552786135965,111.6995
500,20,0.5,2,1,0.9861194411151015,0.002405267164749762,0.9861333333333334,0.002400000000000006,149.2848
500,20,0.5,2,2,0.9858516334427726,0.002190032579578873,0.9858666666666668,0.0021868292622475556,159.0112
500,20,0.5,2,5,0.9840454725979013,0.0020139026206893195,0.9840666666666665,0.0020099751242241845,163.6953
500,20,0.5,2,10,0.9809627799816736,0.0028029768572504533,0.9810000000000001,0.0027848798098940434,163.0477
500,20,0.5,5,1,0.9864531418567324,0.00209667650539867,0.9864666666666668,0.002088061301782112,162.5789
500,20,0.5,5,2,0.9861848127311804,0.001983994870603174,0.9862000000000002,0.0019787762772874333,160.2845
500,20,0.5,5,5,0.9840454725979013,0.0020139026206893195,0.9840666666666665,0.0020099751242241845,152.4448
500,20,0.5,5,10,0.9809627799816736,0.0028029768572504533,0.9810000000000001,0.0027848798098940434,152.2667
500,20,0.5,10,1,0.985249088932723,0.0021431730808629717,0.9852666666666666,0.002138535324312716,148.6283
500,20,0.5,10,2,0.985113689584456,0.002095791080201116,0.9851333333333331,0.0020880613017821292,150.1713
500,20,0.5,10,5,0.9840454725979013,0.0020139026206893195,0.9840666666666665,0.0020099751242241845,162.9357
500,20,0.5,10,10,0.9809627799816736,0.0028029768572504533,0.9810000000000001,0.0027848798098940434,164.4494
500,20,0.5,20,1,0.9831684662674413,0.002174354725738717,0.9831999999999999,0.0021664102412362685,158.9122
500,20,0.5,20,2,0.9828996556646354,0.0023407014249644687,0.9829333333333334,0.0023323807579381218,159.8079
500,20,0.5,20,5,0.9825680457463675,0.0024611980956742298,0.9825999999999999,0.0024485823562942627,154.2271
500,20,0.5,20,10,0.9809627799816736,0.0028029768572504533,0.9810000000000001,0.0027848798098940434,151.2737
500,20,1.0,2,1,0.985793633080266,0.0014103889407147564,0.9858,0.0014000000000000067,167.7959
500,20,1.0,2,2,0.9845869106139968,0.0021699168659028204,0.9846,0.002159217965426901,173.3795
500,20,1.0,2,5,0.9817222421071616,0.002464522962386814,0.9817333333333333,0.0024621580416825765,180.1323
500,20,1.0,2,10,0.9771636772775985,0.0025214944491592103,0.9771999999999998,0.00250865169629689,176.8438
500,20,1.0,5,1,0.9848565583359312,0.002322108939144581,0.9848666666666667,0.0023103631268217946,180.5279
500,20,1.0,5,2,0.9841867483253346,0.00246855958128886,0.9841999999999999,0.0024594488994262183,179.0851
500,20,1.0,5,5,0.9817222421071616,0.002464522962386814,0.9817333333333333,0.0024621580416825765,172.8807
500,20,1.0,5,10,0.9771636772775985,0.0025214944491592103,0.9771999999999998,0.00250865169629689,167.4688
500,20,1.0,10,1,0.9832541728063312,0.002309645693863451,0.9832666666666665,0.002298791953275574,167.5042
500,20,1.0,10,2,0.9833175309223574,0.0024486157495091925,0.9833333333333332,0.0024404006956964333,171.1559
500,20,1.0,10,5,0.9817222421071616,0.002464522962386814,0.9817333333333333,0.0024621580416825765,177.5953
500,20,1.0,10,10,0.9771636772775985,0.0025214944491592103,0.9771999999999998,0.00250865169629689,174.9058
500,20,1.0,20,1,0.9809707857832061,0.0025657279728868946,0.9809999999999999,0.0025516878945339647,176.7851
500,20,1.0,20,2,0.9808365582462981,0.0024897780572937377,0.9808666666666666,0.002477453890141598,174.7433
500,20,1.0,20,5,0.9793722088388508,0.002631841631304304,0.9794,0.002623822487220568,170.3507
500,20,1.0,20,10,0.9771636772775985,0.0025214944491592103,0.9771999999999998,0.00250865169629689,167.1942
