n_estimators,max_depth,max_features,min_samples_split,min_samples_leaf,mean_r2,std_r2,mean_rmse,std_rmse,time_s
50,,sqrt,2,1,0.8653831728801409,0.051520653569635096,28438.050714043136,5579.26700215999,6.4856
50,,sqrt,2,2,0.8602120648970665,0.04902977218624788,29030.017884229885,5427.751935487289,6.1813
50,,sqrt,2,5,0.8450515018354221,0.044952465051675584,30764.218810292972,5530.442940876576,6.5448
50,,sqrt,2,10,0.831506152363249,0.04471077180879439,32248.759110077157,6378.112070850127,5.8689
50,,sqrt,5,1,0.8566149761155873,0.056886655579770566,29270.66145914405,5926.662428901451,5.9948
50,,sqrt,5,2,0.8569913509187386,0.049808823621862036,29388.290980437945,5378.6325579007325,5.1637
50,,sqrt,5,5,0.8450515018354221,0.04495246505167557,30764.218810292972,5530.442940876576,6.6651
50,,sqrt,5,10,0.831506152363249,0.04471077180879436,32248.759110077157,6378.112070850124,6.2893
50,,sqrt,10,1,0.8601857121700321,0.04625118320072879,29160.656281543204,5665.884729869685,6.4739
50,,sqrt,10,2,0.8517183538075909,0.05355419047380616,29914.88629579147,5814.607484501862,5.2281
50,,sqrt,10,5,0.8450515018354221,0.04495246505167554,30764.21881029298,5530.442940876574,5.9661
50,,sqrt,10,10,0.831506152363249,0.044710771808794396,32248.759110077146,6378.112070850126,6.1168
50,,sqrt,20,1,0.8451963512500036,0.0428132071405071,30802.301238712906,5476.2255108880445,6.0771
50,,sqrt,20,2,0.8429585290646721,0.04293928477756608,31076.242157361376,5888.6291868414455,7.3453
50,,sqrt,20,5,0.8347528278878901,0.04451023500196799,31894.11351371403,6032.99484280315,6.2618
50,,sqrt,20,10,0.831506152363249,0.04471077180879436,32248.759110077157,6378.112070850123,6.5221
50,,log2,2,1,0.8578172790531591,0.038654798201997555,29502.413536672993,4969.7359606731625,6.6309
50,,log2,2,2,0.8492029624277422,0.0508333617256862,30227.058239245904,5882.955426029255,6.6839
50,,log2,2,5,0.8354746187193486,0.05156213350032987,31691.254565445688,6375.71226754521,7.6494
50,,log2,2,10,0.8132935182157214,0.04705176211196105,33951.86858981107,6399.536130526692,6.1416
50,,log2,5,1,0.8534716468064067,0.04916010960407907,29769.123333682375,5459.35731417868,6.6746
50,,log2,5,2,0.8527097346140042,0.04309777977070116,30014.35689053582,5564.05232961219,6.402
50,,log2,5,5,0.8354746187193486,0.051562133500329906,31691.254565445684,6375.712267545209,6.638
50,,log2,5,10,0.8132935182157214,0.047051762111961035,33951.86858981106,6399.53613052669,6.6933
50,,log2,10,1,0.8550473603351045,0.043966821019121034,29748.563599131925,5602.218948870581,6.4241
50,,log2,10,2,0.8459214479377396,0.04536941087073403,30663.629535525793,5538.885013548541,5.3836
50,,log2,10,5,0.8354746187193486,0.05156213350032988,31691.254565445688,6375.712267545209,6.5776
50,,log2,10,10,0.8132935182157212,0.047051762111961055,33951.86858981107,6399.536130526693,7.8718
50,,log2,20,1,0.8388551603844017,0.04582761852336084,31448.83369909376,6124.838625457983,6.3016
50,,log2,20,2,0.8335118088338644,0.049772177947243895,31910.879230599094,6127.470161167233,6.6689
50,,log2,20,5,0.8298491241383072,0.04606907775793925,32378.876324356923,6289.189515786898,7.0267
50,,log2,20,10,0.8132935182157214,0.04705176211196107,33951.86858981107,6399.536130526695,7.7837
50,,0.5,2,1,0.8636612339175634,0.05915286644636533,28401.34070145623,5570.316660156174,9.0187
50,,0.5,2,2,0.8632399995210776,0.06651568142575574,28325.495070975558,6016.427780419861,7.4527
50,,0.5,2,5,0.8535603466474772,0.06920126643726808,29428.14535485727,6641.199558375174,6.9096
50,,0.5,2,10,0.8458003816841796,0.05824960658679262,30501.815706146263,6469.938925721424,7.2953
50,,0.5,5,1,0.8649400807594232,0.061874557900304133,28269.74173764757,5734.165638574847,8.6598
50,,0.5,5,2,0.8656991980778193,0.06359916691731324,28112.34926874277,5705.636600800436,9.575
50,,0.5,5,5,0.8535603466474774,0.06920126643726805,29428.14535485728,6641.1995583751695,8.2174
50,,0.5,5,10,0.8458003816841796,0.05824960658679264,30501.815706146263,6469.938925721425,7.5251
50,,0.5,10,1,0.863309095255873,0.059933388061363765,28485.59763708047,5812.457108945509,8.6775
50,,0.5,10,2,0.8675309937324925,0.05942187577719227,27976.865931272245,5580.594413679096,9.2885
50,,0.5,10,5,0.8535603466474774,0.06920126643726807,29428.14535485728,6641.199558375172,7.3161
50,,0.5,10,10,0.8458003816841796,0.05824960658679265,30501.815706146263,6469.938925721423,9.3614
50,,0.5,20,1,0.8586507461617636,0.054563385497316916,29091.47597887859,5239.88378454432,8.2345
50,,0.5,20,2,0.8546027977388315,0.05850784739583053,29480.102578587044,5547.496923588081,6.7283
50,,0.5,20,5,0.8519512331457356,0.06319388012079966,29737.27949771351,6248.075012555978,8.3995
50,,0.5,20,10,0.8458003816841796,0.05824960658679262,30501.81570614626,6469.9389257214225,9.2444
50,,1.0,2,1,0.8601257633529287,0.06539211657173351,28650.72528271408,5360.947796229624,11.317
50,,1.0,2,2,0.8573143176035787,0.07060034353092791,28863.05748175001,5718.282317171627,9.1769
50,,1.0,2,5,0.8454499340734429,0.07323017366256653,30192.409223553033,6407.465060125873,10.4044
50,,1.0,2,10,0.835603664563578,0.05918899349952912,31515.97235409731,6078.443027427189,7.8864
50,,1.0,5,1,0.8625631766999973,0.060676557092533716,28439.462927172262,5180.543442801676,11.5948
50,,1.0,5,2,0.859459575881045,0.06745774463834919,28705.316783622628,5633.118029288143,11.218
50,,1.0,5,5,0.8454499340734429,0.07323017366256658,30192.409223553037,6407.465060125877,9.7312
50,,1.0,5,10,0.835603664563578,0.059188993499529136,31515.97235409731,6078.443027427187,9.1549
50,,1.0,10,1,0.8583056925915107,0.06262739889336465,28918.36287845937,5513.943259001737,13.2941
50,,1.0,10,2,0.8577521677158467,0.06382442594443509,28959.06466124357,5510.117865915781,13.2519
50,,1.0,10,5,0.8454499340734429,0.07323017366256655,30192.409223553026,6407.4650601258745,11.1088
50,,1.0,10,10,0.835603664563578,0.05918899349952911,31515.97235409731,6078.443027427185,11.2374
50,,1.0,20,1,0.8530103118239364,0.05698674783752382,29617.99006247242,5274.153222032851,10.7172
50,,1.0,20,2,0.8531444258453611,0.05910393512311751,29558.89931277692,5279.777458128512,10.34
50,,1.0,20,5,0.840416027510322,0.06708046666431793,30837.60581508588,6146.035681393038,12.8545
50,,1.0,20,10,0.835603664563578,0.059188993499529115,31515.972354097314,6078.443027427187,11.4984
50,5,sqrt,2,1,0.8169337322656144,0.04794407160662283,33460.845953547185,5315.238906722914,10.1851
50,5,sqrt,2,2,0.8144356295904386,0.050713016331405646,33687.82323658797,5604.294606674734,10.8565
50,5,sqrt,2,5,0.8142792389629522,0.047789960950794484,33766.69999040354,5802.30373754988,8.0081
50,5,sqrt,2,10,0.8034873090761575,0.046583927622324675,34856.66294523077,6353.813104079942,8.8311
50,5,sqrt,5,1,0.815692255642101,0.04690539975185426,33615.095446918145,5427.338662801513,7.6556
50,5,sqrt,5,2,0.8137225782330478,0.04991499673998299,33764.050913268926,5537.359597524597,10.9383
50,5,sqrt,5,5,0.8142792389629522,0.047789960950794484,33766.69999040354,5802.303737549877,8.6799
50,5,sqrt,5,10,0.8034873090761575,0.04658392762232471,34856.662945230775,6353.813104079945,9.527
50,5,sqrt,10,1,0.8160847303580239,0.046966198616860355,33538.42211466925,5157.385983402201,10.1931
50,5,sqrt,10,2,0.813721010117489,0.04907265870060464,33746.15773757199,5413.19614300556,7.791
50,5,sqrt,10,5,0.8142792389629522,0.0477899609507945,33766.69999040353,5802.303737549877,9.7265
50,5,sqrt,10,10,0.8034873090761575,0.04658392762232467,34856.66294523077,6353.813104079941,6.701
50,5,sqrt,20,1,0.8131601914767932,0.04076647170144261,33931.08898308069,5173.760356623275,9.4426
50,5,sqrt,20,2,0.8129827572855927,0.04111160243726887,33962.5648076806,5388.240755318406,8.6006
50,5,sqrt,20,5,0.8098576009548957,0.04278781700102671,34282.02686986821,5890.51682332298,7.9872
50,5,sqrt,20,10,0.8034873090761575,0.04658392762232476,34856.662945230775,6353.813104079947,9.7286
50,5,log2,2,1,0.807844926698196,0.03852397087350283,34487.74585938236,5512.679777263763,4.9619
50,5,log2,2,2,0.8030531077141131,0.044323625388506975,34821.62634503775,5569.678874624483,4.2214
50,5,log2,2,5,0.8016034753552048,0.04570337198813582,35013.33845412248,6128.944705564266,6.3985
50,5,log2,2,10,0.7904103850306539,0.04477406361082587,36046.97201354597,6263.65309297056,5.4089
50,5,log2,5,1,0.8055620243284842,0.04200391207556688,34660.13714149857,5696.642581254475,1.2968
50,5,log2,5,2,0.8043419834715347,0.04084240271905113,34758.514888055484,5447.59136112971,5.5752
50,5,log2,5,5,0.8016034753552048,0.04570337198813581,35013.33845412248,6128.944705564265,5.7625
50,5,log2,5,10,0.7904103850306539,0.04477406361082589,36046.97201354597,6263.65309297056,1.3049
50,5,log2,10,1,0.8043292464802569,0.04261358386172252,34746.09443638391,5549.526745567161,6.523
50,5,log2,10,2,0.8074592242469023,0.043569926188254525,34468.1085152017,5762.200609006699,5.0189
50,5,log2,10,5,0.8016034753552048,0.045703371988135816,35013.33845412248,6128.944705564265,1.5465
50,5,log2,10,10,0.7904103850306539,0.04477406361082586,36046.972013545965,6263.653092970559,7.4637
50,5,log2,20,1,0.7989632510143588,0.04107167619083551,35252.236710669335,5520.266677758084,3.95
50,5,log2,20,2,0.798282613009064,0.04165014797157933,35310.949096092685,5557.654037452626,2.5848
50,5,log2,20,5,0.7939650873085593,0.04606429145219901,35687.25338182745,6087.213770070246,6.8553
50,5,log2,20,10,0.7904103850306539,0.04477406361082591,36046.972013545965,6263.6530929705605,3.863
50,5,0.5,2,1,0.8358407283736936,0.05904242916684932,31357.827023131318,5073.75973219775,4.2724
50,5,0.5,2,2,0.839117235962904,0.058045453016432165,31009.760389210394,5010.178716632664,7.6243
50,5,0.5,2,5,0.8318779714091965,0.06802375495236558,31715.29967725534,6205.402391328884,1.8594
50,5,0.5,2,10,0.8318928408051065,0.05146306830926063,31998.987426415602,5751.836429564442,4.5157
50,5,0.5,5,1,0.8354481343920506,0.05614016780357723,31450.6354870442,4978.559820728915,7.33
50,5,0.5,5,2,0.8381313045970822,0.0576204760488128,31134.921684931393,5114.027253217738,1.4941
50,5,0.5,5,5,0.8318779714091965,0.06802375495236562,31715.29967725534,6205.402391328884,6.0171
50,5,0.5,5,10,0.8318928408051065,0.05146306830926062,31998.98742641561,5751.836429564441,6.1162
50,5,0.5,10,1,0.8317514511073526,0.06141560417308977,31737.86369425294,5334.8090442460225,1.7391
50,5,0.5,10,2,0.8348837069909262,0.06107815256663172,31436.911320681662,5343.655707348151,7.8022
50,5,0.5,10,5,0.8318779714091965,0.06802375495236562,31715.29967725534,6205.402391328886,4.4161
50,5,0.5,10,10,0.8318928408051065,0.05146306830926061,31998.98742641561,5751.8364295644415,2.8277
50,5,0.5,20,1,0.8314780014034173,0.05780067932737321,31857.611271643877,5274.820018487549,7.6411
50,5,0.5,20,2,0.8345915651400073,0.05470523768464842,31595.20346515787,5091.671974880965,2.9637
50,5,0.5,20,5,0.8312776227582267,0.06176156116105116,31883.109837331063,5953.767058673302,3.3939
50,5,0.5,20,10,0.8318928408051065,0.05146306830926064,31998.987426415602,5751.8364295644415,7.8256
50,5,1.0,2,1,0.8277893708122072,0.06426391129960758,32047.08514416138,4782.068940616808,2.1661
50,5,1.0,2,2,0.8264038549241883,0.0658970318114811,32140.43104903717,4907.888272047668,5.6383
50,5,1.0,2,5,0.8205670112618482,0.07408888272360008,32672.9077497296,6021.952585062305,6.9981
50,5,1.0,2,10,0.8172997147178231,0.060109469120627146,33270.81096852783,5782.532870689191,3.0571
50,5,1.0,5,1,0.825384407285642,0.06721637806666948,32220.227679731935,4990.64532877819,8.6358
50,5,1.0,5,2,0.8243203741035676,0.0680608186326392,32313.79097942683,5037.995057134025,3.1529
50,5,1.0,5,5,0.8205670112618482,0.07408888272360008,32672.9077497296,6021.952585062307,7.8912
50,5,1.0,5,10,0.8172997147178231,0.06010946912062713,33270.810968527825,5782.532870689189,5.2192
50,5,1.0,10,1,0.8249283049877668,0.06114048039495451,32381.706131229916,4947.91577226045,5.9057
50,5,1.0,10,2,0.8244801460182817,0.062283465568206436,32406.374048041318,4880.550646418864,7.1283
50,5,1.0,10,5,0.8205670112618482,0.07408888272360012,32672.907749729602,6021.952585062305,3.5074
50,5,1.0,10,10,0.8172997147178231,0.06010946912062713,33270.81096852783,5782.5328706891905,8.7339
50,5,1.0,20,1,0.8247553675302836,0.05833656752556553,32453.40656372402,4932.942597970478,2.614
50,5,1.0,20,2,0.8255603576690094,0.05809933184883671,32376.023278088636,4831.887300956747,6.5409
50,5,1.0,20,5,0.8193295877008868,0.06786070278416521,32904.46979483852,5849.039947959379,6.1881
50,5,1.0,20,10,0.8172997147178231,0.06010946912062713,33270.81096852783,5782.532870689189,2.959
50,10,sqrt,2,1,0.8606917387805441,0.05013117195961832,28939.235550359183,5200.1217318633,8.4377
50,10,sqrt,2,2,0.8614400147325378,0.05073131477327397,28858.45632293668,5516.8674761466045,3.3562
50,10,sqrt,2,5,0.8441814430418276,0.047942566249655046,30853.44137181818,5949.216276482473,6.1526
50,10,sqrt,2,10,0.8317906872908928,0.04336083286279441,32215.03847651984,6155.266796282297,5.9622
50,10,sqrt,5,1,0.855146388344725,0.060136475251117365,29382.672979149298,5978.224085427297,4.9452
50,10,sqrt,5,2,0.8643736690578245,0.0473648333343374,28616.371383951104,5420.892842246726,8.2505
50,10,sqrt,5,5,0.8441814430418276,0.047942566249655115,30853.441371818182,5949.216276482477,3.4113
50,10,sqrt,5,10,0.8317906872908928,0.04336083286279439,32215.03847651984,6155.266796282293,9.0227
50,10,sqrt,10,1,0.8546696076857427,0.05466242548178943,29578.37394629415,6041.2017405366905,3.7725
50,10,sqrt,10,2,0.8537131333321749,0.05004184924992853,29776.157374242302,5744.653983654429,8.9818
50,10,sqrt,10,5,0.8441814430418276,0.047942566249655066,30853.44137181818,5949.216276482472,4.1741
50,10,sqrt,10,10,0.8317906872908928,0.04336083286279439,32215.03847651984,6155.266796282295,8.5671
50,10,sqrt,20,1,0.8421024185362613,0.047349877645628674,31033.252400423826,5626.719595025851,5.933
50,10,sqrt,20,2,0.8439681104440593,0.045969418609770746,30880.845600980905,5761.808558813353,6.9615
50,10,sqrt,20,5,0.8374913437568052,0.047884386849716166,31516.772112014773,5940.102137586796,5.7232
50,10,sqrt,20,10,0.8317906872908928,0.04336083286279437,32215.03847651984,6155.266796282293,7.022
50,10,log2,2,1,0.852632986120111,0.05122570908977524,29844.957708649315,5470.187405323374,6.9248
50,10,log2,2,2,0.8467788227497473,0.051488309393812985,30472.42142713752,5702.0353571858395,5.7746
50,10,log2,2,5,0.8330293313462555,0.04672055994352065,32004.585249930893,6121.939083689335,6.9856
50,10,log2,2,10,0.8111263637125685,0.042773030295828074,34197.065720117556,6131.2058674287,5.1701
50,10,log2,5,1,0.8554854468554793,0.043499622662418344,29676.681321013755,5105.787542875351,8.0199
50,10,log2,5,2,0.8467248094868814,0.05279236397385379,30453.279658715917,5657.3227794096665,4.678
50,10,log2,5,5,0.8330293313462555,0.04672055994352067,32004.585249930893,6121.9390836893335,7.7794
50,10,log2,5,10,0.8111263637125685,0.04277303029582813,34197.065720117556,6131.205867428702,4.3546
50,10,log2,10,1,0.8407557766559577,0.05455033444380207,31058.952909431297,6152.085767225806,5.0378
50,10,log2,10,2,0.8437367291099331,0.04959960131909548,30869.842660065875,5977.309186453201,6.6792
50,10,log2,10,5,0.8330293313462555,0.04672055994352065,32004.585249930893,6121.939083689337,4.6536
50,10,log2,10,10,0.8111263637125685,0.042773030295828095,34197.065720117556,6131.205867428702,6.1914
50,10,log2,20,1,0.837203844499484,0.05001077287754881,31504.09161837182,5836.8018067771745,3.3842
50,10,log2,20,2,0.8320979621335425,0.04620144506961398,32053.84330220986,5471.244058253209,7.4381
50,10,log2,20,5,0.8276796960942226,0.04625711170094578,32566.8085011227,6217.335490088329,3.4691
50,10,log2,20,10,0.8111263637125685,0.04277303029582808,34197.065720117556,6131.2058674287,7.0594
50,10,0.5,2,1,0.8626612749384313,0.06571821700885402,28409.30124262145,5922.177851349563,3.2448
50,10,0.5,2,2,0.8652222601505066,0.06687539202706062,28079.120753986725,5819.840343586369,7.8572
50,10,0.5,2,5,0.8549922300735749,0.06413267976545851,29353.350581821287,6362.568156268815,2.4681
50,10,0.5,2,10,0.8443527457366127,0.05640877701789448,30698.52132182815,6346.7494690718095,8.3947
50,10,0.5,5,1,0.8700802831024431,0.06031730295878985,27664.03811993116,5541.068904298604,1.9723
50,10,0.5,5,2,0.8628544995744439,0.06750378069995368,28370.769130525026,5806.612936070477,7.9657
50,10,0.5,5,5,0.8549922300735749,0.06413267976545853,29353.350581821287,6362.568156268817,3.0051
50,10,0.5,5,10,0.8443527457366127,0.05640877701789448,30698.52132182815,6346.749469071811,7.4615
50,10,0.5,10,1,0.8641223467496731,0.05937187007224969,28412.25272239538,5707.487604483913,3.7647
50,10,0.5,10,2,0.8614618766404878,0.06912948289308816,28480.070294848178,5922.637925175761,8.2367
50,10,0.5,10,5,0.8549922300735749,0.06413267976545856,29353.350581821287,6362.568156268818,3.6759
50,10,0.5,10,10,0.8443527457366127,0.05640877701789448,30698.52132182815,6346.749469071811,7.5858
50,10,0.5,20,1,0.863407847916178,0.04956617248949558,28706.765220010762,5454.540325275342,4.1006
50,10,0.5,20,2,0.860033840356078,0.052628579868465,29009.96928995102,5382.281952224253,7.7119
50,10,0.5,20,5,0.852000442647555,0.05949163742548386,29789.175327950168,6163.104362673677,4.281
50,10,0.5,20,10,0.8443527457366127,0.056408777017894506,30698.521321828157,6346.749469071815,9.2161
50,10,1.0,2,1,0.8582229573121986,0.06494510759263648,28876.582604303578,5380.975532960897,5.348
50,10,1.0,2,2,0.8612186516509643,0.06372119111776707,28567.671694999946,5426.659731614146,10.4675
50,10,1.0,2,5,0.8452379606256397,0.07241907326239079,30226.613088165024,6328.9285183121565,4.4358
50,10,1.0,2,10,0.8354836682355244,0.0591697585341135,31527.655398106792,6069.800140162085,7.5493
50,10,1.0,5,1,0.8558708346447679,0.06798746624815684,29056.715156569124,5637.696268857701,6.7824
50,10,1.0,5,2,0.8556248655331931,0.0708043064305827,29074.965883859026,5749.715749161002,6.7926
50,10,1.0,5,5,0.8452379606256397,0.07241907326239075,30226.61308816502,6328.928518312152,8.0661
50,10,1.0,5,10,0.8354836682355244,0.05916975853411343,31527.655398106785,6069.80014016208,6.4659
50,10,1.0,10,1,0.8591353752682428,0.06119992819334683,28860.489221745393,5434.443867955499,8.4266
50,10,1.0,10,2,0.8559418853366119,0.06500595868338281,29155.069045476695,5595.070915737745,8.8445
50,10,1.0,10,5,0.8452379606256397,0.07241907326239075,30226.61308816502,6328.928518312151,7.34
50,10,1.0,10,10,0.8354836682355244,0.05916975853411349,31527.655398106792,6069.800140162083,8.5661
50,10,1.0,20,1,0.851050848051862,0.05797625191642256,29812.24225072068,5329.699076882519,7.2862
50,10,1.0,20,2,0.8519697313219057,0.05735218789352061,29729.558569231587,5288.95668306211,10.5475
50,10,1.0,20,5,0.8403219445697511,0.06699742109027122,30849.406335863227,6148.964812860462,4.9826
50,10,1.0,20,10,0.8354836682355244,0.059169758534113465,31527.655398106792,6069.800140162082,9.6924
50,20,sqrt,2,1,0.8605115210617079,0.045625767783422894,29078.54080931566,5193.466479016942,5.6476
50,20,sqrt,2,2,0.8590103943844456,0.04782869912115553,29188.493962174492,5510.455382963686,8.175
50,20,sqrt,2,5,0.8450515018354222,0.04495246505167555,30764.21881029298,5530.442940876576,7.1365
50,20,sqrt,2,10,0.831506152363249,0.044710771808794396,32248.759110077157,6378.112070850123,8.3222
50,20,sqrt,5,1,0.8578553114056044,0.05402833919990788,29194.627262226924,5708.886990139201,6.6621
50,20,sqrt,5,2,0.857838727580385,0.04945678557012513,29313.761782411086,5452.284269712715,8.2696
50,20,sqrt,5,5,0.8450515018354221,0.0449524650516756,30764.21881029298,5530.442940876576,6.46
50,20,sqrt,5,10,0.831506152363249,0.04471077180879439,32248.759110077157,6378.112070850125,9.9847
50,20,sqrt,10,1,0.8608260784606834,0.04506101103529238,29109.189163539057,5695.252520879974,4.2889
50,20,sqrt,10,2,0.8521740304527194,0.0547925146896568,29842.82560684949,5907.546827074131,9.514
50,20,sqrt,10,5,0.8450515018354221,0.04495246505167555,30764.218810292972,5530.442940876575,5.735
50,20,sqrt,10,10,0.831506152363249,0.044710771808794354,32248.759110077157,6378.112070850121,9.8955
50,20,sqrt,20,1,0.8452717766684839,0.04301680555351502,30790.356705015933,5489.281049896419,5.1518
50,20,sqrt,20,2,0.8427674263747896,0.04283396524678908,31095.672480774003,5872.388375417373,8.9928
50,20,sqrt,20,5,0.83475282788789,0.04451023500196797,31894.11351371403,6032.994842803149,3.747
50,20,sqrt,20,10,0.831506152363249,0.04471077180879436,32248.759110077157,6378.112070850121,11.0536
50,20,log2,2,1,0.8555004716717217,0.052882823779640174,29469.378952576248,5498.791486032026,8.6107
50,20,log2,2,2,0.8518156847574275,0.046455243290473985,30013.25807302782,5551.6076768277035,8.1422
50,20,log2,2,5,0.8354746187193486,0.05156213350032988,31691.254565445688,6375.712267545209,11.76
50,20,log2,2,10,0.8132935182157212,0.0470517621119611,33951.86858981107,6399.536130526693,5.5847
50,20,log2,5,1,0.853137569534888,0.05422171273426263,29722.284580581316,5515.482427413611,10.3935
50,20,log2,5,2,0.8510248067986472,0.04412932523732299,30179.79111073179,5657.690764228439,9.0578
50,20,log2,5,5,0.8354746187193486,0.05156213350032986,31691.254565445688,6375.712267545209,8.3595
50,20,log2,5,10,0.8132935182157214,0.047051762111961055,33951.86858981107,6399.536130526692,10.3365
50,20,log2,10,1,0.856314171573152,0.04278605246817851,29623.22992765195,5549.277197090904,10.7102
50,20,log2,10,2,0.8461402998311265,0.04398851895005409,30658.524021200756,5455.3857372581815,6.539
50,20,log2,10,5,0.8354746187193486,0.051562133500329864,31691.254565445688,6375.71226754521,9.3081
50,20,log2,10,10,0.8132935182157212,0.0470517621119611,33951.86858981107,6399.536130526692,10.5682
50,20,log2,20,1,0.8394087117152571,0.044805470273819134,31414.544524822508,6116.470522869881,7.4891
50,20,log2,20,2,0.8335986326030067,0.049778760640913716,31901.26027638382,6120.97154227726,9.3867
50,20,log2,20,5,0.8298491241383072,0.0460690777579393,32378.87632435692,6289.189515786899,9.0194
50,20,log2,20,10,0.8132935182157212,0.04705176211196108,33951.86858981107,6399.536130526693,7.0394
50,20,0.5,2,1,0.8683775772616433,0.06436149365611092,27807.033187748126,5657.056225903404,11.4675
50,20,0.5,2,2,0.8642645479801239,0.06568394878894235,28201.744259486295,5915.904225036208,9.0323
50,20,0.5,2,5,0.8535603466474774,0.06920126643726814,29428.14535485728,6641.199558375173,7.3165
50,20,0.5,2,10,0.8458003816841796,0.05824960658679265,30501.815706146263,6469.938925721425,10.4697
50,20,0.5,5,1,0.8641266973303982,0.0606126994611786,28385.611870384968,5569.336800085915,9.6073
50,20,0.5,5,2,0.8658663516443678,0.06240178800215156,28113.31935546484,5669.410130866302,5.2019
50,20,0.5,5,5,0.8535603466474774,0.06920126643726807,29428.14535485728,6641.199558375172,8.7434
50,20,0.5,5,10,0.8458003816841796,0.05824960658679264,30501.815706146263,6469.938925721423,5.0707
50,20,0.5,10,1,0.8650430694725392,0.05563357384897175,28376.490187816024,5603.776228996397,6.4112
50,20,0.5,10,2,0.867475624177839,0.05947121973830551,27979.74289190261,5593.122041060662,6.3526
50,20,0.5,10,5,0.8535603466474774,0.06920126643726808,29428.14535485728,6641.199558375172,6.0606
50,20,0.5,10,10,0.8458003816841796,0.05824960658679264,30501.815706146263,6469.938925721423,7.9564
50,20,0.5,20,1,0.858332172670315,0.054543808065022216,29128.158986997074,5259.504006802888,4.7154
50,20,0.5,20,2,0.8546027977388315,0.058507847395830516,29480.102578587044,5547.4969235880835,9.376
50,20,0.5,20,5,0.8519512331457356,0.06319388012079968,29737.27949771351,6248.075012555981,3.9926
50,20,0.5,20,10,0.8458003816841796,0.05824960658679264,30501.815706146263,6469.938925721425,8.2391
50,20,1.0,2,1,0.8572372691849599,0.07057827535021952,28871.820852886634,5759.02892306131,9.2252
50,20,1.0,2,2,0.8569211198990588,0.07192624281327999,28881.31985967108,5817.241186545347,6.1069
50,20,1.0,2,5,0.8454499340734429,0.07323017366256655,30192.409223553033,6407.4650601258745,9.2291
50,20,1.0,2,10,0.835603664563578,0.05918899349952913,31515.972354097314,6078.443027427188,4.6382
50,20,1.0,5,1,0.8629843497681942,0.05989020586395882,28412.563370592638,5166.240410683019,8.5866
50,20,1.0,5,2,0.859363269263737,0.06714245311315073,28726.12068435405,5611.018220021584,8.6227
50,20,1.0,5,5,0.8454499340734429,0.07323017366256653,30192.409223553026,6407.465060125874,6.4919
50,20,1.0,5,10,0.835603664563578,0.059188993499529115,31515.972354097314,6078.443027427187,10.2182
50,20,1.0,10,1,0.858228103519109,0.06263754811315943,28927.233198026865,5519.236159947582,7.5646
50,20,1.0,10,2,0.8576998647597115,0.06382608674703515,28964.494034324296,5508.530925522463,11.4014
50,20,1.0,10,5,0.8454499340734429,0.07323017366256657,30192.409223553037,6407.465060125876,6.4806
50,20,1.0,10,10,0.835603664563578,0.05918899349952915,31515.972354097314,6078.443027427189,9.5743
50,20,1.0,20,1,0.8530103859595839,0.05698683727825569,29617.98015833127,5274.169584901967,5.8659
50,20,1.0,20,2,0.8531444258453611,0.05910393512311758,29558.89931277692,5279.777458128512,11.3025
50,20,1.0,20,5,0.840416027510322,0.06708046666431793,30837.60581508588,6146.035681393038,11.2072
50,20,1.0,20,10,0.835603664563578,0.05918899349952913,31515.97235409731,6078.44302742719,6.4716
100,,sqrt,2,1,0.8633144136780466,0.05702731140018098,28555.253216973673,5933.7816131774,12.0811
100,,sqrt,2,2,0.8624297647499188,0.05088681441576377,28751.515754099615,5664.739707712195,9.3704
100,,sqrt,2,5,0.8472651029109617,0.047048190528270195,30528.595139114565,5912.147824937974,9.5138
100,,sqrt,2,10,0.8329939309975147,0.04668207129572978,32058.736280267494,6374.5771281476755,12.7555
100,,sqrt,5,1,0.8611314925845411,0.052502903219378796,28896.141362424205,5907.984197302493,8.5724
100,,sqrt,5,2,0.8614872467027768,0.04646685130004326,28960.21259991362,5318.38064553024,9.2437
100,,sqrt,5,5,0.8472651029109617,0.0470481905282702,30528.595139114565,5912.147824937975,11.7364
100,,sqrt,5,10,0.8329939309975145,0.04668207129572981,32058.736280267494,6374.577128147677,9.2668
100,,sqrt,10,1,0.8618606137249412,0.04768832420092541,28954.314693174285,5811.897354424882,8.1339
100,,sqrt,10,2,0.8576274142033503,0.052138186178530034,29310.529853204564,5895.796244346511,12.8819
100,,sqrt,10,5,0.8472651029109617,0.047048190528270216,30528.595139114565,5912.147824937975,10.775
100,,sqrt,10,10,0.8329939309975147,0.046682071295729814,32058.736280267494,6374.577128147677,10.0163
100,,sqrt,20,1,0.8494342041076702,0.045684156220080256,30312.024479711643,5746.920540524693,10.3712
100,,sqrt,20,2,0.8469265369663933,0.043159345574197476,30641.210067509586,5751.610834961597,11.8858
100,,sqrt,20,5,0.8392718183988453,0.047640902544871994,31392.463658650126,6287.782178989617,10.6589
100,,sqrt,20,10,0.8329939309975147,0.04668207129572982,32058.736280267494,6374.577128147676,9.2204
100,,log2,2,1,0.8649279790599611,0.041963848436474875,28654.73498718498,5130.368124137361,11.8201
100,,log2,2,2,0.8558726753919373,0.049299599104855756,29535.41933489025,5711.89259545239,7.4862
100,,log2,2,5,0.8388100676121508,0.05067671816566029,31367.20927232473,6237.2336447083035,9.7598
100,,log2,2,10,0.8178530925856313,0.045526855216892245,33559.106432697925,6463.300165175448,13.1948
100,,log2,5,1,0.8549238415673439,0.05409496193944916,29542.58369081295,5674.622215881778,9.2918
100,,log2,5,2,0.853413400352345,0.04396959080236247,29925.186115653003,5615.143727655989,8.2749
100,,log2,5,5,0.8388100676121507,0.05067671816566029,31367.20927232473,6237.233644708302,10.6009
100,,log2,5,10,0.8178530925856313,0.045526855216892224,33559.10643269792,6463.300165175445,10.2386
100,,log2,10,1,0.8560768830770282,0.0478047597547524,29577.591843764403,5874.8613038161975,9.0358
100,,log2,10,2,0.849706810183539,0.047686406009871694,30227.441634381365,5571.033136731371,9.1287
100,,log2,10,5,0.8388100676121508,0.050676718165660266,31367.20927232473,6237.233644708303,12.8654
100,,log2,10,10,0.8178530925856313,0.04552685521689221,33559.10643269792,6463.300165175442,14.6772
100,,log2,20,1,0.8399030708046997,0.046239163346649056,31327.515003139262,6070.7213326692645,12.8078
100,,log2,20,2,0.8366930590546777,0.047696101023729766,31609.47907705736,5905.156852769492,10.7328
100,,log2,20,5,0.8326032972166786,0.046336445842278876,32101.43706757523,6277.699274235792,12.7196
100,,log2,20,10,0.8178530925856313,0.045526855216892224,33559.10643269792,6463.300165175444,13.3395
100,,0.5,2,1,0.8629982881685745,0.06452463968404365,28383.804310667947,5903.851810189938,14.8561
100,,0.5,2,2,0.8646142141432114,0.07106979203981868,28093.709731101717,6263.334865141205,12.4397
100,,0.5,2,5,0.8551471921788728,0.06730848127289782,29287.56295053262,6662.067819242803,12.2611
100,,0.5,2,10,0.8477316860768861,0.05508008471751448,30357.146633651784,6404.725893678736,11.8583
100,,0.5,5,1,0.8638730787759359,0.06959264598261712,28220.791761664314,6064.144317026496,11.6617
100,,0.5,5,2,0.86657026427327,0.06595345602951048,27979.252968222467,5929.88150376698,13.2485
100,,0.5,5,5,0.8551471921788727,0.06730848127289786,29287.56295053262,6662.067819242805,12.9349
100,,0.5,5,10,0.8477316860768861,0.05508008471751444,30357.146633651784,6404.725893678737,13.0626
100,,0.5,10,1,0.864822332452032,0.061164706219899084,28277.62892269892,5889.216901132158,12.905
100,,0.5,10,2,0.8648367456791493,0.062302595692285134,28227.996636111773,5870.961097289532,11.8521
100,,0.5,10,5,0.8551471921788728,0.06730848127289787,29287.56295053262,6662.067819242804,10.4713
100,,0.5,10,10,0.8477316860768861,0.05508008471751444,30357.146633651784,6404.725893678736,10.9215
100,,0.5,20,1,0.8577935695699356,0.05532180057293757,29194.869526701525,5587.172397597738,10.4188
100,,0.5,20,2,0.8585740819232115,0.059558360943901774,29016.771369305585,5708.268591142676,14.3248
100,,0.5,20,5,0.8536671095877553,0.06155620528759582,29578.144098947676,6257.964100976959,13.8409
100,,0.5,20,10,0.8477316860768861,0.055080084717514445,30357.146633651784,6404.725893678736,15.3859
100,,1.0,2,1,0.8581423163110637,0.06848296919296752,28805.496958346805,5811.1763922700475,16.2081
100,,1.0,2,2,0.8566455865276732,0.06992595280015573,28928.129787571008,5897.745424878129,14.3711
100,,1.0,2,5,0.8452434689610031,0.07227889950005675,30219.117646509483,6527.752698415177,11.1033
100,,1.0,2,10,0.8364912387971819,0.05998656659445639,31412.46963129706,6160.518211920353,10.8621
100,,1.0,5,1,0.8572075411604796,0.0665038281542407,28938.89726771226,5770.603280610769,15.0482
100,,1.0,5,2,0.8560481549056981,0.07035130336733281,28999.212180810962,5939.923198020416,14.8234
100,,1.0,5,5,0.8452434689610031,0.07227889950005675,30219.11764650949,6527.752698415176,12.4614
100,,1.0,5,10,0.8364912387971819,0.05998656659445644,31412.46963129706,6160.518211920355,9.1945
100,,1.0,10,1,0.8568060028510069,0.06229061993357542,29086.045799944888,5595.14145686429,11.8137
100,,1.0,10,2,0.8556043224174319,0.0645960757280678,29179.705218298343,5707.209381296645,14.1644
100,,1.0,10,5,0.8452434689610031,0.07227889950005673,30219.117646509483,6527.752698415175,12.0258
100,,1.0,10,10,0.8364912387971819,0.05998656659445641,31412.46963129706,6160.518211920353,10.1512
100,,1.0,20,1,0.8513558495162904,0.058059752362963075,29780.177260111668,5371.244139962108,10.1299
100,,1.0,20,2,0.8516062904447818,0.05917794382945362,29727.3445676466,5365.351716016995,13.2115
100,,1.0,20,5,0.8408706521166754,0.06647739672471467,30800.50922548875,6216.4250916521705,10.4225
100,,1.0,20,10,0.8364912387971819,0.05998656659445647,31412.46963129706,6160.518211920355,9.0023
100,5,sqrt,2,1,0.8198927182961938,0.048579512610793,33185.81460758542,5430.962577035101,14.0402
100,5,sqrt,2,2,0.8192887632917181,0.05094273529002699,33220.22438807959,5674.134380032987,14.6784
100,5,sqrt,2,5,0.8171177324252895,0.049729396499570505,33491.24943682668,6095.561977311068,16.7697
100,5,sqrt,2,10,0.8092622644886088,0.04698568580523685,34327.38418484731,6410.819608500023,14.7954
100,5,sqrt,5,1,0.8197570003081308,0.04824210912080042,33208.9758558879,5418.475164579709,14.8585
100,5,sqrt,5,2,0.8194082619285148,0.049022360279316994,33242.58359656851,5647.563183907056,15.3862
100,5,sqrt,5,5,0.8171177324252893,0.049729396499570526,33491.24943682668,6095.561977311069,14.5505
100,5,sqrt,5,10,0.8092622644886088,0.04698568580523686,34327.38418484731,6410.819608500022,15.0069
100,5,sqrt,10,1,0.8177614780945042,0.04777375960893432,33403.20914895927,5461.101720046298,14.9324
100,5,sqrt,10,2,0.8159796271590762,0.050448747634804274,33545.641153196106,5747.600380543721,13.5863
100,5,sqrt,10,5,0.8171177324252893,0.04972939649957049,33491.24943682668,6095.5619773110675,14.9385
100,5,sqrt,10,10,0.8092622644886088,0.04698568580523689,34327.38418484732,6410.819608500025,14.0167
100,5,sqrt,20,1,0.8156788207594783,0.04493813780172309,33670.61270880855,5581.554174961389,15.0733
100,5,sqrt,20,2,0.8148617408164055,0.04546927556534845,33748.37710917701,5721.623419188526,12.885
100,5,sqrt,20,5,0.8139582069570108,0.04615436313721387,33862.64404184638,6092.2381088614275,13.5703
100,5,sqrt,20,10,0.8092622644886088,0.04698568580523687,34327.38418484732,6410.819608500027,13.0804
100,5,log2,2,1,0.8091982327164192,0.03837858860078254,34350.18692978601,5387.050214174192,12.3612
100,5,log2,2,2,0.8073020792928804,0.045243969407237745,34414.56912921626,5416.945946351211,13.5208
100,5,log2,2,5,0.8057665621907903,0.047977525081085944,34592.92415108987,6126.372534766853,11.6967
100,5,log2,2,10,0.7970860279032417,0.04599067556719155,35440.9518878987,6239.825926919906,10.6419
100,5,log2,5,1,0.8069413234618759,0.044032630997306914,34496.49024152687,5588.755721637045,11.2766
100,5,log2,5,2,0.8072472757424407,0.04493274816022456,34436.30240595063,5426.640950433534,13.5279
100,5,log2,5,5,0.8057665621907905,0.0479775250810859,34592.92415108987,6126.372534766851,13.3092
100,5,log2,5,10,0.7970860279032417,0.04599067556719152,35440.95188789871,6239.825926919905,11.3701
100,5,log2,10,1,0.8084647391944555,0.04444614324700661,34349.0533145792,5575.045989117077,11.7434
100,5,log2,10,2,0.8098916605786007,0.04565317960311843,34213.0770298,5723.497467617009,14.0203
100,5,log2,10,5,0.8057665621907903,0.04797752508108594,34592.92415108987,6126.372534766854,12.0812
100,5,log2,10,10,0.7970860279032417,0.045990675567191525,35440.9518878987,6239.825926919905,12.2743
100,5,log2,20,1,0.8053374815523439,0.043362147529944314,34655.36674422563,5564.254619757301,15.3755
100,5,log2,20,2,0.8052942877318499,0.043357238215555954,34660.61782323861,5571.094199073885,9.1828
100,5,log2,20,5,0.800907682278033,0.04632767936550856,35056.25829565709,5998.824563780192,13.2043
100,5,log2,20,10,0.7970860279032417,0.045990675567191545,35440.9518878987,6239.825926919904,13.6668
100,5,0.5,2,1,0.8352902892205751,0.06084571185623943,31396.02802861772,5276.3463040429815,13.4627
100,5,0.5,2,2,0.8375197525599832,0.061851430964606165,31127.139110518918,5226.056925505014,14.4859
100,5,0.5,2,5,0.8337690544464387,0.062267140328599604,31602.90673252748,5892.931627410449,7.4512
100,5,0.5,2,10,0.8323533275944014,0.05085002871712121,31965.04198671733,5815.281468577596,14.1234
100,5,0.5,5,1,0.8333512051930091,0.06249745366396641,31572.08139138051,5328.959629283696,13.5993
100,5,0.5,5,2,0.8359950022554108,0.06223130061159436,31294.00577222683,5327.581038006684,11.3
100,5,0.5,5,5,0.8337690544464389,0.062267140328599625,31602.90673252748,5892.931627410451,13.6648
100,5,0.5,5,10,0.8323533275944014,0.05085002871712122,31965.04198671733,5815.281468577592,10.5858
100,5,0.5,10,1,0.8339403708387749,0.059447517836323426,31566.00756999924,5234.424121679853,14.3966
100,5,0.5,10,2,0.8361893789500566,0.060843732528322765,31316.17316442309,5336.284636869077,19.3505
100,5,0.5,10,5,0.8337690544464387,0.06226714032859961,31602.906732527474,5892.931627410446,16.0176
100,5,0.5,10,10,0.8323533275944014,0.050850028717121215,31965.04198671734,5815.281468577593,18.4473
100,5,0.5,20,1,0.8342733565448308,0.05793100300144106,31571.402760759724,5247.319728649447,13.3195
100,5,0.5,20,2,0.8356547481178949,0.056505131420445526,31454.850573634718,5171.494099976264,17.702
100,5,0.5,20,5,0.8334396991331514,0.056949720446988886,31736.95200712005,5773.696188287636,10.6863
100,5,0.5,20,10,0.8323533275944014,0.0508500287171212,31965.04198671733,5815.281468577592,20.5603
100,5,1.0,2,1,0.8251856870243621,0.06693130550688331,32246.074095740536,5133.713950804957,13.2955
100,5,1.0,2,2,0.8252655010369363,0.06724354763573696,32228.65763432941,5202.817022012354,20.6325
100,5,1.0,2,5,0.8201226901149502,0.0731820808210027,32733.662765192792,6153.698253475523,11.3643
100,5,1.0,2,10,0.818561332507926,0.0604780489266846,33147.91853236446,5883.452631880775,18.9887
100,5,1.0,5,1,0.8224442613519896,0.0690913425258295,32484.380107772035,5368.400643203466,13.517
100,5,1.0,5,2,0.8241040272573548,0.06808774298173857,32331.457270945713,5237.885750242111,17.5399
100,5,1.0,5,5,0.82012269011495,0.07318208082100268,32733.662765192792,6153.6982534755225,16.1918
100,5,1.0,5,10,0.818561332507926,0.06047804892668461,33147.91853236446,5883.452631880774,18.1407
100,5,1.0,10,1,0.8222484990961133,0.06573836522089996,32574.486814998167,5317.680543461312,16.5042
100,5,1.0,10,2,0.8240366759583923,0.06374887237798173,32427.754073018597,5126.848237433714,15.2481
100,5,1.0,10,5,0.82012269011495,0.07318208082100268,32733.662765192792,6153.6982534755225,17.4195
100,5,1.0,10,10,0.818561332507926,0.060478048926684624,33147.91853236446,5883.452631880776,14.1811
100,5,1.0,20,1,0.8233146482142099,0.061195083797150336,32554.83151121319,5130.6190120810925,19.6323
100,5,1.0,20,2,0.8248199129728118,0.05968101364681437,32423.476663256628,4969.911460140595,12.3548
100,5,1.0,20,5,0.8196224969948368,0.06735879609334923,32888.417697347715,5923.029811608776,19.8932
100,5,1.0,20,10,0.818561332507926,0.0604780489266846,33147.91853236446,5883.452631880772,11.6333
100,10,sqrt,2,1,0.8622283800180796,0.05560979122970113,28681.738950471405,5606.936676066839,18.1842
100,10,sqrt,2,2,0.8606715118760816,0.05287771400618437,28914.34917056129,5617.610827832871,10.8967
100,10,sqrt,2,5,0.8467935368451751,0.0515918690711733,30532.46445150748,6345.154253002005,9.6284
100,10,sqrt,2,10,0.8333583012732069,0.04539294355421085,32029.75178266585,6250.375216832309,9.7411
100,10,sqrt,5,1,0.8593131727494354,0.05392189757406329,29061.04227134759,5832.170519315595,4.6264
100,10,sqrt,5,2,0.8620140011187465,0.04852060162146035,28869.431103237905,5474.066989211225,6.0799
100,10,sqrt,5,5,0.8467935368451751,0.0515918690711733,30532.464451507472,6345.154253002005,10.6292
100,10,sqrt,5,10,0.8333583012732069,0.045392943554210835,32029.75178266585,6250.37521683231,8.8466
100,10,sqrt,10,1,0.855127202163894,0.05573906615799725,29504.091778459395,6044.769159409667,2.7427
100,10,sqrt,10,2,0.8546053973627524,0.05248277381793133,29662.063847757738,6089.950638694527,6.7528
100,10,sqrt,10,5,0.8467935368451751,0.05159186907117332,30532.46445150748,6345.154253002003,9.63
100,10,sqrt,10,10,0.8333583012732069,0.04539294355421085,32029.75178266585,6250.375216832309,7.4467
100,10,sqrt,20,1,0.8440401736888312,0.04925001593358592,30815.588771641844,5923.040754145255,2.9371
100,10,sqrt,20,2,0.845457756770306,0.04726801750156822,30721.880451270437,5953.700650331262,7.7707
100,10,sqrt,20,5,0.8394318704712473,0.050186314104086964,31294.575701045665,6238.591734869469,10.1737
100,10,sqrt,20,10,0.8333583012732069,0.04539294355421087,32029.75178266585,6250.375216832309,7.1236
100,10,log2,2,1,0.8522372306747117,0.05459108514171713,29828.34796814096,5835.883568785771,3.1
100,10,log2,2,2,0.8517453947825846,0.04845452581659378,30002.26069819483,5692.631058116836,10.1718
100,10,log2,2,5,0.838132569324199,0.04964182234789141,31455.9954350977,6331.3419368032755,10.6946
100,10,log2,2,10,0.8177292165430232,0.04418002591969611,33582.0333297751,6319.7650160846915,5.3212
100,10,log2,5,1,0.8579145892486595,0.049425862148317914,29329.121272411314,5434.65013583397,7.8831
100,10,log2,5,2,0.8487453639102129,0.05390513508109559,30234.462634432384,5903.241390399402,9.8255
100,10,log2,5,5,0.838132569324199,0.0496418223478914,31455.99543509769,6331.341936803275,7.7566
100,10,log2,5,10,0.8177292165430232,0.04418002591969612,33582.0333297751,6319.765016084688,3.0368
100,10,log2,10,1,0.8449026165305783,0.05425875291107719,30635.816491771275,6087.551187730054,10.0183
100,10,log2,10,2,0.8467815287983074,0.05155007969165999,30508.347491906003,6019.312342862034,10.2284
100,10,log2,10,5,0.8381325693241992,0.0496418223478914,31455.99543509769,6331.3419368032755,3.9977
100,10,log2,10,10,0.8177292165430232,0.0441800259196961,33582.0333297751,6319.765016084687,5.6354
100,10,log2,20,1,0.8405307416375122,0.047689966669224135,31214.014193342668,5836.2908258578,9.9416
100,10,log2,20,2,0.8367096335441884,0.04641516083480529,31618.626859304823,5778.5757821214975,8.7187
100,10,log2,20,5,0.8311881320181339,0.04657610231232117,32217.251926924615,6285.101425744969,2.9908
100,10,log2,20,10,0.8177292165430232,0.04418002591969608,33582.03332977509,6319.765016084689,10.1579
100,10,0.5,2,1,0.8647846731292115,0.0689836744977643,28086.683269074787,6093.12246422866,10.6699
100,10,0.5,2,2,0.8651690759016105,0.06879162618887293,28061.721372908185,6121.59531580845,4.3599
100,10,0.5,2,5,0.8570829670143787,0.06530038444409186,29111.23847613641,6467.451191822175,8.1897
100,10,0.5,2,10,0.8469156551756148,0.05433010147429204,30465.85407552354,6334.933031935725,10.9103
100,10,0.5,5,1,0.8684160863858459,0.0641145315483929,27782.58820525553,5958.6321988821555,6.7192
100,10,0.5,5,2,0.8644709907061092,0.0661950208280941,28200.491602283593,5856.3615311924805,6.7597
100,10,0.5,5,5,0.8570829670143787,0.06530038444409185,29111.23847613641,6467.451191822175,11.1669
100,10,0.5,5,10,0.8469156551756148,0.054330101474292014,30465.85407552354,6334.933031935728,8.0936
100,10,0.5,10,1,0.8649544958936255,0.06312372861331933,28238.75165504667,5906.142280445928,6.4731
100,10,0.5,10,2,0.8643188713982486,0.06380557459849681,28267.588919820555,5730.674374109946,11.3257
100,10,0.5,10,5,0.8570829670143787,0.06530038444409186,29111.238476136416,6467.451191822174,8.6455
100,10,0.5,10,10,0.8469156551756148,0.054330101474292014,30465.85407552354,6334.933031935725,4.2857
100,10,0.5,20,1,0.8585257048650057,0.05488985624988343,29140.65465921276,5757.653550550135,11.1492
100,10,0.5,20,2,0.8594318892414516,0.05476275601963309,29035.114251677027,5597.498838922815,9.8417
100,10,0.5,20,5,0.8530109350001223,0.05904040947070069,29706.107188279646,6311.496898687944,6.0589
100,10,0.5,20,10,0.8469156551756146,0.05433010147429205,30465.854075523548,6334.933031935728,10.8769
100,10,1.0,2,1,0.855258957216875,0.06808724539689302,29123.197473282646,5757.725454257598,8.915
100,10,1.0,2,2,0.8572529142271603,0.06502678203390318,28987.179139118572,5685.928811873801,11.2868
100,10,1.0,2,5,0.8450282475964531,0.07197300510692403,30249.49444853655,6505.66767664252,11.7133
100,10,1.0,2,10,0.8363966267570426,0.05990785527076149,31422.961607838824,6148.7805167429315,4.727
100,10,1.0,5,1,0.8539276170894669,0.06847207411971015,29264.60097358495,5854.9943702466835,12.378
100,10,1.0,5,2,0.8538847313437877,0.07113373680911451,29227.342909876745,5942.1067309849805,12.6117
100,10,1.0,5,5,0.8450282475964531,0.07197300510692407,30249.494448536552,6505.66767664252,11.3116
100,10,1.0,5,10,0.8363966267570426,0.05990785527076149,31422.961607838828,6148.780516742935,13.8908
100,10,1.0,10,1,0.8552160818489198,0.06354411281504584,29245.808095047705,5706.663704837177,11.6865
100,10,1.0,10,2,0.8543640899126295,0.06469054714977045,29325.782739030023,5720.853748696385,15.3713
100,10,1.0,10,5,0.8450282475964531,0.07197300510692407,30249.49444853655,6505.667676642518,9.6699
100,10,1.0,10,10,0.8363966267570426,0.05990785527076149,31422.961607838824,6148.780516742936,14.6745
100,10,1.0,20,1,0.8496135643879132,0.05940338521627299,29946.281703545665,5443.083487707314,8.9545
100,10,1.0,20,2,0.8510444761710536,0.05818770739975826,29811.369366997467,5339.3638750478285,14.6911
100,10,1.0,20,5,0.8408361765470937,0.06636919453452624,30806.964477564256,6209.83448103668,10.9044
100,10,1.0,20,10,0.8363966267570426,0.05990785527076151,31422.961607838824,6148.780516742936,13.8933
100,20,sqrt,2,1,0.8585198958446499,0.055767690825492953,29107.68931181152,5817.228251195797,11.6409
100,20,sqrt,2,2,0.8628357699646791,0.050035212173092466,28717.678513567214,5686.954016234251,10.2009
100,20,sqrt,2,5,0.8472651029109617,0.047048190528270216,30528.595139114565,5912.147824937974,14.2193
100,20,sqrt,2,10,0.8329939309975147,0.04668207129572983,32058.736280267494,6374.577128147677,5.7452
100,20,sqrt,5,1,0.8604612766024555,0.05412612869832632,28931.404038671095,5717.513664913583,13.6545
100,20,sqrt,5,2,0.8608275739477769,0.04661009698302772,29033.504041242046,5334.302063263718,12.6369
100,20,sqrt,5,5,0.8472651029109617,0.04704819052827021,30528.595139114565,5912.147824937973,9.4861
100,20,sqrt,5,10,0.8329939309975147,0.04668207129572981,32058.736280267494,6374.5771281476755,13.7233
100,20,sqrt,10,1,0.8623924379084716,0.046231634384519646,28916.365570091024,5704.854170134724,10.7222
100,20,sqrt,10,2,0.8577437523220344,0.05304564973768635,29280.56366319345,5970.863796012914,8.9745
100,20,sqrt,10,5,0.8472651029109617,0.04704819052827019,30528.595139114557,5912.147824937972,13.8494
100,20,sqrt,10,10,0.8329939309975145,0.04668207129572977,32058.736280267494,6374.5771281476755,10.0946
100,20,sqrt,20,1,0.8494524905797984,0.04590607416042655,30307.021605214417,5765.991706215249,9.2263
100,20,sqrt,20,2,0.8467526509812113,0.04311437609021085,30657.838838898468,5735.565538451621,13.5708
100,20,sqrt,20,5,0.8392718183988453,0.04764090254487202,31392.463658650133,6287.78217898962,9.5136
100,20,sqrt,20,10,0.8329939309975147,0.04668207129572978,32058.736280267494,6374.577128147673,10.0847
100,20,log2,2,1,0.8576412603837025,0.05927274930581919,29119.901420837396,6117.284216202867,12.576
100,20,log2,2,2,0.8549312457868175,0.049828404449921,29617.422894773492,5650.0532009839735,9.6298
100,20,log2,2,5,0.8388100676121508,0.05067671816566029,31367.20927232473,6237.233644708302,7.8917
100,20,log2,2,10,0.8178530925856313,0.04552685521689221,33559.10643269792,6463.300165175442,13.1241
100,20,log2,5,1,0.8572003942906484,0.05440722648721983,29291.30630948897,5581.700703664429,10.4256
100,20,log2,5,2,0.8530359767970157,0.0444256634520448,29960.314043766964,5638.507079325723,4.9742
100,20,log2,5,5,0.8388100676121507,0.05067671816566029,31367.20927232473,6237.2336447083035,12.3319
100,20,log2,5,10,0.8178530925856313,0.04552685521689222,33559.10643269792,6463.300165175445,13.361
100,20,log2,10,1,0.8567893299934777,0.04659399959976553,29509.152439216927,5824.013054247995,9.4478
100,20,log2,10,2,0.8494288469942708,0.04727349666187316,30261.89420886172,5545.981261683395,13.683
100,20,log2,10,5,0.8388100676121508,0.05067671816566027,31367.20927232473,6237.233644708304,10.3355
100,20,log2,10,10,0.8178530925856313,0.04552685521689221,33559.10643269792,6463.300165175443,8.1976
100,20,log2,20,1,0.8402835676598921,0.04574345529962238,31300.222961918695,6069.480671039496,12.2062
100,20,log2,20,2,0.8368655112649573,0.04779204109309422,31590.021112045535,5911.922122066796,10.9828
100,20,log2,20,5,0.8326032972166788,0.04633644584227883,32101.43706757523,6277.699274235787,7.7469
100,20,log2,20,10,0.8178530925856313,0.0455268552168922,33559.10643269792,6463.300165175444,13.2401
100,20,0.5,2,1,0.8657011319816554,0.07172766486761822,27970.408843332505,6109.6869843851055,10.9084
100,20,0.5,2,2,0.8652104531536832,0.0691052949842982,28049.358614530986,6086.85262953984,10.0715
100,20,0.5,2,5,0.8551471921788728,0.06730848127289786,29287.56295053262,6662.067819242801,12.3941
100,20,0.5,2,10,0.8477316860768862,0.05508008471751443,30357.146633651784,6404.725893678737,9.6957
100,20,0.5,5,1,0.8644646220629324,0.06742371443483497,28197.586991822733,5853.643133163606,8.3269
100,20,0.5,5,2,0.8668271485717426,0.06424817150074232,27979.959837369715,5884.3600311013715,13.1866
100,20,0.5,5,5,0.8551471921788727,0.06730848127289789,29287.56295053263,6662.067819242803,9.5753
100,20,0.5,5,10,0.8477316860768861,0.05508008471751448,30357.146633651777,6404.725893678737,8.4799
100,20,0.5,10,1,0.8654148213192295,0.05953376367493929,28245.154745774256,5807.380688207095,12.9465
100,20,0.5,10,2,0.8648037981952879,0.06242221147156579,28226.639673463156,5884.918909715687,11.1133
100,20,0.5,10,5,0.8551471921788728,0.06730848127289786,29287.56295053263,6662.0678192428,9.5063
100,20,0.5,10,10,0.8477316860768861,0.05508008471751446,30357.146633651784,6404.725893678737,13.7259
100,20,0.5,20,1,0.8577085637379451,0.055330565357549294,29201.56122333506,5568.525828341894,9.8882
100,20,0.5,20,2,0.8585740819232115,0.05955836094390179,29016.771369305585,5708.268591142675,11.7191
100,20,0.5,20,5,0.8536671095877552,0.061556205287595867,29578.14409894768,6257.96410097696,14.4234
100,20,0.5,20,10,0.8477316860768862,0.05508008471751445,30357.146633651784,6404.725893678737,7.426
100,20,1.0,2,1,0.8585499792720093,0.06808354802052073,28744.434283705115,5781.864667625501,16.7859
100,20,1.0,2,2,0.8565427127545467,0.06997680799908483,28942.846895064322,5909.776957387469,14.1634
100,20,1.0,2,5,0.8452434689610031,0.07227889950005671,30219.117646509483,6527.752698415175,11.4014
100,20,1.0,2,10,0.8364912387971819,0.05998656659445645,31412.46963129706,6160.518211920354,14.632
100,20,1.0,5,1,0.8578104581944078,0.0662088893047053,28875.67699682823,5744.900681806552,9.9764
100,20,1.0,5,2,0.8561334383856458,0.07013549088293707,28993.83773004049,5923.137502810397,15.5449
100,20,1.0,5,5,0.8452434689610031,0.07227889950005673,30219.117646509483,6527.752698415175,13.1225
100,20,1.0,5,10,0.8364912387971819,0.059986566594456385,31412.46963129706,6160.518211920352,9.6684
100,20,1.0,10,1,0.8567801339458077,0.062286888906569284,29089.20357391959,5591.089460065358,15.381
100,20,1.0,10,2,0.8555961664814632,0.0646420965989678,29179.87165311565,5709.4813466208825,12.6869
100,20,1.0,10,5,0.8452434689610033,0.07227889950005667,30219.117646509483,6527.752698415175,16.669
100,20,1.0,10,10,0.8364912387971819,0.059986566594456406,31412.46963129706,6160.518211920353,13.6255
100,20,1.0,20,1,0.8513560891751129,0.05805956207226833,29780.155502789195,5371.198869358888,11.5036
100,20,1.0,20,2,0.8516062904447818,0.0591779438294536,29727.344567646593,5365.351716016997,19.6514
100,20,1.0,20,5,0.8408706521166757,0.06647739672471464,30800.50922548875,6216.42509165217,13.0516
100,20,1.0,20,10,0.8364912387971819,0.05998656659445646,31412.46963129706,6160.5182119203555,19.1537
200,,sqrt,2,1,0.8638279706206271,0.05702586856799878,28495.145592639816,5890.946667800368,17.4078
200,,sqrt,2,2,0.8611356327063433,0.052659408342219056,28878.011270463838,5825.631550638494,17.0813
200,,sqrt,2,5,0.8480041681940722,0.04962735468195588,30415.77647232366,6143.217409746889,18.9763
200,,sqrt,2,10,0.8334692710378633,0.04735931023393101,32007.2772056074,6426.499261427531,16.9431
200,,sqrt,5,1,0.8618712285076559,0.055236974081473635,28764.143906884718,6082.720581402173,20.3474
200,,sqrt,5,2,0.8623147168842721,0.049103501113982366,28829.43758989407,5547.830595333573,15.1865
200,,sqrt,5,5,0.8480041681940722,0.04962735468195588,30415.776472323654,6143.217409746889,19.2465
200,,sqrt,5,10,0.8334692710378633,0.047359310233930994,32007.2772056074,6426.499261427525,18.4452
200,,sqrt,10,1,0.8597043156719508,0.05187810094190759,29110.646468405223,6074.3930219601125,19.3504
200,,sqrt,10,2,0.8568806005928652,0.05227926557231074,29398.08303435638,5966.453176781683,24.7998
200,,sqrt,10,5,0.8480041681940722,0.04962735468195588,30415.776472323654,6143.217409746887,19.825
200,,sqrt,10,10,0.8334692710378635,0.047359310233931,32007.2772056074,6426.49926142753,17.5129
200,,sqrt,20,1,0.8494263809191697,0.04821587043002687,30282.464245255116,5843.266706843469,22.8013
200,,sqrt,20,2,0.8480333620557976,0.04639233702534779,30470.86582329458,5906.92809069444,20.9707
200,,sqrt,20,5,0.8402589800782747,0.04923263408714049,31265.841963548784,6333.659700818751,18.1634
200,,sqrt,20,10,0.8334692710378635,0.04735931023393101,32007.277205607406,6426.499261427533,19.8611
200,,log2,2,1,0.8634254610089099,0.05091175244238317,28678.740911416557,5738.069490396745,14.6688
200,,log2,2,2,0.8565828399059809,0.04885433744082402,29471.333627956563,5657.840435439684,17.2102
200,,log2,2,5,0.8405937524284806,0.050272954501001006,31199.372332207724,6288.305737610305,14.1513
200,,log2,2,10,0.8210039902929044,0.04526622690691614,33265.989169670625,6425.978187583716,14.566
200,,log2,5,1,0.8561839595623029,0.05381429454740218,29433.071397209576,5883.17784514926,15.3265
200,,log2,5,2,0.8572634076197214,0.04593653488615595,29460.128650514624,5631.276633916196,13.1883
200,,log2,5,5,0.8405937524284806,0.050272954501001,31199.37233220773,6288.305737610305,14.9746
200,,log2,5,10,0.8210039902929044,0.04526622690691614,33265.98916967062,6425.9781875837125,11.7624
200,,log2,10,1,0.8547124848163923,0.049314360498677594,29695.09294645426,5905.820537539268,15.8303
200,,log2,10,2,0.8491130400379199,0.05014537873601614,30271.00700984503,5893.449384384893,13.5886
200,,log2,10,5,0.8405937524284806,0.05027295450100098,31199.372332207724,6288.305737610302,15.8472
200,,log2,10,10,0.8210039902929044,0.04526622690691615,33265.989169670625,6425.978187583715,9.1531
200,,log2,20,1,0.842424023429167,0.04296549482818832,31117.143402488553,5838.991303165843,13.8483
200,,log2,20,2,0.8397184436361487,0.04637791361005937,31336.589761200255,5965.591267688921,12.7289
200,,log2,20,5,0.8336605929294348,0.04666713594274543,31992.445516816213,6302.779503013566,14.4976
200,,log2,20,10,0.8210039902929044,0.04526622690691618,33265.989169670625,6425.978187583716,11.8068
200,,0.5,2,1,0.863097111435631,0.06834699347617107,28308.914750546963,6134.287199003142,19.893
200,,0.5,2,2,0.863884645924885,0.06942408198272175,28194.051459138536,6262.847146231001,16.2295
200,,0.5,2,5,0.8554852975774916,0.06671052678304216,29256.111925270292,6582.51066488335,17.706
200,,0.5,2,10,0.8466985170984387,0.05709812557673833,30427.236266031374,6492.379019571911,15.1267
200,,0.5,5,1,0.8634432245966304,0.0709102053134821,28245.068232595127,6306.913936674541,16.3291
200,,0.5,5,2,0.864431081740034,0.06876403549298143,28158.199676128665,6117.294137700624,17.7051
200,,0.5,5,5,0.8554852975774916,0.06671052678304211,29256.11192527028,6582.510664883348,13.3436
200,,0.5,5,10,0.8466985170984387,0.057098125576738344,30427.23626603136,6492.379019571912,17.2678
200,,0.5,10,1,0.864250785046168,0.06445021793322367,28279.064217851894,6008.189660682269,15.5159
200,,0.5,10,2,0.8631773458873246,0.06404068464659979,28392.706724107284,6095.502799778408,19.0281
200,,0.5,10,5,0.8554852975774916,0.06671052678304216,29256.111925270285,6582.510664883352,13.755
200,,0.5,10,10,0.8466985170984387,0.05709812557673835,30427.236266031367,6492.379019571914,18.7589
200,,0.5,20,1,0.8573388731018243,0.0585425046422867,29192.8087543289,5735.55293616661,11.5015
200,,0.5,20,2,0.8565446905716172,0.06092399891764084,29224.779969775165,5858.61866888046,17.6635
200,,0.5,20,5,0.8516406104343439,0.062280904142119446,29783.058044037945,6362.705544888085,15.4189
200,,0.5,20,10,0.8466985170984387,0.05709812557673838,30427.236266031374,6492.379019571912,17.4168
200,,1.0,2,1,0.8582450675124911,0.068987597205052,28776.349656934966,5823.674115925931,22.4498
200,,1.0,2,2,0.855863915915498,0.07063369446940189,29009.20144473613,5924.2266467470945,25.2929
200,,1.0,2,5,0.8426271844785436,0.07623006390121616,30418.151526960377,6692.634553097135,17.1292
200,,1.0,2,10,0.8351042943314313,0.06141755279855478,31532.02011890195,6271.906410219274,19.5398
200,,1.0,5,1,0.8557464221754973,0.06995228956161309,29030.540020971086,5974.641950940623,19.2959
200,,1.0,5,2,0.856584481300341,0.06923596288341535,28964.10514700605,5831.815372343015,20.6935
200,,1.0,5,5,0.8426271844785436,0.07623006390121613,30418.151526960377,6692.634553097136,21.855
200,,1.0,5,10,0.8351042943314313,0.061417552798554806,31532.020118901954,6271.906410219276,14.2374
200,,1.0,10,1,0.8559756836824068,0.06478993153048324,29133.396147556654,5701.282263586439,21.2197
200,,1.0,10,2,0.8551973517073963,0.06513900978625584,29216.98600737247,5688.400413616414,17.0699
200,,1.0,10,5,0.8426271844785436,0.07623006390121612,30418.151526960377,6692.634553097136,26.1306
200,,1.0,10,10,0.8351042943314313,0.061417552798554806,31532.020118901935,6271.906410219274,19.0718
200,,1.0,20,1,0.8501742981375587,0.059534485255798415,29879.267131398527,5371.870039853857,22.7385
200,,1.0,20,2,0.8492108047833457,0.06144331837904319,29951.22514243484,5466.906868267801,18.0155
200,,1.0,20,5,0.8377594491461796,0.07040087174795481,31052.826285559953,6401.77333977229,20.5249
200,,1.0,20,10,0.8351042943314313,0.06141755279855477,31532.02011890195,6271.906410219272,22.5759
200,5,sqrt,2,1,0.8216222060222533,0.047699494769291695,33045.601952412646,5493.80771211966,16.3344
200,5,sqrt,2,2,0.8219006733126669,0.04964804956623469,32989.31497163194,5602.680113549904,21.7449
200,5,sqrt,2,5,0.8167150828483442,0.051635620164255255,33500.273901208166,6057.652604379194,24.3094
200,5,sqrt,2,10,0.8105324335130362,0.04835759963228059,34187.56853733921,6427.924678154557,22.6922
200,5,sqrt,5,1,0.8219925911434954,0.048685300683298245,32991.04058199561,5500.510699470714,26.0523
200,5,sqrt,5,2,0.8213394435404802,0.0488481853859001,33062.60438430925,5635.90462096094,17.3203
200,5,sqrt,5,5,0.8167150828483439,0.051635620164255255,33500.273901208166,6057.652604379191,21.3496
200,5,sqrt,5,10,0.8105324335130362,0.04835759963228063,34187.56853733921,6427.924678154557,25.0254
200,5,sqrt,10,1,0.8190886287934077,0.04840213270396917,33277.15343144458,5581.855601837628,22.169
200,5,sqrt,10,2,0.817901684029762,0.050077217027723456,33378.70927100269,5785.686433410837,21.5096
200,5,sqrt,10,5,0.8167150828483439,0.051635620164255276,33500.273901208166,6057.652604379193,25.8683
200,5,sqrt,10,10,0.8105324335130362,0.04835759963228059,34187.56853733921,6427.9246781545535,23.6956
200,5,sqrt,20,1,0.8157765130250443,0.04620536223297659,33643.91398375537,5597.700468055616,25.7418
200,5,sqrt,20,2,0.8156343099307106,0.04788059656423041,33642.49917147051,5789.013631877148,26.3054
200,5,sqrt,20,5,0.8136586928224693,0.04803993559252579,33856.48923362416,6061.743707226718,24.5111
200,5,sqrt,20,10,0.8105324335130362,0.04835759963228061,34187.56853733921,6427.924678154557,25.5736
200,5,log2,2,1,0.8101970421932497,0.03986016277395616,34228.75991481036,5283.021688135547,25.303
200,5,log2,2,2,0.8081465276918822,0.04569875886072594,34333.12519103041,5410.805031483101,27.5084
200,5,log2,2,5,0.8053923009222264,0.04671187291254759,34634.186383792265,5947.2476239128655,25.5793
200,5,log2,2,10,0.7990490087441652,0.04517402676042862,35279.5133378308,6258.249023633199,23.4613
200,5,log2,5,1,0.8077775897098574,0.044000889702205934,34421.33532566672,5575.540729443139,24.0636
200,5,log2,5,2,0.8072798723516652,0.04577613456834646,34424.38887999747,5464.706295453125,23.4385
200,5,log2,5,5,0.8053923009222264,0.046711872912547664,34634.186383792265,5947.247623912863,26.4834
200,5,log2,5,10,0.7990490087441651,0.045174026760428684,35279.5133378308,6258.2490236332005,24.9943
200,5,log2,10,1,0.8069998670552916,0.04565275518555046,34480.60902610144,5690.281468875766,21.661
200,5,log2,10,2,0.8081650653670799,0.047136588681513304,34347.73883471646,5713.657200133081,20.2332
200,5,log2,10,5,0.8053923009222264,0.046711872912547595,34634.186383792265,5947.24762391286,22.4472
200,5,log2,10,10,0.7990490087441652,0.045174026760428705,35279.51333783081,6258.249023633203,19.0165
200,5,log2,20,1,0.8046103841408063,0.04536625142414376,34709.294360066735,5740.648583976976,22.0592
200,5,log2,20,2,0.8052646323284431,0.04499137898586596,34648.2668003795,5684.986440759377,20.8158
200,5,log2,20,5,0.8018908931160494,0.04586432756065296,34969.94284961924,5961.164127832108,14.2673
200,5,log2,20,10,0.7990490087441651,0.04517402676042867,35279.51333783081,6258.249023633201,13.692
200,5,0.5,2,1,0.8353185669117587,0.06044584262801024,31407.481909161957,5312.905691053341,16.0676
200,5,0.5,2,2,0.835978026592897,0.06255252912607101,31277.19620753647,5361.507393416574,14.0289
200,5,0.5,2,5,0.8319684077189867,0.06515132650675538,31728.337458224316,6098.166859090625,17.3149
200,5,0.5,2,10,0.8314173852578269,0.054445571188677225,32001.179047138798,6003.016835749164,11.7448
200,5,0.5,5,1,0.8345117339436247,0.061113368594231214,31476.14168354976,5325.75797875151,16.1164
200,5,0.5,5,2,0.8355054254877914,0.062487766787240655,31337.7147185278,5406.16679285362,14.1706
200,5,0.5,5,5,0.8319684077189866,0.06515132650675536,31728.33745822431,6098.166859090625,14.8
200,5,0.5,5,10,0.8314173852578269,0.05444557118867724,32001.179047138798,6003.016835749161,15.9642
200,5,0.5,10,1,0.8349513581061332,0.05967364218868981,31464.22239896075,5326.9487916443795,11.343
200,5,0.5,10,2,0.8357475241197164,0.06142044889566667,31350.994995378198,5432.062978110225,18.0821
200,5,0.5,10,5,0.8319684077189867,0.06515132650675536,31728.33745822431,6098.166859090623,16.087
200,5,0.5,10,10,0.8314173852578269,0.05444557118867721,32001.179047138798,6003.016835749158,21.3156
200,5,0.5,20,1,0.8335786656232866,0.05871897232280691,31634.2351479622,5374.2027282513845,14.064
200,5,0.5,20,2,0.8355212055588355,0.058262247887873604,31435.390304077977,5321.500869581001,19.1484
200,5,0.5,20,5,0.8317271868022452,0.06194297946896857,31821.30572355113,6044.706523020032,13.9972
200,5,0.5,20,10,0.8314173852578269,0.054445571188677204,32001.179047138798,6003.016835749159,20.7083
200,5,1.0,2,1,0.8245397335172757,0.06608479642622171,32325.59514967014,5134.697415191272,15.5359
200,5,1.0,2,2,0.82398272187001,0.06683740731542348,32372.220633989567,5207.068751297647,19.6588
200,5,1.0,2,5,0.8171748087454119,0.07740903394827543,32949.30988297783,6314.221259661358,16.3772
200,5,1.0,2,10,0.8169204884734327,0.06216874019883373,33287.07531831997,6004.145211519573,18.5161
200,5,1.0,5,1,0.8221091251056739,0.069095423525729,32515.859259035235,5368.698068876993,15.1443
200,5,1.0,5,2,0.8238054095851538,0.06652834409406533,32397.40180680929,5201.113236661622,20.0927
200,5,1.0,5,5,0.8171748087454119,0.0774090339482754,32949.30988297783,6314.221259661355,14.9575
200,5,1.0,5,10,0.8169204884734327,0.06216874019883374,33287.07531831997,6004.145211519575,18.8289
200,5,1.0,10,1,0.8222500394097597,0.06515602186825441,32581.912598433573,5215.18629367337,15.6438
200,5,1.0,10,2,0.8234445038418355,0.06381696088121243,32489.483864501886,5104.440880464609,17.2338
200,5,1.0,10,5,0.8171748087454119,0.07740903394827539,32949.30988297784,6314.2212596613535,16.0258
200,5,1.0,10,10,0.8169204884734327,0.062168740198833686,33287.07531831997,6004.1452115195725,18.6423
200,5,1.0,20,1,0.8227055278457881,0.06083185515054079,32618.763011801268,5038.282046119061,18.5
200,5,1.0,20,2,0.8231977450552511,0.060728116452994876,32570.69842011034,4975.986624360009,16.1128
200,5,1.0,20,5,0.8165127738341674,0.07102259502118821,33134.19840549734,6070.397334356216,16.9841
200,5,1.0,20,10,0.8169204884734327,0.06216874019883372,33287.07531831997,6004.145211519575,17.9954
200,10,sqrt,2,1,0.8630479662735325,0.05485276432880524,28615.48488433201,5705.810611769842,24.0518
200,10,sqrt,2,2,0.8601447646058237,0.05333256485668311,28964.2147487509,5669.368744333617,19.7226
200,10,sqrt,2,5,0.8466312564075749,0.05184503950093871,30545.575045750396,6427.013853908641,20.9873
200,10,sqrt,2,10,0.8333316479366193,0.0467358356081933,32021.39945929322,6362.544745695224,18.4411
200,10,sqrt,5,1,0.8607205104928572,0.052833134284602526,28921.53707267518,5854.73622472395,15.9105
200,10,sqrt,5,2,0.8607750977354364,0.051478973800503744,28962.750404342438,5652.095885600963,23.5329
200,10,sqrt,5,5,0.8466312564075749,0.0518450395009387,30545.575045750396,6427.01385390864,19.5728
200,10,sqrt,5,10,0.8333316479366193,0.04673583560819331,32021.39945929323,6362.544745695227,21.5847
200,10,sqrt,10,1,0.856184424019372,0.05259980772597767,29467.746451554493,6026.8470108461615,19.5379
200,10,sqrt,10,2,0.857336711494886,0.05128138061799361,29381.344414632702,5925.957263945542,19.6999
200,10,sqrt,10,5,0.8466312564075749,0.05184503950093868,30545.575045750396,6427.013853908641,20.7939
200,10,sqrt,10,10,0.8333316479366193,0.0467358356081933,32021.39945929323,6362.544745695227,21.1343
200,10,sqrt,20,1,0.8462722047509329,0.049463409120509054,30593.942774097166,6008.044472616977,17.021
200,10,sqrt,20,2,0.8472393245780914,0.04864205332839366,30521.523972196806,6098.553429461662,21.2797
200,10,sqrt,20,5,0.8399138912875111,0.05032334241314373,31263.57936008157,6358.886841728123,17.6269
200,10,sqrt,20,10,0.8333316479366193,0.04673583560819331,32021.39945929323,6362.544745695223,18.3193
200,10,log2,2,1,0.8546472915116917,0.0541940715082186,29578.156423804972,5864.86140782773,21.8368
200,10,log2,2,2,0.8515159912448349,0.0492578448689692,30024.908948528166,5808.075553645966,19.4189
200,10,log2,2,5,0.8383045928651823,0.05031922145622918,31431.299911612587,6385.566832133288,21.6232
200,10,log2,2,10,0.8206403271694536,0.045358692367652,33298.93803489127,6404.0949785441435,21.506
200,10,log2,5,1,0.8563271553044081,0.0515385660420983,29471.423923668295,5707.657317380987,18.387
200,10,log2,5,2,0.8497950034818625,0.05364052452326188,30134.273703422863,6045.24825599479,23.736
200,10,log2,5,5,0.8383045928651823,0.05031922145622917,31431.29991161258,6385.566832133288,28.3424
200,10,log2,5,10,0.8206403271694536,0.04535869236765198,33298.93803489127,6404.094978544143,26.3623
200,10,log2,10,1,0.848237213610964,0.052738801397322295,30301.970516302925,5870.413616466121,27.0908
200,10,log2,10,2,0.8486858675312161,0.04996303027662881,30333.487327505845,5907.908537094093,23.9283
200,10,log2,10,5,0.8383045928651821,0.050319221456229184,31431.29991161258,6385.566832133288,24.7387
200,10,log2,10,10,0.8206403271694537,0.045358692367651984,33298.93803489127,6404.094978544145,24.7195
200,10,log2,20,1,0.83977723423378,0.04836032702578387,31301.158688134186,6028.62451925288,23.3774
200,10,log2,20,2,0.8381427117980239,0.04554877416777467,31496.693686772272,5810.28382692506,23.4669
200,10,log2,20,5,0.833228166928361,0.04645168795687413,32023.253985848387,6247.899955765543,24.5653
200,10,log2,20,10,0.8206403271694536,0.04535869236765195,33298.93803489127,6404.0949785441435,28.7805
200,10,0.5,2,1,0.8675347260354991,0.06578616902745342,27856.15324950536,5954.149093994092,28.6695
200,10,0.5,2,2,0.8613393155335107,0.07396326409352769,28380.940064470975,6420.631229561675,22.6399
200,10,0.5,2,5,0.8554766142837618,0.067563358513064,29238.6119825966,6602.985213116687,21.6292
200,10,0.5,2,10,0.8465340691401515,0.05586356180647845,30479.164117079927,6450.757621006508,23.8951
200,10,0.5,5,1,0.8659645853395436,0.0660258960002218,28036.655977175767,6110.3999133101615,13.4269
200,10,0.5,5,2,0.8639410083232504,0.06652607735718886,28248.297590370854,5915.169392570251,12.2693
200,10,0.5,5,5,0.8554766142837618,0.06756335851306397,29238.611982596594,6602.985213116688,14.7792
200,10,0.5,5,10,0.8465340691401515,0.05586356180647846,30479.164117079934,6450.757621006505,13.4938
200,10,0.5,10,1,0.8641582416133267,0.06290535454798572,28316.390312620155,5970.5328926511365,14.064
200,10,0.5,10,2,0.8636752426214283,0.06349459176359813,28352.664928023198,5853.319198107155,14.3391
200,10,0.5,10,5,0.8554766142837618,0.067563358513064,29238.611982596594,6602.985213116687,13.7432
200,10,0.5,10,10,0.8465340691401513,0.05586356180647846,30479.164117079927,6450.7576210065035,13.0454
200,10,0.5,20,1,0.856731620242218,0.05700251252482219,29289.969110839244,5827.934395695915,13.0812
200,10,0.5,20,2,0.8573532249192759,0.05749920846173783,29215.641399080854,5822.621132642887,13.4948
200,10,0.5,20,5,0.8499185253424933,0.06230953166822861,29980.39712711989,6510.521678838703,15.2197
200,10,0.5,20,10,0.8465340691401513,0.05586356180647845,30479.164117079934,6450.757621006504,14.0907
200,10,1.0,2,1,0.8557921967977477,0.0691620680269155,29044.020813267598,5803.136153242102,18.6142
200,10,1.0,2,2,0.8560671080791117,0.06783048896758172,29054.898983108305,5830.75454754972,16.5404
200,10,1.0,2,5,0.8422720393420612,0.07613279586659671,30457.644645388173,6672.466066942718,14.9782
200,10,1.0,2,10,0.8349945434098963,0.06140005693027246,31543.142712133267,6267.378881158301,16.2684
200,10,1.0,5,1,0.8541870381067038,0.06905113102021267,29226.45479391526,5904.546891412595,18.028
200,10,1.0,5,2,0.8542781135824977,0.07122043679313157,29178.74631967469,5929.943723734419,16.2881
200,10,1.0,5,5,0.8422720393420612,0.07613279586659673,30457.644645388173,6672.466066942718,15.6952
200,10,1.0,5,10,0.8349945434098963,0.061400056930272444,31543.142712133274,6267.378881158303,13.3009
200,10,1.0,10,1,0.8545466188755938,0.06515094380229636,29281.87628743589,5722.92295034792,17.758
200,10,1.0,10,2,0.85392965084226,0.06603947378106512,29342.61695409891,5739.8949246247175,14.9598
200,10,1.0,10,5,0.8422720393420612,0.07613279586659671,30457.64464538818,6672.466066942719,13.5693
200,10,1.0,10,10,0.8349945434098963,0.061400056930272486,31543.142712133274,6267.3788811583045,8.9702
200,10,1.0,20,1,0.849229326935544,0.06030317578223681,29969.18833000823,5420.685200522175,9.8555
200,10,1.0,20,2,0.848735595804991,0.060641495068859796,30020.394317422622,5444.098732533209,9.2476
200,10,1.0,20,5,0.8375948250036608,0.07044378443727349,31069.794082649478,6401.864059912994,10.2683
200,10,1.0,20,10,0.8349945434098963,0.06140005693027248,31543.142712133274,6267.3788811583045,9.012
200,20,sqrt,2,1,0.8635815199453637,0.05507100460829095,28563.353980896667,5907.301074786931,7.8042
200,20,sqrt,2,2,0.8616025401771882,0.05211055875455129,28833.83389143414,5796.822820903362,8.5848
200,20,sqrt,2,5,0.8479881255933055,0.04963059298784515,30417.681280863577,6145.715541602333,8.0112
200,20,sqrt,2,10,0.8334692710378635,0.04735931023393101,32007.277205607406,6426.49926142753,8.1178
200,20,sqrt,5,1,0.8614186533792955,0.05598359623843531,28798.0471459407,5949.40911232153,8.8522
200,20,sqrt,5,2,0.8618975979174456,0.04905992066471874,28878.988155235354,5547.959598038106,7.4977
200,20,sqrt,5,5,0.8479881255933055,0.04963059298784515,30417.681280863577,6145.715541602331,8.0736
200,20,sqrt,5,10,0.8334692710378635,0.047359310233931,32007.2772056074,6426.499261427529,8.7739
200,20,sqrt,10,1,0.8596479239282875,0.05170372212086968,29119.728152609536,6044.411873320649,8.4242
200,20,sqrt,10,2,0.8570025679170771,0.05257017922784807,29378.595290912024,5980.501600885375,8.7766
200,20,sqrt,10,5,0.8479881255933055,0.04963059298784513,30417.68128086358,6145.71554160233,8.3607
200,20,sqrt,10,10,0.8334692710378635,0.047359310233930973,32007.2772056074,6426.49926142753,8.3264
200,20,sqrt,20,1,0.8496219007145547,0.04817812709617163,30261.715135263767,5838.398530478317,10.7659
200,20,sqrt,20,2,0.8479121089431292,0.04641650003965431,30482.2109852629,5901.513998403231,9.7788
200,20,sqrt,20,5,0.8402589800782747,0.04923263408714049,31265.841963548784,6333.6597008187555,9.3561
200,20,sqrt,20,10,0.8334692710378633,0.047359310233930994,32007.2772056074,6426.499261427529,9.4069
200,20,log2,2,1,0.8586578862606116,0.056267363898884565,29104.201342869113,6084.5225210017115,9.414
200,20,log2,2,2,0.856722069454721,0.04831600949899747,29460.452031236047,5540.319230281523,8.586
200,20,log2,2,5,0.8405292073052948,0.050300131221027514,31205.830711489787,6293.378679031092,8.3218
200,20,log2,2,10,0.8210039902929044,0.04526622690691615,33265.989169670625,6425.978187583716,10.9564
200,20,log2,5,1,0.8582087896814927,0.05218914106042532,29237.433044439087,5665.482546800046,10.5675
200,20,log2,5,2,0.8570506310323355,0.044844835571269864,29503.95724798448,5572.931018500841,11.3493
200,20,log2,5,5,0.8405292073052948,0.05030013122102757,31205.830711489794,6293.378679031095,10.6897
200,20,log2,5,10,0.8210039902929044,0.04526622690691616,33265.989169670625,6425.978187583714,11.0718
200,20,log2,10,1,0.8550523370381337,0.04797978416761023,29676.963506847525,5845.356464836381,13.1265
200,20,log2,10,2,0.8487954986831211,0.049902880217947226,30308.909339158778,5880.891177189243,12.6681
200,20,log2,10,5,0.8405292073052946,0.05030013122102754,31205.830711489794,6293.378679031098,13.0748
200,20,log2,10,10,0.8210039902929044,0.045266226906916174,33265.98916967063,6425.978187583715,12.4873
200,20,log2,20,1,0.8426294694612142,0.042525923772037545,31103.751240800288,5826.184675090351,12.0163
200,20,log2,20,2,0.8398764628991697,0.04637602822335234,31320.730835817056,5968.688724565584,13.1595
200,20,log2,20,5,0.8336605929294348,0.04666713594274543,31992.445516816213,6302.779503013568,13.672
200,20,log2,20,10,0.8210039902929044,0.04526622690691616,33265.989169670625,6425.978187583713,12.3646
200,20,0.5,2,1,0.8668370633828903,0.07048185602505731,27832.74831409152,6129.373179503499,15.5638
200,20,0.5,2,2,0.8644438270028797,0.06890652950490507,28124.814445869648,6168.037617230438,14.9533
200,20,0.5,2,5,0.8554852975774917,0.06671052678304212,29256.11192527028,6582.510664883346,14.4929
200,20,0.5,2,10,0.8466985170984389,0.057098125576738344,30427.23626603136,6492.379019571911,13.5743
200,20,0.5,5,1,0.8640682028914934,0.07055727963143907,28175.73529196808,6209.546065520913,12.981
200,20,0.5,5,2,0.8645860055173327,0.06737150783759019,28170.054646780183,6076.641982248454,13.5986
200,20,0.5,5,5,0.8554852975774916,0.06671052678304215,29256.111925270285,6582.510664883349,15.2753
200,20,0.5,5,10,0.8466985170984387,0.05709812557673834,30427.236266031374,6492.379019571911,12.5136
200,20,0.5,10,1,0.8646280485452283,0.06350666413676308,28256.29283995641,5975.878813000517,12.6876
200,20,0.5,10,2,0.862996018902885,0.06401914374597394,28413.89270696176,6099.832076526448,12.0512
200,20,0.5,10,5,0.8554852975774917,0.06671052678304212,29256.11192527028,6582.510664883347,10.835
200,20,0.5,10,10,0.8466985170984387,0.05709812557673835,30427.236266031374,6492.379019571914,11.331
200,20,0.5,20,1,0.8573229655235503,0.058539484754841546,29193.4872891092,5725.29418809642,11.6236
200,20,0.5,20,2,0.85656134266609,0.06092745263179756,29223.102921295904,5859.441816433456,12.749
200,20,0.5,20,5,0.8516406104343439,0.0622809041421195,29783.058044037945,6362.705544888087,12.2588
200,20,0.5,20,10,0.8466985170984387,0.0570981255767384,30427.236266031367,6492.379019571914,11.1566
200,20,1.0,2,1,0.8578050946075054,0.0684469429205283,28829.897483037133,5780.771106825215,18.4936
200,20,1.0,2,2,0.8558058516803471,0.07053816704787857,29016.9166803067,5916.318477423298,18.9557
200,20,1.0,2,5,0.8426271844785436,0.07623006390121616,30418.151526960377,6692.634553097136,15.6041
200,20,1.0,2,10,0.8351042943314313,0.06141755279855476,31532.02011890195,6271.906410219271,13.4569
200,20,1.0,5,1,0.8567285449120099,0.06903682854801693,28936.93403231982,5916.421010486447,18.6685
200,20,1.0,5,2,0.8566969759769124,0.06913534448113377,28954.15446100545,5828.365828948439,18.5508
200,20,1.0,5,5,0.8426271844785436,0.07623006390121616,30418.151526960377,6692.6345530971375,15.8684
200,20,1.0,5,10,0.8351042943314313,0.06141755279855475,31532.020118901954,6271.906410219273,14.4274
200,20,1.0,10,1,0.8558392259148568,0.06500176213619893,29143.939331680427,5724.053999281747,16.7164
200,20,1.0,10,2,0.8551977001282332,0.06517129856183562,29216.574708263157,5690.810566414289,18.3278
200,20,1.0,10,5,0.8426271844785436,0.07623006390121616,30418.151526960377,6692.6345530971375,15.8712
200,20,1.0,10,10,0.8351042943314313,0.06141755279855474,31532.02011890195,6271.906410219271,14.4782
200,20,1.0,20,1,0.8501707011623572,0.05953661202947842,29879.60565016268,5372.1372824316495,14.5396
200,20,1.0,20,2,0.84921294523004,0.061438901388596465,29951.07733880229,5466.712846302866,16.2978
200,20,1.0,20,5,0.8377594491461796,0.07040087174795485,31052.826285559957,6401.773339772288,15.3499
200,20,1.0,20,10,0.8351042943314313,0.06141755279855475,31532.02011890195,6271.9064102192715,14.2671
500,,sqrt,2,1,0.8628606867742439,0.05662534160050824,28612.525683483655,5824.187899054068,22.905
500,,sqrt,2,2,0.8602332777333238,0.052899688436873614,28972.357723450852,5789.140831857233,22.8074
500,,sqrt,2,5,0.8462448398431484,0.05100137804568213,30585.44285360945,6300.199878875904,21.3631
500,,sqrt,2,10,0.8324629488285457,0.047238665028677615,32102.863506841997,6455.587541330935,20.9233
500,,sqrt,5,1,0.8626575258075787,0.05404672894638818,28700.887992831675,5868.922770195204,19.8586
500,,sqrt,5,2,0.8603515236084908,0.05045883750791115,29034.551667470398,5769.259558384496,18.1421
500,,sqrt,5,5,0.8462448398431484,0.051001378045682104,30585.442853609442,6300.199878875905,21.2344
500,,sqrt,5,10,0.8324629488285457,0.047238665028677615,32102.863506841997,6455.587541330933,21.7616
500,,sqrt,10,1,0.8579331190920639,0.05285368344269263,29272.653829579038,6020.299415799151,20.7576
500,,sqrt,10,2,0.8560963304694003,0.05238586342675266,29475.925808782078,5950.4327969592105,20.2783
500,,sqrt,10,5,0.8462448398431481,0.05100137804568212,30585.442853609442,6300.199878875903,22.0978
500,,sqrt,10,10,0.8324629488285457,0.04723866502867763,32102.863506841997,6455.587541330935,20.4765
500,,sqrt,20,1,0.8486905463367398,0.04898870086813203,30343.488278823243,5825.731922100393,19.7422
500,,sqrt,20,2,0.8461841406882593,0.047479516410129895,30643.21966250208,5929.644701607981,19.301
500,,sqrt,20,5,0.8391008525834946,0.04882683219202361,31385.002501050207,6302.500581478467,21.215
500,,sqrt,20,10,0.8324629488285457,0.047238665028677615,32102.863506841997,6455.587541330934,21.9716
500,,log2,2,1,0.8601636862915987,0.05305174430569232,28990.339037020964,5788.5381423163735,21.6691
500,,log2,2,2,0.8559532800964714,0.049894235975248204,29532.061790764215,5841.000848497468,21.4332
500,,log2,2,5,0.8406467393295592,0.049131525179814284,31216.13453984542,6309.562509923049,21.8039
500,,log2,2,10,0.8218549613125832,0.044132823356960844,33193.73613541192,6398.509468535034,25.2678
500,,log2,5,1,0.857416212933664,0.05209677599076602,29319.047163703544,5750.765167263454,28.252
500,,log2,5,2,0.8557796077403875,0.04833328075414275,29564.113945319936,5645.429104091632,25.8409
500,,log2,5,5,0.8406467393295591,0.04913152517981425,31216.13453984542,6309.562509923047,28.463
500,,log2,5,10,0.8218549613125832,0.04413282335696087,33193.73613541192,6398.509468535039,28.7161
500,,log2,10,1,0.8540657796283515,0.04859716662337988,29766.408118908927,5780.716483948788,26.1392
500,,log2,10,2,0.848682321275583,0.05088302942039321,30308.75343060472,5946.9391632018405,26.9977
500,,log2,10,5,0.8406467393295591,0.04913152517981428,31216.13453984542,6309.562509923047,24.129
500,,log2,10,10,0.8218549613125832,0.04413282335696087,33193.73613541192,6398.50946853504,25.8324
500,,log2,20,1,0.8415053146890077,0.04377868206828153,31193.973157255707,5818.110396652137,24.8542
500,,log2,20,2,0.8396764470634878,0.04531420474558982,31357.051623292617,5955.040156189631,24.5382
500,,log2,20,5,0.8336325287324817,0.04602933751741249,31995.530124003875,6290.66909344461,22.4747
500,,log2,20,10,0.8218549613125832,0.04413282335696084,33193.73613541192,6398.509468535036,24.9207
500,,0.5,2,1,0.8642123741175297,0.07136018307985445,28109.966191709118,6231.6417357606415,33.1908
500,,0.5,2,2,0.8652723359574548,0.06958870550169027,28046.44371364233,6201.415259754596,28.812
500,,0.5,2,5,0.8564336370815028,0.06643794641034262,29156.645472848108,6530.035098890866,28.3212
500,,0.5,2,10,0.847760153567655,0.0545155893187876,30366.54677987408,6366.0163944929045,24.8242
500,,0.5,5,1,0.8647018085280441,0.06898530718866555,28124.002348782466,6214.54326277773,29.9589
500,,0.5,5,2,0.8655709371721703,0.06745888532333152,28050.005101296607,6065.525921637123,29.2332
500,,0.5,5,5,0.8564336370815028,0.06643794641034267,29156.645472848108,6530.03509889087,25.1951
500,,0.5,5,10,0.847760153567655,0.05451558931878757,30366.546779874072,6366.016394492904,26.642
500,,0.5,10,1,0.8646730300106622,0.06376261764164308,28242.00904111601,6016.413242802972,30.5051
500,,0.5,10,2,0.8632416277135165,0.06562969499222468,28356.78404112042,6152.237746728447,24.6211
500,,0.5,10,5,0.8564336370815028,0.0664379464103426,29156.6454728481,6530.035098890866,23.4332
500,,0.5,10,10,0.847760153567655,0.054515589318787604,30366.54677987408,6366.016394492903,25.5533
500,,0.5,20,1,0.8580909686968475,0.05824278525203223,29117.317002783715,5765.180883950725,23.2997
500,,0.5,20,2,0.8580664629167115,0.05863300821050979,29104.253544535477,5746.559511930578,23.7964
500,,0.5,20,5,0.8515199319513341,0.06102975132959375,29817.787293953326,6340.125715893359,23.0246
500,,0.5,20,10,0.847760153567655,0.054515589318787624,30366.54677987408,6366.016394492906,22.4019
500,,1.0,2,1,0.8583262170997139,0.07035399421077812,28741.89863601883,5928.2936477567,39.9639
500,,1.0,2,2,0.8568982909897958,0.07037080738775045,28901.25124293198,5939.946506498756,38.318
500,,1.0,2,5,0.843506791629309,0.07557934968693977,30336.750195324013,6688.933386074584,29.5943
500,,1.0,2,10,0.8354265283214932,0.06051792123590548,31516.638039679714,6249.787742196435,28.2202
500,,1.0,5,1,0.8563039685751119,0.0708876987045688,28949.534158949944,6070.553235903445,39.7904
500,,1.0,5,2,0.8565018305049057,0.06873470570629037,28986.525836704124,5876.572926640804,35.3754
500,,1.0,5,5,0.843506791629309,0.07557934968693981,30336.750195324013,6688.933386074583,28.5657
500,,1.0,5,10,0.8354265283214934,0.06051792123590546,31516.63803967972,6249.787742196435,36.0056
500,,1.0,10,1,0.8563388635700064,0.06513524708639581,29084.77405078041,5733.654957900978,40.0065
500,,1.0,10,2,0.8554227553744687,0.06512787680624686,29193.391243288224,5735.3920554039905,38.8356
500,,1.0,10,5,0.843506791629309,0.07557934968693983,30336.750195324013,6688.9333860745855,34.6757
500,,1.0,10,10,0.8354265283214932,0.060517921235905485,31516.63803967972,6249.787742196439,35.5728
500,,1.0,20,1,0.8494232334273081,0.06043785313781668,29951.431814711665,5505.6827961918725,29.3105
500,,1.0,20,2,0.8493642046456973,0.0600557179714425,29969.671001800925,5453.194275716795,29.2208
500,,1.0,20,5,0.8383862067699124,0.07050676392980142,30989.53993745517,6458.888159210154,35.0117
500,,1.0,20,10,0.8354265283214932,0.060517921235905485,31516.63803967972,6249.787742196436,34.2071
500,5,sqrt,2,1,0.8188060879858406,0.04825193973072276,33301.94095626547,5484.75561458998,29.0992
500,5,sqrt,2,2,0.8189435471820726,0.04968690421934923,33272.083722342315,5564.400677119204,29.4752
500,5,sqrt,2,5,0.8149793456740186,0.05047133693732405,33682.47060220469,6068.410777651958,26.3591
500,5,sqrt,2,10,0.8098787517242716,0.046519844925048175,34259.54703032218,6266.316880142135,22.7874
500,5,sqrt,5,1,0.818635754217742,0.04911541448600595,33307.28914969486,5509.895799183948,28.6576
500,5,sqrt,5,2,0.8188744325350751,0.04974551040092053,33278.318533303995,5591.758004240951,27.0466
500,5,sqrt,5,5,0.8149793456740186,0.05047133693732402,33682.47060220469,6068.410777651956,22.8572
500,5,sqrt,5,10,0.8098787517242716,0.04651984492504821,34259.54703032218,6266.316880142136,23.0209
500,5,sqrt,10,1,0.8160955347758337,0.04846151892735778,33563.16374376924,5560.517798349423,25.6526
500,5,sqrt,10,2,0.8163792896653355,0.049448684430899545,33527.79812196195,5682.404384290056,23.2983
500,5,sqrt,10,5,0.8149793456740186,0.050471336937324064,33682.47060220468,6068.4107776519595,24.6139
500,5,sqrt,10,10,0.8098787517242716,0.046519844925048175,34259.547030322174,6266.316880142136,23.4635
500,5,sqrt,20,1,0.8148636536707446,0.04595032874147904,33725.054439294996,5541.627953398971,24.074
500,5,sqrt,20,2,0.815408818236086,0.04625726052110222,33673.28590582306,5619.0679293613,22.6891
500,5,sqrt,20,5,0.8131634970845696,0.04672974244420198,33914.24410436458,5988.941580001279,23.7473
500,5,sqrt,20,10,0.8098787517242716,0.04651984492504821,34259.54703032218,6266.316880142136,25.1624
500,5,log2,2,1,0.8080570882235852,0.042036430767037586,34403.853871362226,5409.20967411029,23.1547
500,5,log2,2,2,0.8081525555726682,0.04392143785268935,34361.635578906826,5399.501576662964,25.4282
500,5,log2,2,5,0.8060875591609526,0.04481289791728359,34585.78329486278,5847.880246274893,26.489
500,5,log2,2,10,0.7997574652719036,0.04292018605683426,35238.906741649196,6180.297948239165,23.7057
500,5,log2,5,1,0.806567101721976,0.04472359205779571,34509.95501736469,5514.194304689043,23.7447
500,5,log2,5,2,0.8071827674192911,0.04503165047512648,34450.038507879755,5534.8048672573905,26.2634
500,5,log2,5,5,0.8060875591609526,0.0448128979172836,34585.78329486278,5847.880246274892,26.963
500,5,log2,5,10,0.7997574652719036,0.042920186056834245,35238.906741649196,6180.297948239166,33.5049
500,5,log2,10,1,0.8056928177319127,0.044590851030590906,34597.46550809542,5565.364601741676,33.5085
500,5,log2,10,2,0.8067089944969741,0.0453120291458007,34491.40748206723,5578.96341984276,32.197
500,5,log2,10,5,0.8060875591609526,0.04481289791728361,34585.78329486278,5847.8802462748945,34.1283
500,5,log2,10,10,0.7997574652719036,0.04292018605683424,35238.90674164919,6180.297948239162,30.8016
500,5,log2,20,1,0.8044126137304751,0.04328154215639475,34748.83972061299,5676.249120127021,30.0018
500,5,log2,20,2,0.8053851495098427,0.0429062891895686,34664.32382784661,5670.36700525123,29.9493
500,5,log2,20,5,0.803527063754512,0.04380319053563696,34851.9340367172,5974.208807958112,33.4956
500,5,log2,20,10,0.7997574652719036,0.04292018605683423,35238.906741649196,6180.297948239165,32.0172
500,5,0.5,2,1,0.8352438634158853,0.06326242143240836,31362.85785513507,5346.604823222963,31.7187
500,5,0.5,2,2,0.8362951094460953,0.06366627894127928,31239.02823607123,5373.063355297066,31.9245
500,5,0.5,2,5,0.8327616045433256,0.06487701293416505,31654.983792764076,5997.617867030915,37.2666
500,5,0.5,2,10,0.8320462567138215,0.053794442363924666,31957.64722480551,6018.079186264664,32.8139
500,5,0.5,5,1,0.8351713871347233,0.061652149314520614,31408.220718017175,5331.454789223094,33.091
500,5,0.5,5,2,0.8360554303129799,0.06371749047118208,31269.18576015661,5389.0262094717855,31.8789
500,5,0.5,5,5,0.8327616045433256,0.06487701293416508,31654.983792764076,5997.617867030913,35.1241
500,5,0.5,5,10,0.8320462567138215,0.05379444236392463,31957.647224805503,6018.07918626466,34.1776
500,5,0.5,10,1,0.8354633554988256,0.06028980143913583,31408.41391386433,5319.408624757915,31.9282
500,5,0.5,10,2,0.8363919865745212,0.06186842452088139,31281.787874339825,5365.790338635265,29.7187
500,5,0.5,10,5,0.8327616045433256,0.06487701293416505,31654.983792764076,5997.617867030915,33.4908
500,5,0.5,10,10,0.8320462567138215,0.05379444236392468,31957.647224805503,6018.079186264664,33.8892
500,5,0.5,20,1,0.8335990684376957,0.05863858257449222,31649.95063140727,5419.040879484952,34.9888
500,5,0.5,20,2,0.8353704624619208,0.0580359540721659,31474.083624550385,5350.4164789441475,30.3688
500,5,0.5,20,5,0.8320721654647297,0.06063968859720811,31815.1127399299,5964.638591200993,32.3548
500,5,0.5,20,10,0.8320462567138215,0.053794442363924666,31957.647224805503,6018.079186264662,28.4296
500,5,1.0,2,1,0.8241181485447504,0.06720709791357164,32354.826331708253,5227.624234660201,25.9913
500,5,1.0,2,2,0.8235304180298135,0.06811119228573188,32399.31895442565,5268.524500953805,25.269
500,5,1.0,2,5,0.8174762814323658,0.07672014319348876,32929.58449945542,6283.715819188064,25.9692
500,5,1.0,2,10,0.8174166580626162,0.06094514027838181,33257.81125866521,5961.842950519615,24.223
500,5,1.0,5,1,0.823180255204455,0.06793703089654353,32434.198097296387,5288.401296322826,29.9684
500,5,1.0,5,2,0.8239484665739182,0.0665649611005103,32386.315230512235,5200.714670416307,30.8841
500,5,1.0,5,5,0.8174762814323658,0.07672014319348874,32929.58449945542,6283.715819188063,31.7938
500,5,1.0,5,10,0.8174166580626162,0.06094514027838178,33257.81125866521,5961.842950519614,28.0062
500,5,1.0,10,1,0.8230235895403736,0.06513924560607874,32507.801155264733,5202.328667233432,29.3018
500,5,1.0,10,2,0.823719154638108,0.06412283004032973,32460.65580341962,5149.004401751898,29.4796
500,5,1.0,10,5,0.8174762814323658,0.07672014319348876,32929.58449945542,6283.715819188064,26.3519
500,5,1.0,10,10,0.8174166580626162,0.0609451402783818,33257.81125866521,5961.842950519617,30.5255
500,5,1.0,20,1,0.8228210577519105,0.06020489006716761,32624.78130429592,5029.49751988878,31.7089
500,5,1.0,20,2,0.8232170095718094,0.06009355716170015,32588.765301478612,5003.966521599638,28.6034
500,5,1.0,20,5,0.816697761804364,0.07106446055718199,33116.55669999802,6092.402832329407,29.5308
500,5,1.0,20,10,0.8174166580626162,0.0609451402783818,33257.81125866521,5961.842950519615,29.9696
500,10,sqrt,2,1,0.8611271524128223,0.05309951409127026,28872.57423034936,5638.008627623394,24.7675
500,10,sqrt,2,2,0.8584305086366542,0.05392807769547136,29152.980567646744,5679.193386719304,30.326
500,10,sqrt,2,5,0.8467544024022768,0.050921301388986685,30544.00051938474,6320.655933677472,29.8351
500,10,sqrt,2,10,0.8319349026489666,0.04607883100629676,32166.27024901666,6358.588163361219,29.6779
500,10,sqrt,5,1,0.8603086946357713,0.052641738766293716,28982.69893998446,5746.407583899917,28.9445
500,10,sqrt,5,2,0.8577748413990832,0.05290423194114834,29264.047113703506,5700.490366542317,27.9648
500,10,sqrt,5,5,0.8467544024022768,0.05092130138898667,30544.00051938474,6320.655933677469,28.7422
500,10,sqrt,5,10,0.8319349026489664,0.04607883100629678,32166.27024901667,6358.588163361218,29.9143
500,10,sqrt,10,1,0.8549853742705746,0.05331416551417965,29583.668020070414,6010.4931308231235,27.5791
500,10,sqrt,10,2,0.8542822454601404,0.05332583603379506,29666.816101942786,6007.622247820094,29.6377
500,10,sqrt,10,5,0.8467544024022768,0.05092130138898666,30544.00051938474,6320.655933677467,31.5153
500,10,sqrt,10,10,0.8319349026489664,0.04607883100629679,32166.27024901667,6358.58816336122,28.061
500,10,sqrt,20,1,0.8455527747482232,0.0495621746374325,30672.142375606654,5989.959004063204,28.5234
500,10,sqrt,20,2,0.8456215886495771,0.048242043915339504,30689.029929066593,6008.94993280683,29.2809
500,10,sqrt,20,5,0.839513092288878,0.04886561913470091,31334.94061055566,6317.517709768578,30.8295
500,10,sqrt,20,10,0.8319349026489666,0.04607883100629677,32166.27024901666,6358.588163361217,29.1357
500,10,log2,2,1,0.8560223721024187,0.05304520593603243,29444.981554308506,5780.855551691011,26.3586
500,10,log2,2,2,0.8526966574762722,0.049188218507788636,29891.771576350566,5758.7207921089575,26.6192
500,10,log2,2,5,0.8386221678184,0.04883832266403231,31419.720423755505,6260.760353962479,23.5815
500,10,log2,2,10,0.8218385475791893,0.04415369345438163,33191.32447045028,6344.318379292676,25.6783
500,10,log2,5,1,0.8564295800281899,0.0496291818211197,29480.88832071065,5633.704178058969,30.5928
500,10,log2,5,2,0.8517694843024592,0.05093400309682867,29967.87596378593,5908.615974488258,27.7034
500,10,log2,5,5,0.8386221678184,0.04883832266403232,31419.720423755505,6260.760353962478,25.1298
500,10,log2,5,10,0.8218385475791893,0.04415369345438164,33191.32447045027,6344.318379292672,27.5328
500,10,log2,10,1,0.8495908187844972,0.04960956295399423,30223.467275637046,5887.166081585263,27.1887
500,10,log2,10,2,0.8489640765671703,0.0482560707380772,30324.730597212918,5825.620608969235,25.9374
500,10,log2,10,5,0.8386221678184,0.04883832266403233,31419.720423755505,6260.760353962481,28.1757
500,10,log2,10,10,0.8218385475791893,0.044153693454381644,33191.32447045027,6344.318379292671,27.6059
500,10,log2,20,1,0.8392099421798719,0.046989323774132744,31377.250554672646,5941.853738723854,26.3915
500,10,log2,20,2,0.838835753841656,0.044349767397388225,31453.339768730046,5823.934477541509,26.4592
500,10,log2,20,5,0.8326735221285911,0.04642846434586945,32077.219606740477,6276.3474426497105,26.5425
500,10,log2,20,10,0.8218385475791893,0.044153693454381665,33191.32447045027,6344.318379292673,25.3392
500,10,0.5,2,1,0.8649893607066123,0.07039948962870024,28048.593685971846,6168.082976975375,30.1316
500,10,0.5,2,2,0.8618558354240561,0.0717508172216084,28380.65535939192,6296.408261060514,30.6445
500,10,0.5,2,5,0.8558788200301126,0.0659772108509793,29231.390791900943,6496.19451505659,31.513
500,10,0.5,2,10,0.847866756317868,0.05426205922032661,30360.463929141075,6332.326828641025,30.031
500,10,0.5,5,1,0.8647355946312268,0.06849203577133844,28123.40323477119,6162.771521087877,31.5031
500,10,0.5,5,2,0.8643875656566757,0.06790053170034678,28176.92204853412,6054.827979437074,38.666
500,10,0.5,5,5,0.8558788200301125,0.06597721085097938,29231.39079190095,6496.19451505659,36.4771
500,10,0.5,5,10,0.847866756317868,0.05426205922032658,30360.46392914108,6332.326828641022,32.7106
500,10,0.5,10,1,0.8628223337231059,0.06393545819357432,28454.432334531717,5932.508798405751,34.9765
500,10,0.5,10,2,0.8631740988503835,0.06320255976105033,28418.996007945785,5898.654674098164,33.5174
500,10,0.5,10,5,0.8558788200301126,0.06597721085097927,29231.390791900943,6496.19451505659,31.5029
500,10,0.5,10,10,0.847866756317868,0.054262059220326626,30360.46392914108,6332.326828641025,30.6563
500,10,0.5,20,1,0.8570273244277212,0.058996890944716225,29215.53873639965,5869.646955421798,34.4033
500,10,0.5,20,2,0.8571640792737016,0.05946672147678037,29202.445327295,5879.668541092967,32.3507
500,10,0.5,20,5,0.851195863003831,0.06119033409329358,29860.02431152498,6429.305789589838,37.0168
500,10,0.5,20,10,0.847866756317868,0.05426205922032663,30360.46392914108,6332.326828641023,30.7067
500,10,1.0,2,1,0.8562924794004589,0.07022176000771373,28965.219234992965,5906.573722996699,47.7929
500,10,1.0,2,2,0.855819699896573,0.0698459237197518,29041.263521548768,5931.505117538763,38.6233
500,10,1.0,2,5,0.8431058193683179,0.0756668225964707,30377.318604626093,6682.409429977068,39.3446
500,10,1.0,2,10,0.8353540718484844,0.06048170895756276,31524.424583070144,6245.26528513238,36.583
500,10,1.0,5,1,0.8559264135213585,0.06942474042071385,29026.162037346996,5914.1498087857235,41.4309
500,10,1.0,5,2,0.8555302621447831,0.0692495345733217,29081.778163672065,5873.689616971192,44.3572
500,10,1.0,5,5,0.8431058193683179,0.07566682259647076,30377.31860462609,6682.4094299770695,34.5754
500,10,1.0,5,10,0.8353540718484844,0.060481708957562774,31524.424583070137,6245.26528513238,33.0091
500,10,1.0,10,1,0.8553961113683494,0.06499508545672526,29192.816289124312,5714.126043448109,38.1345
500,10,1.0,10,2,0.8546403566187074,0.06510528932452327,29281.566612080776,5691.516035510176,38.0361
500,10,1.0,10,5,0.8431058193683179,0.07566682259647074,30377.318604626093,6682.4094299770695,35.0453
500,10,1.0,10,10,0.8353540718484844,0.06048170895756279,31524.424583070144,6245.26528513238,32.2561
500,10,1.0,20,1,0.8493594980548517,0.06017499121524664,29961.41212378426,5451.20655929397,33.6907
500,10,1.0,20,2,0.8488429861253903,0.059814278669218304,30029.366823440163,5438.692792762881,37.39
500,10,1.0,20,5,0.8381600829267863,0.07056088127112718,31012.30727385005,6456.370206117029,37.4354
500,10,1.0,20,10,0.8353540718484848,0.06048170895756279,31524.424583070126,6245.26528513238,37.4696
500,20,sqrt,2,1,0.8626770375728899,0.05452431551029317,28672.069192643838,5752.206474090869,33.002
500,20,sqrt,2,2,0.8602441543027277,0.052976602880311446,28970.64038957183,5790.073388531151,30.4591
500,20,sqrt,2,5,0.8462437051398707,0.0510058818470188,30585.669319853645,6301.6776329309,32.1733
500,20,sqrt,2,10,0.8324629488285457,0.04723866502867761,32102.863506842004,6455.587541330931,33.7339
500,20,sqrt,5,1,0.8625380663145886,0.05391537225283704,28705.199897432914,5795.281112403493,31.3452
500,20,sqrt,5,2,0.8595189240727329,0.05100358403921338,29119.444611939503,5804.261999785985,31.1659
500,20,sqrt,5,5,0.8462437051398707,0.05100588184701883,30585.669319853645,6301.677632930902,27.624
500,20,sqrt,5,10,0.8324629488285457,0.04723866502867757,32102.863506841997,6455.587541330931,36.0473
500,20,sqrt,10,1,0.8575426282253751,0.05300089007295295,29311.886875690292,6003.1794206193745,33.9167
500,20,sqrt,10,2,0.8559482379406906,0.05292583569864866,29481.66753955062,5971.372503074865,30.8348
500,20,sqrt,10,5,0.8462437051398709,0.051005881847018805,30585.66931985364,6301.6776329309,34.3696
500,20,sqrt,10,10,0.8324629488285457,0.047238665028677615,32102.863506841997,6455.587541330931,34.4729
500,20,sqrt,20,1,0.8486904207310774,0.0491099370389966,30340.75821950275,5832.985781020517,33.3138
500,20,sqrt,20,2,0.8461002651091942,0.04747770099789614,30651.989115779677,5928.800981010814,30.0352
500,20,sqrt,20,5,0.8391008525834946,0.04882683219202363,31385.002501050207,6302.500581478469,30.731
500,20,sqrt,20,10,0.8324629488285457,0.04723866502867761,32102.863506841997,6455.587541330931,30.4863
500,20,log2,2,1,0.8598780765249489,0.05393412510329125,29004.088678956876,5756.724300012366,31.1126
500,20,log2,2,2,0.8561406072956705,0.04974651325256244,29511.84457693372,5788.673986905386,35.0891
500,20,log2,2,5,0.8406371634580537,0.049125859428806914,31216.875556528445,6306.199855751343,26.9043
500,20,log2,2,10,0.8218549613125832,0.044132823356960844,33193.73613541192,6398.509468535038,34.5145
500,20,log2,5,1,0.8577873182696718,0.05194778873476943,29289.924278049555,5772.970348592013,32.3719
500,20,log2,5,2,0.8555423378760425,0.04825263765737319,29592.74240697305,5608.802734788041,28.1491
500,20,log2,5,5,0.8406371634580537,0.04912585942880692,31216.875556528445,6306.199855751342,30.7767
500,20,log2,5,10,0.8218549613125832,0.04413282335696084,33193.73613541192,6398.509468535035,34.3428
500,20,log2,10,1,0.8536431974955484,0.04862214512698076,29810.901191132223,5803.861462886397,33.54
500,20,log2,10,2,0.8483564993791379,0.05074356900136438,30345.66151194849,5935.288805007194,32.1135
500,20,log2,10,5,0.8406371634580537,0.049125859428806914,31216.875556528445,6306.199855751343,32.1683
500,20,log2,10,10,0.8218549613125832,0.044132823356960865,33193.73613541192,6398.509468535036,31.1667
500,20,log2,20,1,0.8416021877866736,0.043710240850502596,31184.567982746452,5811.899227528797,30.7364
500,20,log2,20,2,0.8397261535453131,0.045353267984101706,31352.12210121874,5959.8730111195155,33.2981
500,20,log2,20,5,0.8336325287324817,0.04602933751741251,31995.530124003875,6290.66909344461,35.1553
500,20,log2,20,10,0.8218549613125832,0.044132823356960886,33193.73613541192,6398.509468535039,36.1519
500,20,0.5,2,1,0.8666189009686054,0.07063216991984593,27848.556350739043,6158.527517349649,45.6896
500,20,0.5,2,2,0.8653990658513763,0.06851453225144505,28044.90706388528,6091.651924771382,40.8659
500,20,0.5,2,5,0.8564336370815028,0.06643794641034262,29156.6454728481,6530.035098890867,40.0115
500,20,0.5,2,10,0.847760153567655,0.05451558931878758,30366.54677987408,6366.016394492904,38.5311
500,20,0.5,5,1,0.8646591383016959,0.07048533059888615,28099.579183394068,6230.3078413545445,45.9701
500,20,0.5,5,2,0.8655742823299477,0.06705047059913403,28058.46090517073,6055.68761350479,40.8763
500,20,0.5,5,5,0.8564336370815028,0.06643794641034256,29156.6454728481,6530.035098890862,42.4661
500,20,0.5,5,10,0.847760153567655,0.05451558931878761,30366.546779874083,6366.0163944929045,39.6017
500,20,0.5,10,1,0.8649276474772007,0.06367216737864646,28214.86604016571,6013.216829556945,41.2563
500,20,0.5,10,2,0.8632890732346313,0.06523625784448164,28359.57854420754,6130.6618096618995,41.0876
500,20,0.5,10,5,0.8564336370815028,0.06643794641034265,29156.645472848108,6530.035098890867,41.9261
500,20,0.5,10,10,0.847760153567655,0.054515589318787576,30366.54677987408,6366.016394492903,40.7693
500,20,0.5,20,1,0.8580280328845138,0.05822042616415206,29123.68914649237,5757.061344717686,41.4738
500,20,0.5,20,2,0.8580732566602199,0.058634370230133,29103.567671882356,5746.896061143489,39.6209
500,20,0.5,20,5,0.8515199319513341,0.06102975132959375,29817.787293953326,6340.12571589336,39.661
500,20,0.5,20,10,0.847760153567655,0.054515589318787604,30366.546779874072,6366.016394492904,40.8075
500,20,1.0,2,1,0.8581925607188416,0.06931065714570377,28771.03396983017,5896.587282003036,60.5662
500,20,1.0,2,2,0.8568814153252333,0.0702654929875202,28904.253317059432,5935.174460638706,55.1869
500,20,1.0,2,5,0.843506791629309,0.07557934968693977,30336.750195324013,6688.933386074583,47.8784
500,20,1.0,2,10,0.8354265283214934,0.06051792123590544,31516.63803967971,6249.787742196434,41.4993
500,20,1.0,5,1,0.8573447494208162,0.0692726236641142,28866.99293793404,5971.733015638885,53.2983
500,20,1.0,5,2,0.85666053259453,0.06862161659292684,28971.396848871627,5872.989290605708,52.426
500,20,1.0,5,5,0.843506791629309,0.07557934968693981,30336.750195324013,6688.933386074584,50.4749
500,20,1.0,5,10,0.8354265283214932,0.06051792123590547,31516.638039679714,6249.787742196434,42.2281
500,20,1.0,10,1,0.8562481802339045,0.06544831110941145,29086.819036718698,5750.161415502151,51.2751
500,20,1.0,10,2,0.8554829347218144,0.06500683645821222,29189.12851264899,5728.941441346494,47.1073
500,20,1.0,10,5,0.843506791629309,0.07557934968693981,30336.750195324013,6688.933386074582,41.1946
500,20,1.0,10,10,0.8354265283214934,0.06051792123590548,31516.63803967972,6249.787742196438,38.8513
500,20,1.0,20,1,0.8494672431355967,0.06036639189683264,29948.074929713017,5500.599325675335,42.1606
500,20,1.0,20,2,0.8493651152172139,0.06005377597660053,29969.60867501329,5453.11119495603,39.2882
500,20,1.0,20,5,0.8383862067699124,0.07050676392980143,30989.539937455178,6458.888159210157,38.2306
500,20,1.0,20,10,0.8354265283214934,0.06051792123590545,31516.63803967972,6249.787742196436,42.3523
