n_estimators,max_depth,max_features,min_samples_split,min_samples_leaf,mean_r2,std_r2,mean_rmse,std_rmse,time_s
50,,sqrt,2,1,0.4229097110093786,0.13168534848712662,56.997931944753,4.79567059393671,0.675
50,,sqrt,2,2,0.421547448737375,0.12213081492426041,57.171735119528776,5.169712821129423,0.6711
50,,sqrt,2,5,0.43329501169373674,0.11313008825894984,56.565290541191835,4.325568837907002,0.6581
50,,sqrt,2,10,0.43808575151466755,0.1126306719717726,56.344107679681805,4.540022659325181,0.6039
50,,sqrt,5,1,0.41873222059962734,0.11613703701332434,57.30782209631165,4.175784407436346,0.6494
50,,sqrt,5,2,0.43902432422141235,0.11184033031013337,56.341757726918715,4.897777800085121,0.6319
50,,sqrt,5,5,0.43329501169373674,0.11313008825894981,56.565290541191835,4.3255688379069985,0.6203
50,,sqrt,5,10,0.43808575151466755,0.11263067197177257,56.34410767968181,4.540022659325181,0.6261
50,,sqrt,10,1,0.4289973922551858,0.11524725572212294,56.8076375609344,4.680917358253173,0.6058
50,,sqrt,10,2,0.43419019717296414,0.12013173614527849,56.49834084356555,4.665140367923905,0.6226
50,,sqrt,10,5,0.4332950116937367,0.11313008825894984,56.56529054119185,4.325568837907002,0.6379
50,,sqrt,10,10,0.43808575151466744,0.11263067197177261,56.344107679681805,4.540022659325182,0.6662
50,,sqrt,20,1,0.43552305797199936,0.11109560934859448,56.50435929913065,4.625649036434875,0.6802
50,,sqrt,20,2,0.43886931751690844,0.11238250791611352,56.31483891542659,4.623149980887422,1.0435
50,,sqrt,20,5,0.4338756724762388,0.1199161653004601,56.51111981086264,4.77809004075741,1.2052
50,,sqrt,20,10,0.43808575151466755,0.11263067197177261,56.344107679681805,4.540022659325181,1.4048
50,,log2,2,1,0.4229097110093786,0.13168534848712662,56.997931944753,4.79567059393671,1.1911
50,,log2,2,2,0.421547448737375,0.12213081492426044,57.171735119528776,5.169712821129421,1.1718
50,,log2,2,5,0.43329501169373674,0.11313008825894981,56.565290541191835,4.325568837907002,1.4296
50,,log2,2,10,0.43808575151466755,0.11263067197177258,56.344107679681805,4.54002265932518,1.1419
50,,log2,5,1,0.41873222059962734,0.11613703701332433,57.30782209631163,4.175784407436341,4.3767
50,,log2,5,2,0.43902432422141235,0.11184033031013339,56.341757726918715,4.897777800085124,7.3455
50,,log2,5,5,0.43329501169373674,0.11313008825894978,56.565290541191835,4.325568837907001,6.1918
50,,log2,5,10,0.43808575151466755,0.11263067197177261,56.34410767968181,4.540022659325183,5.7441
50,,log2,10,1,0.4289973922551858,0.11524725572212294,56.8076375609344,4.680917358253174,5.179
50,,log2,10,2,0.4341901971729641,0.1201317361452785,56.49834084356555,4.6651403679239065,6.4906
50,,log2,10,5,0.4332950116937367,0.1131300882589498,56.56529054119185,4.325568837907005,6.2163
50,,log2,10,10,0.43808575151466755,0.11263067197177258,56.344107679681805,4.540022659325179,5.795
50,,log2,20,1,0.43552305797199936,0.11109560934859447,56.50435929913065,4.625649036434873,5.0512
50,,log2,20,2,0.43886931751690855,0.11238250791611347,56.31483891542659,4.623149980887422,5.9042
50,,log2,20,5,0.43387567247623887,0.11991616530046005,56.51111981086264,4.778090040757408,5.2687
50,,log2,20,10,0.4380857515146676,0.11263067197177261,56.344107679681805,4.540022659325182,5.6197
50,,0.5,2,1,0.4119505990300512,0.13445156855904647,57.571717079664815,5.448399076704215,4.9976
50,,0.5,2,2,0.419876624643382,0.10976051761395257,57.28957917984195,4.265398240079428,8.6131
50,,0.5,2,5,0.4333220990392815,0.122452717649349,56.53297529741498,5.002721805603686,8.2834
50,,0.5,2,10,0.44556101736713083,0.11425248518670858,55.94444870085708,4.651989374816425,8.541
50,,0.5,5,1,0.4176752655608037,0.1207943625478144,57.357961827776556,4.6790635843070705,7.2864
50,,0.5,5,2,0.4193338718028275,0.1006993793941315,57.41816645622752,4.505375614656062,7.4499
50,,0.5,5,5,0.43332209903928137,0.12245271764934894,56.53297529741498,5.002721805603689,7.8834
50,,0.5,5,10,0.4455610173671308,0.11425248518670858,55.94444870085708,4.651989374816422,7.3725
50,,0.5,10,1,0.42312084164680225,0.12484125652043074,57.02512990476286,4.745006433296344,7.0582
50,,0.5,10,2,0.4274591511027846,0.12008367443096589,56.849074993679245,4.6595268729606785,6.6396
50,,0.5,10,5,0.43332209903928137,0.12245271764934902,56.53297529741498,5.002721805603686,7.76
50,,0.5,10,10,0.4455610173671308,0.11425248518670862,55.94444870085708,4.651989374816424,8.4939
50,,0.5,20,1,0.4182314861232529,0.12923774351137063,57.215189270669306,4.597848005250449,7.3671
50,,0.5,20,2,0.4231685304101954,0.12900356302337315,56.95498967785394,4.467917502244511,7.2689
50,,0.5,20,5,0.43308861068161375,0.1280725773900788,56.475309865672706,4.93060104858595,7.7591
50,,0.5,20,10,0.4455610173671308,0.1142524851867086,55.94444870085708,4.651989374816421,7.185
50,,1.0,2,1,0.3958321003059423,0.13631655087387543,58.34897354790049,5.12334412641993,7.0644
50,,1.0,2,2,0.4036804045117689,0.14273810520992442,57.90368189001619,5.537824412386658,6.7709
50,,1.0,2,5,0.41940679212847476,0.12363642985585296,57.23762317649541,4.947554223652425,9.1019
50,,1.0,2,10,0.4381815155071978,0.12737699346595938,56.2550352263357,5.397342759798272,10.1478
50,,1.0,5,1,0.3959818271616145,0.14078562831436905,58.29882573596842,5.164892551761518,9.7612
50,,1.0,5,2,0.40379173124604406,0.13796098915268695,57.93419949781743,5.334709718271971,7.5053
50,,1.0,5,5,0.41940679212847476,0.12363642985585298,57.23762317649541,4.947554223652423,8.5791
50,,1.0,5,10,0.4381815155071978,0.12737699346595932,56.2550352263357,5.397342759798268,8.9147
50,,1.0,10,1,0.4073342137520214,0.13304729055187461,57.75871885125183,4.779996701437339,9.1565
50,,1.0,10,2,0.4121828547398339,0.13542735949349177,57.5245912301164,5.244619607924002,8.1735
50,,1.0,10,5,0.41940679212847487,0.12363642985585298,57.237623176495404,4.947554223652425,8.6906
50,,1.0,10,10,0.4381815155071978,0.12737699346595938,56.2550352263357,5.397342759798274,8.5144
50,,1.0,20,1,0.4219199937462056,0.12858110281590235,57.064453781891,4.866789997570009,8.6503
50,,1.0,20,2,0.4226927344091127,0.13023540032967748,57.019759145456746,5.101498548749249,9.2948
50,,1.0,20,5,0.42647876403069845,0.1312876015467039,56.81355714927238,5.21680533920473,9.9349
50,,1.0,20,10,0.4381815155071977,0.12737699346595932,56.2550352263357,5.39734275979827,8.0654
50,5,sqrt,2,1,0.427983749375763,0.11665652063873004,56.84246478934534,4.739417180213011,8.0895
50,5,sqrt,2,2,0.43650097536488053,0.10916826734746436,56.46019488786783,4.464846239803256,8.6732
50,5,sqrt,2,5,0.44001787266493436,0.11294025000112312,56.25111955875106,4.689155041727596,8.4185
50,5,sqrt,2,10,0.43094669129663404,0.11063022257497145,56.71682871771085,4.404824860361799,9.061
50,5,sqrt,5,1,0.4377412325062909,0.11689959888605571,56.3433552977603,4.8189125417931775,8.0742
50,5,sqrt,5,2,0.441980845200393,0.10791354057663778,56.19418288503304,4.581971298154181,9.5559
50,5,sqrt,5,5,0.44001787266493436,0.1129402500011231,56.25111955875104,4.689155041727596,15.3042
50,5,sqrt,5,10,0.43094669129663404,0.1106302225749714,56.71682871771086,4.4048248603617965,12.051
50,5,sqrt,10,1,0.4334467112951592,0.12786157536736334,56.469539407752805,4.976828400651107,13.4206
50,5,sqrt,10,2,0.4341641278415742,0.12492201526047825,56.465359313854876,5.034004691825122,13.4401
50,5,sqrt,10,5,0.44001787266493436,0.11294025000112312,56.25111955875104,4.689155041727596,12.4217
50,5,sqrt,10,10,0.43094669129663404,0.1106302225749715,56.71682871771086,4.404824860361801,11.0725
50,5,sqrt,20,1,0.4349924134935429,0.11657368724229805,56.46140260440116,4.331735321667364,13.4543
50,5,sqrt,20,2,0.4338535692915916,0.11468874458602797,56.53766035448505,4.39970359711361,13.9382
50,5,sqrt,20,5,0.4350761153964292,0.11407438655555106,56.47557138389633,4.421522212553724,12.9143
50,5,sqrt,20,10,0.43094669129663404,0.11063022257497138,56.71682871771086,4.4048248603617965,13.8989
50,5,log2,2,1,0.4279837493757631,0.11665652063873001,56.84246478934534,4.739417180213011,12.7177
50,5,log2,2,2,0.43650097536488053,0.1091682673474644,56.46019488786783,4.464846239803258,9.7697
50,5,log2,2,5,0.44001787266493436,0.11294025000112314,56.25111955875106,4.689155041727598,11.5548
50,5,log2,2,10,0.43094669129663393,0.11063022257497143,56.71682871771086,4.4048248603618,13.55
50,5,log2,5,1,0.43774123250629077,0.11689959888605572,56.34335529776031,4.81891254179318,13.0727
50,5,log2,5,2,0.441980845200393,0.10791354057663778,56.19418288503304,4.581971298154178,10.9191
50,5,log2,5,5,0.44001787266493436,0.11294025000112308,56.25111955875104,4.689155041727595,11.601
50,5,log2,5,10,0.43094669129663404,0.11063022257497135,56.71682871771086,4.404824860361796,12.8606
50,5,log2,10,1,0.4334467112951592,0.12786157536736334,56.469539407752805,4.976828400651109,12.0233
50,5,log2,10,2,0.4341641278415741,0.12492201526047816,56.465359313854876,5.034004691825122,12.3008
50,5,log2,10,5,0.44001787266493436,0.11294025000112312,56.25111955875106,4.689155041727593,12.1772
50,5,log2,10,10,0.43094669129663393,0.1106302225749714,56.71682871771086,4.404824860361799,11.8511
50,5,log2,20,1,0.4349924134935428,0.11657368724229815,56.461402604401165,4.331735321667364,11.4896
50,5,log2,20,2,0.4338535692915915,0.11468874458602808,56.53766035448505,4.3997035971136125,11.3094
50,5,log2,20,5,0.4350761153964293,0.11407438655555101,56.47557138389633,4.421522212553724,11.7627
50,5,log2,20,10,0.43094669129663404,0.11063022257497136,56.71682871771085,4.4048248603617965,6.6643
50,5,0.5,2,1,0.43113889252316195,0.12770156410865585,56.57981435817993,4.833079021260366,2.8223
50,5,0.5,2,2,0.4342188321998249,0.11600500342601743,56.50945597871991,4.434650477950656,2.631
50,5,0.5,2,5,0.4317418553312285,0.11883130080305779,56.590065741003755,4.323770827445567,2.8507
50,5,0.5,2,10,0.4324870649065379,0.11419075238044292,56.622635623572386,4.569038035867906,2.819
50,5,0.5,5,1,0.4357318032193935,0.11630559988865394,56.419764684475204,4.283441975853681,2.705
50,5,0.5,5,2,0.4311579958885581,0.11380454749321264,56.662508769439874,4.080314534658507,2.7867
50,5,0.5,5,5,0.4317418553312285,0.11883130080305775,56.590065741003755,4.32377082744557,2.8784
50,5,0.5,5,10,0.432487064906538,0.11419075238044295,56.622635623572386,4.5690380358679095,2.6934
50,5,0.5,10,1,0.4383566679237306,0.1208106734158557,56.25367471451781,4.492823165704858,2.6691
50,5,0.5,10,2,0.4349462024392067,0.11701527287419383,56.45362624439667,4.348819102009952,2.7657
50,5,0.5,10,5,0.43174185533122855,0.11883130080305775,56.590065741003755,4.323770827445569,2.7635
50,5,0.5,10,10,0.432487064906538,0.1141907523804429,56.622635623572386,4.569038035867909,2.6531
50,5,0.5,20,1,0.43172923613867253,0.11964806431690182,56.613002420425275,4.625379138398734,2.8257
50,5,0.5,20,2,0.43052915410270715,0.11817463699232837,56.68889834180332,4.594110967841646,2.7038
50,5,0.5,20,5,0.42846845530660876,0.11971680687205562,56.767445364129024,4.4684065844104035,2.9884
50,5,0.5,20,10,0.432487064906538,0.11419075238044285,56.622635623572386,4.569038035867909,2.7938
50,5,1.0,2,1,0.41889752968714633,0.13378048286153624,57.146555498626256,4.829333016935273,3.6907
50,5,1.0,2,2,0.414937365233148,0.13186047722380348,57.36867005934145,4.912628787640876,3.7404
50,5,1.0,2,5,0.4178645800649764,0.13015576977401755,57.24226140808493,4.995837280415215,3.5646
50,5,1.0,2,10,0.4362820990335733,0.1269728938388034,56.34551671130324,5.281291217086338,3.8627
50,5,1.0,5,1,0.416936544382893,0.13362428573263288,57.24411985376173,4.755874588409607,3.4365
50,5,1.0,5,2,0.41537224002251716,0.13243646908357126,57.33647258484027,4.8697759053015925,3.646
50,5,1.0,5,5,0.41786458006497645,0.1301557697740175,57.24226140808493,4.9958372804152145,3.7844
50,5,1.0,5,10,0.4362820990335733,0.12697289383880336,56.34551671130324,5.281291217086339,3.7655
50,5,1.0,10,1,0.4166831118009601,0.1326655927943677,57.27249339368619,4.833824751184047,3.7651
50,5,1.0,10,2,0.4182418807177684,0.1319739539935698,57.20341822981652,4.9341011434290705,3.6722
50,5,1.0,10,5,0.4178645800649764,0.13015576977401755,57.24226140808493,4.995837280415214,3.6229
50,5,1.0,10,10,0.43628209903357335,0.1269728938388034,56.34551671130324,5.2812912170863395,3.6596
50,5,1.0,20,1,0.42243460964480023,0.13329844132192,56.98404959213832,4.98824586135471,3.6989
50,5,1.0,20,2,0.422516198195556,0.13201149570435114,56.99559357788544,5.048379866550475,3.5326
50,5,1.0,20,5,0.4237506759018198,0.13162359735144483,56.94413585229343,5.196026872382068,3.3681
50,5,1.0,20,10,0.4362820990335733,0.12697289383880342,56.34551671130324,5.281291217086338,3.6917
50,10,sqrt,2,1,0.4236335331145126,0.10764047793532254,57.117248011063865,4.050049198116162,4.3821
50,10,sqrt,2,2,0.4221666562471846,0.12867084895909814,57.09541939746005,5.270597549925725,4.438
50,10,sqrt,2,5,0.43484302954951215,0.11531664136068567,56.47230652329716,4.483940930305011,4.4633
50,10,sqrt,2,10,0.43808575151466755,0.1126306719717726,56.344107679681805,4.540022659325181,4.4731
50,10,sqrt,5,1,0.42190498470874027,0.12200818685635353,57.10140184545766,4.468109636879227,4.4009
50,10,sqrt,5,2,0.4193818419829415,0.11876769289282002,57.28686706118865,4.942166690781763,4.5013
50,10,sqrt,5,5,0.43484302954951204,0.11531664136068577,56.47230652329716,4.483940930305016,4.1597
50,10,sqrt,5,10,0.43808575151466755,0.11263067197177261,56.344107679681805,4.540022659325183,4.4987
50,10,sqrt,10,1,0.4271441915112228,0.12409527080510521,56.85976718071082,5.154086618275716,4.4525
50,10,sqrt,10,2,0.4291535246426834,0.12102046060580628,56.73958482079651,4.590598042559217,4.5661
50,10,sqrt,10,5,0.43484302954951215,0.1153166413606858,56.47230652329716,4.483940930305017,4.4799
50,10,sqrt,10,10,0.43808575151466755,0.11263067197177257,56.34410767968181,4.54002265932518,4.8599
50,10,sqrt,20,1,0.43644721729138614,0.11077218982560531,56.46161637851318,4.722713004158569,4.528
50,10,sqrt,20,2,0.4396734384218817,0.11249435160925017,56.27051382147406,4.634962866070214,4.4846
50,10,sqrt,20,5,0.4333859748318816,0.11989882588200777,56.53654591527646,4.7680470746711805,4.4508
50,10,sqrt,20,10,0.43808575151466755,0.11263067197177261,56.34410767968181,4.540022659325186,4.0511
50,10,log2,2,1,0.4236335331145126,0.10764047793532254,57.117248011063865,4.050049198116162,6.2527
50,10,log2,2,2,0.4221666562471846,0.12867084895909817,57.09541939746005,5.270597549925725,8.1423
50,10,log2,2,5,0.43484302954951215,0.11531664136068576,56.47230652329716,4.483940930305015,7.0703
50,10,log2,2,10,0.43808575151466755,0.11263067197177258,56.34410767968181,4.5400226593251825,7.8958
50,10,log2,5,1,0.4219049847087404,0.1220081868563535,57.10140184545766,4.468109636879222,7.871
50,10,log2,5,2,0.41938184198294143,0.11876769289282005,57.28686706118866,4.942166690781757,8.0123
50,10,log2,5,5,0.43484302954951215,0.11531664136068571,56.47230652329716,4.4839409303050095,7.2855
50,10,log2,5,10,0.43808575151466755,0.1126306719717726,56.34410767968181,4.540022659325181,6.5915
50,10,log2,10,1,0.4271441915112228,0.12409527080510521,56.85976718071082,5.1540866182757155,7.8509
50,10,log2,10,2,0.4291535246426833,0.12102046060580629,56.73958482079651,4.590598042559215,7.1469
50,10,log2,10,5,0.43484302954951215,0.11531664136068574,56.47230652329716,4.483940930305013,7.2324
50,10,log2,10,10,0.43808575151466755,0.11263067197177254,56.344107679681805,4.540022659325182,7.7096
50,10,log2,20,1,0.43644721729138614,0.11077218982560535,56.46161637851318,4.72271300415857,7.6147
50,10,log2,20,2,0.4396734384218817,0.11249435160925018,56.27051382147406,4.634962866070214,7.8836
50,10,log2,20,5,0.4333859748318817,0.11989882588200769,56.53654591527646,4.768047074671181,7.9004
50,10,log2,20,10,0.43808575151466755,0.11263067197177254,56.34410767968181,4.54002265932518,7.0771
50,10,0.5,2,1,0.4063259492747161,0.13479020137937095,57.787854697605646,4.447087182542371,7.1807
50,10,0.5,2,2,0.4106073507828403,0.12119034805929033,57.6936229473942,4.6980137794105685,5.33
50,10,0.5,2,5,0.4338843246176733,0.12323181805973447,56.498436811680975,5.020068150842594,4.5772
50,10,0.5,2,10,0.44556101736713083,0.11425248518670864,55.94444870085708,4.651989374816425,4.2566
50,10,0.5,5,1,0.4032281030197997,0.12274413535906972,58.043952920593846,4.469687485292229,4.4489
50,10,0.5,5,2,0.40633511812926376,0.1317240429129252,57.821791509632945,4.827028756419957,4.4435
50,10,0.5,5,5,0.4338843246176733,0.12323181805973442,56.498436811680975,5.020068150842592,4.6992
50,10,0.5,5,10,0.44556101736713083,0.1142524851867086,55.94444870085708,4.651989374816421,4.4918
50,10,0.5,10,1,0.42875304745926757,0.11443859635823117,56.79063465751021,4.170449135392346,4.4419
50,10,0.5,10,2,0.42968173113646485,0.11587499929177035,56.77159017601298,4.601533336182221,4.4783
50,10,0.5,10,5,0.4338843246176733,0.12323181805973454,56.49843681168096,5.020068150842595,4.4317
50,10,0.5,10,10,0.44556101736713083,0.11425248518670854,55.94444870085708,4.651989374816421,4.4173
50,10,0.5,20,1,0.41897554778629165,0.13226187341333523,57.15911212693599,4.759707667708487,5.5661
50,10,0.5,20,2,0.42559902373741043,0.12988816040853046,56.82258954985268,4.478798233085255,4.157
50,10,0.5,20,5,0.43335686524117134,0.1283983579300208,56.458833117233254,4.952970279611703,4.5316
50,10,0.5,20,10,0.44556101736713083,0.1142524851867086,55.94444870085708,4.651989374816419,4.5001
50,10,1.0,2,1,0.39285408687312606,0.1384699967369212,58.449483967882905,4.962220406060061,4.2508
50,10,1.0,2,2,0.40290230351252776,0.13792651692977861,57.968545809188,5.247512288773952,5.0728
50,10,1.0,2,5,0.4192221174987377,0.12369706360218717,57.24605748532198,4.949572487911374,6.4602
50,10,1.0,2,10,0.4381815155071977,0.1273769934659593,56.2550352263357,5.397342759798271,6.2032
50,10,1.0,5,1,0.3977782708813704,0.13686830100822328,58.23300438234296,5.030808484556995,6.269
50,10,1.0,5,2,0.4065081069096819,0.13859779912664716,57.7857507524673,5.318103019692159,5.7852
50,10,1.0,5,5,0.4192221174987377,0.12369706360218718,57.24605748532197,4.949572487911375,6.2842
50,10,1.0,5,10,0.4381815155071977,0.1273769934659593,56.2550352263357,5.397342759798269,5.7833
50,10,1.0,10,1,0.40653139121195697,0.1307379669140636,57.81938638321826,4.707339669095086,6.25
50,10,1.0,10,2,0.41279767237912124,0.1345763761441836,57.497547344792835,5.216686943289137,5.5216
50,10,1.0,10,5,0.4192221174987377,0.12369706360218721,57.24605748532197,4.949572487911376,6.5372
50,10,1.0,10,10,0.4381815155071978,0.12737699346595932,56.2550352263357,5.397342759798272,6.3359
50,10,1.0,20,1,0.4224927659914215,0.12841191950144296,57.032835625439226,4.817221078440379,6.2751
50,10,1.0,20,2,0.42300977310660165,0.13016394046528934,57.003097471978414,5.091507880734275,6.1425
50,10,1.0,20,5,0.4264586199057132,0.13127601722970175,56.81446191902408,5.214709344515573,6.3237
50,10,1.0,20,10,0.4381815155071977,0.1273769934659593,56.2550352263357,5.397342759798269,5.9081
50,20,sqrt,2,1,0.4208100150850048,0.1337617195798977,57.084267932248224,4.785415331590113,6.0429
50,20,sqrt,2,2,0.421547448737375,0.12213081492426045,57.171735119528776,5.1697128211294245,5.6758
50,20,sqrt,2,5,0.43329501169373674,0.11313008825894975,56.56529054119185,4.325568837907004,7.5921
50,20,sqrt,2,10,0.43808575151466755,0.11263067197177261,56.34410767968181,4.54002265932518,7.2444
50,20,sqrt,5,1,0.4183995892167832,0.11630195265565244,57.32290835065701,4.178140210653474,6.5921
50,20,sqrt,5,2,0.43902432422141235,0.11184033031013332,56.341757726918715,4.897777800085123,6.9685
50,20,sqrt,5,5,0.43329501169373685,0.11313008825894977,56.565290541191835,4.325568837907004,7.6847
50,20,sqrt,5,10,0.43808575151466755,0.1126306719717726,56.34410767968181,4.540022659325181,7.4636
50,20,sqrt,10,1,0.4289973922551857,0.11524725572212295,56.8076375609344,4.680917358253175,7.7619
50,20,sqrt,10,2,0.4341901971729641,0.12013173614527849,56.49834084356555,4.6651403679239065,7.7122
50,20,sqrt,10,5,0.43329501169373674,0.1131300882589498,56.56529054119185,4.325568837907003,6.4384
50,20,sqrt,10,10,0.43808575151466744,0.11263067197177265,56.34410767968181,4.540022659325183,7.8743
50,20,sqrt,20,1,0.4355230579719994,0.11109560934859442,56.50435929913065,4.625649036434872,8.0517
50,20,sqrt,20,2,0.43886931751690855,0.11238250791611347,56.31483891542659,4.623149980887421,7.1328
50,20,sqrt,20,5,0.43387567247623887,0.11991616530046006,56.51111981086264,4.778090040757409,7.5504
50,20,sqrt,20,10,0.43808575151466755,0.11263067197177257,56.344107679681805,4.540022659325181,7.9188
50,20,log2,2,1,0.4208100150850048,0.1337617195798977,57.084267932248224,4.785415331590113,7.186
50,20,log2,2,2,0.4215474487373749,0.12213081492426041,57.171735119528776,5.169712821129421,6.9924
50,20,log2,2,5,0.43329501169373674,0.11313008825894981,56.56529054119185,4.325568837907005,8.4724
50,20,log2,2,10,0.43808575151466755,0.11263067197177264,56.344107679681805,4.540022659325182,9.2935
50,20,log2,5,1,0.4183995892167832,0.11630195265565241,57.32290835065701,4.178140210653476,11.2764
50,20,log2,5,2,0.43902432422141235,0.11184033031013337,56.341757726918715,4.897777800085124,9.2159
50,20,log2,5,5,0.43329501169373674,0.1131300882589498,56.56529054119185,4.325568837907002,10.4711
50,20,log2,5,10,0.43808575151466755,0.11263067197177257,56.34410767968181,4.540022659325182,10.5531
50,20,log2,10,1,0.4289973922551857,0.115247255722123,56.8076375609344,4.680917358253173,8.8398
50,20,log2,10,2,0.43419019717296414,0.12013173614527847,56.49834084356555,4.665140367923903,11.9459
50,20,log2,10,5,0.4332950116937367,0.11313008825894974,56.56529054119185,4.325568837907001,10.5728
50,20,log2,10,10,0.43808575151466755,0.11263067197177262,56.344107679681805,4.540022659325183,11.8358
50,20,log2,20,1,0.43552305797199936,0.11109560934859442,56.50435929913065,4.625649036434871,10.3485
50,20,log2,20,2,0.43886931751690844,0.11238250791611346,56.31483891542659,4.623149980887419,11.1588
50,20,log2,20,5,0.433875672476239,0.11991616530046008,56.511119810862624,4.778090040757407,11.7866
50,20,log2,20,10,0.43808575151466755,0.11263067197177266,56.34410767968181,4.540022659325181,10.6963
50,20,0.5,2,1,0.41326774891515206,0.1346474560100436,57.49691523196968,5.335832524953084,10.4209
50,20,0.5,2,2,0.419876624643382,0.1097605176139526,57.289579179841965,4.265398240079425,10.5611
50,20,0.5,2,5,0.4333220990392815,0.12245271764934897,56.53297529741498,5.002721805603686,10.5119
50,20,0.5,2,10,0.44556101736713083,0.11425248518670866,55.94444870085708,4.651989374816426,10.0524
50,20,0.5,5,1,0.41813462579927074,0.1203552117788165,57.33584855477356,4.630558078944676,9.0243
50,20,0.5,5,2,0.4193117604631702,0.100693289150705,57.419310895523765,4.5053297947298026,10.5508
50,20,0.5,5,5,0.43332209903928137,0.12245271764934901,56.53297529741498,5.002721805603689,10.7235
50,20,0.5,5,10,0.44556101736713083,0.11425248518670855,55.94444870085708,4.651989374816421,11.7111
50,20,0.5,10,1,0.42312084164680225,0.12484125652043067,57.02512990476286,4.745006433296344,10.2127
50,20,0.5,10,2,0.4274591511027846,0.1200836744309659,56.849074993679245,4.659526872960679,8.9054
50,20,0.5,10,5,0.43332209903928137,0.12245271764934894,56.53297529741498,5.0027218056036835,7.7139
50,20,0.5,10,10,0.4455610173671308,0.1142524851867086,55.94444870085708,4.651989374816422,6.506
50,20,0.5,20,1,0.4182314861232529,0.12923774351137055,57.215189270669306,4.59784800525045,5.7097
50,20,0.5,20,2,0.4231685304101954,0.129003563023373,56.95498967785395,4.467917502244514,5.2578
50,20,0.5,20,5,0.4330886106816137,0.12807257739007877,56.475309865672706,4.930601048585951,7.3169
50,20,0.5,20,10,0.44556101736713083,0.11425248518670852,55.94444870085708,4.651989374816423,6.9233
50,20,1.0,2,1,0.396104713319467,0.1360034103037211,58.34150243678407,5.161018306912295,5.2326
50,20,1.0,2,2,0.4037091158000857,0.14275897973611545,57.902082052494656,5.538695334650948,5.1826
50,20,1.0,2,5,0.41940679212847476,0.12363642985585302,57.237623176495404,4.947554223652423,6.4426
50,20,1.0,2,10,0.4381815155071977,0.12737699346595938,56.2550352263357,5.397342759798273,6.7078
50,20,1.0,5,1,0.39631229402030227,0.14104397168640634,58.28020249546133,5.174469490408297,6.1929
50,20,1.0,5,2,0.4037892728653639,0.13795876916274788,57.934339483821894,5.334598900923764,5.7259
50,20,1.0,5,5,0.41940679212847476,0.123636429855853,57.23762317649541,4.947554223652422,5.9962
50,20,1.0,5,10,0.4381815155071978,0.12737699346595938,56.2550352263357,5.397342759798273,5.6265
50,20,1.0,10,1,0.4073342545448492,0.13304732899187335,57.75871651766143,4.779998798235722,5.9344
50,20,1.0,10,2,0.4121828547398339,0.13542735949349186,57.5245912301164,5.244619607924005,5.5754
50,20,1.0,10,5,0.41940679212847465,0.123636429855853,57.23762317649541,4.947554223652423,6.7201
50,20,1.0,10,10,0.4381815155071978,0.12737699346595932,56.2550352263357,5.397342759798271,8.0249
50,20,1.0,20,1,0.4219199937462057,0.1285811028159023,57.064453781891,4.866789997570008,9.6878
50,20,1.0,20,2,0.42269273440911287,0.1302354003296775,57.019759145456746,5.101498548749249,7.5663
50,20,1.0,20,5,0.42647876403069845,0.13128760154670385,56.81355714927238,5.216805339204728,6.2007
50,20,1.0,20,10,0.4381815155071977,0.12737699346595927,56.2550352263357,5.397342759798268,7.3927
100,,sqrt,2,1,0.4221231910660868,0.12255648758026713,57.110371965760656,4.775725639837798,10.9274
100,,sqrt,2,2,0.427146213752531,0.11702338738678673,56.922138148542366,5.121650655831983,9.6545
100,,sqrt,2,5,0.43915847810364356,0.11355873716682664,56.2868678770826,4.701599107957491,8.3551
100,,sqrt,2,10,0.4401635949262201,0.11240565562170445,56.24973121228868,4.729119540865691,10.1892
100,,sqrt,5,1,0.4191358082228576,0.11848040469637973,57.30728442060697,4.842549727667363,9.3477
100,,sqrt,5,2,0.4367271077640318,0.11630086358884588,56.419751818550786,4.900260315088598,9.8299
100,,sqrt,5,5,0.43915847810364356,0.11355873716682663,56.2868678770826,4.701599107957487,8.4646
100,,sqrt,5,10,0.4401635949262202,0.11240565562170447,56.24973121228868,4.729119540865693,9.5013
100,,sqrt,10,1,0.43560205225659665,0.12202519848442388,56.42544172745075,4.939919139788996,8.9391
100,,sqrt,10,2,0.43519520432462155,0.12198404646802163,56.447654441581996,4.9607348996362575,8.4971
100,,sqrt,10,5,0.43915847810364356,0.11355873716682668,56.2868678770826,4.701599107957491,13.1696
100,,sqrt,10,10,0.44016359492622004,0.11240565562170457,56.24973121228868,4.729119540865697,13.1958
100,,sqrt,20,1,0.43688759730242027,0.11380620600174463,56.4157971258393,4.7329262271680115,11.2293
100,,sqrt,20,2,0.4398751677803271,0.11455794977127182,56.25501908631444,4.819967694049458,9.7662
100,,sqrt,20,5,0.4360424755990174,0.11729825163016297,56.42915154543168,4.930540991214688,11.8056
100,,sqrt,20,10,0.4401635949262201,0.11240565562170457,56.24973121228868,4.729119540865697,12.7347
100,,log2,2,1,0.4221231910660868,0.12255648758026713,57.110371965760656,4.775725639837798,11.446
100,,log2,2,2,0.427146213752531,0.11702338738678666,56.922138148542366,5.1216506558319805,10.0155
100,,log2,2,5,0.43915847810364356,0.11355873716682666,56.28686787708259,4.701599107957487,11.5785
100,,log2,2,10,0.4401635949262202,0.11240565562170454,56.24973121228868,4.729119540865697,11.8632
100,,log2,5,1,0.4191358082228576,0.1184804046963797,57.30728442060697,4.842549727667362,11.0213
100,,log2,5,2,0.4367271077640318,0.11630086358884588,56.419751818550786,4.900260315088596,9.8227
100,,log2,5,5,0.43915847810364356,0.11355873716682667,56.2868678770826,4.701599107957488,10.5509
100,,log2,5,10,0.4401635949262201,0.11240565562170451,56.249731212288665,4.729119540865694,10.8099
100,,log2,10,1,0.43560205225659665,0.1220251984844238,56.42544172745077,4.9399191397889926,11.3544
100,,log2,10,2,0.43519520432462144,0.12198404646802163,56.447654441582,4.960734899636257,9.5854
100,,log2,10,5,0.43915847810364356,0.11355873716682664,56.2868678770826,4.701599107957491,20.395
100,,log2,10,10,0.4401635949262201,0.11240565562170453,56.24973121228868,4.729119540865694,19.5109
100,,log2,20,1,0.43688759730242027,0.11380620600174468,56.4157971258393,4.732926227168015,19.396
100,,log2,20,2,0.4398751677803272,0.11455794977127172,56.25501908631444,4.819967694049452,18.2723
100,,log2,20,5,0.43604247559901743,0.11729825163016296,56.42915154543168,4.930540991214689,21.7752
100,,log2,20,10,0.4401635949262201,0.11240565562170454,56.24973121228868,4.729119540865694,21.2253
100,,0.5,2,1,0.41443043852435596,0.13465959280849338,57.42821941265305,5.381956654467127,21.0176
100,,0.5,2,2,0.41837192625598885,0.1215276949786166,57.29478490108147,4.664978105710435,18.2604
100,,0.5,2,5,0.4338725308167756,0.1203381375763445,56.547819182467684,5.25223373501179,17.1172
100,,0.5,2,10,0.441070229956434,0.11943566510927443,56.14319462626612,4.917523078048821,21.6308
100,,0.5,5,1,0.4198991243519011,0.12954097643123755,57.19133515092534,5.156474074482224,18.4493
100,,0.5,5,2,0.4204042334442072,0.11232129815499801,57.29535626465285,4.753890263853525,18.3264
100,,0.5,5,5,0.43387253081677557,0.12033813757634447,56.5478191824677,5.2522337350117825,17.7065
100,,0.5,5,10,0.441070229956434,0.1194356651092744,56.14319462626612,4.917523078048816,19.6339
100,,0.5,10,1,0.4267632452435947,0.13125686583233834,56.81258836222264,5.185914399172908,18.7646
100,,0.5,10,2,0.4250279557790721,0.1345082764630816,56.872904606279874,5.250859188517068,17.6136
100,,0.5,10,5,0.4338725308167756,0.12033813757634457,56.547819182467684,5.25223373501179,17.1976
100,,0.5,10,10,0.4410702299564339,0.11943566510927432,56.14319462626612,4.917523078048818,16.7236
100,,0.5,20,1,0.42589666784388136,0.128788409782046,56.85954050789246,5.005960624025017,13.7403
100,,0.5,20,2,0.42738692265419453,0.1304122341630414,56.763095113971154,4.991014293446725,11.8533
100,,0.5,20,5,0.4315306197879704,0.12813220542080275,56.58596105199731,5.2711717805296985,11.3379
100,,0.5,20,10,0.441070229956434,0.11943566510927432,56.14319462626612,4.917523078048816,14.6957
100,,1.0,2,1,0.4011152915070199,0.13488012990077164,58.10181746136361,5.23187229359464,12.7846
100,,1.0,2,2,0.40051994748442565,0.13987301362615434,58.080579489843316,5.3910571970514125,11.7953
100,,1.0,2,5,0.41827626624875763,0.13187164239897803,57.25144803569633,5.407058873612229,10.7489
100,,1.0,2,10,0.4358778027480703,0.12782062478228642,56.368482786305,5.426132046730283,13.3384
100,,1.0,5,1,0.3979167844346848,0.13626218442065363,58.24158446413253,5.123395230350592,13.0244
100,,1.0,5,2,0.40162091095240465,0.1378365490595131,58.047340991371506,5.393493305962475,11.9406
100,,1.0,5,5,0.41827626624875763,0.13187164239897795,57.25144803569633,5.40705887361223,10.7143
100,,1.0,5,10,0.4358778027480703,0.12782062478228642,56.368482786304995,5.426132046730277,12.4148
100,,1.0,10,1,0.4097503208828138,0.13394584459090364,57.64564844048063,4.997078945989018,11.8783
100,,1.0,10,2,0.4111630383397712,0.1374778010978699,57.560085283924096,5.323806911140943,11.5792
100,,1.0,10,5,0.41827626624875763,0.13187164239897797,57.25144803569633,5.40705887361223,11.9028
100,,1.0,10,10,0.4358778027480702,0.1278206247822864,56.368482786304995,5.426132046730279,23.0408
100,,1.0,20,1,0.42450111263672097,0.12933471341907676,56.93055236573592,4.975143742588747,19.1992
100,,1.0,20,2,0.42478812910127617,0.13269089139736823,56.89253676053539,5.221039738032701,16.0388
100,,1.0,20,5,0.4272677101802934,0.13426929616160624,56.75845371978524,5.451076115664476,15.1286
100,,1.0,20,10,0.4358778027480704,0.1278206247822864,56.368482786305,5.426132046730281,20.489
100,5,sqrt,2,1,0.4335575459602639,0.11683474738838687,56.5575943754388,4.758850927665565,17.3239
100,5,sqrt,2,2,0.4381137068740538,0.11335777709977757,56.33744110913839,4.477621079885158,17.2815
100,5,sqrt,2,5,0.44281394845536887,0.11383198492343605,56.11503851075118,4.92620732047065,14.5711
100,5,sqrt,2,10,0.43677869751987436,0.1099588493034462,56.434869088968426,4.570163489914638,18.6855
100,5,sqrt,5,1,0.4381796204937891,0.11801586245069962,56.30844141372527,4.817161546244166,17.787
100,5,sqrt,5,2,0.441530303157852,0.11403234294476801,56.16053918754011,4.631200700823302,16.3423
100,5,sqrt,5,5,0.44281394845536887,0.11383198492343595,56.11503851075118,4.926207320470646,14.5184
100,5,sqrt,5,10,0.43677869751987436,0.1099588493034462,56.43486908896843,4.570163489914636,16.6372
100,5,sqrt,10,1,0.4393744813013264,0.12028901933798773,56.235938889864826,4.881446053257059,16.0042
100,5,sqrt,10,2,0.4388142659976979,0.11874209418585617,56.284886432736734,4.971345960672941,14.9762
100,5,sqrt,10,5,0.44281394845536887,0.11383198492343603,56.11503851075118,4.926207320470651,15.6739
100,5,sqrt,10,10,0.43677869751987436,0.1099588493034462,56.434869088968426,4.570163489914636,29.2791
100,5,sqrt,20,1,0.43126614924475754,0.11567865651168793,56.66987326197144,4.533083477162588,24.5124
100,5,sqrt,20,2,0.43106424792460213,0.11438324966859945,56.6948842522478,4.610299925442711,20.0439
100,5,sqrt,20,5,0.4333279872705715,0.11525740234992432,56.57571715401881,4.6988701289359875,20.0829
100,5,sqrt,20,10,0.43677869751987447,0.10995884930344622,56.43486908896843,4.570163489914637,26.8412
100,5,log2,2,1,0.4335575459602639,0.11683474738838688,56.5575943754388,4.758850927665568,23.9761
100,5,log2,2,2,0.43811370687405404,0.11335777709977751,56.33744110913839,4.477621079885152,20.2301
100,5,log2,2,5,0.44281394845536876,0.11383198492343598,56.115038510751184,4.926207320470646,18.5832
100,5,log2,2,10,0.43677869751987436,0.10995884930344622,56.43486908896843,4.570163489914636,23.8968
100,5,log2,5,1,0.4381796204937891,0.11801586245069962,56.30844141372527,4.817161546244168,22.2677
100,5,log2,5,2,0.4415303031578519,0.11403234294476802,56.16053918754011,4.631200700823305,16.821
100,5,log2,5,5,0.44281394845536876,0.113831984923436,56.11503851075118,4.926207320470647,18.0193
100,5,log2,5,10,0.43677869751987436,0.10995884930344621,56.43486908896843,4.570163489914638,21.0041
100,5,log2,10,1,0.4393744813013264,0.12028901933798776,56.235938889864826,4.881446053257057,21.118
100,5,log2,10,2,0.4388142659976978,0.11874209418585617,56.28488643273674,4.971345960672945,19.706
100,5,log2,10,5,0.44281394845536876,0.113831984923436,56.115038510751184,4.9262073204706445,18.2154
100,5,log2,10,10,0.4367786975198743,0.10995884930344618,56.43486908896843,4.5701634899146395,29.6837
100,5,log2,20,1,0.43126614924475754,0.11567865651168795,56.66987326197144,4.533083477162585,35.9054
100,5,log2,20,2,0.43106424792460213,0.11438324966859945,56.6948842522478,4.6102999254427095,28.3716
100,5,log2,20,5,0.4333279872705714,0.11525740234992435,56.57571715401881,4.698870128935986,35.734
100,5,log2,20,10,0.4367786975198743,0.10995884930344621,56.43486908896843,4.5701634899146395,31.1612
100,5,0.5,2,1,0.4323606569237587,0.13049687226528534,56.51818223570638,5.217309123492569,27.6585
100,5,0.5,2,2,0.4312403446848968,0.12971777508715596,56.56340157956462,4.956894122706463,33.8537
100,5,0.5,2,5,0.4337421440242114,0.11978712834899528,56.510437234275855,4.751031186455473,31.8812
100,5,0.5,2,10,0.43370988799706217,0.11844324298934834,56.53285477301758,4.897770815101702,28.6921
100,5,0.5,5,1,0.4316344856554825,0.12678019693303372,56.577922385516295,5.006411349116253,36.8427
100,5,0.5,5,2,0.4296618356725669,0.12306772008873229,56.6929827226061,4.737172305065332,33.378
100,5,0.5,5,5,0.4337421440242114,0.11978712834899528,56.510437234275855,4.751031186455469,31.6102
100,5,0.5,5,10,0.43370988799706217,0.11844324298934826,56.53285477301758,4.897770815101698,33.6407
100,5,0.5,10,1,0.43450245363709206,0.12679318662625066,56.42196269753786,4.897504299217833,37.9723
100,5,0.5,10,2,0.433999258700415,0.12682226531879398,56.455705265688664,5.017190849715525,29.8081
100,5,0.5,10,5,0.43374214402421146,0.11978712834899531,56.510437234275855,4.751031186455471,36.293
100,5,0.5,10,10,0.4337098879970623,0.11844324298934823,56.53285477301758,4.897770815101701,37.8619
100,5,0.5,20,1,0.43335230721941065,0.12482228353933222,56.498350043951724,4.912747372446832,35.5189
100,5,0.5,20,2,0.43121107405774534,0.12367942123438756,56.62222227679179,4.891044874828656,32.7659
100,5,0.5,20,5,0.43199009601351673,0.12264402385051688,56.58313500736974,4.868612024549873,13.1855
100,5,0.5,20,10,0.4337098879970621,0.11844324298934832,56.53285477301758,4.8977708151016985,5.2154
100,5,1.0,2,1,0.42059209469283604,0.13527266143829259,57.06746642794949,5.111497228504211,5.2162
100,5,1.0,2,2,0.41736423102655335,0.13710845748601294,57.21406482425228,5.189834459038554,5.1413
100,5,1.0,2,5,0.4206836532261633,0.13344584920277314,57.093795036450956,5.3599610333603955,5.0774
100,5,1.0,2,10,0.4338175584114598,0.12777683857976443,56.46756347488919,5.341106842083553,5.0849
100,5,1.0,5,1,0.42004075803208185,0.13531503740053594,57.09213614377038,5.057560743043386,4.9285
100,5,1.0,5,2,0.41828751039695666,0.13668450210480768,57.1677851004981,5.163225262331357,5.2467
100,5,1.0,5,5,0.4206836532261634,0.13344584920277316,57.09379503645094,5.359961033360397,5.1396
100,5,1.0,5,10,0.4338175584114598,0.12777683857976446,56.46756347488919,5.341106842083552,4.6058
100,5,1.0,10,1,0.42028382530753233,0.13533861109509626,57.080467689249204,5.085326379474304,4.9604
100,5,1.0,10,2,0.42047545825362614,0.13729915809086904,57.05608828274218,5.223125793488238,5.0523
100,5,1.0,10,5,0.4206836532261633,0.13344584920277322,57.093795036450956,5.359961033360396,4.8929
100,5,1.0,10,10,0.4338175584114598,0.12777683857976446,56.46756347488919,5.341106842083556,5.0567
100,5,1.0,20,1,0.42574834346515483,0.13188108165535908,56.83531642355482,5.068774079500019,5.1107
100,5,1.0,20,2,0.424836997161852,0.1321677471244423,56.88218834361228,5.1628352093856655,4.7199
100,5,1.0,20,5,0.42589727106186726,0.13252453828424396,56.83795024340192,5.3810099471331645,6.6092
100,5,1.0,20,10,0.4338175584114598,0.12777683857976443,56.46756347488919,5.341106842083555,6.8095
100,10,sqrt,2,1,0.4297484590147457,0.11756997590699175,56.75159630695619,4.533765532710581,6.8263
100,10,sqrt,2,2,0.42765028641208086,0.12096714044109631,56.86243939708553,5.013888802713003,6.3397
100,10,sqrt,2,5,0.4404289806278605,0.11368689564026692,56.22119365726032,4.748738319490227,6.9606
100,10,sqrt,2,10,0.4401635949262201,0.11240565562170451,56.24973121228868,4.729119540865693,6.7377
100,10,sqrt,5,1,0.4279527816870474,0.11657142255912366,56.834648202102265,4.458157608046366,6.6216
100,10,sqrt,5,2,0.4301736416004158,0.1171016648101923,56.74726566279776,4.811219120600092,6.5637
100,10,sqrt,5,5,0.4404289806278604,0.11368689564026696,56.22119365726032,4.748738319490226,6.3506
100,10,sqrt,5,10,0.4401635949262202,0.11240565562170445,56.24973121228868,4.729119540865693,6.8753
100,10,sqrt,10,1,0.43408304003234155,0.12312319320903951,56.52088480291566,5.21052270352518,7.5577
100,10,sqrt,10,2,0.43486595527968397,0.12398342791425054,56.438108734825825,4.883754813490721,6.8532
100,10,sqrt,10,5,0.4404289806278604,0.11368689564026697,56.22119365726032,4.7487383194902275,6.1206
100,10,sqrt,10,10,0.4401635949262201,0.11240565562170449,56.24973121228868,4.729119540865692,6.749
100,10,sqrt,20,1,0.43848805627179643,0.11232353607271024,56.34864759248578,4.779489183205288,6.1438
100,10,sqrt,20,2,0.44063146557524774,0.11528176628108915,56.211283876101696,4.877265628259,6.6648
100,10,sqrt,20,5,0.4355234886992291,0.11705261607530837,56.456757324693534,4.897279707802518,7.4491
100,10,sqrt,20,10,0.4401635949262202,0.11240565562170453,56.24973121228868,4.729119540865697,8.3664
100,10,log2,2,1,0.4297484590147457,0.11756997590699175,56.75159630695617,4.533765532710581,8.3922
100,10,log2,2,2,0.42765028641208086,0.1209671404410964,56.86243939708553,5.013888802713005,8.4716
100,10,log2,2,5,0.4404289806278604,0.11368689564026697,56.22119365726032,4.748738319490225,8.4046
100,10,log2,2,10,0.4401635949262202,0.11240565562170457,56.24973121228868,4.729119540865696,8.4977
100,10,log2,5,1,0.4279527816870474,0.11657142255912367,56.834648202102265,4.458157608046369,8.377
100,10,log2,5,2,0.4301736416004158,0.11710166481019225,56.74726566279776,4.811219120600092,8.47
100,10,log2,5,5,0.4404289806278605,0.11368689564026696,56.22119365726032,4.7487383194902275,8.4381
100,10,log2,5,10,0.4401635949262202,0.11240565562170453,56.24973121228868,4.729119540865694,8.5221
100,10,log2,10,1,0.4340830400323415,0.12312319320903944,56.52088480291566,5.210522703525179,8.3288
100,10,log2,10,2,0.4348659552796841,0.12398342791425054,56.438108734825825,4.883754813490721,8.3453
100,10,log2,10,5,0.4404289806278604,0.11368689564026695,56.22119365726032,4.7487383194902275,8.3119
100,10,log2,10,10,0.4401635949262202,0.11240565562170449,56.24973121228868,4.729119540865692,8.25
100,10,log2,20,1,0.4384880562717964,0.11232353607271026,56.34864759248577,4.779489183205286,8.2386
100,10,log2,20,2,0.44063146557524774,0.11528176628108917,56.211283876101696,4.877265628259001,8.289
100,10,log2,20,5,0.43552348869922913,0.11705261607530831,56.456757324693534,4.897279707802519,10.6815
100,10,log2,20,10,0.4401635949262201,0.11240565562170451,56.24973121228868,4.729119540865695,15.2593
100,10,0.5,2,1,0.410979151354642,0.13180325195631878,57.580931316828696,4.582742779843774,15.367
100,10,0.5,2,2,0.42097864571043286,0.1250297199469958,57.15153008500994,4.988371908394198,15.5018
100,10,0.5,2,5,0.43494422875982436,0.11982717026860738,56.49625593036701,5.231249543370555,15.2576
100,10,0.5,2,10,0.4410702299564339,0.11943566510927447,56.14319462626612,4.917523078048821,15.0876
100,10,0.5,5,1,0.41335259240038236,0.1312449784801996,57.47890654863322,4.889858805875597,15.1355
100,10,0.5,5,2,0.415466295339208,0.13051435871967462,57.38002398934077,4.921020849359261,15.1518
100,10,0.5,5,5,0.43494422875982436,0.11982717026860736,56.49625593036701,5.231249543370554,15.2323
100,10,0.5,5,10,0.441070229956434,0.11943566510927438,56.14319462626612,4.917523078048818,14.3487
100,10,0.5,10,1,0.43150932323584523,0.12200079919456001,56.60516561662287,4.684506136102009,16.5802
100,10,0.5,10,2,0.42312661943610774,0.13402651122707548,56.98529296626693,5.308771263385494,15.1618
100,10,0.5,10,5,0.43494422875982436,0.11982717026860736,56.49625593036701,5.231249543370556,15.1375
100,10,0.5,10,10,0.4410702299564339,0.11943566510927439,56.14319462626612,4.917523078048819,14.7325
100,10,0.5,20,1,0.4263092494806033,0.1313292654918033,56.819707432668146,5.091983915132697,15.0298
100,10,0.5,20,2,0.4310343989419027,0.12948933552875638,56.57568518284705,4.909214424611616,15.1082
100,10,0.5,20,5,0.43176549968186784,0.12812972625165642,56.573404400597575,5.275243807918026,13.035
100,10,0.5,20,10,0.441070229956434,0.11943566510927442,56.14319462626612,4.917523078048822,8.6288
100,10,1.0,2,1,0.4020976720806167,0.13508364673487538,58.034708374619456,5.130431115699125,8.7354
100,10,1.0,2,2,0.40354710591009946,0.13696325798131623,57.950786267390995,5.309538604874151,8.5688
100,10,1.0,2,5,0.4182458419124274,0.13181273590749812,57.25313730701562,5.403640469175239,8.5041
100,10,1.0,2,10,0.4358778027480703,0.1278206247822864,56.368482786305,5.42613204673028,8.5719
100,10,1.0,5,1,0.4020328974102366,0.13379509734443754,58.0529720258552,5.067465634696095,8.7333
100,10,1.0,5,2,0.4048788504664058,0.1351994574938958,57.899276522581246,5.289768428275744,8.5511
100,10,1.0,5,5,0.4182458419124274,0.1318127359074982,57.25313730701562,5.403640469175241,8.2867
100,10,1.0,5,10,0.4358778027480703,0.12782062478228637,56.368482786304995,5.426132046730278,8.7177
100,10,1.0,10,1,0.4105283418529032,0.13164329616795423,57.62992317132675,4.971933250922824,8.6292
100,10,1.0,10,2,0.41193498889613256,0.13730722349271768,57.52195856731864,5.32428096450363,8.4801
100,10,1.0,10,5,0.4182458419124274,0.13181273590749817,57.25313730701562,5.4036404691752375,8.4164
100,10,1.0,10,10,0.4358778027480703,0.12782062478228642,56.368482786304995,5.426132046730282,8.3963
100,10,1.0,20,1,0.42498221555562443,0.12915206651826067,56.905825812437776,4.950498572032984,9.126
100,10,1.0,20,2,0.4249015489115976,0.13275994353004675,56.886716442594334,5.227155529839986,8.6979
100,10,1.0,20,5,0.4272788160662797,0.13423408636637713,56.75820768805859,5.450944459182899,9.5107
100,10,1.0,20,10,0.4358778027480702,0.1278206247822864,56.368482786305,5.42613204673028,12.0904
100,20,sqrt,2,1,0.4212828488663888,0.12268376505508125,57.14831997115209,4.758302124596418,11.8947
100,20,sqrt,2,2,0.427146213752531,0.11702338738678665,56.922138148542366,5.12165065583198,11.4776
100,20,sqrt,2,5,0.43915847810364356,0.11355873716682667,56.2868678770826,4.70159910795749,11.6273
100,20,sqrt,2,10,0.44016359492622004,0.11240565562170457,56.24973121228868,4.729119540865697,12.0144
100,20,sqrt,5,1,0.41893286231971716,0.11859328722240363,57.316430801042586,4.844440086517539,11.9242
100,20,sqrt,5,2,0.4367271077640319,0.11630086358884582,56.41975181855078,4.9002603150886,11.6817
100,20,sqrt,5,5,0.43915847810364356,0.11355873716682675,56.2868678770826,4.7015991079574935,11.5856
100,20,sqrt,5,10,0.4401635949262201,0.11240565562170447,56.24973121228868,4.729119540865693,12.0015
100,20,sqrt,10,1,0.43560205225659665,0.12202519848442378,56.42544172745075,4.9399191397889926,12.0645
100,20,sqrt,10,2,0.43519520432462155,0.1219840464680216,56.447654441581996,4.960734899636256,11.8388
100,20,sqrt,10,5,0.43915847810364356,0.11355873716682673,56.28686787708259,4.701599107957491,11.4994
100,20,sqrt,10,10,0.4401635949262201,0.11240565562170456,56.24973121228868,4.729119540865695,11.8467
100,20,sqrt,20,1,0.43688759730242027,0.11380620600174468,56.4157971258393,4.732926227168015,11.5927
100,20,sqrt,20,2,0.4398751677803271,0.11455794977127169,56.25501908631444,4.819967694049451,11.446
100,20,sqrt,20,5,0.4360424755990174,0.11729825163016293,56.42915154543168,4.930540991214688,12.3565
100,20,sqrt,20,10,0.4401635949262201,0.11240565562170457,56.24973121228868,4.729119540865696,13.9745
100,20,log2,2,1,0.4212828488663888,0.12268376505508125,57.14831997115209,4.758302124596418,16.196
100,20,log2,2,2,0.427146213752531,0.11702338738678666,56.922138148542366,5.1216506558319805,14.7666
100,20,log2,2,5,0.4391584781036436,0.11355873716682664,56.2868678770826,4.701599107957488,14.604
100,20,log2,2,10,0.4401635949262201,0.11240565562170451,56.24973121228868,4.7291195408656925,15.1503
100,20,log2,5,1,0.41893286231971716,0.11859328722240368,57.31643080104258,4.844440086517539,15.0936
100,20,log2,5,2,0.43672710776403195,0.11630086358884581,56.41975181855078,4.9002603150885955,14.6589
100,20,log2,5,5,0.43915847810364345,0.11355873716682667,56.2868678770826,4.701599107957489,14.5139
100,20,log2,5,10,0.4401635949262201,0.1124056556217045,56.24973121228868,4.729119540865694,14.9411
100,20,log2,10,1,0.43560205225659654,0.1220251984844239,56.42544172745077,4.939919139789001,14.7831
100,20,log2,10,2,0.43519520432462155,0.12198404646802165,56.447654441582,4.960734899636258,14.608
100,20,log2,10,5,0.43915847810364356,0.11355873716682673,56.28686787708259,4.701599107957491,14.3529
100,20,log2,10,10,0.44016359492622004,0.11240565562170454,56.249731212288694,4.729119540865697,14.7362
100,20,log2,20,1,0.43688759730242027,0.1138062060017447,56.4157971258393,4.732926227168017,14.5471
100,20,log2,20,2,0.4398751677803271,0.11455794977127175,56.25501908631444,4.8199676940494545,14.712
100,20,log2,20,5,0.43604247559901727,0.11729825163016294,56.42915154543168,4.930540991214689,18.6057
100,20,log2,20,10,0.4401635949262201,0.11240565562170449,56.24973121228868,4.729119540865694,27.7762
100,20,0.5,2,1,0.4152583825988601,0.13395575029480178,57.38767563028689,5.277243770810933,28.0387
100,20,0.5,2,2,0.41837192625598896,0.12152769497861657,57.29478490108147,4.6649781057104365,27.3245
100,20,0.5,2,5,0.4338725308167756,0.1203381375763446,56.547819182467684,5.252233735011787,27.0418
100,20,0.5,2,10,0.4410702299564341,0.11943566510927431,56.14319462626611,4.9175230780488155,27.9894
100,20,0.5,5,1,0.42011531566882854,0.12929777557780575,57.18104863500491,5.131341560930349,28.3565
100,20,0.5,5,2,0.4203953776489059,0.11231846566287865,57.295818512908895,4.753837864715007,3.7379
100,20,0.5,5,5,0.4338725308167756,0.1203381375763445,56.547819182467684,5.252233735011788,3.3819
100,20,0.5,5,10,0.441070229956434,0.11943566510927432,56.14319462626612,4.917523078048821,10.1756
100,20,0.5,10,1,0.4267632452435947,0.13125686583233837,56.81258836222264,5.185914399172906,30.4153
100,20,0.5,10,2,0.4250279557790721,0.13450827646308164,56.872904606279874,5.250859188517068,27.9751
100,20,0.5,10,5,0.43387253081677574,0.12033813757634465,56.547819182467684,5.252233735011788,27.5277
100,20,0.5,10,10,0.4410702299564341,0.11943566510927436,56.14319462626612,4.917523078048817,27.0801
100,20,0.5,20,1,0.42589666784388136,0.1287884097820461,56.85954050789246,5.00596062402502,27.2031
100,20,0.5,20,2,0.42738692265419453,0.13041223416304137,56.763095113971154,4.991014293446722,25.1341
100,20,0.5,20,5,0.4315306197879704,0.12813220542080275,56.58596105199731,5.271171780529698,27.2949
100,20,0.5,20,10,0.441070229956434,0.11943566510927438,56.14319462626612,4.917523078048819,29.9236
100,20,1.0,2,1,0.4017305595912998,0.13469112708025247,58.075180929272086,5.253898410869397,17.8122
100,20,1.0,2,2,0.400539861379064,0.1398905339702456,58.079451241219296,5.391914698343306,14.3677
100,20,1.0,2,5,0.41827626624875763,0.13187164239897792,57.25144803569633,5.407058873612231,12.1383
100,20,1.0,2,10,0.4358778027480702,0.12782062478228637,56.368482786304995,5.426132046730278,10.533
100,20,1.0,5,1,0.39804161352923584,0.13639140088065593,58.234467994144566,5.131114153447487,11.092
100,20,1.0,5,2,0.4016220510896765,0.13783767574606762,58.047275408179374,5.39355261489264,11.2157
100,20,1.0,5,5,0.41827626624875763,0.13187164239897792,57.25144803569633,5.407058873612229,3.0118
100,20,1.0,5,10,0.4358778027480703,0.1278206247822864,56.368482786304995,5.42613204673028,2.5709
100,20,1.0,10,1,0.4097503196608289,0.13394584337270873,57.64564851118988,4.997078878207156,2.1047
100,20,1.0,10,2,0.4111630383397712,0.13747780109786992,57.56008528392408,5.323806911140943,2.695
100,20,1.0,10,5,0.41827626624875763,0.13187164239897803,57.25144803569633,5.407058873612229,12.174
100,20,1.0,10,10,0.4358778027480703,0.12782062478228645,56.368482786305,5.42613204673028,12.0885
100,20,1.0,20,1,0.42450111263672097,0.12933471341907676,56.93055236573592,4.9751437425887435,11.7441
100,20,1.0,20,2,0.42478812910127617,0.13269089139736828,56.89253676053539,5.221039738032699,10.363
100,20,1.0,20,5,0.4272677101802936,0.13426929616160618,56.75845371978522,5.451076115664475,11.2964
100,20,1.0,20,10,0.4358778027480703,0.1278206247822864,56.368482786304995,5.426132046730279,11.1932
200,,sqrt,2,1,0.4228415897216736,0.12615104999523996,57.03521831803249,4.792349905989955,16.1936
200,,sqrt,2,2,0.4321190055206065,0.11731462022163633,56.652325343904955,5.0332459198749575,17.7753
200,,sqrt,2,5,0.4424101933030718,0.11168319800931382,56.143287634852,4.8012997507366135,4.8687
200,,sqrt,2,10,0.4406808128159483,0.11213559792337825,56.229555628770086,4.841206548731093,3.5157
200,,sqrt,5,1,0.4226135795702392,0.11889563680437056,57.12128385835192,4.909446477174958,4.2003
200,,sqrt,5,2,0.4371620217099551,0.12031538082653473,56.37631833602236,5.122105116728518,3.3759
200,,sqrt,5,5,0.4424101933030717,0.11168319800931381,56.143287634852015,4.801299750736617,3.2688
200,,sqrt,5,10,0.4406808128159483,0.11213559792337817,56.229555628770086,4.841206548731091,15.4003
200,,sqrt,10,1,0.4331953566574539,0.1219655010459803,56.538321593080596,4.83312999129686,20.1584
200,,sqrt,10,2,0.43871736989936466,0.11719746241992911,56.295026471624816,4.816161725381491,18.1805
200,,sqrt,10,5,0.4424101933030717,0.11168319800931387,56.143287634852015,4.801299750736616,25.6092
200,,sqrt,10,10,0.4406808128159482,0.11213559792337817,56.22955562877009,4.841206548731094,23.2728
200,,sqrt,20,1,0.43303078702429465,0.11743040851616988,56.57745714445307,4.735567792235129,25.1296
200,,sqrt,20,2,0.435643140604179,0.11847150435711142,56.44048310652005,4.862055362741137,21.9668
200,,sqrt,20,5,0.4392172010745793,0.11716110920724797,56.26398813487714,4.901460517723695,20.876
200,,sqrt,20,10,0.4406808128159482,0.11213559792337822,56.22955562877009,4.841206548731094,22.9261
200,,log2,2,1,0.4228415897216736,0.12615104999523996,57.03521831803249,4.792349905989955,29.2201
200,,log2,2,2,0.4321190055206065,0.1173146202216364,56.65232534390496,5.03324591987496,25.0196
200,,log2,2,5,0.4424101933030717,0.1116831980093138,56.143287634852015,4.801299750736618,23.3549
200,,log2,2,10,0.4406808128159481,0.11213559792337821,56.22955562877009,4.841206548731093,25.9919
200,,log2,5,1,0.42261357957023915,0.11889563680437058,57.12128385835192,4.909446477174956,31.9918
200,,log2,5,2,0.4371620217099551,0.12031538082653467,56.37631833602236,5.122105116728516,27.775
200,,log2,5,5,0.4424101933030718,0.11168319800931377,56.143287634852,4.801299750736618,20.1896
200,,log2,5,10,0.4406808128159483,0.11213559792337822,56.229555628770086,4.841206548731093,27.8944
200,,log2,10,1,0.4331953566574538,0.12196550104598038,56.5383215930806,4.833129991296858,24.2859
200,,log2,10,2,0.4387173698993646,0.1171974624199291,56.29502647162483,4.816161725381489,26.9558
200,,log2,10,5,0.4424101933030718,0.11168319800931373,56.143287634852,4.801299750736616,26.8972
200,,log2,10,10,0.4406808128159482,0.11213559792337813,56.229555628770086,4.8412065487310905,26.5403
200,,log2,20,1,0.43303078702429465,0.11743040851616979,56.57745714445307,4.735567792235127,21.1661
200,,log2,20,2,0.435643140604179,0.11847150435711146,56.44048310652005,4.862055362741135,35.5022
200,,log2,20,5,0.4392172010745793,0.11716110920724793,56.26398813487714,4.901460517723691,48.2442
200,,log2,20,10,0.4406808128159483,0.11213559792337816,56.229555628770086,4.84120654873109,41.2541
200,,0.5,2,1,0.41903760532872314,0.12977924552134215,57.22369434653875,5.233496469839008,38.9826
200,,0.5,2,2,0.42612635525163006,0.11852497886690017,56.929724026128596,4.740090414381855,45.7396
200,,0.5,2,5,0.4362569978242778,0.121183393109473,56.40022498752072,5.05358556066727,45.5687
200,,0.5,2,10,0.444681774728247,0.11868236572483445,55.962654042360484,4.93754008467383,39.5907
200,,0.5,5,1,0.41892909257894023,0.12698981219524116,57.2434722452629,4.915031962283873,34.7576
200,,0.5,5,2,0.4229964850585463,0.11226718223843843,57.15327191562915,4.773883368323684,39.7001
200,,0.5,5,5,0.43625699782427774,0.12118339310947294,56.40022498752072,5.0535855606672655,42.0089
200,,0.5,5,10,0.444681774728247,0.11868236572483436,55.962654042360484,4.937540084673826,39.3931
200,,0.5,10,1,0.42535729438880454,0.1263397627399515,56.916628041542296,4.991810599302945,34.7868
200,,0.5,10,2,0.42540255157036844,0.1273852147646444,56.90029704782728,4.9705240557614845,37.814
200,,0.5,10,5,0.43625699782427774,0.12118339310947296,56.40022498752072,5.053585560667271,42.4689
200,,0.5,10,10,0.444681774728247,0.11868236572483433,55.962654042360484,4.937540084673825,36.1562
200,,0.5,20,1,0.43114459521381754,0.1228623099311373,56.61899638213963,4.69359302627134,36.8276
200,,0.5,20,2,0.4324167115897623,0.12594822415455006,56.52334544805607,4.81061470559706,33.7237
200,,0.5,20,5,0.43641505452527884,0.12236310846029756,56.36148690843608,4.951872383129872,28.0746
200,,0.5,20,10,0.4446817747282471,0.11868236572483436,55.962654042360484,4.937540084673824,22.867
200,,1.0,2,1,0.4040602976202055,0.12758950457514656,58.005868054432746,5.12616797412659,19.2043
200,,1.0,2,2,0.40540807128912404,0.13152825464785664,57.903287673806844,5.284630502119128,24.5861
200,,1.0,2,5,0.4188056174461501,0.12587116936510884,57.25864660224791,5.120129811160665,30.0497
200,,1.0,2,10,0.4374331015035902,0.1250819969144142,56.30088810709681,5.264977382315766,23.4924
200,,1.0,5,1,0.4023704210668078,0.1295511104793646,58.05965915323269,5.0071270721928895,21.4512
200,,1.0,5,2,0.40526193804887195,0.13232622314878206,57.90798189966929,5.333273100689669,25.2103
200,,1.0,5,5,0.4188056174461502,0.12587116936510878,57.25864660224791,5.120129811160663,25.1937
200,,1.0,5,10,0.4374331015035902,0.12508199691441427,56.300888107096796,5.264977382315769,22.2611
200,,1.0,10,1,0.411219093506978,0.12863024303134737,57.61074556023006,4.925847232371798,20.2952
200,,1.0,10,2,0.4122926003200146,0.13077192763482917,57.55548661353578,5.202857987930567,22.0697
200,,1.0,10,5,0.4188056174461501,0.12587116936510892,57.258646602247914,5.12012981116067,22.015
200,,1.0,10,10,0.4374331015035902,0.1250819969144143,56.30088810709681,5.264977382315769,20.8898
200,,1.0,20,1,0.423486583041983,0.12778545366807864,56.99027121515746,4.957192623512191,19.7221
200,,1.0,20,2,0.42414112999846365,0.13072865255086225,56.9388212823333,5.1842319392983,30.7503
200,,1.0,20,5,0.42971476867364133,0.12857649770313992,56.67212378557541,5.209191994371788,35.8889
200,,1.0,20,10,0.4374331015035902,0.12508199691441427,56.300888107096796,5.2649773823157675,35.7283
200,5,sqrt,2,1,0.43176400041076224,0.12119387628453238,56.606057445065005,4.724525485082032,27.5672
200,5,sqrt,2,2,0.4361351119975761,0.11703948372903022,56.405795471895416,4.503208099495562,32.9023
200,5,sqrt,2,5,0.43880258499705505,0.11791293366695785,56.27711409400929,4.856516461368018,36.1246
200,5,sqrt,2,10,0.43776995352152975,0.11163220177469367,56.37586904639697,4.764450150130576,31.7208
200,5,sqrt,5,1,0.43284728532744526,0.12085229348695792,56.559073816506995,4.7679359824283996,27.899
200,5,sqrt,5,2,0.43668487124236527,0.1157397081493361,56.38640400986492,4.466794829749827,31.0581
200,5,sqrt,5,5,0.4388025849970549,0.11791293366695788,56.2771140940093,4.856516461368014,34.1754
200,5,sqrt,5,10,0.4377699535215299,0.11163220177469356,56.37586904639697,4.764450150130569,30.8829
200,5,sqrt,10,1,0.4309265156185095,0.12447332438965558,56.630451219168194,4.887973524393588,27.9501
200,5,sqrt,10,2,0.4326391833078357,0.12350054776549185,56.55224870213541,4.943070562689515,4.5315
200,5,sqrt,10,5,0.438802584997055,0.11791293366695783,56.2771140940093,4.856516461368015,4.2805
200,5,sqrt,10,10,0.43776995352152975,0.11163220177469368,56.37586904639697,4.764450150130575,3.9137
200,5,sqrt,20,1,0.4294607393761408,0.11659184599963186,56.75750339671165,4.63581638349517,3.5259
200,5,sqrt,20,2,0.4303049869273182,0.11669014533785346,56.72317881876776,4.788775612347071,3.4549
200,5,sqrt,20,5,0.434199128010121,0.11468929146871373,56.54110296133408,4.769371947054026,3.4786
200,5,sqrt,20,10,0.43776995352152975,0.11163220177469359,56.37586904639697,4.764450150130574,3.6099
200,5,log2,2,1,0.43176400041076224,0.12119387628453235,56.606057445065005,4.724525485082031,3.7465
200,5,log2,2,2,0.43613511199757615,0.11703948372903017,56.405795471895416,4.503208099495556,3.4114
200,5,log2,2,5,0.438802584997055,0.11791293366695778,56.2771140940093,4.856516461368012,3.4157
200,5,log2,2,10,0.43776995352152975,0.1116322017746936,56.375869046396986,4.764450150130572,3.6085
200,5,log2,5,1,0.43284728532744526,0.12085229348695793,56.559073816506995,4.767935982428398,6.6683
200,5,log2,5,2,0.4366848712423653,0.11573970814933605,56.38640400986493,4.466794829749829,8.2288
200,5,log2,5,5,0.4388025849970549,0.11791293366695775,56.2771140940093,4.856516461368015,7.4317
200,5,log2,5,10,0.43776995352152986,0.11163220177469353,56.37586904639697,4.76445015013057,4.943
200,5,log2,10,1,0.4309265156185095,0.1244733243896556,56.630451219168194,4.887973524393587,4.7001
200,5,log2,10,2,0.43263918330783574,0.12350054776549192,56.55224870213541,4.943070562689513,5.222
200,5,log2,10,5,0.438802584997055,0.11791293366695789,56.2771140940093,4.856516461368018,5.6948
200,5,log2,10,10,0.43776995352152975,0.1116322017746936,56.37586904639697,4.764450150130571,4.4973
200,5,log2,20,1,0.42946073937614077,0.11659184599963177,56.75750339671165,4.635816383495168,5.1392
200,5,log2,20,2,0.4303049869273183,0.1166901453378534,56.72317881876776,4.788775612347068,4.1676
200,5,log2,20,5,0.434199128010121,0.11468929146871375,56.54110296133408,4.769371947054027,4.5963
200,5,log2,20,10,0.43776995352152975,0.11163220177469367,56.37586904639697,4.764450150130571,4.3665
200,5,0.5,2,1,0.4344857388249566,0.12724202025982687,56.41745148712454,4.921511512367333,5.542
200,5,0.5,2,2,0.432374373098959,0.12904485884053526,56.50498497842866,4.894151053588093,5.3782
200,5,0.5,2,5,0.43684028215301723,0.12099043254304896,56.33797758207645,4.79136502716745,5.7272
200,5,0.5,2,10,0.43822434328777826,0.1200195647992567,56.28870486531565,5.026278597087303,5.198
200,5,0.5,5,1,0.4339426759793771,0.12597570955927673,56.4489565560797,4.793207047239516,4.6809
200,5,0.5,5,2,0.43156017594494933,0.12414044071555706,56.58523448083059,4.751807187960367,4.9507
200,5,0.5,5,5,0.43684028215301723,0.12099043254304888,56.33797758207645,4.791365027167453,5.5513
200,5,0.5,5,10,0.43822434328777815,0.12001956479925664,56.28870486531565,5.026278597087303,4.5982
200,5,0.5,10,1,0.43478607206241726,0.12702102134759743,56.39645786240861,4.8529512036243485,4.2451
200,5,0.5,10,2,0.43257791019944225,0.12736281692612952,56.51279482543946,4.944051397049964,5.3935
200,5,0.5,10,5,0.43684028215301723,0.12099043254304889,56.33797758207645,4.791365027167453,3.8821
200,5,0.5,10,10,0.43822434328777815,0.12001956479925668,56.28870486531565,5.0262785970873045,4.457
200,5,0.5,20,1,0.4346623825642732,0.12400676125677584,56.43498675619195,4.881549506004677,4.7932
200,5,0.5,20,2,0.43263230273083675,0.12383961665508592,56.54579599385098,4.915662367755431,4.542
200,5,0.5,20,5,0.43554481087940855,0.12235527283218531,56.400348653553934,4.882488022943565,4.9135
200,5,0.5,20,10,0.43822434328777804,0.12001956479925677,56.28870486531565,5.026278597087307,4.9697
200,5,1.0,2,1,0.4205574288923989,0.1301323024867843,57.108773856975816,4.936381515588822,5.2366
200,5,1.0,2,2,0.4187318629414755,0.13160773673008982,57.192631539106365,5.035648583654724,4.9465
200,5,1.0,2,5,0.4226168781278403,0.1286337656587104,57.02392698751372,5.126649613340261,4.8069
200,5,1.0,2,10,0.4351454524521795,0.1259659413205804,56.405184975737185,5.23209793722652,5.223
200,5,1.0,5,1,0.42046011382391013,0.13076987935500148,57.10823633923932,4.935896120321156,4.1351
200,5,1.0,5,2,0.4192779822730537,0.1312625294782738,57.165831432826415,5.015864903399534,4.358
200,5,1.0,5,5,0.4226168781278403,0.1286337656587104,57.02392698751372,5.126649613340259,4.096
200,5,1.0,5,10,0.4351454524521795,0.1259659413205804,56.405184975737185,5.232097937226516,4.3556
200,5,1.0,10,1,0.4207496305849685,0.1306761020351007,57.09458001088657,4.953345293852337,5.3639
200,5,1.0,10,2,0.41986767340587655,0.13230149581930786,57.1318666445423,5.1088746132516425,4.281
200,5,1.0,10,5,0.4226168781278403,0.1286337656587104,57.02392698751372,5.126649613340264,5.4209
200,5,1.0,10,10,0.4351454524521795,0.1259659413205805,56.405184975737185,5.232097937226523,4.108
200,5,1.0,20,1,0.4253899124001542,0.12854420779811657,56.877820136989996,4.987598066160465,4.4814
200,5,1.0,20,2,0.4242805983385066,0.13030361773543045,56.92552493524622,5.125260755068484,4.9273
200,5,1.0,20,5,0.427804296512812,0.12959064520040273,56.755351040995095,5.234138000044422,4.2259
200,5,1.0,20,10,0.4351454524521795,0.12596594132058045,56.405184975737185,5.23209793722652,4.201
200,10,sqrt,2,1,0.4287436758856503,0.12100700537856175,56.776211221918935,4.72484625630662,4.857
200,10,sqrt,2,2,0.4310342456863531,0.12168215209948316,56.66905816967434,4.89727946858456,4.6442
200,10,sqrt,2,5,0.4429118624985969,0.11254888962693045,56.11078301626026,4.8465267666402605,4.0202
200,10,sqrt,2,10,0.4406808128159482,0.11213559792337822,56.22955562877009,4.841206548731093,4.072
200,10,sqrt,5,1,0.4287949394065061,0.11800688761120295,56.79162139312483,4.617275018629,6.4798
200,10,sqrt,5,2,0.43386777501444246,0.11683130784794224,56.54839011176004,4.72969631698723,5.9973
200,10,sqrt,5,5,0.4429118624985969,0.11254888962693048,56.11078301626026,4.8465267666402605,6.1768
200,10,sqrt,5,10,0.4406808128159483,0.11213559792337813,56.22955562877009,4.841206548731089,6.1858
200,10,sqrt,10,1,0.4319349475037682,0.122118137256088,56.615064979377074,4.984438912404211,5.2523
200,10,sqrt,10,2,0.4361110951911365,0.11828002104153527,56.41373425384402,4.727482604819531,6.0219
200,10,sqrt,10,5,0.44291186249859676,0.11254888962693045,56.11078301626026,4.846526766640257,5.9802
200,10,sqrt,10,10,0.4406808128159482,0.11213559792337822,56.229555628770086,4.8412065487310905,5.8074
200,10,sqrt,20,1,0.4338301869081775,0.11672496360619454,56.5439505692632,4.74752758142244,8.6079
200,10,sqrt,20,2,0.4365043659567016,0.1192529397736652,56.392330283702606,4.923914266617111,5.7023
200,10,sqrt,20,5,0.43941729431494875,0.11682658782282435,56.25586347596685,4.890790395098339,5.3206
200,10,sqrt,20,10,0.4406808128159483,0.11213559792337825,56.229555628770086,4.841206548731093,6.3753
200,10,log2,2,1,0.42874367588565043,0.12100700537856175,56.776211221918935,4.724846256306619,5.7789
200,10,log2,2,2,0.4310342456863531,0.12168215209948319,56.66905816967434,4.897279468584559,6.073
200,10,log2,2,5,0.4429118624985969,0.11254888962693044,56.11078301626026,4.846526766640256,5.4741
200,10,log2,2,10,0.4406808128159483,0.11213559792337811,56.229555628770086,4.8412065487310905,4.8034
200,10,log2,5,1,0.4287949394065061,0.11800688761120302,56.79162139312483,4.617275018629004,5.5441
200,10,log2,5,2,0.43386777501444246,0.11683130784794218,56.54839011176006,4.729696316987228,8.2198
200,10,log2,5,5,0.44291186249859676,0.1125488896269305,56.11078301626026,4.846526766640259,6.146
200,10,log2,5,10,0.4406808128159483,0.11213559792337818,56.229555628770086,4.841206548731093,7.4167
200,10,log2,10,1,0.4319349475037681,0.12211813725608808,56.615064979377074,4.98443891240421,5.8121
200,10,log2,10,2,0.4361110951911365,0.11828002104153527,56.41373425384402,4.72748260481953,6.0535
200,10,log2,10,5,0.4429118624985967,0.1125488896269305,56.11078301626026,4.8465267666402605,6.5534
200,10,log2,10,10,0.4406808128159482,0.11213559792337816,56.229555628770086,4.8412065487310905,5.7184
200,10,log2,20,1,0.4338301869081776,0.1167249636061945,56.54395056926319,4.747527581422442,6.7337
200,10,log2,20,2,0.4365043659567016,0.11925293977366527,56.392330283702606,4.923914266617113,6.0776
200,10,log2,20,5,0.43941729431494875,0.11682658782282428,56.25586347596684,4.890790395098335,6.8951
200,10,log2,20,10,0.4406808128159483,0.11213559792337818,56.22955562877009,4.841206548731094,5.975
200,10,0.5,2,1,0.419446448797925,0.12659247247737165,57.192561452575866,4.643677700414411,6.1637
200,10,0.5,2,2,0.4271752631180112,0.12056201394066775,56.868038113856,4.88521711281124,6.1646
200,10,0.5,2,5,0.4366492664233079,0.12040762588640258,56.39012177433898,5.073349641473722,5.7044
200,10,0.5,2,10,0.44467159772594644,0.1186813680174323,55.963224134218294,4.938111507210711,6.8345
200,10,0.5,5,1,0.4178677171189554,0.1287229759592312,57.25714132635354,4.656372902117358,6.1102
200,10,0.5,5,2,0.42018064351873957,0.1266330850123254,57.171670746562064,4.931682000147251,6.2433
200,10,0.5,5,5,0.43664926642330804,0.12040762588640251,56.39012177433898,5.073349641473719,6.5647
200,10,0.5,5,10,0.44467159772594655,0.11868136801743234,55.963224134218294,4.938111507210708,5.695
200,10,0.5,10,1,0.4306324040130831,0.12251075280158269,56.64853892189368,4.679574925106424,7.1819
200,10,0.5,10,2,0.42563749463881145,0.1289684949555321,56.88088956225388,5.027168871358964,6.7027
200,10,0.5,10,5,0.43664926642330804,0.12040762588640253,56.390121774338965,5.073349641473719,6.6574
200,10,0.5,10,10,0.4446715977259464,0.11868136801743231,55.963224134218294,4.938111507210708,7.4291
200,10,0.5,20,1,0.4309720041965333,0.12450181189051218,56.61446888113958,4.741430131794586,6.745
200,10,0.5,20,2,0.43435826886351575,0.12542425368241905,56.424117413882016,4.758510420067695,7.346
200,10,0.5,20,5,0.4364395684383706,0.12235352437739773,56.36038251639167,4.951398971299039,5.7586
200,10,0.5,20,10,0.44467159772594655,0.11868136801743231,55.96322413421831,4.93811150721071,6.4224
200,10,1.0,2,1,0.40490721730602786,0.13112491020954053,57.92335525614125,5.095917648511818,6.3495
200,10,1.0,2,2,0.40671861685541116,0.13045655855167804,57.845319992188216,5.239748718949578,6.9405
200,10,1.0,2,5,0.4187507133658164,0.12568254187895722,57.262588157791086,5.11164886075502,6.2069
200,10,1.0,2,10,0.4374331015035901,0.12508199691441427,56.300888107096796,5.264977382315767,5.6245
200,10,1.0,5,1,0.404710427866848,0.1291860391383263,57.94559111729336,4.986553337622833,6.1008
200,10,1.0,5,2,0.407602312529279,0.13000086353495718,57.80555381063145,5.26365056512836,6.442
200,10,1.0,5,5,0.4187507133658164,0.12568254187895733,57.262588157791086,5.111648860755025,5.5215
200,10,1.0,5,10,0.4374331015035902,0.12508199691441432,56.300888107096796,5.26497738231577,5.7895
200,10,1.0,10,1,0.41192752036929614,0.12837789567800356,57.58262602537273,4.947756227469345,6.3925
200,10,1.0,10,2,0.41283955545583445,0.13054200426305076,57.52955710956742,5.2038552546555685,5.8023
200,10,1.0,10,5,0.4187507133658164,0.1256825418789573,57.262588157791086,5.111648860755024,6.7809
200,10,1.0,10,10,0.43743310150359027,0.12508199691441432,56.300888107096796,5.264977382315769,6.5375
200,10,1.0,20,1,0.4238235757774743,0.12771178913255748,56.972745154760595,4.9414524268829805,6.1997
200,10,1.0,20,2,0.42435458700971224,0.13058041139610693,56.92923563394917,5.180975264756597,7.7762
200,10,1.0,20,5,0.42969583232251846,0.1285375918263218,56.673461812861525,5.208430158518028,5.3629
200,10,1.0,20,10,0.4374331015035902,0.12508199691441424,56.300888107096796,5.2649773823157675,6.9296
200,20,sqrt,2,1,0.42213681112954465,0.12731164581784055,57.05893132922559,4.793039952754001,6.1723
200,20,sqrt,2,2,0.4321190055206065,0.11731462022163643,56.65232534390496,5.03324591987496,6.6969
200,20,sqrt,2,5,0.4424101933030717,0.11168319800931381,56.143287634852,4.801299750736614,6.5979
200,20,sqrt,2,10,0.4406808128159482,0.11213559792337818,56.229555628770086,4.841206548731089,6.2324
200,20,sqrt,5,1,0.42237380591663803,0.1190605856808196,57.13355011681843,4.930172296428388,7.7321
200,20,sqrt,5,2,0.43711851877269153,0.12034394753546257,56.378287038089866,5.122765458683286,5.3898
200,20,sqrt,5,5,0.4424101933030717,0.11168319800931381,56.143287634852,4.801299750736614,5.3416
200,20,sqrt,5,10,0.4406808128159482,0.11213559792337814,56.229555628770086,4.841206548731092,6.0107
200,20,sqrt,10,1,0.4331953566574538,0.12196550104598032,56.5383215930806,4.833129991296857,5.4707
200,20,sqrt,10,2,0.43871736989936466,0.11719746241992905,56.295026471624816,4.816161725381487,6.251
200,20,sqrt,10,5,0.4424101933030717,0.11168319800931382,56.143287634852015,4.801299750736614,3.5951
200,20,sqrt,10,10,0.4406808128159483,0.11213559792337816,56.229555628770086,4.841206548731093,2.7701
200,20,sqrt,20,1,0.43303078702429465,0.11743040851616982,56.57745714445307,4.735567792235126,2.7324
200,20,sqrt,20,2,0.435643140604179,0.11847150435711143,56.44048310652005,4.862055362741141,2.7388
200,20,sqrt,20,5,0.4392172010745793,0.11716110920724782,56.26398813487714,4.901460517723693,2.9096
200,20,sqrt,20,10,0.4406808128159482,0.11213559792337816,56.229555628770086,4.841206548731092,2.7156
200,20,log2,2,1,0.42213681112954465,0.12731164581784055,57.05893132922559,4.793039952754001,2.8046
200,20,log2,2,2,0.4321190055206065,0.11731462022163637,56.652325343904955,5.0332459198749575,2.7482
200,20,log2,2,5,0.4424101933030717,0.11168319800931377,56.143287634852,4.801299750736613,2.8297
200,20,log2,2,10,0.4406808128159483,0.11213559792337809,56.22955562877009,4.841206548731092,2.8322
200,20,log2,5,1,0.42237380591663803,0.11906058568081958,57.13355011681843,4.93017229642839,2.884
200,20,log2,5,2,0.4371185187726915,0.12034394753546247,56.378287038089866,5.122765458683286,2.7337
200,20,log2,5,5,0.4424101933030717,0.11168319800931373,56.143287634852,4.801299750736613,2.745
200,20,log2,5,10,0.4406808128159482,0.11213559792337822,56.229555628770086,4.841206548731092,2.7559
200,20,log2,10,1,0.4331953566574539,0.12196550104598036,56.5383215930806,4.833129991296861,2.7948
200,20,log2,10,2,0.43871736989936466,0.11719746241992907,56.295026471624816,4.81616172538149,3.1583
200,20,log2,10,5,0.4424101933030717,0.11168319800931385,56.143287634852,4.801299750736614,2.9953
200,20,log2,10,10,0.4406808128159483,0.1121355979233781,56.229555628770086,4.841206548731091,2.8718
200,20,log2,20,1,0.43303078702429465,0.11743040851616986,56.57745714445307,4.735567792235125,2.7702
200,20,log2,20,2,0.4356431406041791,0.11847150435711146,56.44048310652005,4.862055362741136,2.8232
200,20,log2,20,5,0.43921720107457923,0.11716110920724793,56.26398813487715,4.901460517723696,2.9151
200,20,log2,20,10,0.4406808128159482,0.11213559792337827,56.22955562877009,4.841206548731094,2.9759
200,20,0.5,2,1,0.4186447074965326,0.1298638354571973,57.240371988354866,5.176283445979957,3.1039
200,20,0.5,2,2,0.42612635525163006,0.11852497886690011,56.929724026128596,4.740090414381854,3.1896
200,20,0.5,2,5,0.4362569978242778,0.12118339310947296,56.40022498752072,5.053585560667267,3.0126
200,20,0.5,2,10,0.444681774728247,0.1186823657248344,55.962654042360484,4.937540084673831,3.0127
200,20,0.5,5,1,0.4187213119813961,0.12676821496358626,57.25462268217817,4.89171226658711,3.2152
200,20,0.5,5,2,0.42299256502414107,0.11226606081480694,57.153476302678044,4.773869096188085,3.081
200,20,0.5,5,5,0.43625699782427774,0.12118339310947299,56.40022498752072,5.053585560667267,3.2463
200,20,0.5,5,10,0.4446817747282471,0.11868236572483443,55.962654042360484,4.937540084673824,3.2304
200,20,0.5,10,1,0.42538605953094794,0.12635681785174832,56.91512074848667,4.993183007449153,3.0734
200,20,0.5,10,2,0.42540255157036844,0.12738521476464432,56.90029704782728,4.970524055761482,3.1999
200,20,0.5,10,5,0.4362569978242776,0.12118339310947293,56.40022498752073,5.053585560667266,2.9556
200,20,0.5,10,10,0.444681774728247,0.11868236572483436,55.962654042360484,4.937540084673825,3.1955
200,20,0.5,20,1,0.43114459521381754,0.1228623099311373,56.61899638213963,4.693593026271336,3.1338
200,20,0.5,20,2,0.4324167115897624,0.1259482241545501,56.52334544805607,4.810614705597059,3.4995
200,20,0.5,20,5,0.4364150545252789,0.12236310846029763,56.36148690843606,4.951872383129869,3.1485
200,20,0.5,20,10,0.444681774728247,0.11868236572483443,55.962654042360484,4.937540084673824,3.1965
200,20,1.0,2,1,0.4043617806531371,0.12738032639081534,57.99329847943035,5.1353421785742395,3.3571
200,20,1.0,2,2,0.4054442376824676,0.13150208111236614,57.90168786605246,5.283608704224049,3.0902
200,20,1.0,2,5,0.41880561744615025,0.12587116936510886,57.25864660224791,5.120129811160669,3.2077
200,20,1.0,2,10,0.4374331015035902,0.12508199691441418,56.30088810709681,5.264977382315767,3.1448
200,20,1.0,5,1,0.40240359669420755,0.12959322454646946,58.05756516188053,5.009835569358276,3.194
200,20,1.0,5,2,0.4052348732689898,0.13233319044532488,57.909248683714154,5.333013175401073,3.1326
200,20,1.0,5,5,0.4188056174461501,0.12587116936510892,57.25864660224791,5.120129811160667,3.2926
200,20,1.0,5,10,0.4374331015035902,0.12508199691441427,56.300888107096796,5.264977382315771,2.8674
200,20,1.0,10,1,0.41121909624342273,0.12863024573773343,57.610745402720816,4.925847375487706,3.1672
200,20,1.0,10,2,0.4122926003200146,0.13077192763482912,57.55548661353579,5.202857987930564,4.0483
200,20,1.0,10,5,0.4188056174461502,0.12587116936510886,57.25864660224791,5.120129811160665,3.2899
200,20,1.0,10,10,0.4374331015035902,0.12508199691441427,56.300888107096796,5.264977382315766,3.7668
200,20,1.0,20,1,0.423486583041983,0.12778545366807867,56.99027121515746,4.957192623512194,3.327
200,20,1.0,20,2,0.4241411299984635,0.13072865255086227,56.93882128233331,5.184231939298301,3.2303
200,20,1.0,20,5,0.42971476867364133,0.1285764977031399,56.67212378557541,5.2091919943717855,3.0135
200,20,1.0,20,10,0.4374331015035902,0.12508199691441432,56.300888107096796,5.264977382315771,3.0339
500,,sqrt,2,1,0.42886609573800455,0.1201619680297579,56.776197376391465,4.693269419208932,7.5315
500,,sqrt,2,2,0.4337804226171925,0.11520482618465172,56.56730677843508,4.714868204257287,7.2887
500,,sqrt,2,5,0.4416824272088352,0.11705283992047195,56.1388394356026,4.894129518910879,7.153
500,,sqrt,2,10,0.44176370059354786,0.11107683464538763,56.1835771798132,4.8058184695856685,7.1077
500,,sqrt,5,1,0.4302476621574729,0.11829204872837981,56.72879036107783,4.823971273950895,7.441
500,,sqrt,5,2,0.44092546431070956,0.11695063442079205,56.19179375999956,4.872105213939133,7.873
500,,sqrt,5,5,0.4416824272088354,0.11705283992047187,56.1388394356026,4.894129518910873,7.3692
500,,sqrt,5,10,0.44176370059354797,0.11107683464538766,56.1835771798132,4.805818469585671,7.053
500,,sqrt,10,1,0.434723595372812,0.11865173193365877,56.4723635425738,4.550690680044124,7.6671
500,,sqrt,10,2,0.4392686923814524,0.11781090799476214,56.25537846037124,4.7412975615845,8.7037
500,,sqrt,10,5,0.44168242720883527,0.11705283992047195,56.1388394356026,4.894129518910876,7.6545
500,,sqrt,10,10,0.44176370059354786,0.11107683464538766,56.1835771798132,4.805818469585673,8.3821
500,,sqrt,20,1,0.4361999840916219,0.11845409383676411,56.40168385465878,4.7024125120720734,29.0466
500,,sqrt,20,2,0.4390760220902056,0.11942592606431218,56.25146427752823,4.820673112762395,6.9503
500,,sqrt,20,5,0.43974197692479705,0.11604102518963809,56.244952934063804,4.833218024022561,9.9968
500,,sqrt,20,10,0.44176370059354797,0.11107683464538762,56.183577179813184,4.805818469585673,57.8934
500,,log2,2,1,0.42886609573800455,0.1201619680297579,56.776197376391465,4.693269419208932,58.2774
500,,log2,2,2,0.4337804226171926,0.11520482618465178,56.56730677843508,4.714868204257286,10.3694
500,,log2,2,5,0.4416824272088354,0.11705283992047195,56.1388394356026,4.894129518910876,7.1554
500,,log2,2,10,0.44176370059354797,0.11107683464538763,56.183577179813184,4.805818469585674,7.9588
500,,log2,5,1,0.4302476621574729,0.11829204872837984,56.72879036107783,4.823971273950893,9.4009
500,,log2,5,2,0.44092546431070956,0.11695063442079202,56.191793759999584,4.872105213939135,8.9777
500,,log2,5,5,0.4416824272088352,0.11705283992047193,56.1388394356026,4.894129518910881,42.2064
500,,log2,5,10,0.44176370059354797,0.1110768346453876,56.183577179813184,4.805818469585671,31.7059
500,,log2,10,1,0.4347235953728118,0.11865173193365879,56.47236354257382,4.550690680044125,31.5502
500,,log2,10,2,0.4392686923814524,0.11781090799476222,56.25537846037124,4.741297561584505,33.375
500,,log2,10,5,0.44168242720883527,0.11705283992047186,56.1388394356026,4.894129518910876,35.1318
500,,log2,10,10,0.44176370059354797,0.11107683464538759,56.1835771798132,4.805818469585668,32.1202
500,,log2,20,1,0.4361999840916219,0.11845409383676408,56.40168385465878,4.7024125120720734,35.612
500,,log2,20,2,0.4390760220902056,0.11942592606431217,56.25146427752823,4.820673112762391,35.625
500,,log2,20,5,0.43974197692479694,0.11604102518963809,56.244952934063804,4.8332180240225595,34.1458
500,,log2,20,10,0.44176370059354797,0.11107683464538758,56.183577179813184,4.805818469585668,31.1924
500,,0.5,2,1,0.4181366926518191,0.12932918356276765,57.263426759910615,5.006194925404063,45.3587
500,,0.5,2,2,0.42965447764724385,0.12266848227842483,56.72654874459827,4.890694884450763,47.2235
500,,0.5,2,5,0.4371688253616236,0.12329602913146598,56.33194851113685,5.035497553826766,48.9105
500,,0.5,2,10,0.44355462632968745,0.11971122923275351,56.020437964710325,5.006757860516522,46.8286
500,,0.5,5,1,0.4218373763585285,0.12880355074268024,57.07559605638143,4.944534586716246,47.5115
500,,0.5,5,2,0.42694569169391994,0.12011308850672998,56.88296384732214,4.771124905284432,42.9946
500,,0.5,5,5,0.4371688253616236,0.12329602913146598,56.33194851113685,5.035497553826761,39.2054
500,,0.5,5,10,0.44355462632968745,0.11971122923275364,56.02043796471031,5.006757860516529,46.3192
500,,0.5,10,1,0.4309946918018729,0.12656912539881437,56.61226731599241,4.851239678393332,41.7905
500,,0.5,10,2,0.4290575539349993,0.12831347110660776,56.700864105913794,4.971087244001295,61.2666
500,,0.5,10,5,0.43716882536162355,0.12329602913146596,56.33194851113685,5.035497553826761,55.9524
500,,0.5,10,10,0.44355462632968745,0.11971122923275362,56.02043796471031,5.006757860516529,60.9134
500,,0.5,20,1,0.43710539531168136,0.12339158240265415,56.31252825230264,4.755643553149736,56.6168
500,,0.5,20,2,0.4360848848424447,0.12614529017364232,56.337171014853155,4.839277264028867,7.9815
500,,0.5,20,5,0.4396304749812878,0.12189459948886268,56.204049006216124,4.955645415713147,50.1149
500,,0.5,20,10,0.44355462632968745,0.11971122923275355,56.02043796471031,5.006757860516525,61.346
500,,1.0,2,1,0.4029778456512263,0.13285679331751254,58.01248319646436,5.073367205412072,63.6283
500,,1.0,2,2,0.408626625228573,0.13268857910104456,57.72736580700315,5.152747594133674,60.032
500,,1.0,2,5,0.42503684437902994,0.12747782678302277,56.92355107625316,5.057768163788358,66.7459
500,,1.0,2,10,0.43863360340021174,0.12580754958832016,56.23095517984378,5.208893801252356,58.6039
500,,1.0,5,1,0.4046582504460363,0.13298374730284931,57.91219584601637,4.968002954035817,56.5382
500,,1.0,5,2,0.40908872314346967,0.13208390829036384,57.70970446307001,5.145313679372649,57.3643
500,,1.0,5,5,0.42503684437902994,0.12747782678302272,56.92355107625316,5.057768163788355,58.5
500,,1.0,5,10,0.43863360340021174,0.12580754958832002,56.23095517984378,5.208893801252351,58.3321
500,,1.0,10,1,0.41293304595595587,0.13046534838192445,57.506346165230994,4.84475161899589,57.0431
500,,1.0,10,2,0.41575524497472144,0.1310866144792517,57.36355274713668,4.985805562209711,61.875
500,,1.0,10,5,0.42503684437903005,0.12747782678302277,56.92355107625316,5.057768163788359,63.8508
500,,1.0,10,10,0.43863360340021174,0.12580754958832016,56.23095517984378,5.208893801252359,61.5757
500,,1.0,20,1,0.42468040454742023,0.12899351306513163,56.912796505972175,4.823450182278202,63.3097
500,,1.0,20,2,0.42637726628975736,0.13021065540736199,56.81869504173729,4.967684429023138,65.7654
500,,1.0,20,5,0.4318623660087474,0.12880628172651523,56.55923598551762,5.147417839938342,67.9934
500,,1.0,20,10,0.4386336034002117,0.12580754958832008,56.23095517984378,5.208893801252357,67.7374
500,5,sqrt,2,1,0.4362198930578264,0.11783156652949964,56.39753582913518,4.594099969376457,63.0848
500,5,sqrt,2,2,0.43716128120846187,0.11600297810374521,56.36273035194229,4.572130907033646,59.8337
500,5,sqrt,2,5,0.4406925754241812,0.11444209441938165,56.19412852083916,4.596973408290115,54.3631
500,5,sqrt,2,10,0.4404872570554989,0.1103888523399402,56.25229693876604,4.802938454850583,48.8258
500,5,sqrt,5,1,0.4359867839084083,0.1180319709183876,56.41276119343909,4.672823786602695,58.6601
500,5,sqrt,5,2,0.43811929697434404,0.11412057188324806,56.327445761883816,4.5167468790497045,47.7661
500,5,sqrt,5,5,0.4406925754241812,0.11444209441938161,56.19412852083916,4.596973408290113,54.4372
500,5,sqrt,5,10,0.4404872570554989,0.11038885233994013,56.25229693876604,4.802938454850583,44.4902
500,5,sqrt,10,1,0.4363829410908492,0.1183087837444985,56.37962638574514,4.531409534023988,44.6608
500,5,sqrt,10,2,0.43678565368922034,0.11851508534576902,56.36311637925013,4.631881566352743,42.9531
500,5,sqrt,10,5,0.4406925754241812,0.11444209441938165,56.19412852083916,4.596973408290116,79.2859
500,5,sqrt,10,10,0.4404872570554989,0.11038885233994017,56.25229693876604,4.802938454850587,59.4767
500,5,sqrt,20,1,0.43433562398393005,0.1152213667348862,56.51560730768388,4.583944121749541,72.4147
500,5,sqrt,20,2,0.43513274380294503,0.113942268579941,56.489756453862626,4.636712352252855,68.2257
500,5,sqrt,20,5,0.43745657283875305,0.11306467435933114,56.38040933011672,4.685053356615315,70.5172
500,5,sqrt,20,10,0.44048725705549885,0.11038885233994017,56.25229693876604,4.802938454850582,67.633
500,5,log2,2,1,0.4362198930578264,0.11783156652949958,56.397535829135165,4.594099969376458,63.7877
500,5,log2,2,2,0.43716128120846187,0.11600297810374528,56.36273035194229,4.572130907033647,61.5396
500,5,log2,2,5,0.44069257542418133,0.11444209441938161,56.19412852083915,4.596973408290114,52.2436
500,5,log2,2,10,0.4404872570554989,0.11038885233994016,56.25229693876604,4.802938454850581,60.5798
500,5,log2,5,1,0.43598678390840834,0.11803197091838755,56.412761193439074,4.672823786602693,77.2359
500,5,log2,5,2,0.43811929697434415,0.11412057188324806,56.3274457618838,4.5167468790497045,72.0125
500,5,log2,5,5,0.44069257542418133,0.11444209441938163,56.19412852083915,4.596973408290115,68.7484
500,5,log2,5,10,0.4404872570554989,0.11038885233994021,56.25229693876604,4.802938454850585,75.372
500,5,log2,10,1,0.43638294109084913,0.11830878374449857,56.37962638574514,4.5314095340239895,79.0781
500,5,log2,10,2,0.43678565368922034,0.118515085345769,56.36311637925013,4.631881566352747,85.0257
500,5,log2,10,5,0.44069257542418117,0.11444209441938166,56.19412852083915,4.596973408290115,72.621
500,5,log2,10,10,0.4404872570554989,0.11038885233994006,56.25229693876604,4.802938454850583,71.735
500,5,log2,20,1,0.43433562398392994,0.1152213667348862,56.51560730768389,4.5839441217495445,67.0429
500,5,log2,20,2,0.43513274380294503,0.11394226857994103,56.48975645386262,4.636712352252858,72.5643
500,5,log2,20,5,0.4374565728387531,0.11306467435933094,56.38040933011672,4.685053356615309,74.6085
500,5,log2,20,10,0.4404872570554989,0.11038885233994017,56.25229693876604,4.802938454850583,79.3012
500,5,0.5,2,1,0.43568672683569754,0.12844532466798428,56.33921051784514,4.841127050620114,71.9908
500,5,0.5,2,2,0.4357543654304049,0.1291670852197733,56.338968325033115,4.999958680586733,75.3714
500,5,0.5,2,5,0.4390635994456641,0.12239788321618485,56.216987286665905,4.816238478335476,76.2576
500,5,0.5,2,10,0.44206903761631733,0.12112698807953076,56.08111236030957,5.027999394595943,91.9139
500,5,0.5,5,1,0.43659747564841805,0.12658224375433624,56.31388835831062,4.896722966334507,75.7874
500,5,0.5,5,2,0.4358187451349361,0.12694642084040705,56.35428309506723,4.932264390124758,66.5572
500,5,0.5,5,5,0.4390635994456642,0.12239788321618478,56.216987286665905,4.816238478335476,83.4784
500,5,0.5,5,10,0.44206903761631733,0.12112698807953078,56.08111236030957,5.027999394595943,98.1436
500,5,0.5,10,1,0.4363618068396514,0.12730595816077134,56.311464031925354,4.786002451508154,108.3801
500,5,0.5,10,2,0.4345678922929069,0.12748787543335077,56.41064356956355,4.880748737311187,55.9499
500,5,0.5,10,5,0.4390635994456641,0.12239788321618479,56.21698728666591,4.816238478335475,55.8434
500,5,0.5,10,10,0.4420690376163172,0.1211269880795308,56.08111236030957,5.027999394595943,64.4588
500,5,0.5,20,1,0.43740254390194966,0.12418201255188821,56.29017387486236,4.847123014131716,66.8246
500,5,0.5,20,2,0.4363843223308995,0.12492004459356536,56.3396614054226,4.912863101812182,61.5623
500,5,0.5,20,5,0.4385873403665248,0.12210879030636429,56.247724164443355,4.906830862919031,64.9357
500,5,0.5,20,10,0.44206903761631733,0.12112698807953075,56.081112360309575,5.027999394595945,62.597
500,5,1.0,2,1,0.4235588257298978,0.13137420259492358,56.94861167872416,4.924085430117204,66.7405
500,5,1.0,2,2,0.4223079086580238,0.13189675249945562,57.008879470842444,4.987432096662029,59.0959
500,5,1.0,2,5,0.42832326271546417,0.13001682904706327,56.7193827194089,5.0661006760590155,53.7535
500,5,1.0,2,10,0.43701854353128533,0.1269740226172897,56.299715544982845,5.18182376591581,43.0453
500,5,1.0,5,1,0.42308163168733753,0.13196327420789497,56.96731192264499,4.913325325205123,38.8197
500,5,1.0,5,2,0.4225050784263691,0.13175874285104017,56.99933649246965,4.97450777615789,41.2338
500,5,1.0,5,5,0.4283232627154643,0.13001682904706327,56.719382719408884,5.06610067605901,52.6873
500,5,1.0,5,10,0.4370185435312853,0.1269740226172897,56.299715544982845,5.181823765915812,48.8889
500,5,1.0,10,1,0.42436611743250674,0.1307004712132811,56.91025091416783,4.871358530289558,44.5583
500,5,1.0,10,2,0.42391658855957515,0.1316435179028114,56.92687976834371,4.969570554150825,40.7261
500,5,1.0,10,5,0.42832326271546417,0.13001682904706327,56.7193827194089,5.066100676059013,40.0847
500,5,1.0,10,10,0.4370185435312853,0.12697402261728966,56.299715544982845,5.181823765915808,39.847
500,5,1.0,20,1,0.4282078841656752,0.1289341019151543,56.729824145023976,4.8978125764449265,45.5276
500,5,1.0,20,2,0.4276332737357693,0.12991621786325158,56.75302247810765,4.989742413488605,39.4888
500,5,1.0,20,5,0.43082767830321045,0.13030888995466994,56.59417865479152,5.1749493981551895,8.702
500,5,1.0,20,10,0.4370185435312853,0.1269740226172897,56.299715544982845,5.18182376591581,34.0625
500,10,sqrt,2,1,0.4323447055220281,0.11921391684162987,56.595806423869206,4.614816961996151,39.8174
500,10,sqrt,2,2,0.4349677565481212,0.11614702911859467,56.48774141204486,4.570438283640693,40.8993
500,10,sqrt,2,5,0.4414389765073462,0.11640191725118401,56.15528909169942,4.87227963606751,42.2066
500,10,sqrt,2,10,0.44174604648738025,0.11105510444514835,56.18464049929058,4.8046223542327064,43.4013
500,10,sqrt,5,1,0.43268581326809336,0.11864306368039976,56.5790473184734,4.558659995751467,41.545
500,10,sqrt,5,2,0.4392796609352124,0.11771101339273304,56.2519326106711,4.639341627828447,38.7711
500,10,sqrt,5,5,0.4414389765073462,0.11640191725118405,56.15528909169942,4.872279636067508,40.1968
500,10,sqrt,5,10,0.44174604648738025,0.11105510444514845,56.18464049929058,4.804622354232711,45.3329
500,10,sqrt,10,1,0.43302616160279256,0.12267356077900793,56.538715999055455,4.771509440849696,58.3886
500,10,sqrt,10,2,0.43891426303352843,0.11822121648650837,56.26230764837199,4.671690452906292,63.9556
500,10,sqrt,10,5,0.4414389765073462,0.11640191725118408,56.15528909169942,4.872279636067511,52.5744
500,10,sqrt,10,10,0.44174604648738025,0.11105510444514839,56.18464049929058,4.8046223542327064,8.5499
500,10,sqrt,20,1,0.43657319427991226,0.11889290193658178,56.37986191439488,4.735828012417926,9.0292
500,10,sqrt,20,2,0.4397882274379805,0.11999470686789954,56.211396109729584,4.865007358380584,59.0746
500,10,sqrt,20,5,0.4395407417646588,0.11560245148223765,56.258135058547694,4.814678461748484,46.8116
500,10,sqrt,20,10,0.44174604648738025,0.11105510444514842,56.18464049929058,4.80462235423271,53.2846
500,10,log2,2,1,0.43234470552202797,0.11921391684162992,56.595806423869206,4.6148169619961505,61.5108
500,10,log2,2,2,0.4349677565481212,0.11614702911859465,56.48774141204486,4.570438283640693,59.1803
500,10,log2,2,5,0.4414389765073463,0.1164019172511841,56.15528909169942,4.872279636067513,62.0014
500,10,log2,2,10,0.44174604648738036,0.11105510444514838,56.18464049929057,4.804622354232709,52.0952
500,10,log2,5,1,0.4326858132680934,0.11864306368039979,56.579047318473386,4.558659995751468,49.878
500,10,log2,5,2,0.4392796609352124,0.11771101339273303,56.2519326106711,4.639341627828445,55.9736
500,10,log2,5,5,0.4414389765073463,0.11640191725118403,56.15528909169942,4.872279636067507,64.6124
500,10,log2,5,10,0.44174604648738025,0.11105510444514838,56.18464049929058,4.804622354232709,60.4178
500,10,log2,10,1,0.43302616160279256,0.1226735607790079,56.53871599905544,4.7715094408496945,58.1277
500,10,log2,10,2,0.43891426303352843,0.11822121648650838,56.26230764837197,4.6716904529062955,56.4237
500,10,log2,10,5,0.4414389765073463,0.11640191725118404,56.15528909169942,4.87227963606751,48.0151
500,10,log2,10,10,0.44174604648738025,0.11105510444514845,56.18464049929058,4.804622354232712,49.0754
500,10,log2,20,1,0.43657319427991226,0.11889290193658175,56.37986191439488,4.735828012417926,57.1989
500,10,log2,20,2,0.4397882274379805,0.1199947068678995,56.21139610972957,4.865007358380584,54.564
500,10,log2,20,5,0.4395407417646588,0.11560245148223765,56.258135058547694,4.81467846174848,52.2398
500,10,log2,20,10,0.44174604648738036,0.11105510444514835,56.18464049929058,4.8046223542327064,56.2944
500,10,0.5,2,1,0.42001848502496675,0.12596513010157767,57.183779004813815,4.794272174870309,53.9882
500,10,0.5,2,2,0.42791687168611076,0.12297701516476865,56.814642953187125,4.951171990142837,61.6731
500,10,0.5,2,5,0.43742419203304655,0.12231324581722133,56.32819006583948,5.017152631402557,80.1357
500,10,0.5,2,10,0.44355035016006816,0.11971074621692851,56.020677673932916,5.006990010891171,65.3735
500,10,0.5,5,1,0.4242154924841155,0.12741083683685114,56.96468848219409,4.883901991581296,64.9393
500,10,0.5,5,2,0.4259424048370066,0.1263659967822919,56.88288480471713,4.888771044685013,63.7371
500,10,0.5,5,5,0.4374241920330465,0.12231324581722133,56.32819006583948,5.017152631402562,68.6121
500,10,0.5,5,10,0.44355035016006816,0.11971074621692847,56.0206776739329,5.006990010891175,60.531
500,10,0.5,10,1,0.43247373159595215,0.1254263414644941,56.534271430707086,4.736798812474005,61.4536
500,10,0.5,10,2,0.4300840973893109,0.12917636785117395,56.64732196432068,5.028888956645179,68.2999
500,10,0.5,10,5,0.4374241920330465,0.12231324581722137,56.32819006583948,5.01715263140256,70.9601
500,10,0.5,10,10,0.44355035016006816,0.11971074621692843,56.0206776739329,5.006990010891176,63.9815
500,10,0.5,20,1,0.4372534591256721,0.12418869109169671,56.298556042020394,4.787310023804185,64.5738
500,10,0.5,20,2,0.4365678164059602,0.12591727995158258,56.31227736431665,4.804209057573959,64.8067
500,10,0.5,20,5,0.4396012125242567,0.12198185483649873,56.20489899218501,4.9562606386321,65.8073
500,10,0.5,20,10,0.44355035016006816,0.11971074621692845,56.020677673932916,5.006990010891172,60.0391
500,10,1.0,2,1,0.40463442796772997,0.13394398748222022,57.91615452027461,5.10538766383166,63.7538
500,10,1.0,2,2,0.4089781122910411,0.13220530628284718,57.71467343192567,5.147560482186708,60.0966
500,10,1.0,2,5,0.424987697396278,0.12738968442206855,56.92648575541311,5.054914373330565,60.2507
500,10,1.0,2,10,0.43863360340021174,0.12580754958832013,56.23095517984378,5.20889380125236,58.4343
500,10,1.0,5,1,0.40623723920465454,0.13269853556276143,57.840024508265344,4.9762480947909955,54.8062
500,10,1.0,5,2,0.41061590609370535,0.13145594534280888,57.633083069987514,5.094448936132208,69.3793
500,10,1.0,5,5,0.424987697396278,0.12738968442206874,56.92648575541311,5.054914373330566,60.512
500,10,1.0,5,10,0.43863360340021174,0.12580754958832008,56.23095517984378,5.208893801252356,55.342
500,10,1.0,10,1,0.41386576537640296,0.13068435776086615,57.4608747804858,4.86331446766321,64.2125
500,10,1.0,10,2,0.4158613101932115,0.13103158954786148,57.359472242962795,4.992468406394207,53.8764
500,10,1.0,10,5,0.424987697396278,0.1273896844220687,56.92648575541311,5.054914373330568,68.5619
500,10,1.0,10,10,0.43863360340021174,0.1258075495883201,56.23095517984378,5.208893801252359,63.9389
500,10,1.0,20,1,0.4248988609541053,0.12892451332520696,56.90160520873597,4.812341752821665,65.2342
500,10,1.0,20,2,0.4263897495421133,0.13012639077408433,56.81871215132954,4.964833422373278,71.0469
500,10,1.0,20,5,0.4318342006431874,0.12880549158135055,56.56068436885812,5.147989307314288,77.2964
500,10,1.0,20,10,0.4386336034002117,0.12580754958832016,56.23095517984378,5.208893801252357,69.2193
500,20,sqrt,2,1,0.4281787003025045,0.12151596042241881,56.79922284936911,4.700856818673471,81.6118
500,20,sqrt,2,2,0.4338443522885213,0.11517040642091426,56.564311294291585,4.7141772645272315,75.5013
500,20,sqrt,2,5,0.4416824272088352,0.11705283992047201,56.138839435602584,4.894129518910879,78.4176
500,20,sqrt,2,10,0.44176370059354797,0.11107683464538763,56.183577179813184,4.805818469585671,79.0901
500,20,sqrt,5,1,0.43002982458847816,0.11852011641085003,56.73798236004283,4.827080317318066,72.7907
500,20,sqrt,5,2,0.44090634173738075,0.11696533490947257,56.19265438171495,4.872498152084201,86.022
500,20,sqrt,5,5,0.4416824272088352,0.11705283992047195,56.1388394356026,4.894129518910877,75.0158
500,20,sqrt,5,10,0.44176370059354797,0.11107683464538762,56.1835771798132,4.805818469585669,70.4521
500,20,sqrt,10,1,0.434723595372812,0.11865173193365881,56.4723635425738,4.550690680044127,74.6912
500,20,sqrt,10,2,0.4392686923814525,0.1178109079947622,56.255378460371254,4.7412975615845045,80.0367
500,20,sqrt,10,5,0.44168242720883527,0.11705283992047195,56.1388394356026,4.894129518910878,80.7695
500,20,sqrt,10,10,0.44176370059354797,0.11107683464538762,56.1835771798132,4.8058184695856685,85.8383
500,20,sqrt,20,1,0.4361999840916219,0.11845409383676414,56.40168385465878,4.702412512072075,77.6629
500,20,sqrt,20,2,0.4390760220902056,0.11942592606431213,56.25146427752823,4.82067311276239,73.3609
500,20,sqrt,20,5,0.4397419769247969,0.11604102518963813,56.24495293406382,4.833218024022563,77.7189
500,20,sqrt,20,10,0.44176370059354786,0.11107683464538763,56.183577179813184,4.805818469585669,73.3479
500,20,log2,2,1,0.4281787003025045,0.12151596042241881,56.79922284936911,4.700856818673471,76.5485
500,20,log2,2,2,0.4338443522885213,0.1151704064209143,56.5643112942916,4.714177264527237,79.7935
500,20,log2,2,5,0.4416824272088354,0.11705283992047187,56.1388394356026,4.894129518910872,66.4084
500,20,log2,2,10,0.44176370059354797,0.11107683464538762,56.1835771798132,4.805818469585671,67.5617
500,20,log2,5,1,0.43002982458847805,0.11852011641085006,56.737982360042835,4.827080317318065,70.88
500,20,log2,5,2,0.44090634173738075,0.11696533490947261,56.19265438171495,4.872498152084203,79.8699
500,20,log2,5,5,0.4416824272088354,0.11705283992047184,56.138839435602584,4.894129518910876,75.4684
500,20,log2,5,10,0.44176370059354786,0.11107683464538777,56.1835771798132,4.805818469585671,65.6727
500,20,log2,10,1,0.4347235953728118,0.11865173193365885,56.47236354257382,4.550690680044126,79.2297
500,20,log2,10,2,0.4392686923814524,0.11781090799476204,56.25537846037124,4.7412975615844974,70.9674
500,20,log2,10,5,0.44168242720883527,0.11705283992047187,56.1388394356026,4.894129518910874,74.29
500,20,log2,10,10,0.44176370059354797,0.11107683464538759,56.183577179813184,4.80581846958567,76.8204
500,20,log2,20,1,0.43619998409162203,0.11845409383676404,56.40168385465878,4.7024125120720734,78.1224
500,20,log2,20,2,0.4390760220902057,0.11942592606431218,56.25146427752823,4.820673112762392,69.5068
500,20,log2,20,5,0.43974197692479694,0.11604102518963808,56.24495293406382,4.83321802402256,68.102
500,20,log2,20,10,0.44176370059354797,0.11107683464538763,56.1835771798132,4.8058184695856685,74.2327
500,20,0.5,2,1,0.4182758547203963,0.12953562895914947,57.25233571440415,4.983911839869712,85.1025
500,20,0.5,2,2,0.42968506744715446,0.12267839590218768,56.72493244769739,4.890912026205731,82.254
500,20,0.5,2,5,0.43716882536162355,0.12329602913146594,56.33194851113685,5.035497553826763,80.5295
500,20,0.5,2,10,0.44355462632968745,0.11971122923275357,56.02043796471031,5.006757860516527,79.4235
500,20,0.5,5,1,0.4218575497133948,0.12866080028507126,57.075629174643,4.936669447845227,51.9616
500,20,0.5,5,2,0.4269438702733721,0.12011249389158184,56.88305979194878,4.7711119984473145,11.9807
500,20,0.5,5,5,0.4371688253616236,0.12329602913146602,56.33194851113685,5.035497553826766,15.9778
500,20,0.5,5,10,0.44355462632968756,0.11971122923275353,56.02043796471031,5.006757860516527,14.8304
500,20,0.5,10,1,0.4310221014646666,0.12656377739287658,56.610951488958676,4.851457227281513,13.9051
500,20,0.5,10,2,0.4290575539349993,0.1283134711066077,56.70086410591381,4.971087244001296,13.3992
500,20,0.5,10,5,0.43716882536162355,0.12329602913146599,56.33194851113685,5.03549755382676,13.7701
500,20,0.5,10,10,0.4435546263296876,0.11971122923275351,56.02043796471031,5.006757860516526,13.2957
500,20,0.5,20,1,0.43710539531168136,0.12339158240265416,56.31252825230264,4.755643553149736,12.1237
500,20,0.5,20,2,0.4360848848424447,0.1261452901736424,56.337171014853155,4.839277264028869,10.9475
500,20,0.5,20,5,0.4396304749812878,0.12189459948886269,56.20404900621613,4.955645415713145,12.9172
500,20,0.5,20,10,0.4435546263296876,0.11971122923275355,56.0204379647103,5.006757860516529,11.647
500,20,1.0,2,1,0.4031949869893727,0.13274291597189986,58.0024715885305,5.07368090828069,13.8304
500,20,1.0,2,2,0.4086409289269145,0.13267911473323,57.7267263882084,5.152393245267569,11.8235
500,20,1.0,2,5,0.42503684437902994,0.12747782678302275,56.92355107625316,5.057768163788359,11.3478
500,20,1.0,2,10,0.43863360340021174,0.1258075495883201,56.23095517984378,5.208893801252357,11.1493
500,20,1.0,5,1,0.40474769860905335,0.1329745010443353,57.90772363481549,4.967465753644338,11.8183
500,20,1.0,5,2,0.40907891757508164,0.13208933728247754,57.71014542322465,5.145395554930973,9.9998
500,20,1.0,5,5,0.42503684437903005,0.12747782678302275,56.92355107625316,5.057768163788359,7.928
500,20,1.0,5,10,0.4386336034002117,0.12580754958832002,56.23095517984378,5.208893801252351,8.1492
500,20,1.0,10,1,0.41293303845122464,0.13046534117956382,57.50634659706412,4.844751230872608,8.3054
500,20,1.0,10,2,0.41575524497472144,0.13108661447925174,57.36355274713668,4.985805562209709,8.4151
500,20,1.0,10,5,0.42503684437903005,0.12747782678302272,56.92355107625316,5.0577681637883565,8.2058
500,20,1.0,10,10,0.43863360340021174,0.12580754958832016,56.23095517984378,5.208893801252357,7.8627
500,20,1.0,20,1,0.42468040454742023,0.12899351306513154,56.912796505972175,4.823450182278202,7.9763
500,20,1.0,20,2,0.42637726628975725,0.13021065540736204,56.81869504173729,4.967684429023143,8.2743
500,20,1.0,20,5,0.43186236600874733,0.12880628172651518,56.55923598551762,5.147417839938341,7.8949
500,20,1.0,20,10,0.4386336034002117,0.1258075495883202,56.23095517984378,5.20889380125236,8.1192
