n_estimators,max_depth,max_features,min_samples_split,min_samples_leaf,mean_r2,std_r2,mean_rmse,std_rmse,time_s
50,,sqrt,2,1,0.6871430629063299,0.014228666262140553,0.1473114430098862,0.0038612775299924225,4.2954
50,,sqrt,2,2,0.6822430925669891,0.012753877944994815,0.14847504186517074,0.0037784922448386494,4.7096
50,,sqrt,2,5,0.653271220862526,0.010721764243050566,0.15509792064343222,0.0029304140268888103,5.0871
50,,sqrt,2,10,0.6199770263391183,0.011455202295900609,0.16238169268607852,0.0033589495872710486,3.3787
50,,sqrt,5,1,0.6797984933374961,0.012433895735150196,0.1490429144470727,0.003559251154240915,4.8556
50,,sqrt,5,2,0.6800157382199215,0.01303482004079883,0.14898302136401387,0.0034291454172168247,4.2709
50,,sqrt,5,5,0.653271220862526,0.010721764243050597,0.15509792064343222,0.002930414026888811,4.1739
50,,sqrt,5,10,0.6199770263391183,0.011455202295900593,0.16238169268607855,0.003358949587271043,4.5387
50,,sqrt,10,1,0.6646367773736549,0.012178992109764005,0.1525339326765361,0.003493381280922398,3.599
50,,sqrt,10,2,0.6645496764440046,0.014327872570912956,0.15255663603154507,0.004334730676833586,4.2576
50,,sqrt,10,5,0.653271220862526,0.010721764243050578,0.15509792064343222,0.0029304140268888133,5.741
50,,sqrt,10,10,0.6199770263391183,0.011455202295900632,0.16238169268607852,0.003358949587271047,3.6412
50,,sqrt,20,1,0.6395309732935786,0.01157049634420836,0.15815937277429237,0.003926092549449438,4.0451
50,,sqrt,20,2,0.6334109172851857,0.010363276923592601,0.15949395920360626,0.003473636544551205,5.5513
50,,sqrt,20,5,0.6293819385461302,0.010261148974982455,0.16037011001321652,0.0035385995449398354,3.7497
50,,sqrt,20,10,0.6199770263391183,0.01145520229590059,0.16238169268607852,0.003358949587271051,4.5447
50,,log2,2,1,0.7123433214746135,0.011012625559723948,0.14126897770270158,0.0034508413020178314,49.9865
50,,log2,2,2,0.7071421181729609,0.013106071804199235,0.14252082487165235,0.003509119821389703,48.8422
50,,log2,2,5,0.6855536530174902,0.011548509246250352,0.14769854470103505,0.0033420684208762003,43.8799
50,,log2,2,10,0.651845353173908,0.012477307907052631,0.15541528168413227,0.0034826819458689644,45.0418
50,,log2,5,1,0.7077559596841028,0.013717252301526718,0.14237812567504454,0.003963583852114469,45.9101
50,,log2,5,2,0.7071990467301326,0.010788182514564384,0.1425260563589138,0.003302780194110823,40.2145
50,,log2,5,5,0.6855536530174902,0.011548509246250335,0.14769854470103505,0.0033420684208762,46.9978
50,,log2,5,10,0.651845353173908,0.012477307907052673,0.15541528168413227,0.0034826819458689696,34.9256
50,,log2,10,1,0.691050425144806,0.016111833556330914,0.14636984599213207,0.0040541124960198445,40.6838
50,,log2,10,2,0.6912715502792509,0.013952630595396422,0.1463391137731249,0.003907379401404934,46.4061
50,,log2,10,5,0.6855536530174902,0.011548509246250352,0.14769854470103505,0.003342068420876201,43.5737
50,,log2,10,10,0.6518453531739079,0.012477307907052695,0.15541528168413227,0.0034826819458689756,47.662
50,,log2,20,1,0.6656906287205505,0.013396441651445875,0.1522904201851931,0.0037632206537727823,41.0508
50,,log2,20,2,0.6631515540182822,0.015451587065029793,0.1528552185033531,0.004048666147388959,44.1144
50,,log2,20,5,0.660791335073425,0.012810106682781514,0.15340057817823288,0.0034727172176890696,47.2854
50,,log2,20,10,0.651845353173908,0.012477307907052652,0.15541528168413227,0.0034826819458689726,38.4375
50,,0.5,2,1,0.7189464477252943,0.013334244507973625,0.13962362826530056,0.003885865528452511,57.9079
50,,0.5,2,2,0.7168522687289943,0.010564086224753143,0.1401578255713089,0.003329837197657978,50.8264
50,,0.5,2,5,0.695485207034087,0.011948506103685386,0.14535086968283015,0.0037039685533657336,41.923
50,,0.5,2,10,0.6639291069211277,0.013242763649305066,0.15270086907184205,0.004076709895577166,41.6875
50,,0.5,5,1,0.7147238235712492,0.012435523433128664,0.14066428890212418,0.0032721560716413634,59.506
50,,0.5,5,2,0.7142454796116736,0.01520229853550887,0.1407718551538138,0.0041073125983407364,47.316
50,,0.5,5,5,0.695485207034087,0.011948506103685391,0.14535086968283015,0.00370396855336574,4.7355
50,,0.5,5,10,0.6639291069211277,0.013242763649305066,0.15270086907184205,0.00407670989557716,5.2386
50,,0.5,10,1,0.7004036939785426,0.013975753893319995,0.14415928176673237,0.004030403133427174,4.8965
50,,0.5,10,2,0.7010991783475224,0.014507592911524196,0.1439792521005059,0.0038217694680797677,11.0986
50,,0.5,10,5,0.695485207034087,0.01194850610368541,0.14535086968283015,0.0037039685533657375,4.7714
50,,0.5,10,10,0.6639291069211277,0.013242763649305052,0.15270086907184205,0.004076709895577162,4.6056
50,,0.5,20,1,0.6728223147372673,0.014599753331869464,0.15065144419141546,0.004049897077246588,6.5305
50,,0.5,20,2,0.6720584983473364,0.014577487985158974,0.15082794037503083,0.004051837158742105,37.7339
50,,0.5,20,5,0.6706041843092697,0.016333819220212497,0.15115645222492569,0.0044888686886347395,49.5588
50,,0.5,20,10,0.6639291069211277,0.013242763649305066,0.15270086907184205,0.004076709895577161,47.1418
50,,1.0,2,1,0.7159229791185756,0.017627124992048455,0.1403371602478001,0.004545235921423868,68.3231
50,,1.0,2,2,0.7157983201144356,0.018316650147573086,0.14036626166353644,0.004795647353840646,65.8808
50,,1.0,2,5,0.7015651076778047,0.016767585894942445,0.1438577032171391,0.004464327838453472,57.4046
50,,1.0,2,10,0.6675422747022705,0.017636203239894344,0.1518453980418098,0.004586849825450304,57.3869
50,,1.0,5,1,0.7135848928411997,0.01779723266503255,0.1409152332295705,0.0046249358979961255,73.9372
50,,1.0,5,2,0.7148859401998887,0.018203591250235206,0.1405913244190542,0.0047286391798910705,70.5868
50,,1.0,5,5,0.7015651076778047,0.01676758589494242,0.14385770321713912,0.0044643278384534765,11.3614
50,,1.0,5,10,0.6675422747022705,0.017636203239894357,0.1518453980418098,0.004586849825450307,6.989
50,,1.0,10,1,0.7012565195954441,0.01890824202589445,0.1439141842729112,0.00482593905603708,8.1769
50,,1.0,10,2,0.7023863250452278,0.018494244578766483,0.14364501894718035,0.004765368973228473,7.9709
50,,1.0,10,5,0.7015651076778047,0.016767585894942445,0.1438577032171391,0.004464327838453474,6.9684
50,,1.0,10,10,0.6675422747022705,0.017636203239894333,0.15184539804180983,0.004586849825450299,7.2518
50,,1.0,20,1,0.6717692508806914,0.01816284766159666,0.15087032388229898,0.004624554444010406,6.9021
50,,1.0,20,2,0.6729527749874975,0.01776487745252609,0.15060256117885373,0.004628801620494135,7.1114
50,,1.0,20,5,0.6724780385062017,0.01741199530564932,0.1507145421895984,0.0045730404196923065,6.8108
50,,1.0,20,10,0.6675422747022705,0.017636203239894344,0.15184539804180983,0.004586849825450312,5.9917
50,5,sqrt,2,1,0.43093550185068474,0.01107971734258242,0.1987315815790896,0.004032825358046251,3.751
50,5,sqrt,2,2,0.4306544125322744,0.011851723430245159,0.19878025957936446,0.004142480833217626,3.4854
50,5,sqrt,2,5,0.4316956554548307,0.011029498620501897,0.1985995662722207,0.004062463795746093,4.3053
50,5,sqrt,2,10,0.4320129744644327,0.011422034767762107,0.1985407911817708,0.0039648892808873985,3.0239
50,5,sqrt,5,1,0.4309572738311441,0.011573313618111898,0.19872528438874826,0.003991509519893417,3.3568
50,5,sqrt,5,2,0.4309615627413187,0.011626513382389634,0.19872573681348263,0.004060023720380806,3.3785
50,5,sqrt,5,5,0.4316956554548307,0.011029498620501853,0.1985995662722207,0.004062463795746084,3.5245
50,5,sqrt,5,10,0.4320129744644327,0.01142203476776215,0.19854079118177076,0.0039648892808874,2.6333
50,5,sqrt,10,1,0.4311939309686853,0.011820691825757831,0.19868291644065023,0.003984218550591615,3.3915
50,5,sqrt,10,2,0.4313840564814907,0.011977831810167875,0.19865097101681978,0.004075195133990475,0.9038
50,5,sqrt,10,5,0.4316956554548307,0.011029498620501892,0.1985995662722207,0.004062463795746088,0.977
50,5,sqrt,10,10,0.4320129744644327,0.011422034767762112,0.1985407911817708,0.003964889280887392,0.9179
50,5,sqrt,20,1,0.4310549596265771,0.012602099817993213,0.1987044617647227,0.003994629797582891,0.8764
50,5,sqrt,20,2,0.4313477656408457,0.012530821403264298,0.19865444973574248,0.004037430264459807,0.9009
50,5,sqrt,20,5,0.43141068186868037,0.0120388263534929,0.19864541615363102,0.004043613524010401,0.9057
50,5,sqrt,20,10,0.4320129744644327,0.011422034767762134,0.19854079118177076,0.0039648892808874,0.8706
50,5,log2,2,1,0.4676680156286602,0.013680439835656533,0.19220249982230775,0.004147687660755277,0.9565
50,5,log2,2,2,0.46779658107312294,0.013516429436736926,0.19218066207387308,0.004177356157191187,0.9525
50,5,log2,2,5,0.46772996348597323,0.01406983447361654,0.1921927575895049,0.004297087725974269,0.9893
50,5,log2,2,10,0.4680239316362207,0.014475743012588305,0.192134740336786,0.004161664760764173,0.9728
50,5,log2,5,1,0.4677822777335912,0.013711368875872718,0.19218175146351876,0.0041496187593858995,0.9519
50,5,log2,5,2,0.4678440977961424,0.013644810858249045,0.19217156445307276,0.004180798368021929,0.9556
50,5,log2,5,5,0.46772996348597323,0.014069834473616484,0.19219275758950488,0.004297087725974264,0.9645
50,5,log2,5,10,0.4680239316362207,0.014475743012588332,0.192134740336786,0.004161664760764178,0.974
50,5,log2,10,1,0.4672274638648837,0.013954321496752263,0.19228197230160854,0.004205608404693105,0.9154
50,5,log2,10,2,0.4672423568329568,0.01409299830387947,0.19228009599775403,0.004271310397133933,0.9614
50,5,log2,10,5,0.46772996348597323,0.014069834473616531,0.1921927575895049,0.004297087725974266,0.9541
50,5,log2,10,10,0.4680239316362208,0.014475743012588289,0.19213474033678596,0.004161664760764175,0.9608
50,5,log2,20,1,0.4668471815476861,0.014413787253602171,0.19234752250553705,0.004165100306527635,0.9555
50,5,log2,20,2,0.46688251952422044,0.014718713049425477,0.1923405288820769,0.004204431089242257,0.9617
50,5,log2,20,5,0.467153635687922,0.01449518728059059,0.19229222645178315,0.004183291091895144,0.9487
50,5,log2,20,10,0.4680239316362207,0.014475743012588308,0.19213474033678596,0.004161664760764178,0.9328
50,5,0.5,2,1,0.4781783050621634,0.013990536140694248,0.1902876603213804,0.0038694479790935413,1.029
50,5,0.5,2,2,0.4781163229644971,0.014029509037377512,0.19029950765523856,0.003904067884405779,1.0761
50,5,0.5,2,5,0.4784991346997568,0.013990893887855002,0.1902311144524323,0.003963708880581935,1.0798
50,5,0.5,2,10,0.4785927801495166,0.013944760894302072,0.19021159658777584,0.0038350670374080794,1.0503
50,5,0.5,5,1,0.47792693897845967,0.013967316597294931,0.19033422122253613,0.0038982177317341397,1.0527
50,5,0.5,5,2,0.4780022389453544,0.014007420562748904,0.19032010640187633,0.0038892174705404035,1.0455
50,5,0.5,5,5,0.4784991346997568,0.013990893887855007,0.1902311144524323,0.003963708880581935,1.0528
50,5,0.5,5,10,0.47859278014951656,0.013944760894302077,0.19021159658777584,0.0038350670374080833,1.093
50,5,0.5,10,1,0.47794258636997844,0.013977939271203554,0.19033235700671963,0.003947766325531276,1.0442
50,5,0.5,10,2,0.4779932660710363,0.013975329555642454,0.19032306013846942,0.003944518058507919,1.0969
50,5,0.5,10,5,0.4784991346997568,0.013990893887855004,0.1902311144524323,0.003963708880581943,1.047
50,5,0.5,10,10,0.4785927801495166,0.013944760894302077,0.19021159658777584,0.0038350670374080785,1.1084
50,5,0.5,20,1,0.4778321319150546,0.01396871051800724,0.19035070121567116,0.00385795331878659,1.1157
50,5,0.5,20,2,0.47790703081649755,0.013940529234830848,0.19033700719906882,0.003849375380872212,1.1194
50,5,0.5,20,5,0.47814163183670005,0.013795446156238832,0.19029449360524653,0.003828407912680007,1.1015
50,5,0.5,20,10,0.47859278014951656,0.013944760894302093,0.19021159658777584,0.003835067037408081,1.0759
50,5,1.0,2,1,0.4740051749581746,0.021075870400218927,0.191007327710969,0.00403199385363521,1.6404
50,5,1.0,2,2,0.47410370623586484,0.021098900255936408,0.1909894344877337,0.0040398985957786696,1.6661
50,5,1.0,2,5,0.4742696264553766,0.021094252386979085,0.19095935928541957,0.004041674877176361,1.6153
50,5,1.0,2,10,0.47441165775576327,0.02121460991682864,0.19093263547629405,0.00404254230290935,1.637
50,5,1.0,5,1,0.47400384550466707,0.021075203737621565,0.19100756861902962,0.004031742415775141,1.627
50,5,1.0,5,2,0.4741023767823574,0.021098239577902567,0.1909896753993245,0.0040396485501040325,1.6298
50,5,1.0,5,5,0.4742696264553766,0.021094252386979057,0.1909593592854196,0.00404167487717635,1.6845
50,5,1.0,5,10,0.47441165775576327,0.021214609916828647,0.19093263547629405,0.0040425423029093474,1.6545
50,5,1.0,10,1,0.4739992603134941,0.02109601495424211,0.19100826331358486,0.004032645817620383,1.6491
50,5,1.0,10,2,0.4740994751065778,0.021119474139750415,0.19099006264039212,0.004040618695470488,1.6101
50,5,1.0,10,5,0.4742696264553766,0.021094252386979075,0.19095935928541963,0.004041674877176359,1.6422
50,5,1.0,10,10,0.47441165775576327,0.021214609916828657,0.19093263547629408,0.004042542302909358,1.6211
50,5,1.0,20,1,0.47394446333096524,0.021056099375767287,0.1910183526494413,0.004025196564413908,1.6151
50,5,1.0,20,2,0.4740507842337026,0.02106551307747176,0.19099907863141244,0.0040301050645423254,1.6635
50,5,1.0,20,5,0.47420446100821023,0.02103048544284629,0.19097137848558354,0.004028335781339243,1.609
50,5,1.0,20,10,0.47441165775576327,0.02121460991682868,0.19093263547629408,0.004042542302909358,1.6629
50,10,sqrt,2,1,0.6233507584766892,0.012738326326144116,0.16165802348667174,0.003699070522773563,1.1387
50,10,sqrt,2,2,0.6191809111795571,0.011709916622990485,0.1625594106122342,0.0037750422961519785,1.0957
50,10,sqrt,2,5,0.6188439841090732,0.012859578581836296,0.16262126411129232,0.0036776601048925804,1.0373
50,10,sqrt,2,10,0.6016683899703175,0.011195356064207988,0.16626024669112582,0.003798378084336311,1.0357
50,10,sqrt,5,1,0.6201802323695662,0.014303684441474116,0.1623344205704598,0.004054834098936764,1.0853
50,10,sqrt,5,2,0.6221351389209231,0.012760539390859135,0.16192393792460186,0.003926379274537749,1.0569
50,10,sqrt,5,5,0.6188439841090732,0.012859578581836294,0.1626212641112923,0.00367766010489258,1.0593
50,10,sqrt,5,10,0.6016683899703175,0.011195356064207976,0.16626024669112582,0.0037983780843363077,1.0251
50,10,sqrt,10,1,0.6170002097319974,0.01271633718410687,0.1630233551002117,0.004011870628275337,1.0648
50,10,sqrt,10,2,0.6207494705545743,0.010479372952409546,0.16222409598651172,0.0034237019905724773,1.0553
50,10,sqrt,10,5,0.6188439841090732,0.012859578581836293,0.1626212641112923,0.0036776601048925804,1.002
50,10,sqrt,10,10,0.6016683899703175,0.011195356064207988,0.16626024669112582,0.0037983780843363077,1.0031
50,10,sqrt,20,1,0.6064410106924432,0.012551461133561639,0.1652471012830861,0.003577151880401805,1.028
50,10,sqrt,20,2,0.6058462840820179,0.01082235393738715,0.1653790013462479,0.0033911857357387825,1.0521
50,10,sqrt,20,5,0.6075432185098998,0.01233417504573053,0.16500740479714923,0.003117641796020741,1.0387
50,10,sqrt,20,10,0.6016683899703175,0.011195356064207993,0.16626024669112582,0.003798378084336309,1.0234
50,10,log2,2,1,0.6609738862687289,0.014237548133500607,0.15334726748418234,0.003502898330751331,1.3656
50,10,log2,2,2,0.6619014341853944,0.010688253683924015,0.15315938146571706,0.0031858776710543915,1.3355
50,10,log2,2,5,0.6580427474901424,0.013199810228776325,0.1540316965386324,0.004007376380937966,1.2985
50,10,log2,2,10,0.6385874748054287,0.013970028107712437,0.15833642261716854,0.0034843112478804713,1.2468
50,10,log2,5,1,0.6609579322396266,0.014291362704522467,0.1533601243007146,0.0038685671555979714,1.3488
50,10,log2,5,2,0.663249103113271,0.01226056778147059,0.15284960530489805,0.00352386384384681,1.3265
50,10,log2,5,5,0.6580427474901424,0.013199810228776313,0.1540316965386324,0.004007376380937966,1.2592
50,10,log2,5,10,0.6385874748054287,0.013970028107712454,0.15833642261716857,0.003484311247880472,1.209
50,10,log2,10,1,0.6513987244010785,0.013677551990262026,0.1555179382025556,0.003991404253680333,1.3276
50,10,log2,10,2,0.658431347738205,0.012487640712908445,0.1539356740423766,0.0034151062293780333,1.3395
50,10,log2,10,5,0.6580427474901425,0.013199810228776336,0.1540316965386324,0.004007376380937963,1.3305
50,10,log2,10,10,0.6385874748054287,0.013970028107712454,0.15833642261716854,0.0034843112478804648,1.2793
50,10,log2,20,1,0.6407249952685948,0.012783907317738237,0.15788122575128857,0.003646864980395548,1.2984
50,10,log2,20,2,0.6418238735958888,0.012664173633709763,0.15763871885266703,0.0035866229390147182,1.2353
50,10,log2,20,5,0.6397981743338819,0.01488129363777871,0.15806959566164164,0.0037646357409946065,1.2876
50,10,log2,20,10,0.6385874748054287,0.013970028107712456,0.15833642261716854,0.0034843112478804617,1.2244
50,10,0.5,2,1,0.6722467630376171,0.012622410584878566,0.15080231951519943,0.004051515828495184,1.5632
50,10,0.5,2,2,0.6737500872793011,0.01601195335027016,0.15043267938157887,0.004424600410850256,1.5784
50,10,0.5,2,5,0.6683574031364183,0.014159561889096723,0.15168329930673108,0.004107787183360599,1.5207
50,10,0.5,2,10,0.6516376081256012,0.014007835466043282,0.15546737740659725,0.0042057519621886775,1.4313
50,10,0.5,5,1,0.6712885465303475,0.01537179565570189,0.1510085190846145,0.004451919522826215,1.6239
50,10,0.5,5,2,0.6758658740081886,0.013614591929836191,0.1499693660017521,0.004444523346775028,1.5564
50,10,0.5,5,5,0.6683574031364183,0.014159561889096714,0.15168329930673108,0.004107787183360592,1.5539
50,10,0.5,5,10,0.6516376081256012,0.014007835466043277,0.15546737740659725,0.004205751962188681,1.4489
50,10,0.5,10,1,0.6650745886296555,0.014078275097572516,0.15243742385102654,0.004231569780276213,1.5512
50,10,0.5,10,2,0.6720909111755133,0.014442538108664969,0.15082573486487605,0.00416102643795418,1.5315
50,10,0.5,10,5,0.6683574031364183,0.014159561889096714,0.15168329930673108,0.004107787183360599,1.5132
50,10,0.5,10,10,0.6516376081256012,0.014007835466043284,0.15546737740659725,0.004205751962188679,1.4553
50,10,0.5,20,1,0.6494313296779302,0.01327144736732024,0.15596340988218285,0.004131044810881032,1.5588
50,10,0.5,20,2,0.6533606071785757,0.014207170287652183,0.1550778815931629,0.004123354232016487,1.4946
50,10,0.5,20,5,0.6531143268096571,0.014443440330027051,0.15513399066764516,0.004239561656225825,1.476
50,10,0.5,20,10,0.6516376081256011,0.01400783546604326,0.15546737740659725,0.004205751962188681,1.4407
50,10,1.0,2,1,0.672863466563812,0.020366785290583327,0.15060316468203422,0.0050738538915716435,2.6223
50,10,1.0,2,2,0.6749436229269306,0.02020315862745527,0.15012447154915984,0.005068829054883394,2.6103
50,10,1.0,2,5,0.6728284143020314,0.018809723313644625,0.15062315459034273,0.0047975207401010625,2.4783
50,10,1.0,2,10,0.6532912771929607,0.018824375750231746,0.15506418966214552,0.004802256255275698,2.2909
50,10,1.0,5,1,0.6718213995572581,0.02057245232105594,0.1508432389750092,0.005147492339347892,2.5782
50,10,1.0,5,2,0.67450219870879,0.020346252845940098,0.15022620684592417,0.005110784348083607,2.5764
50,10,1.0,5,5,0.6728284143020314,0.01880972331364462,0.15062315459034273,0.004797520740101063,2.4789
50,10,1.0,5,10,0.6532912771929605,0.018824375750231694,0.15506418966214558,0.004802256255275699,2.3727
50,10,1.0,10,1,0.667515885963937,0.02051502938532095,0.15183030095123504,0.00507798646872904,2.5274
50,10,1.0,10,2,0.6696876933586433,0.020281070586389963,0.15133582715293342,0.005086078679517103,2.4832
50,10,1.0,10,5,0.6728284143020314,0.018809723313644635,0.15062315459034273,0.004797520740101064,2.4747
50,10,1.0,10,10,0.6532912771929607,0.018824375750231697,0.15506418966214555,0.004802256255275699,2.4095
50,10,1.0,20,1,0.6504311912791785,0.01939553434292868,0.15569982934635765,0.004892305378923856,2.5023
50,10,1.0,20,2,0.6518744425407158,0.019191977730339076,0.15537927312620387,0.004872372817358533,2.5272
50,10,1.0,20,5,0.6542049078086396,0.018616724409968793,0.15486052940958522,0.004755922387549861,2.4787
50,10,1.0,20,10,0.6532912771929607,0.018824375750231714,0.15506418966214552,0.004802256255275696,2.3499
50,20,sqrt,2,1,0.6847854133116862,0.011076399396178771,0.14788044992461963,0.0032145954346822006,1.475
50,20,sqrt,2,2,0.6784478507423187,0.010791301229834205,0.14936742877402223,0.0034082116870088374,1.2619
50,20,sqrt,2,5,0.6532172866177784,0.011100306631438316,0.1551089774957266,0.0030169083899103904,1.1019
50,20,sqrt,2,10,0.6199405818255829,0.011436032214300377,0.1623894973365494,0.003353862020767863,1.0491
50,20,sqrt,5,1,0.6794698224743165,0.010831433846907563,0.1491342432646556,0.003616776156933407,1.3064
50,20,sqrt,5,2,0.6780091680257156,0.011398232078325375,0.149468214525971,0.0035734812626848655,1.2793
50,20,sqrt,5,5,0.6532172866177784,0.01110030663143835,0.1551089774957266,0.0030169083899103974,1.121
50,20,sqrt,5,10,0.6199405818255828,0.011436032214300382,0.16238949733654937,0.0033538620207678653,1.0227
50,20,sqrt,10,1,0.6652948553399193,0.011147008223699672,0.15238750739735418,0.0032845791982085717,1.2306
50,20,sqrt,10,2,0.661869793340324,0.013589606047684158,0.15316559681800815,0.004095700376147091,1.215
50,20,sqrt,10,5,0.6532172866177784,0.01110030663143834,0.1551089774957266,0.0030169083899103896,1.1142
50,20,sqrt,10,10,0.6199405818255828,0.011436032214300382,0.16238949733654937,0.0033538620207678653,1.0532
50,20,sqrt,20,1,0.6372075276076821,0.011452751793307821,0.1586643838516428,0.003728105074508591,1.134
50,20,sqrt,20,2,0.6344318011424477,0.009596698019428345,0.15927456701440212,0.003392010776205211,1.0917
50,20,sqrt,20,5,0.6293927619765417,0.010476292324315867,0.16036743110251223,0.0035813283155786834,1.0996
50,20,sqrt,20,10,0.6199405818255828,0.01143603221430035,0.16238949733654942,0.003353862020767862,1.0451
50,20,log2,2,1,0.7125933603732563,0.012207227503426257,0.1411880406585184,0.003146480916856172,1.8241
50,20,log2,2,2,0.7065212980983001,0.01207767099760029,0.1426842571862903,0.003532307042880933,1.5659
50,20,log2,2,5,0.6856625487796704,0.011061688179546513,0.14767479688877677,0.0032458104477934907,1.3684
50,20,log2,2,10,0.651845353173908,0.012477307907052685,0.15541528168413227,0.0034826819458689696,1.239
50,20,log2,5,1,0.7064622711024418,0.01574840205437792,0.14267475107960081,0.004184768407323755,1.6256
50,20,log2,5,2,0.7047863848370983,0.011295505226097362,0.14311241236784805,0.003486661950990473,1.5851
50,20,log2,5,5,0.6856625487796704,0.011061688179546503,0.14767479688877677,0.003245810447793492,1.4304
50,20,log2,5,10,0.6518453531739079,0.012477307907052683,0.15541528168413227,0.0034826819458689687,1.3009
50,20,log2,10,1,0.6924596602630502,0.015088674419809366,0.14604024805187482,0.003782114716089262,1.5493
50,20,log2,10,2,0.6909480468389296,0.011073185018789455,0.14642234619365463,0.0030413926082511517,1.4945
50,20,log2,10,5,0.6856625487796704,0.011061688179546489,0.14767479688877677,0.0032458104477934894,1.4217
50,20,log2,10,10,0.651845353173908,0.012477307907052685,0.15541528168413227,0.003482681945868969,1.2805
50,20,log2,20,1,0.6648235111977627,0.012623874631854522,0.15249267782161893,0.0036862415852456517,1.4158
50,20,log2,20,2,0.6639047988746334,0.014640566265346145,0.15268952308358955,0.0039486013151631754,1.3833
50,20,log2,20,5,0.6609042399140309,0.012930567202717885,0.15337355387214918,0.0034565018522366674,1.3608
50,20,log2,20,10,0.651845353173908,0.012477307907052686,0.15541528168413227,0.0034826819458689743,1.3117
50,20,0.5,2,1,0.7171273957586278,0.014342584623519826,0.14006546861331487,0.0039633843301649764,2.3118
50,20,0.5,2,2,0.7163594892236664,0.012238845224827622,0.14027583382459324,0.0037946291288836922,1.8895
50,20,0.5,2,5,0.6950168341574061,0.012084785284588489,0.14546081599262828,0.0036819964403278956,1.6593
50,20,0.5,2,10,0.6639272154128147,0.01323924461114871,0.15270134943664693,0.004077394279067906,1.5041
50,20,0.5,5,1,0.7155552058425838,0.013929943731600445,0.14046234837095614,0.00404276270293693,1.9971
50,20,0.5,5,2,0.7156598561620203,0.015201653252350369,0.1404263741306328,0.0042211623466256445,1.9001
50,20,0.5,5,5,0.6950168341574061,0.012084785284588482,0.14546081599262828,0.0036819964403278977,1.6609
50,20,0.5,5,10,0.6639272154128147,0.013239244611148738,0.1527013494366469,0.004077394279067905,1.4981
50,20,0.5,10,1,0.7002313871555462,0.01418903477611407,0.14420987347609387,0.00441060948879966,1.8401
50,20,0.5,10,2,0.7000029521869519,0.014413141875348411,0.14424685901377726,0.003899559932144853,1.8256
50,20,0.5,10,5,0.695016834157406,0.01208478528458848,0.14546081599262828,0.003681996440327897,1.7033
50,20,0.5,10,10,0.6639272154128147,0.013239244611148743,0.1527013494366469,0.004077394279067904,1.549
50,20,0.5,20,1,0.6730582903381789,0.013650232396416878,0.15059990064897094,0.0038121712740026873,1.7197
50,20,0.5,20,2,0.6718442425605293,0.015050915800331438,0.1508723338194677,0.004056613923874067,1.6438
50,20,0.5,20,5,0.6702231580372475,0.01631288447159554,0.15124328441515242,0.004455814341514573,1.5669
50,20,0.5,20,10,0.6639272154128147,0.013239244611148738,0.1527013494366469,0.00407739427906791,1.4583
50,20,1.0,2,1,0.7153436970946838,0.017832194174335205,0.1404791025405394,0.004596428112706447,3.6376
50,20,1.0,2,2,0.7155959431795852,0.017880662649158805,0.1404212092406681,0.004742471590542682,3.2728
50,20,1.0,2,5,0.7015633346028116,0.01676494192829645,0.14385813597336788,0.004463399732243681,2.6695
50,20,1.0,2,10,0.6675422747022705,0.017636203239894368,0.1518453980418098,0.0045868498254503015,2.3856
50,20,1.0,5,1,0.7129351359419138,0.01811231055473426,0.1410729297323967,0.004712938305237734,3.2983
50,20,1.0,5,2,0.7143108081144358,0.018164105527340622,0.14073418040615804,0.004733817934154747,3.1451
50,20,1.0,5,5,0.7015633346028116,0.016764941928296438,0.14385813597336788,0.004463399732243687,2.7764
50,20,1.0,5,10,0.6675422747022705,0.017636203239894333,0.1518453980418098,0.004586849825450308,2.5016
50,20,1.0,10,1,0.7009937275563871,0.018909989304935655,0.14397823499426282,0.00484220538491191,3.0496
50,20,1.0,10,2,0.7024061029428935,0.018453646188383396,0.14364009922786644,0.0047444164186271915,2.9401
50,20,1.0,10,5,0.7015633346028116,0.016764941928296456,0.14385813597336788,0.004463399732243685,2.6539
50,20,1.0,10,10,0.6675422747022705,0.017636203239894344,0.1518453980418098,0.004586849825450303,2.4587
50,20,1.0,20,1,0.6716903825775884,0.018228619296160365,0.15088775119692846,0.004627202532161426,2.7903
50,20,1.0,20,2,0.6729259240962815,0.017788037992055493,0.15060861141279705,0.004633525322165388,2.7947
50,20,1.0,20,5,0.6724803959557966,0.017407032175691797,0.15071401208180105,0.0045716105527964426,2.624
50,20,1.0,20,10,0.6675422747022705,0.01763620323989433,0.1518453980418098,0.004586849825450306,2.4621
100,,sqrt,2,1,0.6923677424901469,0.012418160492954397,0.1460830474200801,0.0034715217868014794,2.6348
100,,sqrt,2,2,0.6870894386131751,0.01001922068668235,0.1473468366164798,0.0032133932696854373,2.2233
100,,sqrt,2,5,0.6585723382409425,0.010748846902161543,0.15391143749186334,0.003159177779849895,1.8914
100,,sqrt,2,10,0.6233377153676743,0.011028347727529132,0.16166412687890333,0.0033422852011755428,1.8525
100,,sqrt,5,1,0.6864076179269556,0.01281754050685891,0.14749221732383297,0.0035816795326393206,2.2656
100,,sqrt,5,2,0.6851914183879017,0.012244173526297033,0.1477840773408847,0.0036114140679709113,2.1886
100,,sqrt,5,5,0.6585723382409423,0.010748846902161619,0.15391143749186334,0.0031591777798498978,1.9421
100,,sqrt,5,10,0.6233377153676743,0.01102834772752914,0.16166412687890336,0.0033422852011755454,1.7776
100,,sqrt,10,1,0.6714737283354708,0.011262685184896913,0.1509730306929186,0.003308941016354155,2.1079
100,,sqrt,10,2,0.6691240362222538,0.012618943205552584,0.15151962507489997,0.004043738544159525,2.063
100,,sqrt,10,5,0.6585723382409425,0.010748846902161602,0.15391143749186334,0.0031591777798499,1.9726
100,,sqrt,10,10,0.6233377153676743,0.011028347727529177,0.16166412687890333,0.003342285201175544,1.9219
100,,sqrt,20,1,0.6433070017492419,0.010405631608856904,0.15732945568056605,0.0036490686357343134,1.9721
100,,sqrt,20,2,0.6395158392922788,0.010240257099808785,0.15816404406492432,0.003619400647921763,1.9097
100,,sqrt,20,5,0.6339147706494235,0.009289933063205162,0.15939150449167622,0.0035199226386738326,1.8297
100,,sqrt,20,10,0.6233377153676743,0.011028347727529171,0.16166412687890336,0.003342285201175547,1.8089
100,,log2,2,1,0.7151839392402419,0.012671315247545986,0.14055859469502174,0.003697073993576518,3.3283
100,,log2,2,2,0.7096229406304124,0.011825166027473622,0.14192981319389447,0.00352596861821444,2.816
100,,log2,2,5,0.6868870494845125,0.012573847144419443,0.14738715385909343,0.0038092260926927525,2.4836
100,,log2,2,10,0.6519495898798813,0.012001602402751064,0.1553975887581259,0.0035538343451878025,2.1438
100,,log2,5,1,0.7096139394011386,0.013905786849519734,0.14192675664168547,0.0041336739741616585,2.8895
100,,log2,5,2,0.708921886740342,0.011948631901063107,0.1421051152636041,0.0037039623440050825,2.8298
100,,log2,5,5,0.6868870494845125,0.012573847144419444,0.14738715385909346,0.003809226092692751,2.3974
100,,log2,5,10,0.6519495898798813,0.01200160240275106,0.1553975887581259,0.0035538343451878016,2.1869
100,,log2,10,1,0.692563551299038,0.015658851223095367,0.1460205289082796,0.004172076482427346,2.7398
100,,log2,10,2,0.6934207798916308,0.01541307007128322,0.14582504714037964,0.004358069638049421,2.6098
100,,log2,10,5,0.6868870494845125,0.012573847144419451,0.14738715385909343,0.0038092260926927573,2.4248
100,,log2,10,10,0.6519495898798813,0.012001602402751041,0.1553975887581259,0.003553834345187797,2.173
100,,log2,20,1,0.6657692716885364,0.014584320684962376,0.15227188286437154,0.004149695272736464,2.3753
100,,log2,20,2,0.6654243434055074,0.015092577196619808,0.15234100775725404,0.004013976013600368,2.3881
100,,log2,20,5,0.6626324961693294,0.012915178618597783,0.1529885795241471,0.003707380472295904,2.2608
100,,log2,20,10,0.6519495898798813,0.01200160240275106,0.1553975887581259,0.0035538343451877994,2.207
100,,0.5,2,1,0.7205207390216577,0.015242164862383424,0.13922125798724255,0.004352714341381002,4.0295
100,,0.5,2,2,0.7187471688946652,0.011041671446166412,0.13968642829562145,0.0034597224226944126,3.4427
100,,0.5,2,5,0.6974946901087854,0.012312985502470121,0.14486633599077373,0.0037019795491327204,2.8685
100,,0.5,2,10,0.66461865050257,0.013777325855962813,0.1525363945629328,0.003970176767856467,2.5969
100,,0.5,5,1,0.7169941599366405,0.014035973747334897,0.14010172189354522,0.003929421439436208,3.5813
100,,0.5,5,2,0.7165228357642281,0.014868031951317707,0.14020948451510723,0.0039967879389175886,3.3752
100,,0.5,5,5,0.6974946901087854,0.012312985502470137,0.14486633599077373,0.0037019795491327204,2.913
100,,0.5,5,10,0.66461865050257,0.01377732585596279,0.15253639456293278,0.003970176767856461,2.6367
100,,0.5,10,1,0.7039043516321245,0.014425086723206929,0.1433049359984278,0.003908379699530476,3.2589
100,,0.5,10,2,0.7041486707653942,0.014465856796156439,0.14324260810044234,0.0038387553791573437,3.24
100,,0.5,10,5,0.6974946901087854,0.012312985502470154,0.14486633599077373,0.003701979549132721,2.929
100,,0.5,10,10,0.66461865050257,0.013777325855962778,0.1525363945629328,0.00397017676785646,2.5856
100,,0.5,20,1,0.6745079047821269,0.01504777013444209,0.15026261365028104,0.004213055220930485,3.0615
100,,0.5,20,2,0.6733464891053111,0.01557735661101127,0.15052379232913565,0.0041743484339083065,2.9915
100,,0.5,20,5,0.6717085369896865,0.016083869150521124,0.1509014906522362,0.004391836624683979,2.7631
100,,0.5,20,10,0.66461865050257,0.013777325855962778,0.1525363945629328,0.003970176767856459,2.6968
100,,1.0,2,1,0.7220006626773696,0.0176035925455175,0.13882461029782578,0.004568262264398602,6.7709
100,,1.0,2,2,0.7221556497139222,0.01731626795943713,0.13879185491083357,0.004611478787394278,5.9859
100,,1.0,2,5,0.7054908670089178,0.01660065499847765,0.14290608829937124,0.0043915894800456426,5.1163
100,,1.0,2,10,0.6707471928294918,0.017243328582276903,0.15110917731168852,0.004404129051196792,4.4019
100,,1.0,5,1,0.7193468807136862,0.01799805476476942,0.1394850103217988,0.004679793961921525,6.1796
100,,1.0,5,2,0.72084993300136,0.017180657283937514,0.13911774067842883,0.004526947147975937,5.9258
100,,1.0,5,5,0.7054908670089178,0.01660065499847768,0.14290608829937124,0.00439158948004565,4.9898
100,,1.0,5,10,0.6707471928294919,0.01724332858227691,0.15110917731168852,0.004404129051196796,4.4333
100,,1.0,10,1,0.7066738971581938,0.018325499054103873,0.14260323144644707,0.004677655410368218,5.7422
100,,1.0,10,2,0.7078823361282645,0.01749450955927581,0.14231665455421977,0.004563903626263129,5.5071
100,,1.0,10,5,0.7054908670089176,0.0166006549984777,0.1429060882993712,0.004391589480045647,5.0281
100,,1.0,10,10,0.6707471928294919,0.017243328582276903,0.15110917731168852,0.004404129051196796,4.4559
100,,1.0,20,1,0.6763373422419584,0.017948561141912685,0.1498124419736148,0.004478749610346851,5.0302
100,,1.0,20,2,0.6772507397361007,0.017383747809446962,0.14960670300786977,0.0044523628249899016,4.9557
100,,1.0,20,5,0.6765127140207747,0.01684675565299814,0.14978204804228484,0.004372144511946417,4.7353
100,,1.0,20,10,0.6707471928294918,0.017243328582276892,0.15110917731168852,0.004404129051196799,4.3713
100,5,sqrt,2,1,0.4322155637742998,0.01073296075757611,0.1985102887894737,0.004091290097568584,1.4847
100,5,sqrt,2,2,0.4317956812114144,0.01135714003470844,0.19858338331594655,0.004176881811507076,1.4983
100,5,sqrt,2,5,0.4318661083694951,0.010881962154001156,0.19857149983794448,0.004120363684333898,1.468
100,5,sqrt,2,10,0.43244610532934213,0.0116158380449908,0.19846912136773812,0.0041939899297940625,1.4506
100,5,sqrt,5,1,0.4321891237051756,0.01125631088693079,0.19851370192294082,0.004116536507209126,1.4708
100,5,sqrt,5,2,0.431998254142904,0.011343688408509368,0.19854700265603156,0.004128287520316989,1.4647
100,5,sqrt,5,5,0.4318661083694952,0.01088196215400112,0.19857149983794445,0.004120363684333889,1.5135
100,5,sqrt,5,10,0.43244610532934213,0.01161583804499085,0.19846912136773812,0.00419398992979406,1.5542
100,5,sqrt,10,1,0.4318335869074221,0.011215350850462654,0.19857677341177174,0.004154131770506583,1.5287
100,5,sqrt,10,2,0.43167448237908257,0.011244776221812674,0.1986049179793923,0.00417547525478984,1.5203
100,5,sqrt,10,5,0.4318661083694951,0.010881962154001093,0.19857149983794445,0.004120363684333885,1.4288
100,5,sqrt,10,10,0.43244610532934213,0.0116158380449908,0.1984691213677381,0.004193989929794067,1.4455
100,5,sqrt,20,1,0.4315593982515904,0.012080252891649691,0.19862295406609126,0.004218155256868785,1.4946
100,5,sqrt,20,2,0.4315643331004635,0.012055648006491103,0.19862230632345917,0.00422407947976387,1.4851
100,5,sqrt,20,5,0.43171602024732597,0.011727859183604958,0.19859620688697527,0.004187594607059563,1.5151
100,5,sqrt,20,10,0.43244610532934225,0.011615838044990789,0.1984691213677381,0.0041939899297940555,1.4845
100,5,log2,2,1,0.46483546415251176,0.013814215638844302,0.19271291246200528,0.004160233811419682,1.6691
100,5,log2,2,2,0.46496217058056183,0.013533537498916498,0.19269310641191015,0.0042396334376620555,1.7229
100,5,log2,2,5,0.4650474130978911,0.013622346427839325,0.19267605028630946,0.004180826124951098,1.7571
100,5,log2,2,10,0.46583003173655557,0.013672467758373046,0.19253360549251625,0.004123658407514563,1.662
100,5,log2,5,1,0.46479299896797954,0.013550873790336395,0.19272264048525506,0.004200849790185771,1.6355
100,5,log2,5,2,0.46500875575072936,0.013527074527759938,0.19268439648686803,0.004223712698324182,1.6535
100,5,log2,5,5,0.4650474130978911,0.013622346427839323,0.19267605028630946,0.0041808261249510975,1.648
100,5,log2,5,10,0.4658300317365557,0.013672467758373028,0.19253360549251622,0.004123658407514563,1.6595
100,5,log2,10,1,0.46474285952737426,0.013340547418387895,0.19273200116257239,0.004173799735357506,1.6377
100,5,log2,10,2,0.46473303732303234,0.013394058228020518,0.19273439632044048,0.004213188408942199,1.6271
100,5,log2,10,5,0.4650474130978911,0.013622346427839365,0.19267605028630946,0.004180826124951101,1.6492
100,5,log2,10,10,0.4658300317365557,0.013672467758373075,0.19253360549251625,0.004123658407514564,1.7638
100,5,log2,20,1,0.46490056611365826,0.013191693075464205,0.1927036591605776,0.004145709099248785,1.6617
100,5,log2,20,2,0.4649734840786171,0.013355788225837701,0.1926903051279793,0.004168292019086456,1.6395
100,5,log2,20,5,0.4652074195629157,0.01341948516996011,0.19264638894205705,0.004099107079401866,1.6608
100,5,log2,20,10,0.4658300317365557,0.013672467758373023,0.19253360549251625,0.0041236584075145565,1.6617
100,5,0.5,2,1,0.47687457359630125,0.01553219968359175,0.19051736825293147,0.0038678459152087924,1.7902
100,5,0.5,2,2,0.4768531428629895,0.015547516741787837,0.1905209452430559,0.003856098983099613,1.799
100,5,0.5,2,5,0.4769708773991395,0.015274947349430244,0.19050106579023812,0.003861096035386138,1.7777
100,5,0.5,2,10,0.477213266790652,0.015777283223869915,0.19045367378085803,0.0038372504002930114,1.814
100,5,0.5,5,1,0.47660497054567247,0.015487294848605398,0.1905664131354981,0.0038532858354748158,1.871
100,5,0.5,5,2,0.4766806491682797,0.015533023995080166,0.1905522771189914,0.0038484333060924488,1.8959
100,5,0.5,5,5,0.47697087739913957,0.01527494734943024,0.19050106579023812,0.0038610960353861303,1.8502
100,5,0.5,5,10,0.477213266790652,0.01577728322386992,0.19045367378085803,0.00383725040029301,1.8463
100,5,0.5,10,1,0.4765506143476042,0.015272782393512652,0.19057760208641467,0.00385926491821017,1.862
100,5,0.5,10,2,0.47662800785969106,0.01529212010584798,0.19056339458468013,0.0038588581745934384,1.8875
100,5,0.5,10,5,0.4769708773991395,0.01527494734943027,0.19050106579023812,0.003861096035386142,1.831
100,5,0.5,10,10,0.477213266790652,0.015777283223869933,0.19045367378085803,0.0038372504002930183,1.8671
100,5,0.5,20,1,0.4764049069392341,0.01562330220287485,0.19060124706676096,0.003811321138546859,1.9088
100,5,0.5,20,2,0.476488495825663,0.015642089091523075,0.19058591776508876,0.0038111066175806545,1.9229
100,5,0.5,20,5,0.4766748834717872,0.015528114084611626,0.19055212476870345,0.00378856298674967,1.8668
100,5,0.5,20,10,0.47721326679065185,0.015777283223869894,0.19045367378085803,0.003837250400293012,1.8557
100,5,1.0,2,1,0.47576802538355967,0.02080969482060144,0.19068606549813996,0.003913233606258897,2.9155
100,5,1.0,2,2,0.4758706206696539,0.02077990901788336,0.19066751406048832,0.00390866886912336,2.878
100,5,1.0,2,5,0.4759885672772445,0.020759462164799534,0.1906461225090525,0.0039055393787960956,2.9595
100,5,1.0,2,10,0.47611522765698255,0.02077406073617513,0.19062289976759408,0.003903469203413296,3.0277
100,5,1.0,5,1,0.4757673754706467,0.020809908355385195,0.1906861825345478,0.003913248172860161,2.8669
100,5,1.0,5,2,0.4758702424682795,0.020779741414276375,0.19066758262741185,0.003908599401910887,2.9291
100,5,1.0,5,5,0.4759885672772445,0.020759462164799528,0.1906461225090525,0.003905539378796098,2.8409
100,5,1.0,5,10,0.47611522765698255,0.020774060736175156,0.19062289976759408,0.003903469203413299,2.8686
100,5,1.0,10,1,0.4757619330297323,0.020827536234837393,0.19068708253158662,0.003915146088141669,2.8957
100,5,1.0,10,2,0.4758657479478977,0.020797669354107717,0.19066830924390935,0.0039105485337872685,2.9433
100,5,1.0,10,5,0.4759885672772445,0.020759462164799528,0.1906461225090525,0.0039055393787960934,2.8718
100,5,1.0,10,10,0.47611522765698255,0.02077406073617511,0.1906228997675941,0.0039034692034132902,2.8312
100,5,1.0,20,1,0.4757169087020222,0.02080539405281863,0.19069534428660198,0.003910637169856631,2.8228
100,5,1.0,20,2,0.47582091786737946,0.020771287397589103,0.19067654666073697,0.0039051048500047723,2.8578
100,5,1.0,20,5,0.4759333857425963,0.020717309852166008,0.1906562643785054,0.003895697462451512,2.9313
100,5,1.0,20,10,0.47611522765698255,0.020774060736175163,0.19062289976759408,0.0039034692034133,2.9224
100,10,sqrt,2,1,0.625940862528938,0.013211057066895805,0.16110431189294144,0.003997620626054359,1.8548
100,10,sqrt,2,2,0.6238284546776913,0.010632160045524109,0.16157309308325063,0.0038696770260689397,1.8663
100,10,sqrt,2,5,0.622699814195268,0.012040973537936182,0.16180154103771946,0.0036639923865187407,1.794
100,10,sqrt,2,10,0.6046128905159696,0.010806133702632718,0.16564506344053181,0.0037300532159723026,1.767
100,10,sqrt,5,1,0.6250592263037199,0.011952063880783388,0.16130186348809034,0.00393123926659679,1.8978
100,10,sqrt,5,2,0.6262858123792768,0.011500334508787662,0.16103709656580076,0.0037898170158944073,1.8392
100,10,sqrt,5,5,0.622699814195268,0.012040973537936182,0.16180154103771946,0.0036639923865187415,1.8813
100,10,sqrt,5,10,0.6046128905159697,0.010806133702632753,0.16564506344053181,0.003730053215972296,1.7216
100,10,sqrt,10,1,0.6207693711912811,0.011814492665353997,0.16221670542019,0.003669607565066726,1.8243
100,10,sqrt,10,2,0.6231687636214128,0.009709612407251081,0.16170792727553135,0.003328351623493878,1.81
100,10,sqrt,10,5,0.622699814195268,0.012040973537936197,0.16180154103771946,0.0036639923865187376,1.801
100,10,sqrt,10,10,0.6046128905159697,0.010806133702632748,0.16564506344053181,0.0037300532159723096,1.7983
100,10,sqrt,20,1,0.6093863825135022,0.01200367886331395,0.16464359876049114,0.004106146995383249,1.8469
100,10,sqrt,20,2,0.6092777858378003,0.010498768972295937,0.16466334380512673,0.0035884033571966798,1.7692
100,10,sqrt,20,5,0.6098120637087835,0.0100247292125563,0.1645456415181363,0.0032246488408496973,1.7681
100,10,sqrt,20,10,0.6046128905159697,0.010806133702632753,0.16564506344053181,0.003730053215972301,1.8139
100,10,log2,2,1,0.660795325255698,0.01541868542875506,0.15339405256818694,0.004165237123399014,2.3231
100,10,log2,2,2,0.6631895601684636,0.012472064249382943,0.15286864144006387,0.0038371221449262053,2.3312
100,10,log2,2,5,0.6570044445248735,0.01478419063952173,0.1542581243638483,0.0042555416857632325,2.2218
100,10,log2,2,10,0.637243750109504,0.014613451910614006,0.15863353570838107,0.0038079048857824174,2.0689
100,10,log2,5,1,0.660575060880568,0.0147553599048598,0.15344362898867198,0.003908470925121959,2.2871
100,10,log2,5,2,0.663338381181811,0.013353988253747343,0.15282867513894144,0.003863764474917432,2.2771
100,10,log2,5,5,0.6570044445248735,0.014784190639521739,0.1542581243638483,0.004255541685763231,2.3134
100,10,log2,5,10,0.637243750109504,0.014613451910614006,0.15863353570838104,0.0038079048857824183,2.1334
100,10,log2,10,1,0.6545573905420681,0.014568514068326733,0.15480746039241935,0.004142797928460809,2.2469
100,10,log2,10,2,0.6585672738370387,0.013836358975595155,0.15390557136829516,0.0039128084579551775,2.2325
100,10,log2,10,5,0.6570044445248735,0.014784190639521721,0.1542581243638483,0.004255541685763229,2.2013
100,10,log2,10,10,0.637243750109504,0.014613451910614006,0.15863353570838107,0.003807904885782422,2.0491
100,10,log2,20,1,0.6409061058129196,0.013485590464459463,0.15783963861180114,0.0038018497212637665,2.166
100,10,log2,20,2,0.6419416313024994,0.01486135999893748,0.1576033723222633,0.003944134425508506,2.1833
100,10,log2,20,5,0.6408698538005726,0.01384158608172309,0.1578468941954235,0.0038936508289202977,2.1886
100,10,log2,20,10,0.637243750109504,0.014613451910614016,0.15863353570838107,0.0038079048857824326,2.0656
100,10,0.5,2,1,0.6739718797005066,0.01379112742547948,0.1503900320624561,0.003915443049473002,2.8413
100,10,0.5,2,2,0.6742769784104354,0.016488510911253546,0.1503080030850403,0.004498441015040767,2.8229
100,10,0.5,2,5,0.6691938190878701,0.014999671977983077,0.15148616868013431,0.004215622737256034,2.6596
100,10,0.5,2,10,0.652130864807123,0.014443766500632223,0.15534808356502253,0.004025822744668864,2.527
100,10,0.5,5,1,0.6735866506640782,0.015070449453216929,0.15047733703099256,0.004309826976317327,2.938
100,10,0.5,5,2,0.6754897589272038,0.014805455497153517,0.15004265777994918,0.00438498158011531,2.7378
100,10,0.5,5,5,0.6691938190878701,0.014999671977983079,0.1514861686801343,0.004215622737256032,2.7056
100,10,0.5,5,10,0.6521308648071231,0.014443766500632204,0.15534808356502253,0.004025822744668864,2.5622
100,10,0.5,10,1,0.6668768878533318,0.013474119887986477,0.15202759063128904,0.004087154621464155,2.7358
100,10,0.5,10,2,0.6710952045147255,0.015014493951873287,0.15105425281582144,0.004374069005109563,2.7293
100,10,0.5,10,5,0.6691938190878701,0.014999671977983077,0.15148616868013426,0.004215622737256038,2.6467
100,10,0.5,10,10,0.6521308648071231,0.014443766500632227,0.1553480835650225,0.004025822744668867,2.4962
100,10,0.5,20,1,0.6514583550541129,0.013745228552226622,0.1555034470780095,0.00398024648202293,2.6962
100,10,0.5,20,2,0.6543055697895664,0.014856865745282005,0.15486468153953034,0.00428782769336692,2.5919
100,10,0.5,20,5,0.6537172754935737,0.014452444595067395,0.1550005432667126,0.004299718682131201,2.609
100,10,0.5,20,10,0.6521308648071231,0.014443766500632227,0.15534808356502253,0.004025822744668864,2.5875
100,10,1.0,2,1,0.6776292944279897,0.020358857580752815,0.1494982388328875,0.005037479867533197,4.9344
100,10,1.0,2,2,0.6798183808116098,0.019603042275767264,0.1489945663975133,0.0049017036396676004,4.6641
100,10,1.0,2,5,0.6761847887293604,0.01854043211155219,0.1498478124901034,0.0047180034195507155,4.4647
100,10,1.0,2,10,0.6560711694342067,0.018485583131131304,0.154438857934508,0.004637686833808268,4.3632
100,10,1.0,5,1,0.6768688746102702,0.02030361432206184,0.1496752147664678,0.005020815576102538,4.8913
100,10,1.0,5,2,0.6793412564343445,0.019700945475441642,0.14910499489282594,0.004916813626901225,4.7416
100,10,1.0,5,5,0.6761847887293604,0.01854043211155219,0.1498478124901034,0.0047180034195507155,4.5603
100,10,1.0,5,10,0.6560711694342067,0.018485583131131304,0.154438857934508,0.004637686833808273,4.388
100,10,1.0,10,1,0.6718562470066958,0.020169656667051766,0.15083307149072858,0.004916186176667639,4.6396
100,10,1.0,10,2,0.6739073868976722,0.01958547240513085,0.15036578643003357,0.004857939698370389,4.6188
100,10,1.0,10,5,0.6761847887293604,0.018540432111552155,0.1498478124901034,0.0047180034195507155,4.5778
100,10,1.0,10,10,0.6560711694342067,0.018485583131131297,0.154438857934508,0.004637686833808265,4.1544
100,10,1.0,20,1,0.6542601822245226,0.019192188212724032,0.15483919172810612,0.004689028556574509,4.5911
100,10,1.0,20,2,0.6557847109791135,0.018747804865415277,0.15450056775786689,0.0046390359436302535,4.4643
100,10,1.0,20,5,0.6576958547369443,0.018130193828834244,0.1540758747190434,0.004584590235341141,4.5126
100,10,1.0,20,10,0.6560711694342067,0.018485583131131297,0.154438857934508,0.004637686833808269,4.1689
100,20,sqrt,2,1,0.6913217418424027,0.010993477493986993,0.14634535653881467,0.0035019362306224038,2.6179
100,20,sqrt,2,2,0.6834978786133019,0.009941194900900849,0.14819555505599893,0.003417906215544935,2.242
100,20,sqrt,2,5,0.6583904668544291,0.010967300274185179,0.1539520726718199,0.0032164785546417874,1.9749
100,20,sqrt,2,10,0.6233202032073794,0.011031263294081571,0.16166784434989234,0.00334121049818867,1.9376
100,20,sqrt,5,1,0.6863096236118382,0.010239379073705942,0.14754152146603172,0.0037477279574092658,2.2958
100,20,sqrt,5,2,0.6846725502283876,0.010711943719494913,0.14791794105885395,0.003573541905194492,2.1745
100,20,sqrt,5,5,0.6583904668544291,0.010967300274185183,0.1539520726718199,0.0032164785546417865,1.9439
100,20,sqrt,5,10,0.6233202032073794,0.01103126329408158,0.16166784434989234,0.0033412104981886777,1.7861
100,20,sqrt,10,1,0.6712805664706387,0.011478861424455776,0.151017806044775,0.003396799689552599,2.1078
100,20,sqrt,10,2,0.6669484597921833,0.01233986903174071,0.15201774887982156,0.00397493786876766,2.0282
100,20,sqrt,10,5,0.6583904668544291,0.01096730027418519,0.1539520726718199,0.003216478554641786,2.0077
100,20,sqrt,10,10,0.6233202032073795,0.011031263294081587,0.16166784434989234,0.003341210498188673,1.8652
100,20,sqrt,20,1,0.6421997932651037,0.010411380022999869,0.1575739408769767,0.003665523029205046,1.9793
100,20,sqrt,20,2,0.639926656843891,0.010500494770659593,0.15807076309318355,0.0035495776539031967,1.9842
100,20,sqrt,20,5,0.6338503300969661,0.009464499661459859,0.15940551043253123,0.0035619291387234612,1.8428
100,20,sqrt,20,10,0.6233202032073794,0.01103126329408158,0.16166784434989234,0.0033412104981886763,1.7851
100,20,log2,2,1,0.713851271957501,0.01263549244369859,0.14088907002674214,0.0037255324562019978,3.3433
100,20,log2,2,2,0.7090758022003933,0.012876802234967998,0.14206094113550258,0.003822844737194983,2.7999
100,20,log2,2,5,0.6873134311119096,0.01228772491103407,0.14728949692972734,0.003816339197909715,2.4535
100,20,log2,2,10,0.6519495898798813,0.01200160240275106,0.1553975887581259,0.0035538343451878016,2.1595
100,20,log2,5,1,0.7084203270702687,0.014981186538271412,0.1422071249584701,0.0041819952147198166,2.8474
100,20,log2,5,2,0.707524578998297,0.013060415978908857,0.14244193625311924,0.003966057792768099,2.7739
100,20,log2,5,5,0.6873134311119096,0.012287724911034055,0.14728949692972734,0.003816339197909715,2.4015
100,20,log2,5,10,0.6519495898798813,0.012001602402751064,0.1553975887581259,0.003553834345187799,2.1853
100,20,log2,10,1,0.6944988128628993,0.015813039989285817,0.1455594840696488,0.004236398457397939,2.699
100,20,log2,10,2,0.6934009929323384,0.01301435125818083,0.14584049006361108,0.003802147727339567,2.5987
100,20,log2,10,5,0.6873134311119096,0.012287724911034083,0.14728949692972734,0.003816339197909716,2.4132
100,20,log2,10,10,0.6519495898798813,0.012001602402751064,0.1553975887581259,0.0035538343451878025,2.1894
100,20,log2,20,1,0.6654322653342681,0.013589758093497835,0.1523558452928731,0.00406820057358766,2.4689
100,20,log2,20,2,0.665331895646609,0.01474631955382575,0.15236388471781953,0.003948077932945411,2.4443
100,20,log2,20,5,0.6625030401003654,0.013173361064396146,0.1530163083550255,0.0037331680800374942,2.3211
100,20,log2,20,10,0.6519495898798813,0.012001602402751041,0.1553975887581259,0.003553834345187797,2.2743
100,20,0.5,2,1,0.7217425136672018,0.013176010511527345,0.13892342919466494,0.0037134454602949555,4.1227
100,20,0.5,2,2,0.7192157866709844,0.012241296531333292,0.1395713945357365,0.003971230398336931,3.5695
100,20,0.5,2,5,0.6970674857425622,0.01258720949511198,0.14496673472805083,0.0037290305097269273,2.9221
100,20,0.5,2,10,0.6646178680514124,0.013775628856162968,0.15253659577043457,0.003970438524101692,2.647
100,20,0.5,5,1,0.7174803945318076,0.015174377299248013,0.13997653150683362,0.0042693489025963675,3.5574
100,20,0.5,5,2,0.7184069841744026,0.014454194431700733,0.13974895076233312,0.004044435973256775,3.3092
100,20,0.5,5,5,0.6970674857425622,0.012587209495111927,0.14496673472805083,0.0037290305097269173,2.933
100,20,0.5,5,10,0.6646178680514124,0.013775628856162988,0.15253659577043457,0.003970438524101696,2.5774
100,20,0.5,10,1,0.7036445419851398,0.015157056388647826,0.14337376453388342,0.004401235508832684,3.2544
100,20,0.5,10,2,0.7035130424701532,0.01491771696499444,0.14339587790821037,0.003993253838007154,3.2312
100,20,0.5,10,5,0.6970674857425622,0.01258720949511194,0.14496673472805083,0.0037290305097269177,2.9678
100,20,0.5,10,10,0.6646178680514124,0.013775628856163017,0.15253659577043457,0.003970438524101701,2.6135
100,20,0.5,20,1,0.6748382069953486,0.014480606661439724,0.15018764569637785,0.004060149034011412,2.9355
100,20,0.5,20,2,0.6730246860808777,0.015703172106304123,0.15059742168094942,0.004207583363890995,2.9009
100,20,0.5,20,5,0.6715650673273046,0.01612018671093172,0.15093377289408277,0.004380580599260967,2.7781
100,20,0.5,20,10,0.6646178680514124,0.01377562885616304,0.15253659577043457,0.0039704385241016975,2.6966
100,20,1.0,2,1,0.721599957678905,0.017908970292909637,0.13892354054403847,0.004669124940165282,6.8016
100,20,1.0,2,2,0.7221271025983895,0.01675863785273451,0.13880354930727182,0.004499228786355759,5.9306
100,20,1.0,2,5,0.7054832428097065,0.016594716477710138,0.14290796883073598,0.004389824105473298,5.0623
100,20,1.0,2,10,0.6707476754299333,0.01724246850834748,0.151109070557412,0.004403931455466522,4.4326
100,20,1.0,5,1,0.7189185286255081,0.01785255456398685,0.13959350703560633,0.004669529976693334,6.0649
100,20,1.0,5,2,0.7207021667193632,0.01723748378613133,0.139154645907036,0.004553645300378195,5.9629
100,20,1.0,5,5,0.7054832428097064,0.016594716477710134,0.14290796883073595,0.004389824105473301,4.9855
100,20,1.0,5,10,0.6707476754299334,0.017242468508347476,0.151109070557412,0.004403931455466527,4.3047
100,20,1.0,10,1,0.706377692628689,0.018337040255601813,0.14267524383824537,0.004677324759588526,5.7224
100,20,1.0,10,2,0.7078620523546416,0.017458057525365733,0.14232127646775466,0.004538672256959265,5.5737
100,20,1.0,10,5,0.7054832428097065,0.01659471647771012,0.14290796883073595,0.0043898241054733025,4.95
100,20,1.0,10,10,0.6707476754299334,0.017242468508347476,0.151109070557412,0.004403931455466524,4.4961
100,20,1.0,20,1,0.6762873913654158,0.01802418333295625,0.1498234493246778,0.004491246097566047,5.2417
100,20,1.0,20,2,0.677236530322174,0.017374100513779453,0.14961007707373217,0.004451101005046436,4.9939
100,20,1.0,20,5,0.6765140589775609,0.016845375544413094,0.1497817366781215,0.00437166684609593,4.81
100,20,1.0,20,10,0.6707476754299334,0.017242468508347483,0.15110907055741202,0.0044039314554665315,4.5817
200,,sqrt,2,1,0.6956788965335873,0.013237244279327648,0.14529570937947994,0.0038533999603430845,4.8262
200,,sqrt,2,2,0.6896655266099989,0.010627435384113138,0.14673920197489407,0.003441801630981799,4.0254
200,,sqrt,2,5,0.6607113625379345,0.012225525057092549,0.1534318465996766,0.003798051142217638,3.5367
200,,sqrt,2,10,0.625448782028927,0.010465718226220387,0.16121723428171633,0.0035044454389995465,3.2773
200,,sqrt,5,1,0.69001667744784,0.012097989743456638,0.14665142912029294,0.003758103410645924,4.1393
200,,sqrt,5,2,0.687328873251303,0.01194426998747419,0.1472888528650543,0.0038155471120743167,3.8987
200,,sqrt,5,5,0.6607113625379345,0.012225525057092523,0.15343184659967657,0.003798051142217634,3.587
200,,sqrt,5,10,0.625448782028927,0.0104657182262204,0.16121723428171636,0.003504445438999541,3.2892
200,,sqrt,10,1,0.6742662337937138,0.011685650447823414,0.15033367511073575,0.0036254020134577113,3.8181
200,,sqrt,10,2,0.6716152157876701,0.012491865619742883,0.15094916670499012,0.004053048927557083,3.6652
200,,sqrt,10,5,0.6607113625379345,0.01222552505709253,0.15343184659967654,0.003798051142217635,3.5117
200,,sqrt,10,10,0.625448782028927,0.010465718226220394,0.16121723428171636,0.003504445438999545,3.2871
200,,sqrt,20,1,0.6456433728676364,0.011504031704771045,0.15681381658829843,0.003975433901760693,3.4883
200,,sqrt,20,2,0.642329701544794,0.01103181392902149,0.15754595847627623,0.003865610191898081,3.4356
200,,sqrt,20,5,0.6363125496446422,0.010487527097916715,0.1588665134284925,0.0037397580156639256,3.3445
200,,sqrt,20,10,0.625448782028927,0.010465718226220394,0.16121723428171636,0.003504445438999542,3.5296
200,,log2,2,1,0.7181035202852302,0.013897964958128575,0.13983176326885377,0.004084822513277369,6.163
200,,log2,2,2,0.7124319070058339,0.013111311093427815,0.14123920794601083,0.003969901296251982,5.0438
200,,log2,2,5,0.6897094178577728,0.013123904088896115,0.14672384448820686,0.004128568557744063,4.3848
200,,log2,2,10,0.6533308604420336,0.013188038784285075,0.15508778907210424,0.003913777887436989,3.9785
200,,log2,5,1,0.7131832242183851,0.012936695891275744,0.1410599848739204,0.004110211193681972,5.1704
200,,log2,5,2,0.7105771987693867,0.013201090845256966,0.14169804231749264,0.004116062570665389,5.0329
200,,log2,5,5,0.6897094178577728,0.013123904088896094,0.1467238444882068,0.004128568557744066,4.5182
200,,log2,5,10,0.6533308604420336,0.013188038784285087,0.15508778907210424,0.00391377788743699,3.9102
200,,log2,10,1,0.6961961902312018,0.014967007322787027,0.14516610259668217,0.004319292714712931,4.895
200,,log2,10,2,0.6968464590472561,0.014958946946259552,0.14501316861523106,0.004391421485515886,4.7972
200,,log2,10,5,0.6897094178577728,0.013123904088896115,0.1467238444882068,0.004128568557744067,4.4304
200,,log2,10,10,0.6533308604420336,0.013188038784285068,0.15508778907210424,0.0039137778874369904,3.8224
200,,log2,20,1,0.6687217891454859,0.014578480960453739,0.151598617727077,0.004220738013957484,4.4886
200,,log2,20,2,0.6669445095711508,0.014767983595573853,0.15200302414317798,0.0042198568719737165,4.4191
200,,log2,20,5,0.6637444597666395,0.012144775204347506,0.1527448935887695,0.00380068678057879,4.0249
200,,log2,20,10,0.6533308604420336,0.013188038784285103,0.15508778907210424,0.003913777887436988,3.8714
200,,0.5,2,1,0.7235857328961827,0.014156160814253502,0.13846174460053134,0.00414170336770803,7.3979
200,,0.5,2,2,0.7215253454489534,0.013630810744571682,0.13898188007874301,0.00405143628570739,6.2509
200,,0.5,2,5,0.6988082994834329,0.013161153571803362,0.1445505406403147,0.003998446541488527,5.3683
200,,0.5,2,10,0.6652612335601221,0.014014404015519288,0.15239141062407227,0.004106702855147363,5.7586
200,,0.5,5,1,0.7197367176249837,0.015055227743629633,0.13941955785033536,0.004351579728484414,7.7143
200,,0.5,5,2,0.7197047668612472,0.014321551799411733,0.13942869231903146,0.004086889511569229,7.0865
200,,0.5,5,5,0.6988082994834329,0.013161153571803376,0.1445505406403147,0.003998446541488527,17.0402
200,,0.5,5,10,0.6652612335601221,0.014014404015519316,0.1523914106240723,0.00410670285514737,16.6687
200,,0.5,10,1,0.7053758744895662,0.014680761463996385,0.1429495982674887,0.004085154756379262,21.1125
200,,0.5,10,2,0.7056244503853726,0.013861701008525816,0.14289416231373447,0.003929943969184757,20.3878
200,,0.5,10,5,0.6988082994834329,0.01316115357180338,0.1445505406403147,0.003998446541488527,14.042
200,,0.5,10,10,0.6652612335601221,0.014014404015519288,0.15239141062407227,0.004106702855147365,4.9892
200,,0.5,20,1,0.6748849987197011,0.014125411405040986,0.150180281595307,0.004061397740527766,5.5811
200,,0.5,20,2,0.6745786852098768,0.015353692981993789,0.1502443658888391,0.004282931140900147,11.4222
200,,0.5,20,5,0.6729055050246665,0.01535713761710743,0.15063144679739474,0.004312811694638118,5.3623
200,,0.5,20,10,0.6652612335601221,0.014014404015519325,0.15239141062407227,0.004106702855147374,4.9438
200,,1.0,2,1,0.7247426169326983,0.0163005602136781,0.13815287159891682,0.004484751883193425,19.6119
200,,1.0,2,2,0.7240009663806959,0.01647671049530677,0.1383390064352566,0.004551055990536282,12.1974
200,,1.0,2,5,0.7067764395973588,0.01588087460516141,0.14260145595581872,0.004360248158633312,10.5928
200,,1.0,2,10,0.6714820903255619,0.01654663338794135,0.15094853009155357,0.004407211820007952,10.2857
200,,1.0,5,1,0.7212790839587921,0.016729909766446605,0.13901805577111442,0.004573481272776266,13.9447
200,,1.0,5,2,0.7222415368269619,0.016422522247104894,0.1387796057540571,0.004505543337146566,13.1556
200,,1.0,5,5,0.7067764395973588,0.015880874605161417,0.14260145595581872,0.004360248158633312,11.4241
200,,1.0,5,10,0.6714820903255619,0.016546633387941358,0.15094853009155357,0.0044072118200079525,9.4788
200,,1.0,10,1,0.7077767832438195,0.017022960771192076,0.142348687898403,0.004554964922856701,11.115
200,,1.0,10,2,0.708781433001974,0.016659420542293444,0.14210777939616023,0.004539422858363075,10.8806
200,,1.0,10,5,0.7067764395973588,0.01588087460516143,0.14260145595581872,0.004360248158633318,9.8734
200,,1.0,10,10,0.6714820903255619,0.016546633387941358,0.15094853009155357,0.004407211820007952,8.8319
200,,1.0,20,1,0.6770143605219108,0.016991893248368115,0.14966561488129254,0.004428543613022571,10.2015
200,,1.0,20,2,0.6777441425837859,0.01672576316684088,0.1494989714483242,0.0044171603649386165,10.0479
200,,1.0,20,5,0.6776562606496669,0.01629251194354847,0.14952192622232738,0.0043393828176036256,9.5422
200,,1.0,20,10,0.6714820903255619,0.016546633387941337,0.15094853009155357,0.004407211820007955,8.9765
200,5,sqrt,2,1,0.4327005739987569,0.01062298128110694,0.19842748229172608,0.004170427980300952,3.1578
200,5,sqrt,2,2,0.43267464555696317,0.010880810511080474,0.19843189625111868,0.004203879612288149,3.0391
200,5,sqrt,2,5,0.43238566113694243,0.010826314398858465,0.19848290848788272,0.004218667961910522,3.068
200,5,sqrt,2,10,0.4329832701377384,0.011350274400352325,0.19837778604423514,0.0042731728260201555,3.0127
200,5,sqrt,5,1,0.43277840079714086,0.010860767630251221,0.19841347224901987,0.004188552775856345,3.2987
200,5,sqrt,5,2,0.43275227317680365,0.010934215868735402,0.19841808998153074,0.004201921531370227,3.4864
200,5,sqrt,5,5,0.43238566113694243,0.01082631439885842,0.19848290848788272,0.00421866796191052,3.2091
200,5,sqrt,5,10,0.4329832701377384,0.011350274400352302,0.1983777860442352,0.004273172826020149,3.3026
200,5,sqrt,10,1,0.4323397132114605,0.010792854515670651,0.19849092964585918,0.00421373914017268,3.3302
200,5,sqrt,10,2,0.43231859288594343,0.010889611388937908,0.19849488399769727,0.0042406621834362316,3.3633
200,5,sqrt,10,5,0.43238566113694243,0.010826314398858426,0.19848290848788272,0.0042186679619105215,3.4387
200,5,sqrt,10,10,0.4329832701377384,0.011350274400352306,0.19837778604423514,0.004273172826020154,3.4309
200,5,sqrt,20,1,0.43248211775211765,0.011585371307474708,0.1984653697624633,0.004309193990836721,3.5602
200,5,sqrt,20,2,0.4325155779363815,0.011634104877340548,0.19845947436653175,0.004314493791631566,3.1965
200,5,sqrt,20,5,0.4325820288645038,0.01146747870780889,0.1984480570780851,0.004296664939523444,10.4939
200,5,sqrt,20,10,0.4329832701377384,0.011350274400352328,0.19837778604423514,0.004273172826020157,11.1751
200,5,log2,2,1,0.465986868905169,0.014429273774025503,0.1925074571618173,0.004381550337070267,13.1209
200,5,log2,2,2,0.4662942140054166,0.01430365278931771,0.19245350811904632,0.004419647275728275,12.3962
200,5,log2,2,5,0.46647852521581734,0.01456675338665923,0.19241870246168996,0.004407327668990585,11.6707
200,5,log2,2,10,0.46715497364053693,0.014340921323868947,0.1922962774409353,0.004341185694488552,12.9815
200,5,log2,5,1,0.46612904227592383,0.014233405501370824,0.19248315342537042,0.004398572436291942,9.4227
200,5,log2,5,2,0.46634838615002855,0.01428648326545906,0.19244383009168683,0.004419627711734318,4.1936
200,5,log2,5,5,0.4664785252158172,0.014566753386659272,0.19241870246169,0.004407327668990587,3.9818
200,5,log2,5,10,0.46715497364053693,0.014340921323868909,0.1922962774409353,0.004341185694488547,4.1072
200,5,log2,10,1,0.4661976080951503,0.01423946324158693,0.1924700166573738,0.004366685598246548,6.9405
200,5,log2,10,2,0.46633226784630005,0.014355548759459257,0.192445899752143,0.004398309326978032,12.8385
200,5,log2,10,5,0.4664785252158172,0.014566753386659243,0.19241870246168996,0.004407327668990587,12.4324
200,5,log2,10,10,0.46715497364053693,0.01434092132386892,0.1922962774409353,0.004341185694488547,12.5209
200,5,log2,20,1,0.466421425959932,0.01422953118703891,0.19242950791139218,0.004357249182732345,13.2288
200,5,log2,20,2,0.466598689928727,0.014392057689392898,0.19239739103359882,0.004384717995836718,13.0637
200,5,log2,20,5,0.4667922309970198,0.014464802128617255,0.19236149428214538,0.004357691269661427,12.2708
200,5,log2,20,10,0.46715497364053693,0.01434092132386892,0.1922962774409353,0.004341185694488547,12.5417
200,5,0.5,2,1,0.4780384011492034,0.01575914049096693,0.19030724524312892,0.004022336973037197,16.0034
200,5,0.5,2,2,0.4781288150836634,0.015737808526081507,0.19029054360916559,0.0040071159112445645,6.087
200,5,0.5,2,5,0.4783910597574602,0.015658826917558336,0.19024354526988693,0.004025424749825982,4.5827
200,5,0.5,2,10,0.47854094764818944,0.01591058848734068,0.1902141378018411,0.003994862343009005,5.0622
200,5,0.5,5,1,0.47796807432959876,0.015711247099876004,0.19032028307267207,0.0040197419991899715,7.3307
200,5,0.5,5,2,0.4780731001216864,0.01570480109834776,0.1903009735184654,0.004011267195201492,15.2055
200,5,0.5,5,5,0.4783910597574602,0.01565882691755834,0.1902435452698869,0.004025424749825985,14.5161
200,5,0.5,5,10,0.47854094764818944,0.015910588487340668,0.19021413780184107,0.003994862343008999,15.4856
200,5,0.5,10,1,0.47811305280079885,0.015652325066167094,0.19029470346399072,0.004043553694904926,15.4098
200,5,0.5,10,2,0.4782074865778411,0.015625589484478414,0.19027745603577825,0.004036080824659391,16.1021
200,5,0.5,10,5,0.4783910597574602,0.01565882691755833,0.19024354526988693,0.004025424749825975,15.7252
200,5,0.5,10,10,0.47854094764818944,0.015910588487340668,0.1902141378018411,0.003994862343009001,17.2
200,5,0.5,20,1,0.47798530009112383,0.015816694979077135,0.19031622859663763,0.00400331397431912,16.2057
200,5,0.5,20,2,0.4780637707214311,0.015805202250358117,0.1903017706225117,0.003993882785059362,16.3774
200,5,0.5,20,5,0.4781935361355164,0.015785166280684413,0.19027772669936938,0.003971578677120958,16.5835
200,5,0.5,20,10,0.47854094764818944,0.015910588487340675,0.19021413780184107,0.003994862343009004,17.5747
200,5,1.0,2,1,0.47629678290319255,0.019981907354050157,0.19059620472160163,0.003935399442837405,21.6137
200,5,1.0,2,2,0.4763773111027758,0.019976833251398558,0.1905816166572115,0.003937216360861767,20.446
200,5,1.0,2,5,0.4764732828929986,0.019992577318617914,0.19056406774042567,0.003939184448825384,22.0515
200,5,1.0,2,10,0.47658375194876185,0.02000486028982045,0.19054374607544017,0.003934124090089846,21.7284
200,5,1.0,5,1,0.476297692258996,0.019981092535794543,0.19059604630370336,0.0039354859349180794,22.8337
200,5,1.0,5,2,0.4763778441052816,0.019976360952405323,0.19058152099561773,0.003937127386111922,22.2025
200,5,1.0,5,5,0.4764732828929986,0.019992577318617914,0.1905640677404257,0.003939184448825388,22.9863
200,5,1.0,5,10,0.47658375194876185,0.020004860289820445,0.19054374607544017,0.003934124090089846,21.8108
200,5,1.0,10,1,0.4762971327801929,0.019992155109336655,0.19059609806539757,0.003936797111115327,21.0097
200,5,1.0,10,2,0.4763777008118205,0.019987665766331188,0.19058149614328257,0.0039384782033109285,18.8473
200,5,1.0,10,5,0.4764732828929986,0.0199925773186179,0.19056406774042567,0.0039391844488253815,19.2129
200,5,1.0,10,10,0.47658375194876185,0.020004860289820448,0.19054374607544017,0.003934124090089846,19.089
200,5,1.0,20,1,0.47624884258342465,0.01998895042084352,0.19060485182194223,0.003933779791611216,19.2728
200,5,1.0,20,2,0.4763304081840646,0.019983712603276953,0.19059006913870888,0.003935241466085179,19.2992
200,5,1.0,20,5,0.4764265424863107,0.01997703808197591,0.19057256651770413,0.003933396436156641,19.0986
200,5,1.0,20,10,0.4765837519487618,0.020004860289820438,0.19054374607544017,0.003934124090089845,19.0354
200,10,sqrt,2,1,0.6297917094134654,0.014234141116720491,0.16027473287848767,0.004384654769395614,12.2024
200,10,sqrt,2,2,0.6275629459845429,0.010413570127012689,0.160766155981719,0.0036990835709227584,12.4344
200,10,sqrt,2,5,0.6253663960409954,0.0102159232182059,0.1612408959320535,0.0037035700319381993,11.6709
200,10,sqrt,2,10,0.6076656818401844,0.01150185954416634,0.16500492813407217,0.003935597707487008,12.1113
200,10,sqrt,5,1,0.6266544786989237,0.012496840848757641,0.1609550092738134,0.003961321222558759,12.7868
200,10,sqrt,5,2,0.6283193504851716,0.010525160337292375,0.16060760994541667,0.003925042907877096,12.5983
200,10,sqrt,5,5,0.6253663960409954,0.01021592321820592,0.1612408959320535,0.0037035700319382014,12.074
200,10,sqrt,5,10,0.6076656818401844,0.011501859544166342,0.16500492813407217,0.003935597707487008,11.8986
200,10,sqrt,10,1,0.6240735679672783,0.012120702120993473,0.1615137177392665,0.0039830859308124305,13.052
200,10,sqrt,10,2,0.6252054791278343,0.009867766667777415,0.1612768966694131,0.0036752676050819015,13.635
200,10,sqrt,10,5,0.6253663960409954,0.010215923218205933,0.16124089593205349,0.003703570031938208,12.6982
200,10,sqrt,10,10,0.6076656818401844,0.011501859544166385,0.16500492813407217,0.0039355977074870116,13.7217
200,10,sqrt,20,1,0.6111214331725047,0.012389965508879726,0.1642754752339727,0.004131941251048923,13.8081
200,10,sqrt,20,2,0.6115553088113052,0.011886512551500373,0.16418549122664303,0.004067762991380016,13.9051
200,10,sqrt,20,5,0.6114610691614042,0.011892449107747548,0.1641996988278437,0.0038355807905640998,13.6745
200,10,sqrt,20,10,0.6076656818401844,0.011501859544166352,0.16500492813407217,0.00393559770748701,13.0663
200,10,log2,2,1,0.6643620062086532,0.01493136530877644,0.1525899942922389,0.004204085640088663,17.1568
200,10,log2,2,2,0.665082683945582,0.01364671831578332,0.15243386353034905,0.004062204066021399,17.5868
200,10,log2,2,5,0.6586517781033944,0.01503342908957541,0.1538910143463219,0.004492837131930951,16.4252
200,10,log2,2,10,0.6396019136330178,0.014594807812301167,0.1581260875340708,0.0041639576296464325,14.6794
200,10,log2,5,1,0.6628220188471419,0.014567557088640515,0.15294393130106462,0.00420616976283624,17.7403
200,10,log2,5,2,0.6654001647433414,0.014190220631125385,0.15236273860144703,0.004268573234991312,17.0908
200,10,log2,5,5,0.6586517781033944,0.01503342908957542,0.1538910143463219,0.004492837131930953,16.9974
200,10,log2,5,10,0.6396019136330178,0.014594807812301179,0.1581260875340708,0.0041639576296464325,15.8409
200,10,log2,10,1,0.6572824791402953,0.014865477084334113,0.15420017193034757,0.004444892552969797,16.4741
200,10,log2,10,2,0.660007660980557,0.014776169157832236,0.15358301642952982,0.004346487947731929,16.1046
200,10,log2,10,5,0.6586517781033944,0.015033429089575416,0.1538910143463219,0.004492837131930954,16.624
200,10,log2,10,10,0.6396019136330178,0.014594807812301167,0.1581260875340708,0.004163957629646438,16.065
200,10,log2,20,1,0.6426873214051202,0.014803817701553304,0.15744568235807277,0.004190631413178463,16.6708
200,10,log2,20,2,0.6441555354507796,0.015156394703970578,0.15711739662809415,0.004155581402980946,16.9831
200,10,log2,20,5,0.6439847992930343,0.014148056036400819,0.15716190421593207,0.004065606512338368,16.4002
200,10,log2,20,10,0.639601913633018,0.014594807812301182,0.1581260875340708,0.004163957629646438,15.1011
200,10,0.5,2,1,0.6755760518422156,0.014881265493916784,0.15001922120037742,0.00430876309717611,19.5365
200,10,0.5,2,2,0.6761996159659012,0.015811978292730337,0.14987413822695966,0.004600815810198552,19.9165
200,10,0.5,2,5,0.6714039510843992,0.016163249971670842,0.1509728006987367,0.004451597491824238,18.4373
200,10,0.5,2,10,0.6522685733966491,0.014733996676007334,0.1553199577721357,0.004227871780236883,17.739
200,10,0.5,5,1,0.6751960669638386,0.015660901110105707,0.15010223884216334,0.004426091730265513,19.6495
200,10,0.5,5,2,0.676775168181061,0.015102813745278748,0.1497442132183778,0.004473788113586545,19.9164
200,10,0.5,5,5,0.6714039510843992,0.016163249971670804,0.15097280069873667,0.004451597491824237,18.8432
200,10,0.5,5,10,0.6522685733966492,0.014733996676007319,0.1553199577721357,0.004227871780236875,18.4178
200,10,0.5,10,1,0.6686581947656406,0.01506995713270131,0.15161279738943761,0.004383057987275223,19.3727
200,10,0.5,10,2,0.6718784010712188,0.01600541407579336,0.15087012881105397,0.004603400055027482,20.114
200,10,0.5,10,5,0.6714039510843992,0.016163249971670807,0.1509728006987367,0.004451597491824238,18.2043
200,10,0.5,10,10,0.6522685733966491,0.014733996676007333,0.15531995777213572,0.004227871780236881,18.1409
200,10,0.5,20,1,0.6524046570114611,0.015398007051581284,0.15528617919748441,0.004332677192554358,18.6925
200,10,0.5,20,2,0.6548953106623461,0.01607583586130653,0.1547272780595514,0.004531158935184312,18.6677
200,10,0.5,20,5,0.6547775934114437,0.015423948715294363,0.15475461396401932,0.004340942275773679,19.3119
200,10,0.5,20,10,0.6522685733966491,0.014733996676007334,0.1553199577721357,0.004227871780236878,18.4697
200,10,1.0,2,1,0.6786505393124006,0.018985985489139223,0.1492757392076199,0.004929690639475667,32.8718
200,10,1.0,2,2,0.6807368042773811,0.018461399765787017,0.14879421794690129,0.004866294827822215,31.455
200,10,1.0,2,5,0.6772054247306689,0.017971256101092598,0.14961846609406648,0.00473566373908857,30.1942
200,10,1.0,2,10,0.6568339725023151,0.017684715346609734,0.15427595292187987,0.004614292000577132,28.4693
200,10,1.0,5,1,0.6778043402776157,0.018959148704244016,0.14947304261157862,0.0049323232851398655,31.2211
200,10,1.0,5,2,0.6801011415574247,0.018623607333438177,0.14894083791449822,0.004880638204943746,31.4524
200,10,1.0,5,5,0.6772054247306689,0.01797125610109258,0.14961846609406648,0.004735663739088572,30.0496
200,10,1.0,5,10,0.6568339725023151,0.017684715346609727,0.15427595292187987,0.004614292000577133,28.8975
200,10,1.0,10,1,0.67264608647071,0.018778770464054777,0.1506669456793118,0.004841591533318758,32.2759
200,10,1.0,10,2,0.6747595610009651,0.01850529076495422,0.15018237919092983,0.0048449640562850775,30.7345
200,10,1.0,10,5,0.6772054247306689,0.017971256101092573,0.14961846609406648,0.004735663739088571,30.8937
200,10,1.0,10,10,0.6568339725023151,0.017684715346609748,0.15427595292187987,0.004614292000577137,28.2638
200,10,1.0,20,1,0.6548974967707355,0.01808023169991283,0.1547076046072297,0.00463345882231068,31.8447
200,10,1.0,20,2,0.6563228562839856,0.017936917639961088,0.15438881119538292,0.004631930996063073,32.8915
200,10,1.0,20,5,0.6585936988795688,0.01779165161950714,0.1538784364326102,0.004628156896680487,32.1299
200,10,1.0,20,10,0.6568339725023151,0.01768471534660971,0.15427595292187987,0.004614292000577133,31.1178
200,20,sqrt,2,1,0.6950113425792536,0.011497138967010814,0.14546719154953838,0.003660493200746235,20.4812
200,20,sqrt,2,2,0.6872415382240451,0.010488425438986567,0.1473155625578202,0.0035641988459320342,22.0956
200,20,sqrt,2,5,0.6601320787154905,0.012373500181316272,0.1535625886499303,0.003835203554735488,18.7476
200,20,sqrt,2,10,0.6254410873761005,0.010482693125812289,0.16121877875397703,0.003504109748966224,18.6777
200,20,sqrt,5,1,0.6885441304406041,0.01164507778574919,0.14700567162825462,0.0038320033192321373,23.3931
200,20,sqrt,5,2,0.6870461891789456,0.01081438830197182,0.1473579001936166,0.00353011175578069,21.5243
200,20,sqrt,5,5,0.6601320787154905,0.012373500181316235,0.1535625886499303,0.0038352035547354925,17.852
200,20,sqrt,5,10,0.6254410873761005,0.010482693125812289,0.16121877875397703,0.0035041097489662207,17.8288
200,20,sqrt,10,1,0.6742269823510485,0.011263375923309818,0.1503431994445888,0.0035015135189369957,19.0193
200,20,sqrt,10,2,0.6700806273108741,0.012054460279861134,0.1513032777207821,0.0039772751007057005,20.558
200,20,sqrt,10,5,0.6601320787154905,0.012373500181316256,0.1535625886499303,0.003835203554735494,17.5873
200,20,sqrt,10,10,0.6254410873761005,0.010482693125812282,0.16121877875397703,0.003504109748966225,14.6573
200,20,sqrt,20,1,0.644842674654474,0.011012029562420074,0.15699191479363167,0.0038783761925336043,16.0917
200,20,sqrt,20,2,0.6423973801471728,0.010871455104319193,0.1575310279593857,0.0038192421547904422,15.3362
200,20,sqrt,20,5,0.6362364162985633,0.010628220877206686,0.15888278575422973,0.003762185684029241,13.4068
200,20,sqrt,20,10,0.6254410873761005,0.010482693125812289,0.16121877875397703,0.003504109748966224,14.84
200,20,log2,2,1,0.7162975488344479,0.013625991978294472,0.1402838870494349,0.004099058908218848,23.472
200,20,log2,2,2,0.7130618486273254,0.013353786085278563,0.1410837920366007,0.004036168663299482,19.3572
200,20,log2,2,5,0.6901796928816781,0.01313220443361448,0.1466139223561285,0.004181530928987313,17.1707
200,20,log2,2,10,0.6533308604420336,0.013188038784285075,0.15508778907210424,0.003913777887436989,15.8764
200,20,log2,5,1,0.7122429333755266,0.014380359343466995,0.14127790166841117,0.0042006133094438505,20.0137
200,20,log2,5,2,0.7097607297738034,0.013128516426369873,0.1418947210115194,0.003968528514432085,19.62
200,20,log2,5,5,0.6901796928816781,0.013132204433614483,0.1466139223561285,0.004181530928987301,16.6387
200,20,log2,5,10,0.6533308604420336,0.013188038784285103,0.15508778907210424,0.0039137778874369904,15.7235
200,20,log2,10,1,0.6974471321188466,0.015012136311103624,0.14486738591744777,0.004355363631814828,18.9894
200,20,log2,10,2,0.6975455176190151,0.014340370976844555,0.1448483620484628,0.004239870515239931,18.3647
200,20,log2,10,5,0.6901796928816781,0.01313220443361448,0.1466139223561285,0.004181530928987308,17.2192
200,20,log2,10,10,0.6533308604420336,0.01318803878428503,0.15508778907210424,0.003913777887436982,16.4532
200,20,log2,20,1,0.6681500929386485,0.014087130542299592,0.15173365176023407,0.004194767182284354,17.6349
200,20,log2,20,2,0.6670383234371228,0.014612548752373646,0.15198314020504053,0.004217942071040474,17.8957
200,20,log2,20,5,0.6637322068113767,0.012403809696777013,0.15274628274211502,0.003829201899269054,16.9439
200,20,log2,20,10,0.6533308604420336,0.01318803878428507,0.15508778907210424,0.003913777887436982,15.6256
200,20,0.5,2,1,0.7234984303095731,0.013767008919421297,0.13848556502299045,0.004031737946139005,27.0685
200,20,0.5,2,2,0.7223483213733694,0.013384267178929377,0.13878145981401072,0.004128631491295153,22.8841
200,20,0.5,2,5,0.6987149519888721,0.0131716095272501,0.144573479556087,0.00402176122836375,19.4212
200,20,0.5,2,10,0.6652607094835391,0.01401361763511594,0.1523915415297513,0.004106847172311516,18.8585
200,20,0.5,5,1,0.7202541462800662,0.015367614011825464,0.1392917642371137,0.004520773665318891,24.6698
200,20,0.5,5,2,0.7206027107274443,0.013650321225491929,0.13921027724016646,0.003980087423686809,23.6939
200,20,0.5,5,5,0.6987149519888721,0.013171609527250067,0.144573479556087,0.004021761228363746,20.5949
200,20,0.5,5,10,0.6652607094835391,0.014013617635115974,0.1523915415297513,0.0041068471723115195,18.3786
200,20,0.5,10,1,0.7050959680340222,0.015059666668113633,0.14302108912506437,0.004349698476260304,21.8872
200,20,0.5,10,2,0.7052263857081178,0.014183396967863502,0.14299078532149717,0.0040497410700636475,22.6766
200,20,0.5,10,5,0.6987149519888721,0.013171609527250097,0.144573479556087,0.004021761228363747,20.4776
200,20,0.5,10,10,0.6652607094835391,0.014013617635115973,0.1523915415297513,0.004106847172311524,19.4992
200,20,0.5,20,1,0.674933958516756,0.013823530213062759,0.15016947721003948,0.003975543223923284,20.7919
200,20,0.5,20,2,0.6741619807781588,0.015398658013658294,0.1503409041564717,0.004309589094160639,22.4913
200,20,0.5,20,5,0.6728288688515534,0.015420144524544177,0.15064828282935366,0.00430926424572499,21.053
200,20,0.5,20,10,0.6652607094835391,0.014013617635116002,0.1523915415297513,0.0041068471723115264,20.3553
200,20,1.0,2,1,0.7241093979775679,0.016657931540537865,0.13830822788683114,0.004529184009454938,48.9489
200,20,1.0,2,2,0.7236948422757151,0.016214053731230797,0.13841791211024926,0.004497168801944673,42.778
200,20,1.0,2,5,0.7067611693488342,0.01587822649514878,0.14260517435394657,0.004359042926435559,35.9358
200,20,1.0,2,10,0.6714822236983935,0.01654617604728088,0.1509485015127721,0.004407109072311701,32.5711
200,20,1.0,5,1,0.7208886200955897,0.016596952017813204,0.1391160137058717,0.0045245949479341095,43.6525
200,20,1.0,5,2,0.7221931087061352,0.016462915567224443,0.1387910594294708,0.004504410254061638,41.2878
200,20,1.0,5,5,0.7067611693488342,0.01587822649514881,0.14260517435394657,0.004359042926435561,35.6082
200,20,1.0,5,10,0.6714822236983935,0.016546176047280915,0.1509485015127721,0.004407109072311698,32.8284
200,20,1.0,10,1,0.7075755967777771,0.017150376277239348,0.1423964960518581,0.004568558235121775,39.7754
200,20,1.0,10,2,0.7087545078723544,0.01665713132865806,0.142114144238926,0.004531564601882699,38.9398
200,20,1.0,10,5,0.7067611693488342,0.01587822649514881,0.14260517435394657,0.004359042926435561,35.8243
200,20,1.0,10,10,0.6714822236983935,0.016546176047280897,0.1509485015127721,0.004407109072311703,33.516
200,20,1.0,20,1,0.6769964995139489,0.017001465047486383,0.14966960629570034,0.004427078782615276,37.1236
200,20,1.0,20,2,0.6777203887678779,0.01672134333148843,0.1495045506789468,0.004417426267004006,36.6515
200,20,1.0,20,5,0.6776523668909393,0.016295082243554946,0.14952280630922649,0.004339595547713601,33.705
200,20,1.0,20,10,0.6714822236983935,0.016546176047280908,0.1509485015127721,0.004407109072311698,32.1443
500,,sqrt,2,1,0.6993235712610939,0.012589125619431032,0.1444310372276161,0.003935552031696698,47.2201
500,,sqrt,2,2,0.6916360659502498,0.010903017168046257,0.1462781978574333,0.003774814117962443,41.3955
500,,sqrt,2,5,0.6628890375235891,0.011652000232917016,0.15294380955578696,0.0038314478084664908,36.4304
500,,sqrt,2,10,0.6264302963889674,0.011068707701510522,0.16101103453114848,0.003888283173924899,33.5258
500,,sqrt,5,1,0.6917161582819404,0.012486862069616963,0.14625001612112737,0.003948624874388038,41.4617
500,,sqrt,5,2,0.6899828916717639,0.011830564555739036,0.1466641134703856,0.0038562381181857573,39.7493
500,,sqrt,5,5,0.6628890375235891,0.011652000232917,0.15294380955578696,0.003831447808466492,39.0812
500,,sqrt,5,10,0.6264302963889674,0.011068707701510555,0.16101103453114848,0.0038882831739249046,36.8309
500,,sqrt,10,1,0.6758849091704544,0.011905773117770488,0.1499610541837422,0.0037593795866300013,40.5643
500,,sqrt,10,2,0.6735223900391303,0.012290734300809616,0.15051167592276077,0.004059035882624252,38.3486
500,,sqrt,10,5,0.6628890375235891,0.011652000232916982,0.15294380955578696,0.003831447808466494,36.9011
500,,sqrt,10,10,0.6264302963889674,0.011068707701510565,0.16101103453114848,0.0038882831739249055,35.5522
500,,sqrt,20,1,0.6469069097887543,0.012531335057718597,0.15653019193051082,0.0041282978689674505,39.3709
500,,sqrt,20,2,0.6439893250712865,0.011908569654109871,0.1571790509472006,0.004071496787453652,39.689
500,,sqrt,20,5,0.638259440061483,0.0113654414015791,0.15843870584956807,0.0038947496082488964,35.2734
500,,sqrt,20,10,0.6264302963889674,0.011068707701510552,0.16101103453114848,0.0038882831739249024,34.7768
500,,log2,2,1,0.7190941092940054,0.013892409486042378,0.13958991366126225,0.00421745570551615,59.5238
500,,log2,2,2,0.7136793440656697,0.013521406964011549,0.1409334383647069,0.004167140995490237,50.9639
500,,log2,2,5,0.6896411542698637,0.01348032072705333,0.14673836814455157,0.004181533414294689,47.953
500,,log2,2,10,0.6545448168403176,0.013266516724860428,0.1548170442544899,0.003982459679895835,55.1572
500,,log2,5,1,0.713748437418901,0.01326005028943605,0.14091983469674912,0.0041766015329560615,61.4147
500,,log2,5,2,0.7116630921033134,0.013911607961304992,0.14142804341694207,0.004258636576032885,59.2748
500,,log2,5,5,0.6896411542698637,0.013480320727053343,0.14673836814455157,0.0041815334142946865,57.8898
500,,log2,5,10,0.6545448168403175,0.013266516724860384,0.1548170442544899,0.003982459679895831,53.3265
500,,log2,10,1,0.6971244663163431,0.014289349778200027,0.14494964485823306,0.0042514244800790826,57.6567
500,,log2,10,2,0.6966559251019281,0.014114792156248827,0.14506477987081162,0.004263740219317018,52.1548
500,,log2,10,5,0.6896411542698637,0.013480320727053359,0.14673836814455157,0.004181533414294689,51.8633
500,,log2,10,10,0.6545448168403175,0.013266516724860412,0.1548170442544899,0.003982459679895831,49.0307
500,,log2,20,1,0.6686185920289455,0.014716925433425728,0.15162158697555364,0.004246503785427025,43.8565
500,,log2,20,2,0.6674997258999109,0.014666389033121634,0.1518789520634552,0.004276531242204162,42.7667
500,,log2,20,5,0.6644797821016972,0.01319940633583976,0.15257275722843427,0.003960443558201727,40.1737
500,,log2,20,10,0.6545448168403176,0.01326651672486039,0.1548170442544899,0.003982459679895831,37.397
500,,0.5,2,1,0.7250855901595072,0.014631398705482006,0.13808229560787927,0.004253543272077297,65.635
500,,0.5,2,2,0.7228988012778229,0.014408948372149148,0.13863304626382617,0.004204180740721636,56.9048
500,,0.5,2,5,0.6999362034150648,0.014328472393360995,0.1442693811100916,0.0040963139999984875,49.3527
500,,0.5,2,10,0.6655437904448862,0.014724098163021969,0.1523251640899237,0.00428167749538338,43.7032
500,,0.5,5,1,0.720610341467539,0.01516767263465399,0.13920056523657778,0.004360174337961423,59.0229
500,,0.5,5,2,0.7206500683727548,0.014859501173960486,0.13919109012612857,0.0042503573184406885,56.0216
500,,0.5,5,5,0.6999362034150648,0.014328472393361009,0.1442693811100916,0.004096313999998485,49.2064
500,,0.5,5,10,0.6655437904448862,0.014724098163021948,0.1523251640899237,0.004281677495383376,44.8418
500,,0.5,10,1,0.7061155620545454,0.01530873323732636,0.14277129378707729,0.004372253632569733,54.0716
500,,0.5,10,2,0.7058480041028204,0.015073708732302396,0.14283517310561417,0.0042602289970691395,51.6205
500,,0.5,10,5,0.6999362034150648,0.014328472393360995,0.1442693811100916,0.0040963139999984875,49.0041
500,,0.5,10,10,0.6655437904448862,0.014724098163021964,0.1523251640899237,0.00428167749538338,45.669
500,,0.5,20,1,0.6753732592907807,0.01547513895718619,0.15005922966703739,0.0042753195022439865,54.0916
500,,0.5,20,2,0.6759514050873723,0.015829309130349422,0.1499247365526895,0.004390849872838691,49.9919
500,,0.5,20,5,0.6730005790154868,0.015098652937045869,0.15061073590887802,0.004260145501065246,49.512
500,,0.5,20,10,0.6655437904448862,0.014724098163021964,0.1523251640899237,0.004281677495383381,52.0176
500,,1.0,2,1,0.726438977114051,0.015726790942210425,0.13773047316777004,0.004390882219473285,121.1345
500,,1.0,2,2,0.7254214063518887,0.015457923777244883,0.13798976188622641,0.004363629885689375,101.2085
500,,1.0,2,5,0.7075809267889643,0.015247584013880423,0.14240947576433488,0.004230645277241426,87.0601
500,,1.0,2,10,0.672700711403672,0.01573203333024594,0.15067212052417311,0.0042422709021770885,79.1445
500,,1.0,5,1,0.7230096360763867,0.01603314541568236,0.13858964195787155,0.004420173265043639,105.3462
500,,1.0,5,2,0.7237081664658686,0.015550396361706863,0.13841898021388668,0.0043563885474516215,99.0967
500,,1.0,5,5,0.7075809267889643,0.015247584013880417,0.14240947576433488,0.004230645277241426,85.7442
500,,1.0,5,10,0.672700711403672,0.015732033330245945,0.15067212052417311,0.004242270902177092,77.1285
500,,1.0,10,1,0.7090228689213921,0.016273659658654877,0.14205036613552074,0.004432899562506624,94.9618
500,,1.0,10,2,0.7097630185150801,0.015812841563645146,0.14187297927351558,0.0043618066399573096,92.5002
500,,1.0,10,5,0.7075809267889643,0.015247584013880423,0.14240947576433488,0.004230645277241426,85.4805
500,,1.0,10,10,0.672700711403672,0.015732033330245938,0.15067212052417311,0.0042422709021770885,76.3383
500,,1.0,20,1,0.6779576443202875,0.016449078335378616,0.14945030886266636,0.004344262897619644,88.2262
500,,1.0,20,2,0.6786531708854705,0.016279650690423208,0.14929006909939307,0.004329420121441943,86.3693
500,,1.0,20,5,0.6784898102071837,0.01594203077750533,0.14933052278541276,0.004282707565628936,82.483
500,,1.0,20,10,0.672700711403672,0.015732033330245938,0.15067212052417311,0.00424227090217709,76.1248
500,5,sqrt,2,1,0.43283992567258445,0.010803708090945307,0.1984075127119049,0.004404364044836503,28.3554
500,5,sqrt,2,2,0.43269753512997866,0.01077688088403939,0.19843218368159316,0.0043900503338189,27.7318
500,5,sqrt,2,5,0.4328792595327003,0.010585525729509377,0.19840006720472161,0.00434606988893644,28.8456
500,5,sqrt,2,10,0.43323485597945843,0.01086149923518323,0.1983372084286504,0.004357865416344889,26.3719
500,5,sqrt,5,1,0.4326821419905601,0.010695419697956317,0.19843473628096345,0.004371919064579179,28.4303
500,5,sqrt,5,2,0.4327083451482311,0.010670628242677761,0.19843013184280658,0.004367691084996414,27.6587
500,5,sqrt,5,5,0.4328792595327003,0.010585525729509373,0.19840006720472161,0.004346069888936441,27.6997
500,5,sqrt,5,10,0.43323485597945843,0.01086149923518323,0.1983372084286504,0.004357865416344889,27.8005
500,5,sqrt,10,1,0.43274522314935676,0.010456743642935475,0.19842375743204888,0.004339097723933223,27.2571
500,5,sqrt,10,2,0.4327467492688344,0.010466327663848304,0.19842380347132904,0.00435514764833842,29.3368
500,5,sqrt,10,5,0.4328792595327003,0.010585525729509406,0.1984000672047216,0.004346069888936446,26.0321
500,5,sqrt,10,10,0.43323485597945843,0.010861499235183251,0.19833720842865038,0.004357865416344884,28.4768
500,5,sqrt,20,1,0.43282363716352484,0.010675056555198929,0.19840929340365254,0.004336937723089625,33.4174
500,5,sqrt,20,2,0.43292237303213044,0.010738287427506312,0.1983921291895734,0.004351270330159599,32.3693
500,5,sqrt,20,5,0.43300302926714396,0.010858999856064706,0.19837781135844887,0.004359365199551564,31.602
500,5,sqrt,20,10,0.43323485597945843,0.01086149923518324,0.1983372084286504,0.004357865416344892,33.8841
500,5,log2,2,1,0.4659947005747781,0.015056255531173394,0.19250433841654643,0.004439307297121168,40.1844
500,5,log2,2,2,0.4662489280689914,0.014941037922548512,0.19245924603525322,0.004446214520652016,39.9077
500,5,log2,2,5,0.46643011374959065,0.015024313851889503,0.1924257582336786,0.004429922314597101,43.2102
500,5,log2,2,10,0.46714622407917783,0.014807451222796048,0.19229719040846976,0.0044101182984366905,44.7119
500,5,log2,5,1,0.46611705035165496,0.01488311657564032,0.19248314075076967,0.004438477457327833,39.0751
500,5,log2,5,2,0.4662757315356199,0.014891603079376077,0.19245461573321562,0.004444157214107032,38.1177
500,5,log2,5,5,0.46643011374959065,0.01502431385188951,0.1924257582336786,0.004429922314597101,39.936
500,5,log2,5,10,0.46714622407917783,0.014807451222796062,0.19229719040846976,0.004410118298436694,36.4993
500,5,log2,10,1,0.4663241617664452,0.014812158035773515,0.19244534979960065,0.004404683977511286,35.1465
500,5,log2,10,2,0.46644676248999134,0.01487166004783236,0.19242325111428582,0.0044181265793589485,38.371
500,5,log2,10,5,0.46643011374959065,0.015024313851889503,0.1924257582336786,0.004429922314597097,38.1242
500,5,log2,10,10,0.46714622407917783,0.014807451222796045,0.19229719040846976,0.004410118298436694,35.8686
500,5,log2,20,1,0.4666441908087419,0.014702089506372733,0.19238813917216474,0.004403223459973113,30.6261
500,5,log2,20,2,0.46677454799258317,0.014754748352357776,0.19236455914594483,0.004411740903724406,32.4493
500,5,log2,20,5,0.46685030726462085,0.014822653999702552,0.19235046892660582,0.0044083864365508044,29.9998
500,5,log2,20,10,0.46714622407917783,0.014807451222796062,0.19229719040846976,0.0044101182984366966,30.7016
500,5,0.5,2,1,0.47880462763850345,0.016474533863094477,0.1901664326502626,0.0041544918531902725,36.2395
500,5,0.5,2,2,0.4788616993393916,0.016415176587151796,0.19015607598575593,0.004141860694407188,37.6342
500,5,0.5,2,5,0.4790452411836304,0.01638377671408603,0.1901225412029407,0.00413246018289498,35.9749
500,5,0.5,2,10,0.47918139399216564,0.01640056045167971,0.19009748702054532,0.0041276939666020284,36.0385
500,5,0.5,5,1,0.47880209239819616,0.01642819396037259,0.1901668738506705,0.004141531289141376,34.2742
500,5,0.5,5,2,0.47886912521543656,0.016415534439905392,0.19015460513021787,0.004136826187292855,36.4882
500,5,0.5,5,5,0.4790452411836304,0.016383776714086022,0.1901225412029407,0.004132460182894981,36.1581
500,5,0.5,5,10,0.4791813939921655,0.01640056045167973,0.19009748702054535,0.004127693966602035,36.0785
500,5,0.5,10,1,0.47891910614737754,0.016387415084898008,0.1901457948980761,0.004143346900860933,35.2613
500,5,0.5,10,2,0.47898257064937316,0.016369847781139223,0.1901341527787867,0.004136385698443679,35.8942
500,5,0.5,10,5,0.4790452411836304,0.016383776714086,0.1901225412029407,0.004132460182894977,36.5939
500,5,0.5,10,10,0.4791813939921655,0.016400560451679733,0.19009748702054532,0.004127693966602038,36.6315
500,5,0.5,20,1,0.47878637783915073,0.0163961143543481,0.19016957354677647,0.004125359251389436,38.5661
500,5,0.5,20,2,0.47885316684493084,0.01638304777695074,0.1901573102607731,0.00411880295823057,43.6837
500,5,0.5,20,5,0.4789122929392919,0.016379344883547406,0.19014627831367675,0.0041070646747687675,43.1697
500,5,0.5,20,10,0.4791813939921655,0.01640056045167976,0.19009748702054535,0.004127693966602044,41.3353
500,5,1.0,2,1,0.4758097867656314,0.02002213980929368,0.19068554273939126,0.003975878746335574,56.7691
500,5,1.0,2,2,0.475874022811069,0.020014123620548933,0.19067388014164263,0.003974705396688031,56.8608
500,5,1.0,2,5,0.4759865807964669,0.020034171081226092,0.19065329885876753,0.003976933841932145,56.7591
500,5,1.0,2,10,0.47610840389259435,0.02006356652453109,0.19063092548704566,0.003978189595265861,58.11
500,5,1.0,5,1,0.47580925129612106,0.02002027536211745,0.1906856497880838,0.003975729692482952,58.72
500,5,1.0,5,2,0.4758717378734244,0.020013864386908223,0.19067429371729278,0.003974501158718282,58.0172
500,5,1.0,5,5,0.4759865807964669,0.020034171081226054,0.19065329885876753,0.0039769338419321405,54.0422
500,5,1.0,5,10,0.47610840389259435,0.020063566524531076,0.19063092548704566,0.003978189595265856,53.1309
500,5,1.0,10,1,0.4758099611799585,0.020027332455155752,0.19068549546545266,0.003976826157279205,58.0654
500,5,1.0,10,2,0.4758707902102202,0.020021803523390346,0.19067443813398893,0.003975758627817768,59.1123
500,5,1.0,10,5,0.4759865807964669,0.020034171081226043,0.19065329885876753,0.003976933841932141,60.3041
500,5,1.0,10,10,0.47610840389259435,0.02006356652453109,0.19063092548704566,0.003978189595265861,60.1438
500,5,1.0,20,1,0.47578603544007236,0.020036494204097803,0.1906897791198482,0.003976532298819157,58.2167
500,5,1.0,20,2,0.4758442985794985,0.020037741668007824,0.1906791706840903,0.003976821486881599,57.1679
500,5,1.0,20,5,0.4759582652558386,0.020039203878421435,0.19065840359991243,0.00397628135668567,59.2841
500,5,1.0,20,10,0.47610840389259435,0.020063566524531076,0.19063092548704566,0.003978189595265861,58.9805
500,10,sqrt,2,1,0.6321899962613672,0.01316953678500969,0.1597601717117606,0.004282826351041112,42.1277
500,10,sqrt,2,2,0.6312020885886465,0.011270809140416917,0.15997675996949354,0.003845614008549133,45.5363
500,10,sqrt,2,5,0.6267943046534487,0.010831838774167804,0.16093346638551698,0.0038643052433921924,40.2168
500,10,sqrt,2,10,0.6089614753334731,0.012485893183742885,0.16473226323150797,0.004190708357310278,39.1714
500,10,sqrt,5,1,0.6295359337260445,0.013251911538610946,0.16033417536548414,0.004247924716730899,42.5085
500,10,sqrt,5,2,0.6312815130211915,0.011873017212379204,0.15996290258382992,0.0041396374342093775,41.6442
500,10,sqrt,5,5,0.6267943046534487,0.01083183877416781,0.16093346638551695,0.0038643052433921946,38.4597
500,10,sqrt,5,10,0.6089614753334731,0.012485893183742889,0.16473226323150797,0.004190708357310269,39.5395
500,10,sqrt,10,1,0.6261063559160868,0.012425777151214394,0.1610770469277522,0.004101010732966847,40.862
500,10,sqrt,10,2,0.6268252953462079,0.010784241876079783,0.16092708074839265,0.0038656744624273555,41.4381
500,10,sqrt,10,5,0.6267943046534487,0.010831838774167804,0.16093346638551698,0.0038643052433921924,39.32
500,10,sqrt,10,10,0.6089614753334731,0.012485893183742871,0.16473226323150797,0.004190708357310276,37.3396
500,10,sqrt,20,1,0.6130419051916471,0.012341667968911717,0.1638712271359853,0.004195276761304128,39.9485
500,10,sqrt,20,2,0.6140745629800645,0.01240623059748083,0.16365315340831008,0.0042437697704262286,40.4711
500,10,sqrt,20,5,0.6134610675157911,0.011923123373403921,0.16378119756000573,0.004041672407198749,40.4354
500,10,sqrt,20,10,0.6089614753334731,0.01248589318374289,0.16473226323150797,0.00419070835731027,40.2206
500,10,log2,2,1,0.6642201207291651,0.015132818569622909,0.15262463590165018,0.0043556505727484094,48.5448
500,10,log2,2,2,0.6645803000824374,0.014342919276824335,0.15254607664258435,0.004213648700698696,50.5629
500,10,log2,2,5,0.6587433891782598,0.014939894502298968,0.1538717657587657,0.004506523233485413,50.1315
500,10,log2,2,10,0.6399224402424185,0.014659845407130473,0.158058100794245,0.0042693027152473605,46.1416
500,10,log2,5,1,0.662990483062438,0.01461593558857891,0.15290808755172902,0.004310752523780071,47.0546
500,10,log2,5,2,0.6654219199896992,0.014450469721621492,0.15235755567432735,0.004345729500183255,48.2592
500,10,log2,5,5,0.6587433891782598,0.014939894502298968,0.1538717657587657,0.00450652323348541,48.0236
500,10,log2,5,10,0.6399224402424186,0.014659845407130447,0.15805810079424498,0.004269302715247356,53.5609
500,10,log2,10,1,0.6575302923497593,0.015377747205370702,0.15414207532134944,0.004534169002654003,62.9469
500,10,log2,10,2,0.6595157084404463,0.014497516363987495,0.1536970014280141,0.004346575623842634,58.5619
500,10,log2,10,5,0.6587433891782598,0.014939894502298968,0.1538717657587657,0.0045065232334854065,63.7614
500,10,log2,10,10,0.6399224402424185,0.01465984540713048,0.158058100794245,0.0042693027152473605,64.8582
500,10,log2,20,1,0.6433334090167329,0.014780472234498377,0.15730707860663815,0.004317449134477098,60.8636
500,10,log2,20,2,0.6441631911082085,0.01545190672365731,0.1571202404560932,0.004411953721674946,64.1814
500,10,log2,20,5,0.6444292612487341,0.014256322547584988,0.1570657465716089,0.004167721550766934,59.6172
500,10,log2,20,10,0.6399224402424186,0.014659845407130475,0.158058100794245,0.004269302715247362,61.4629
500,10,0.5,2,1,0.6763844543176788,0.015528402703833424,0.149828666757234,0.004417723637152964,70.5828
500,10,0.5,2,2,0.6774339576769026,0.015707054190223706,0.14958626987688822,0.004516979892550853,68.0713
500,10,0.5,2,5,0.671750963210725,0.01559317280187542,0.15089771051321202,0.004400610286116694,72.8551
500,10,0.5,2,10,0.6521444280037555,0.015299385278460682,0.15534331628478343,0.004258485325148283,64.6376
500,10,0.5,5,1,0.675594786528823,0.016309329596900225,0.15000926395002595,0.0046333094160498295,54.6277
500,10,0.5,5,2,0.677701937551268,0.016057283319795897,0.14952169885143413,0.004571300364782574,54.8896
500,10,0.5,5,5,0.671750963210725,0.015593172801875424,0.15089771051321202,0.004400610286116694,56.8122
500,10,0.5,5,10,0.6521444280037555,0.015299385278460685,0.15534331628478343,0.0042584853251482835,51.1695
500,10,0.5,10,1,0.6694931373124221,0.01573754271800449,0.15141749983839747,0.004480148899586602,49.2861
500,10,0.5,10,2,0.6712612977617493,0.016587580278777474,0.15100678906087028,0.004642619696453941,51.8797
500,10,0.5,10,5,0.671750963210725,0.01559317280187542,0.15089771051321202,0.004400610286116694,50.0978
500,10,0.5,10,10,0.6521444280037555,0.015299385278460692,0.15534331628478343,0.004258485325148284,47.5026
500,10,0.5,20,1,0.653592199262953,0.01586951109924502,0.15501927675408875,0.0044498602099404105,52.4599
500,10,0.5,20,2,0.6555539381690665,0.01614868365939843,0.1545782817479619,0.0045141970018649094,50.146
500,10,0.5,20,5,0.6553334870465658,0.01600827014661148,0.15462850259064204,0.004490665991065108,48.6662
500,10,0.5,20,10,0.6521444280037555,0.015299385278460672,0.15534331628478343,0.004258485325148278,48.0606
500,10,1.0,2,1,0.6798944670564879,0.018369388205780657,0.14899134485374027,0.004855870805323901,82.5662
500,10,1.0,2,2,0.6818131632991749,0.01790441108526789,0.14854653062636958,0.004774128084303239,83.6455
500,10,1.0,2,5,0.6779988377379744,0.017240385422359807,0.1494388884088603,0.004601427753427851,79.0642
500,10,1.0,2,10,0.6580187342906347,0.017022687400858418,0.15401204767078575,0.0044723065968351365,74.1243
500,10,1.0,5,1,0.6791058440399512,0.01841117296685182,0.14917444516770606,0.00485097576519492,82.0186
500,10,1.0,5,2,0.6812478602498772,0.017948863006584312,0.14867803368626978,0.004771522472141324,83.6285
500,10,1.0,5,5,0.6779988377379744,0.017240385422359807,0.1494388884088603,0.004601427753427851,79.8312
500,10,1.0,5,10,0.6580187342906347,0.01702268740085843,0.15401204767078575,0.0044723065968351365,74.31
500,10,1.0,10,1,0.6735929160650806,0.018134175162462348,0.15045382029766705,0.004761346045142573,78.9312
500,10,1.0,10,2,0.6755408541029632,0.01781339253422129,0.15000624801555992,0.004729232739208268,80.8984
500,10,1.0,10,5,0.6779988377379744,0.017240385422359804,0.1494388884088603,0.004601427753427854,77.3786
500,10,1.0,10,10,0.6580187342906347,0.017022687400858435,0.15401204767078575,0.004472306596835131,74.742
500,10,1.0,20,1,0.6559261381352355,0.017573743058773225,0.15447994177188706,0.004561962980289072,79.3387
500,10,1.0,20,2,0.657363096007607,0.017483447964456486,0.15415730768883912,0.004556334077342014,79.5535
500,10,1.0,20,5,0.6596080134417526,0.0173316108074403,0.15365189692595813,0.004544095952746349,80.6433
500,10,1.0,20,10,0.6580187342906347,0.01702268740085843,0.15401204767078575,0.0044723065968351365,84.9387
500,20,sqrt,2,1,0.6970383661383226,0.011856097556197672,0.1449828365179825,0.0037994304042293777,56.7618
500,20,sqrt,2,2,0.6907516811909874,0.011022911307217373,0.14648542131852696,0.003719342876756925,56.5322
500,20,sqrt,2,5,0.662653161421316,0.011666211478830242,0.15299732172822905,0.00383709829252844,50.8259
500,20,sqrt,2,10,0.6264103917496364,0.011082254788634036,0.1610150937050322,0.0038823492508158384,47.9642
500,20,sqrt,5,1,0.6919632163269303,0.012551104579903657,0.1461941749251377,0.004076566717533478,60.3211
500,20,sqrt,5,2,0.6893080071715832,0.01149707414910274,0.1468264190230677,0.0038443101863776703,50.5575
500,20,sqrt,5,5,0.662653161421316,0.01166621147883025,0.15299732172822905,0.0038370982925284443,47.1587
500,20,sqrt,5,10,0.6264103917496364,0.011082254788634062,0.1610150937050322,0.003882349250815843,46.9545
500,20,sqrt,10,1,0.6761319943232661,0.011656391869056511,0.14991019132300307,0.003923164951690467,49.5315
500,20,sqrt,10,2,0.6729672066222621,0.011993522946314793,0.15064049241967523,0.003997510319707708,49.5239
500,20,sqrt,10,5,0.662653161421316,0.011666211478830254,0.15299732172822905,0.0038370982925284435,45.227
500,20,sqrt,10,10,0.6264103917496364,0.01108225478863405,0.1610150937050322,0.0038823492508158384,45.9553
500,20,sqrt,20,1,0.6468155412499502,0.012066186061486527,0.15655203636803974,0.004054984618813906,42.0389
500,20,sqrt,20,2,0.6442306916908824,0.011821274053484886,0.1571256822336728,0.004043939344192625,44.0393
500,20,sqrt,20,5,0.6382708510997966,0.011441150211776222,0.15843645125390754,0.003925536671603298,44.0663
500,20,sqrt,20,10,0.6264103917496364,0.01108225478863405,0.1610150937050322,0.0038823492508158397,42.4053
500,20,log2,2,1,0.7183334122337206,0.013466533721618969,0.13978417780965707,0.0042150401309696715,66.6625
500,20,log2,2,2,0.7140371018523048,0.013613996163029376,0.14084465909488103,0.004182648961008165,61.7083
500,20,log2,2,5,0.6899007871576776,0.013480699368691432,0.14667728524557896,0.004194849658259258,52.4045
500,20,log2,2,10,0.6545338933049453,0.013250908817938499,0.15481958257171521,0.003980695964202833,48.209
500,20,log2,5,1,0.7133935081782324,0.01452828009475037,0.14099857810939698,0.0043736026303091554,57.7586
500,20,log2,5,2,0.7112765577337868,0.013811942621899581,0.14152310816504182,0.004220638314358731,57.7457
500,20,log2,5,5,0.6899007871576776,0.013480699368691429,0.146677285245579,0.004194849658259264,53.1164
500,20,log2,5,10,0.6545338933049452,0.01325090881793849,0.15481958257171521,0.003980695964202836,47.1845
500,20,log2,10,1,0.6976723069252699,0.013976947648484124,0.14482049347431497,0.004202232983597059,56.9675
500,20,log2,10,2,0.6968593780065131,0.01395119359854701,0.14501792191025337,0.004265858098702688,52.9114
500,20,log2,10,5,0.6899007871576776,0.013480699368691432,0.14667728524557896,0.004194849658259258,52.5481
500,20,log2,10,10,0.6545338933049453,0.013250908817938483,0.15481958257171521,0.003980695964202832,48.4275
500,20,log2,20,1,0.6684272588965823,0.014508912735013892,0.1516666623912793,0.004220942397407414,55.2745
500,20,log2,20,2,0.6675017766652727,0.014466037420117733,0.15187972335319996,0.004250927642644281,50.4016
500,20,log2,20,5,0.6644475671660116,0.013268272479918708,0.15257975703038174,0.003970804328011768,49.2228
500,20,log2,20,10,0.6545338933049453,0.013250908817938483,0.15481958257171521,0.003980695964202833,48.3955
500,20,0.5,2,1,0.7246221668515559,0.014797848190742662,0.1381992679693053,0.0043300504955674085,80.7511
500,20,0.5,2,2,0.7229822088691087,0.014417647118433928,0.1386132334264132,0.00423770853079658,68.667
500,20,0.5,2,5,0.6998994830926671,0.014246898504040494,0.14427906211104957,0.0040937784372869265,64.0672
500,20,0.5,2,10,0.6655357494151166,0.014721651662346702,0.1523269906367833,0.004280652123814269,58.1796
500,20,0.5,5,1,0.7212001916955662,0.015386481139163272,0.13905308246344247,0.004456888275611322,74.34
500,20,0.5,5,2,0.7215675343392469,0.014160212715407844,0.13896881039672232,0.004171698136630323,69.3819
500,20,0.5,5,5,0.6998994830926671,0.014246898504040487,0.14427906211104957,0.0040937784372869265,63.249
500,20,0.5,5,10,0.6655357494151166,0.014721651662346702,0.1523269906367833,0.004280652123814269,57.1804
500,20,0.5,10,1,0.7057670220316281,0.015285021009340424,0.1428576564718674,0.004419679904552664,64.7763
500,20,0.5,10,2,0.7055887521182671,0.015075630868148802,0.1428988176504732,0.004278437349836134,63.9983
500,20,0.5,10,5,0.6998994830926671,0.014246898504040487,0.14427906211104957,0.0040937784372869265,65.4723
500,20,0.5,10,10,0.6655357494151166,0.014721651662346702,0.1523269906367833,0.004280652123814269,65.576
500,20,0.5,20,1,0.6756272309757023,0.015413556992553723,0.15000092832405434,0.004273188317349538,63.5785
500,20,0.5,20,2,0.6758923731428395,0.015784052579067804,0.14993969110215896,0.004417354120950122,64.8704
500,20,0.5,20,5,0.6729238294664437,0.015106292303801878,0.15062801184311478,0.004248908905847267,67.9674
500,20,0.5,20,10,0.6655357494151166,0.014721651662346716,0.1523269906367833,0.004280652123814273,60.0394
500,20,1.0,2,1,0.7261273984597318,0.015921697234747945,0.13780649307901546,0.0043996072707280995,133.3492
500,20,1.0,2,2,0.725269758213867,0.015453488612321244,0.1380278919149576,0.004360411949545761,127.4037
500,20,1.0,2,5,0.7075695488939802,0.01524961874156227,0.14241224090224264,0.004231196006584689,106.0005
500,20,1.0,2,10,0.6727008301739283,0.015731915570357764,0.1506720928962348,0.004242218595019197,93.8694
500,20,1.0,5,1,0.7226173772530706,0.016028556898473434,0.1386880842557099,0.0044246777560820304,122.7904
500,20,1.0,5,2,0.7235198859814931,0.015594171239125668,0.13846545631155147,0.0043507154297551184,116.5316
500,20,1.0,5,5,0.7075695488939802,0.015249618741562249,0.14241224090224264,0.004231196006584691,109.1822
500,20,1.0,5,10,0.6727008301739283,0.01573191557035774,0.1506720928962348,0.004242218595019197,104.6061
500,20,1.0,10,1,0.7088224179003149,0.01637477590772501,0.14209821430060365,0.004437782455026537,121.4275
500,20,1.0,10,2,0.7096976498718865,0.01582847584665877,0.14188880010569674,0.00436225458380161,117.1574
500,20,1.0,10,5,0.7075695488939802,0.015249618741562273,0.14241224090224264,0.004231196006584687,112.7971
500,20,1.0,10,10,0.6727008301739283,0.01573191557035776,0.15067209289623482,0.0042422185950191935,100.6414
500,20,1.0,20,1,0.6779269821014284,0.016449281667617683,0.14945741119879635,0.004343337814925829,116.7511
500,20,1.0,20,2,0.6786260777957331,0.016281515652902142,0.1492963602246759,0.004329797787161321,107.7347
500,20,1.0,20,5,0.6784839853934214,0.0159439724063058,0.1493318637175624,0.004283004297380865,110.4953
500,20,1.0,20,10,0.6727008301739283,0.015731915570357753,0.1506720928962348,0.004242218595019193,97.7501
