n_estimators,max_depth,max_features,min_samples_split,min_samples_leaf,mean_f1,std_f1,mean_accuracy,std_accuracy,time_s
50,,sqrt,2,1,0.979204229077081,0.007682914520088693,0.979220779220779,0.007695406421918264,0.9006
50,,sqrt,2,2,0.976178091694362,0.008895803815482708,0.976190476190476,0.008924471051120481,0.8739
50,,sqrt,2,5,0.9701818712824473,0.007806200034808392,0.9701298701298701,0.007852102661132922,1.2772
50,,sqrt,2,10,0.9628616699592077,0.010369104231795547,0.9627705627705628,0.010461511665449846,1.4319
50,,sqrt,5,1,0.9757403815503503,0.00989205130498254,0.9757575757575756,0.009909543846112203,1.5128
50,,sqrt,5,2,0.9748655569253382,0.009211038369498879,0.9748917748917749,0.009244223594832289,1.7155
50,,sqrt,5,5,0.9701818712824473,0.007806200034808392,0.9701298701298701,0.007852102661132922,3.3629
50,,sqrt,5,10,0.9628616699592077,0.010369104231795547,0.9627705627705628,0.010461511665449846,3.1814
50,,sqrt,10,1,0.9757201190037966,0.005807175029245632,0.9757575757575756,0.005872147171537034,3.0906
50,,sqrt,10,2,0.975321821439391,0.009472772880456814,0.9753246753246753,0.00949424770539451,3.1016
50,,sqrt,10,5,0.9701818712824473,0.007806200034808392,0.9701298701298701,0.007852102661132922,2.5697
50,,sqrt,10,10,0.9628616699592077,0.010369104231795547,0.9627705627705628,0.010461511665449846,3.8521
50,,sqrt,20,1,0.9705795514776266,0.00664157788051194,0.9705627705627705,0.006650342638847286,3.7862
50,,sqrt,20,2,0.9714537599565057,0.008029480170424111,0.9714285714285713,0.008029106922507105,3.3735
50,,sqrt,20,5,0.9666841618788953,0.009020177056923012,0.9666666666666666,0.009090909090909084,2.9596
50,,sqrt,20,10,0.9628616699592077,0.010369104231795547,0.9627705627705628,0.010461511665449846,3.2156
50,,log2,2,1,0.979204229077081,0.007682914520088693,0.979220779220779,0.007695406421918264,3.5481
50,,log2,2,2,0.976178091694362,0.008895803815482708,0.976190476190476,0.008924471051120481,3.2393
50,,log2,2,5,0.9701818712824473,0.007806200034808392,0.9701298701298701,0.007852102661132922,3.1978
50,,log2,2,10,0.9628616699592077,0.010369104231795547,0.9627705627705628,0.010461511665449846,3.0831
50,,log2,5,1,0.9757403815503503,0.00989205130498254,0.9757575757575756,0.009909543846112203,3.14
50,,log2,5,2,0.9748655569253382,0.009211038369498879,0.9748917748917749,0.009244223594832289,3.0606
50,,log2,5,5,0.9701818712824473,0.007806200034808392,0.9701298701298701,0.007852102661132922,3.1276
50,,log2,5,10,0.9628616699592077,0.010369104231795547,0.9627705627705628,0.010461511665449846,2.9897
50,,log2,10,1,0.9757201190037966,0.005807175029245632,0.9757575757575756,0.005872147171537034,2.9504
50,,log2,10,2,0.975321821439391,0.009472772880456814,0.9753246753246753,0.00949424770539451,3.0409
50,,log2,10,5,0.9701818712824473,0.007806200034808392,0.9701298701298701,0.007852102661132922,3.0292
50,,log2,10,10,0.9628616699592077,0.010369104231795547,0.9627705627705628,0.010461511665449846,2.6969
50,,log2,20,1,0.9705795514776266,0.00664157788051194,0.9705627705627705,0.006650342638847286,2.8244
50,,log2,20,2,0.9714537599565057,0.008029480170424111,0.9714285714285713,0.008029106922507105,3.0537
50,,log2,20,5,0.9666841618788953,0.009020177056923012,0.9666666666666666,0.009090909090909084,3.1007
50,,log2,20,10,0.9628616699592077,0.010369104231795547,0.9627705627705628,0.010461511665449846,3.1779
50,,0.5,2,1,0.9774514455165935,0.007478166962996715,0.9774891774891774,0.0074479006641061715,3.046
50,,0.5,2,2,0.9792050661546737,0.005415539250855403,0.9792207792207792,0.005406924673938009,3.4551
50,,0.5,2,5,0.969279269052396,0.009548531166831043,0.9692640692640693,0.009572876358223374,3.7996
50,,0.5,2,10,0.964462395414549,0.008964850425717163,0.9645021645021645,0.009039226414641171,3.1391
50,,0.5,5,1,0.9796446082029149,0.007523028981083237,0.9796536796536797,0.007510541806449108,3.3911
50,,0.5,5,2,0.9778906803218407,0.007884105333930644,0.9779220779220779,0.007852102661132924,3.5481
50,,0.5,5,5,0.969279269052396,0.009548531166831043,0.9692640692640693,0.009572876358223374,2.8722
50,,0.5,5,10,0.964462395414549,0.008964850425717163,0.9645021645021645,0.009039226414641171,3.3505
50,,0.5,10,1,0.9748787141472454,0.005451371022526943,0.9748917748917748,0.005406924673937999,3.5017
50,,0.5,10,2,0.9749018520367452,0.0060843714255975675,0.9748917748917749,0.006060606060606051,3.1486
50,,0.5,10,5,0.969279269052396,0.009548531166831043,0.9692640692640693,0.009572876358223374,2.8789
50,,0.5,10,10,0.964462395414549,0.008964850425717163,0.9645021645021645,0.009039226414641171,2.7488
50,,0.5,20,1,0.974866081703424,0.005407672353137362,0.9748917748917748,0.005406924673938014,6.4241
50,,0.5,20,2,0.9726781373496713,0.005854338845338557,0.9727272727272727,0.005824079674057871,6.7895
50,,0.5,20,5,0.9658569957315588,0.009046550442452143,0.9658008658008658,0.009172995714466264,6.5027
50,,0.5,20,10,0.964462395414549,0.008964850425717163,0.9645021645021645,0.009039226414641171,5.3011
50,,1.0,2,1,0.9783852530894961,0.00765486365443446,0.9783549783549784,0.007743958363635622,7.2934
50,,1.0,2,2,0.9758128239618145,0.006990091739616174,0.9757575757575758,0.007033799484533309,6.5763
50,,1.0,2,5,0.9684997624439922,0.00792023799464756,0.9683982683982684,0.007994019615852553,7.3878
50,,1.0,2,10,0.9550119055405581,0.009541229498451867,0.954978354978355,0.009718590614997233,7.0469
50,,1.0,5,1,0.9748991887792936,0.009370798216158546,0.9748917748917749,0.009444772393624014,6.9508
50,,1.0,5,2,0.9745147524879754,0.008219949319510514,0.9744588744588745,0.008315745762899816,7.5193
50,,1.0,5,5,0.9684997624439922,0.00792023799464756,0.9683982683982684,0.007994019615852553,6.6774
50,,1.0,5,10,0.9550119055405581,0.009541229498451867,0.954978354978355,0.009718590614997233,6.7702
50,,1.0,10,1,0.9753757803839816,0.00837581627864579,0.9753246753246753,0.008449879348893135,7.9211
50,,1.0,10,2,0.9727692743859577,0.00796826571976579,0.9727272727272727,0.007994019615852554,7.144
50,,1.0,10,5,0.9684997624439922,0.00792023799464756,0.9683982683982684,0.007994019615852553,6.5215
50,,1.0,10,10,0.9550119055405581,0.009541229498451867,0.954978354978355,0.009718590614997233,6.0224
50,,1.0,20,1,0.9684370268057638,0.009427602359573524,0.9683982683982684,0.009494247705394497,6.0542
50,,1.0,20,2,0.9675884576751539,0.008470633015950014,0.9675324675324676,0.008494119857293758,6.9115
50,,1.0,20,5,0.9624516749335145,0.009868978847931831,0.9623376623376624,0.009881136112998552,6.3221
50,,1.0,20,10,0.9550119055405581,0.009541229498451867,0.954978354978355,0.009718590614997233,6.7347
50,5,sqrt,2,1,0.9332362499416973,0.014576224608506593,0.9333333333333333,0.014642021234015364,5.7444
50,5,sqrt,2,2,0.9318970881308799,0.01332854869144855,0.9320346320346321,0.013419913419913403,5.9316
50,5,sqrt,2,5,0.9306189221885249,0.015330844905876207,0.9307359307359306,0.015243997282821671,8.4784
50,5,sqrt,2,10,0.9294418315221238,0.013443565533635701,0.9294372294372295,0.013558839621961754,9.3688
50,5,sqrt,5,1,0.9336840867856979,0.013104300049671402,0.9337662337662337,0.013137654463630749,10.23
50,5,sqrt,5,2,0.9336840867856979,0.013104300049671402,0.9337662337662337,0.013137654463630749,8.2492
50,5,sqrt,5,5,0.9306189221885249,0.015330844905876207,0.9307359307359306,0.015243997282821671,7.7004
50,5,sqrt,5,10,0.9294418315221238,0.013443565533635701,0.9294372294372295,0.013558839621961754,7.7665
50,5,sqrt,10,1,0.9333062506647748,0.013496243162148331,0.9333333333333332,0.013440843892865829,7.9719
50,5,sqrt,10,2,0.9333062506647748,0.013496243162148331,0.9333333333333332,0.013440843892865829,9.3427
50,5,sqrt,10,5,0.9306189221885249,0.015330844905876207,0.9307359307359306,0.015243997282821671,7.4622
50,5,sqrt,10,10,0.9294418315221238,0.013443565533635701,0.9294372294372295,0.013558839621961754,9.9197
50,5,sqrt,20,1,0.9321389944544777,0.013699707548695062,0.9320346320346319,0.013832506760753639,7.7783
50,5,sqrt,20,2,0.9308499116054,0.013824497826805894,0.9307359307359307,0.013960619477573254,8.0994
50,5,sqrt,20,5,0.928659295594545,0.014988464061756858,0.9285714285714285,0.015027320309705446,7.0748
50,5,sqrt,20,10,0.9294418315221238,0.013443565533635701,0.9294372294372295,0.013558839621961754,8.7815
50,5,log2,2,1,0.9332362499416973,0.014576224608506593,0.9333333333333333,0.014642021234015364,7.8378
50,5,log2,2,2,0.9318970881308799,0.01332854869144855,0.9320346320346321,0.013419913419913403,7.6571
50,5,log2,2,5,0.9306189221885249,0.015330844905876207,0.9307359307359306,0.015243997282821671,9.265
50,5,log2,2,10,0.9294418315221238,0.013443565533635701,0.9294372294372295,0.013558839621961754,7.9233
50,5,log2,5,1,0.9336840867856979,0.013104300049671402,0.9337662337662337,0.013137654463630749,9.2184
50,5,log2,5,2,0.9336840867856979,0.013104300049671402,0.9337662337662337,0.013137654463630749,8.9697
50,5,log2,5,5,0.9306189221885249,0.015330844905876207,0.9307359307359306,0.015243997282821671,7.2305
50,5,log2,5,10,0.9294418315221238,0.013443565533635701,0.9294372294372295,0.013558839621961754,9.4936
50,5,log2,10,1,0.9333062506647748,0.013496243162148331,0.9333333333333332,0.013440843892865829,9.2345
50,5,log2,10,2,0.9333062506647748,0.013496243162148331,0.9333333333333332,0.013440843892865829,7.3593
50,5,log2,10,5,0.9306189221885249,0.015330844905876207,0.9307359307359306,0.015243997282821671,6.8216
50,5,log2,10,10,0.9294418315221238,0.013443565533635701,0.9294372294372295,0.013558839621961754,6.0748
50,5,log2,20,1,0.9321389944544777,0.013699707548695062,0.9320346320346319,0.013832506760753639,2.1955
50,5,log2,20,2,0.9308499116054,0.013824497826805894,0.9307359307359307,0.013960619477573254,1.9701
50,5,log2,20,5,0.928659295594545,0.014988464061756858,0.9285714285714285,0.015027320309705446,1.8748
50,5,log2,20,10,0.9294418315221238,0.013443565533635701,0.9294372294372295,0.013558839621961754,1.8928
50,5,0.5,2,1,0.9190154879235172,0.011489175385310364,0.919047619047619,0.011784119124516181,2.2383
50,5,0.5,2,2,0.9190154879235172,0.011489175385310364,0.919047619047619,0.011784119124516181,2.4045
50,5,0.5,2,5,0.9186164937696368,0.011989392371777548,0.9186147186147187,0.012366109832974618,2.2314
50,5,0.5,2,10,0.9171036446423735,0.014377200843800474,0.9173160173160172,0.014545712222001243,2.2293
50,5,0.5,5,1,0.9190175863518666,0.011493763902754792,0.919047619047619,0.011784119124516181,2.3677
50,5,0.5,5,2,0.9190154879235172,0.011489175385310364,0.919047619047619,0.011784119124516181,2.3085
50,5,0.5,5,5,0.9186164937696368,0.011989392371777548,0.9186147186147187,0.012366109832974618,2.2514
50,5,0.5,5,10,0.9171036446423735,0.014377200843800474,0.9173160173160172,0.014545712222001243,2.4287
50,5,0.5,10,1,0.9190175863518666,0.011493763902754792,0.919047619047619,0.011784119124516181,2.2405
50,5,0.5,10,2,0.9190175863518666,0.011493763902754792,0.919047619047619,0.011784119124516181,2.366
50,5,0.5,10,5,0.9186164937696368,0.011989392371777548,0.9186147186147187,0.012366109832974618,2.307
50,5,0.5,10,10,0.9171036446423735,0.014377200843800474,0.9173160173160172,0.014545712222001243,2.3926
50,5,0.5,20,1,0.9190175863518666,0.011493763902754792,0.919047619047619,0.011784119124516181,2.2613
50,5,0.5,20,2,0.9190175863518666,0.011493763902754792,0.919047619047619,0.011784119124516181,2.3305
50,5,0.5,20,5,0.9181649698764975,0.011954079292887557,0.9181818181818182,0.012312954678205954,2.3842
50,5,0.5,20,10,0.9171036446423735,0.014377200843800474,0.9173160173160172,0.014545712222001243,2.2829
50,5,1.0,2,1,0.8982629820771233,0.02712434086956665,0.9004329004329004,0.023868482687602128,2.6469
50,5,1.0,2,2,0.8974407199065405,0.02682351867323489,0.8995670995670997,0.023615899042399767,2.6977
50,5,1.0,2,5,0.8957006612300183,0.027828322737005442,0.8978354978354979,0.024732219665949278,2.5184
50,5,1.0,2,10,0.8939705242389163,0.025443356113547942,0.8961038961038963,0.022326921139788104,2.6213
50,5,1.0,5,1,0.8982629820771233,0.02712434086956665,0.9004329004329004,0.023868482687602128,2.6925
50,5,1.0,5,2,0.8974407199065405,0.02682351867323489,0.8995670995670997,0.023615899042399767,2.569
50,5,1.0,5,5,0.8957006612300183,0.027828322737005442,0.8978354978354979,0.024732219665949278,2.6395
50,5,1.0,5,10,0.8939705242389163,0.025443356113547942,0.8961038961038963,0.022326921139788104,2.6489
50,5,1.0,10,1,0.8982639744283463,0.027122306570253094,0.9004329004329004,0.023868482687602128,2.5971
50,5,1.0,10,2,0.8974417122577634,0.026821491980154127,0.8995670995670997,0.023615899042399767,2.5439
50,5,1.0,10,5,0.8957006612300183,0.027828322737005442,0.8978354978354979,0.024732219665949278,2.5715
50,5,1.0,10,10,0.8939705242389163,0.025443356113547942,0.8961038961038963,0.022326921139788104,2.593
50,5,1.0,20,1,0.8974532482373508,0.027068024602333332,0.8995670995670995,0.023852774569620643,2.5942
50,5,1.0,20,2,0.8965786502582258,0.02659573667990865,0.8987012987012987,0.02332847374079219,2.6196
50,5,1.0,20,5,0.8957006612300183,0.027828322737005442,0.8978354978354979,0.024732219665949278,2.501
50,5,1.0,20,10,0.8939705242389163,0.025443356113547942,0.8961038961038963,0.022326921139788104,2.592
50,10,sqrt,2,1,0.9753401264368918,0.009466991544108102,0.9753246753246753,0.009494247705394518,1.9834
50,10,sqrt,2,2,0.9748824335282231,0.007648831929485039,0.9748917748917748,0.007695406421918258,2.3768
50,10,sqrt,2,5,0.9697627788781696,0.008629681697672302,0.9696969696969695,0.008658008658008665,3.1781
50,10,sqrt,2,10,0.9640905288568599,0.00834609732322338,0.964069264069264,0.00844987934889314,2.8171
50,10,sqrt,5,1,0.9748529234289462,0.010401655537076407,0.9748917748917748,0.010389610389610377,3.2094
50,10,sqrt,5,2,0.9749218591423021,0.00919759991778035,0.9748917748917748,0.0092442235948323,2.9455
50,10,sqrt,5,5,0.9697627788781696,0.008629681697672302,0.9696969696969695,0.008658008658008665,2.896
50,10,sqrt,5,10,0.9640905288568599,0.00834609732322338,0.964069264069264,0.00844987934889314,3.104
50,10,sqrt,10,1,0.9719040092004485,0.011297000235079898,0.9718614718614719,0.011330088595932809,3.3106
50,10,sqrt,10,2,0.9706288278775281,0.00789641372978717,0.9705627705627705,0.00793519600858155,2.9878
50,10,sqrt,10,5,0.9697627788781696,0.008629681697672302,0.9696969696969695,0.008658008658008665,3.283
50,10,sqrt,10,10,0.9640905288568599,0.00834609732322338,0.964069264069264,0.00844987934889314,2.8539
50,10,sqrt,20,1,0.9679621107818994,0.0070117196737625575,0.9679653679653679,0.007033799484533312,3.1439
50,10,sqrt,20,2,0.9679737431328503,0.008227110023104566,0.9679653679653679,0.008259213865081782,3.3139
50,10,sqrt,20,5,0.9663459822982565,0.009359597911938992,0.9662337662337663,0.009444772393624,3.2968
50,10,sqrt,20,10,0.9640905288568599,0.00834609732322338,0.964069264069264,0.00844987934889314,2.8782
50,10,log2,2,1,0.9753401264368918,0.009466991544108102,0.9753246753246753,0.009494247705394518,3.1948
50,10,log2,2,2,0.9748824335282231,0.007648831929485039,0.9748917748917748,0.007695406421918258,3.3339
50,10,log2,2,5,0.9697627788781696,0.008629681697672302,0.9696969696969695,0.008658008658008665,3.1552
50,10,log2,2,10,0.9640905288568599,0.00834609732322338,0.964069264069264,0.00844987934889314,2.9439
50,10,log2,5,1,0.9748529234289462,0.010401655537076407,0.9748917748917748,0.010389610389610377,3.4616
50,10,log2,5,2,0.9749218591423021,0.00919759991778035,0.9748917748917748,0.0092442235948323,4.4453
50,10,log2,5,5,0.9697627788781696,0.008629681697672302,0.9696969696969695,0.008658008658008665,4.0186
50,10,log2,5,10,0.9640905288568599,0.00834609732322338,0.964069264069264,0.00844987934889314,4.4308
50,10,log2,10,1,0.9719040092004485,0.011297000235079898,0.9718614718614719,0.011330088595932809,4.8229
50,10,log2,10,2,0.9706288278775281,0.00789641372978717,0.9705627705627705,0.00793519600858155,4.8041
50,10,log2,10,5,0.9697627788781696,0.008629681697672302,0.9696969696969695,0.008658008658008665,4.3623
50,10,log2,10,10,0.9640905288568599,0.00834609732322338,0.964069264069264,0.00844987934889314,4.9458
50,10,log2,20,1,0.9679621107818994,0.0070117196737625575,0.9679653679653679,0.007033799484533312,4.4741
50,10,log2,20,2,0.9679737431328503,0.008227110023104566,0.9679653679653679,0.008259213865081782,4.9494
50,10,log2,20,5,0.9663459822982565,0.009359597911938992,0.9662337662337663,0.009444772393624,4.6396
50,10,log2,20,10,0.9640905288568599,0.00834609732322338,0.964069264069264,0.00844987934889314,4.9201
50,10,0.5,2,1,0.9749105993754883,0.006931731957309653,0.9748917748917748,0.006926406926406929,4.6758
50,10,0.5,2,2,0.9731607821478253,0.005734364551194638,0.9731601731601731,0.005743073230052635,4.2681
50,10,0.5,2,5,0.9684070996600955,0.00907722221478027,0.9683982683982684,0.009090909090909084,4.1528
50,10,0.5,2,10,0.9645228061652243,0.009908663727356716,0.9645021645021645,0.010022369612805393,3.4846
50,10,0.5,5,1,0.9735882017542778,0.00710058202195941,0.9735930735930737,0.007100095007297286,1.3249
50,10,0.5,5,2,0.9731689653129063,0.007156975633968175,0.9731601731601731,0.007191882132396614,1.3516
50,10,0.5,5,5,0.9684070996600955,0.00907722221478027,0.9683982683982684,0.009090909090909084,1.2439
50,10,0.5,5,10,0.9645228061652243,0.009908663727356716,0.9645021645021645,0.010022369612805393,1.2553
50,10,0.5,10,1,0.9722945206132383,0.007296346518474657,0.9722943722943722,0.007295367768983866,1.2662
50,10,0.5,10,2,0.9718988307065117,0.00754703710231688,0.9718614718614716,0.007560281037477491,1.3091
50,10,0.5,10,5,0.9684070996600955,0.00907722221478027,0.9683982683982684,0.009090909090909084,1.1198
50,10,0.5,10,10,0.9645228061652243,0.009908663727356716,0.9645021645021645,0.010022369612805393,1.0607
50,10,0.5,20,1,0.9731575741636428,0.004651628050900185,0.9731601731601731,0.004662480352497409,1.0814
50,10,0.5,20,2,0.9714055978251102,0.006191228179669195,0.9714285714285715,0.006183054916487328,1.0536
50,10,0.5,20,5,0.9667070420426551,0.008955343551504395,0.9666666666666668,0.009090909090909085,1.0659
50,10,0.5,20,10,0.9645228061652243,0.009908663727356716,0.9645021645021645,0.010022369612805393,1.0704
50,10,1.0,2,1,0.9707557519278108,0.009828545747677598,0.9705627705627705,0.010022369612805416,1.2217
50,10,1.0,2,2,0.971101683292018,0.007445633494237168,0.9709956709956711,0.0075105418064491435,1.2274
50,10,1.0,2,5,0.9668340388593227,0.010384376241889834,0.9666666666666666,0.010434606747354068,1.1772
50,10,1.0,2,10,0.9542435809576739,0.00995898196985669,0.9541125541125541,0.010096886398000502,1.2029
50,10,1.0,5,1,0.971586119741087,0.00973861761219593,0.9714285714285715,0.009909543846112215,1.2156
50,10,1.0,5,2,0.9698278590770174,0.00788206126548321,0.9696969696969697,0.007982289573413756,1.217
50,10,1.0,5,5,0.9668340388593227,0.010384376241889834,0.9666666666666666,0.010434606747354068,1.2121
50,10,1.0,5,10,0.9542435809576739,0.00995898196985669,0.9541125541125541,0.010096886398000502,1.2551
50,10,1.0,10,1,0.9694005692198276,0.007529896739186163,0.9692640692640693,0.007609695165041973,1.274
50,10,1.0,10,2,0.968485560224136,0.007990354214419319,0.9683982683982684,0.00799401961585257,1.2279
50,10,1.0,10,5,0.9668340388593227,0.010384376241889834,0.9666666666666666,0.010434606747354068,1.2103
50,10,1.0,10,10,0.9542435809576739,0.00995898196985669,0.9541125541125541,0.010096886398000502,1.1869
50,10,1.0,20,1,0.9663283674817643,0.010517031198785894,0.9662337662337661,0.010568446420548655,1.2338
50,10,1.0,20,2,0.964612766740775,0.0086239723975406,0.9645021645021645,0.008614609845078973,1.2258
50,10,1.0,20,5,0.9625643294340589,0.009818888962572735,0.9623376623376624,0.009881136112998554,1.1649
50,10,1.0,20,10,0.9542435809576739,0.00995898196985669,0.9541125541125541,0.010096886398000502,1.1602
50,20,sqrt,2,1,0.979204229077081,0.007682914520088693,0.979220779220779,0.007695406421918264,0.9719
50,20,sqrt,2,2,0.976178091694362,0.008895803815482708,0.976190476190476,0.008924471051120481,0.9856
50,20,sqrt,2,5,0.9701818712824473,0.007806200034808392,0.9701298701298701,0.007852102661132922,0.9582
50,20,sqrt,2,10,0.9628616699592077,0.010369104231795547,0.9627705627705628,0.010461511665449846,0.9544
50,20,sqrt,5,1,0.9757403815503503,0.00989205130498254,0.9757575757575756,0.009909543846112203,0.9573
50,20,sqrt,5,2,0.9748655569253382,0.009211038369498879,0.9748917748917749,0.009244223594832289,1.0185
50,20,sqrt,5,5,0.9701818712824473,0.007806200034808392,0.9701298701298701,0.007852102661132922,1.0221
50,20,sqrt,5,10,0.9628616699592077,0.010369104231795547,0.9627705627705628,0.010461511665449846,0.9477
50,20,sqrt,10,1,0.9757201190037966,0.005807175029245632,0.9757575757575756,0.005872147171537034,0.9751
50,20,sqrt,10,2,0.975321821439391,0.009472772880456814,0.9753246753246753,0.00949424770539451,0.9615
50,20,sqrt,10,5,0.9701818712824473,0.007806200034808392,0.9701298701298701,0.007852102661132922,0.9589
50,20,sqrt,10,10,0.9628616699592077,0.010369104231795547,0.9627705627705628,0.010461511665449846,0.9955
50,20,sqrt,20,1,0.9705795514776266,0.00664157788051194,0.9705627705627705,0.006650342638847286,1.0213
50,20,sqrt,20,2,0.9714537599565057,0.008029480170424111,0.9714285714285713,0.008029106922507105,1.0576
50,20,sqrt,20,5,0.9666841618788953,0.009020177056923012,0.9666666666666666,0.009090909090909084,1.3779
50,20,sqrt,20,10,0.9628616699592077,0.010369104231795547,0.9627705627705628,0.010461511665449846,1.3434
50,20,log2,2,1,0.979204229077081,0.007682914520088693,0.979220779220779,0.007695406421918264,1.3502
50,20,log2,2,2,0.976178091694362,0.008895803815482708,0.976190476190476,0.008924471051120481,1.2679
50,20,log2,2,5,0.9701818712824473,0.007806200034808392,0.9701298701298701,0.007852102661132922,1.3087
50,20,log2,2,10,0.9628616699592077,0.010369104231795547,0.9627705627705628,0.010461511665449846,1.3757
50,20,log2,5,1,0.9757403815503503,0.00989205130498254,0.9757575757575756,0.009909543846112203,1.4595
50,20,log2,5,2,0.9748655569253382,0.009211038369498879,0.9748917748917749,0.009244223594832289,1.3984
50,20,log2,5,5,0.9701818712824473,0.007806200034808392,0.9701298701298701,0.007852102661132922,1.3444
50,20,log2,5,10,0.9628616699592077,0.010369104231795547,0.9627705627705628,0.010461511665449846,1.2739
50,20,log2,10,1,0.9757201190037966,0.005807175029245632,0.9757575757575756,0.005872147171537034,1.3426
50,20,log2,10,2,0.975321821439391,0.009472772880456814,0.9753246753246753,0.00949424770539451,1.3328
50,20,log2,10,5,0.9701818712824473,0.007806200034808392,0.9701298701298701,0.007852102661132922,1.3312
50,20,log2,10,10,0.9628616699592077,0.010369104231795547,0.9627705627705628,0.010461511665449846,1.3304
50,20,log2,20,1,0.9705795514776266,0.00664157788051194,0.9705627705627705,0.006650342638847286,1.3059
50,20,log2,20,2,0.9714537599565057,0.008029480170424111,0.9714285714285713,0.008029106922507105,1.3641
50,20,log2,20,5,0.9666841618788953,0.009020177056923012,0.9666666666666666,0.009090909090909084,1.2757
50,20,log2,20,10,0.9628616699592077,0.010369104231795547,0.9627705627705628,0.010461511665449846,1.3933
50,20,0.5,2,1,0.9774514455165935,0.007478166962996715,0.9774891774891774,0.0074479006641061715,1.5967
50,20,0.5,2,2,0.9792050661546737,0.005415539250855403,0.9792207792207792,0.005406924673938009,1.4368
50,20,0.5,2,5,0.969279269052396,0.009548531166831043,0.9692640692640693,0.009572876358223374,1.379
50,20,0.5,2,10,0.964462395414549,0.008964850425717163,0.9645021645021645,0.009039226414641171,1.3925
50,20,0.5,5,1,0.9796446082029149,0.007523028981083237,0.9796536796536797,0.007510541806449108,1.3855
50,20,0.5,5,2,0.9778906803218407,0.007884105333930644,0.9779220779220779,0.007852102661132924,1.4895
50,20,0.5,5,5,0.969279269052396,0.009548531166831043,0.9692640692640693,0.009572876358223374,1.6728
50,20,0.5,5,10,0.964462395414549,0.008964850425717163,0.9645021645021645,0.009039226414641171,1.6729
50,20,0.5,10,1,0.9748787141472454,0.005451371022526943,0.9748917748917748,0.005406924673937999,1.5552
50,20,0.5,10,2,0.9749018520367452,0.0060843714255975675,0.9748917748917749,0.006060606060606051,1.6524
50,20,0.5,10,5,0.969279269052396,0.009548531166831043,0.9692640692640693,0.009572876358223374,1.7402
50,20,0.5,10,10,0.964462395414549,0.008964850425717163,0.9645021645021645,0.009039226414641171,1.7824
50,20,0.5,20,1,0.974866081703424,0.005407672353137362,0.9748917748917748,0.005406924673938014,1.6641
50,20,0.5,20,2,0.9726781373496713,0.005854338845338557,0.9727272727272727,0.005824079674057871,1.641
50,20,0.5,20,5,0.9658569957315588,0.009046550442452143,0.9658008658008658,0.009172995714466264,1.6388
50,20,0.5,20,10,0.964462395414549,0.008964850425717163,0.9645021645021645,0.009039226414641171,1.5969
50,20,1.0,2,1,0.9783852530894961,0.00765486365443446,0.9783549783549784,0.007743958363635622,2.012
50,20,1.0,2,2,0.9758128239618145,0.006990091739616174,0.9757575757575758,0.007033799484533309,1.9385
50,20,1.0,2,5,0.9684997624439922,0.00792023799464756,0.9683982683982684,0.007994019615852553,1.8057
50,20,1.0,2,10,0.9550119055405581,0.009541229498451867,0.954978354978355,0.009718590614997233,1.8591
50,20,1.0,5,1,0.9748991887792936,0.009370798216158546,0.9748917748917749,0.009444772393624014,1.9751
50,20,1.0,5,2,0.9745147524879754,0.008219949319510514,0.9744588744588745,0.008315745762899816,1.9015
50,20,1.0,5,5,0.9684997624439922,0.00792023799464756,0.9683982683982684,0.007994019615852553,1.9852
50,20,1.0,5,10,0.9550119055405581,0.009541229498451867,0.954978354978355,0.009718590614997233,1.8386
50,20,1.0,10,1,0.9753757803839816,0.00837581627864579,0.9753246753246753,0.008449879348893135,2.007
50,20,1.0,10,2,0.9727692743859577,0.00796826571976579,0.9727272727272727,0.007994019615852554,1.8508
50,20,1.0,10,5,0.9684997624439922,0.00792023799464756,0.9683982683982684,0.007994019615852553,1.8824
50,20,1.0,10,10,0.9550119055405581,0.009541229498451867,0.954978354978355,0.009718590614997233,1.8484
50,20,1.0,20,1,0.9684370268057638,0.009427602359573524,0.9683982683982684,0.009494247705394497,2.084
50,20,1.0,20,2,0.9675884576751539,0.008470633015950014,0.9675324675324676,0.008494119857293758,1.9216
50,20,1.0,20,5,0.9624516749335145,0.009868978847931831,0.9623376623376624,0.009881136112998552,1.8683
50,20,1.0,20,10,0.9550119055405581,0.009541229498451867,0.954978354978355,0.009718590614997233,1.814
100,,sqrt,2,1,0.979624049306149,0.007739981039160721,0.9796536796536797,0.00775604886024629,2.47
100,,sqrt,2,2,0.9774904133542528,0.009018919310724453,0.9774891774891774,0.009039226414641163,2.3719
100,,sqrt,2,5,0.9714402219564343,0.009279995401016669,0.9714285714285715,0.009324960704994811,2.4152
100,,sqrt,2,10,0.961111099690909,0.009912511094854951,0.9610389610389612,0.010059697003136147,2.2672
100,,sqrt,5,1,0.9774797990004169,0.009831558213064803,0.9774891774891774,0.009833607525195263,2.0526
100,,sqrt,5,2,0.9761841837915946,0.008444662714404184,0.976190476190476,0.008494119857293755,1.9951
100,,sqrt,5,5,0.9714402219564343,0.009279995401016669,0.9714285714285715,0.009324960704994811,2.0012
100,,sqrt,5,10,0.961111099690909,0.009912511094854951,0.9610389610389612,0.010059697003136147,2.0792
100,,sqrt,10,1,0.977479553201821,0.00860545592868816,0.9774891774891774,0.008614609845078953,1.9245
100,,sqrt,10,2,0.9757460151344368,0.008915332872302317,0.9757575757575758,0.008913965490032035,2.0627
100,,sqrt,10,5,0.9714402219564343,0.009279995401016669,0.9714285714285715,0.009324960704994811,2.1575
100,,sqrt,10,10,0.961111099690909,0.009912511094854951,0.9610389610389612,0.010059697003136147,2.0632
100,,sqrt,20,1,0.9718537793379582,0.010444626116456386,0.9718614718614719,0.010470464608179925,1.9967
100,,sqrt,20,2,0.9727163545783588,0.008445640354449814,0.9727272727272727,0.008449879348893135,1.9829
100,,sqrt,20,5,0.9670885407767085,0.0086541464024197,0.9670995670995671,0.008701191013957478,1.9571
100,,sqrt,20,10,0.961111099690909,0.009912511094854951,0.9610389610389612,0.010059697003136147,1.9472
100,,log2,2,1,0.979624049306149,0.007739981039160721,0.9796536796536797,0.00775604886024629,1.8578
100,,log2,2,2,0.9774904133542528,0.009018919310724453,0.9774891774891774,0.009039226414641163,1.9341
100,,log2,2,5,0.9714402219564343,0.009279995401016669,0.9714285714285715,0.009324960704994811,1.9562
100,,log2,2,10,0.961111099690909,0.009912511094854951,0.9610389610389612,0.010059697003136147,1.9807
100,,log2,5,1,0.9774797990004169,0.009831558213064803,0.9774891774891774,0.009833607525195263,1.9708
100,,log2,5,2,0.9761841837915946,0.008444662714404184,0.976190476190476,0.008494119857293755,1.9989
100,,log2,5,5,0.9714402219564343,0.009279995401016669,0.9714285714285715,0.009324960704994811,1.8418
100,,log2,5,10,0.961111099690909,0.009912511094854951,0.9610389610389612,0.010059697003136147,1.9165
100,,log2,10,1,0.977479553201821,0.00860545592868816,0.9774891774891774,0.008614609845078953,1.8967
100,,log2,10,2,0.9757460151344368,0.008915332872302317,0.9757575757575758,0.008913965490032035,2.1759
100,,log2,10,5,0.9714402219564343,0.009279995401016669,0.9714285714285715,0.009324960704994811,2.4477
100,,log2,10,10,0.961111099690909,0.009912511094854951,0.9610389610389612,0.010059697003136147,2.4031
100,,log2,20,1,0.9718537793379582,0.010444626116456386,0.9718614718614719,0.010470464608179925,2.4653
100,,log2,20,2,0.9727163545783588,0.008445640354449814,0.9727272727272727,0.008449879348893135,2.3481
100,,log2,20,5,0.9670885407767085,0.0086541464024197,0.9670995670995671,0.008701191013957478,2.4471
100,,log2,20,10,0.961111099690909,0.009912511094854951,0.9610389610389612,0.010059697003136147,2.4725
100,,0.5,2,1,0.9778969698890327,0.005641189249399086,0.9779220779220779,0.005627705627705627,2.5785
100,,0.5,2,2,0.9783337975541213,0.0058398025504604115,0.9783549783549784,0.0058079687727267204,2.7289
100,,0.5,2,5,0.9727418722360074,0.009080212678839678,0.9727272727272727,0.009090909090909089,2.7237
100,,0.5,2,10,0.965405545520986,0.00954135849856186,0.9653679653679653,0.009679947954544545,2.7189
100,,0.5,5,1,0.9804979493623982,0.006775515544739792,0.9805194805194806,0.006775963568181172,2.7032
100,,0.5,5,2,0.9792084752354434,0.006670711525318836,0.9792207792207792,0.006650342638847269,2.81
100,,0.5,5,5,0.9727418722360074,0.009080212678839678,0.9727272727272727,0.009090909090909089,2.6018
100,,0.5,5,10,0.965405545520986,0.00954135849856186,0.9653679653679653,0.009679947954544545,2.654
100,,0.5,10,1,0.9753061735370473,0.0051568343923847635,0.9753246753246753,0.00514040782988654,2.711
100,,0.5,10,2,0.9748921415424157,0.0057557362301441164,0.9748917748917748,0.0057430732300526414,2.5493
100,,0.5,10,5,0.9727418722360074,0.009080212678839678,0.9727272727272727,0.009090909090909089,2.4994
100,,0.5,10,10,0.965405545520986,0.00954135849856186,0.9653679653679653,0.009679947954544545,2.7529
100,,0.5,20,1,0.9731027983449915,0.006667980350791213,0.9731601731601731,0.006650342638847296,2.7372
100,,0.5,20,2,0.971398567658557,0.007051503710857697,0.9714285714285713,0.007033799484533324,2.946
100,,0.5,20,5,0.9692648174838338,0.008248549046262531,0.9692640692640693,0.008315745762899798,2.8406
100,,0.5,20,10,0.965405545520986,0.00954135849856186,0.9653679653679653,0.009679947954544545,2.6888
100,,1.0,2,1,0.9762124993726247,0.008649232422064116,0.9761904761904763,0.0087119531590901,3.4564
100,,1.0,2,2,0.9749156345144332,0.007131510371070808,0.9748917748917749,0.007191882132396615,3.2878
100,,1.0,2,5,0.9680751123884139,0.008460201419610281,0.9679653679653679,0.00848308136028806,3.4319
100,,1.0,2,10,0.9545774554868462,0.009550708575370806,0.9545454545454547,0.009728227296209629,3.5676
100,,1.0,5,1,0.9766327070035828,0.008439456013853116,0.9766233766233767,0.008483081360288072,3.3537
100,,1.0,5,2,0.974439091551346,0.006513681089918048,0.9744588744588745,0.006550972272909784,3.186
100,,1.0,5,5,0.9680751123884139,0.008460201419610281,0.9679653679653679,0.00848308136028806,3.3383
100,,1.0,5,10,0.9545774554868462,0.009550708575370806,0.9545454545454547,0.009728227296209629,3.2251
100,,1.0,10,1,0.9753363378368082,0.008405334049098446,0.9753246753246753,0.008449879348893135,3.4598
100,,1.0,10,2,0.9718821872949501,0.007981574807246124,0.971861471861472,0.008040768667102466,3.5926
100,,1.0,10,5,0.9680751123884139,0.008460201419610281,0.9679653679653679,0.00848308136028806,3.307
100,,1.0,10,10,0.9545774554868462,0.009550708575370806,0.9545454545454547,0.009728227296209629,3.2918
100,,1.0,20,1,0.968842729322654,0.009949492935005565,0.9688311688311689,0.010022369612805393,3.5065
100,,1.0,20,2,0.966699222970804,0.011232044783925007,0.9666666666666665,0.01129695961099558,3.162
100,,1.0,20,5,0.9624669877117389,0.007717489550438286,0.9623376623376624,0.007756048860246274,3.3959
100,,1.0,20,10,0.9545774554868462,0.009550708575370806,0.9545454545454547,0.009728227296209629,3.3824
100,5,sqrt,2,1,0.9302159675749554,0.012397903046602415,0.9303030303030303,0.012464225150552358,2.753
100,5,sqrt,2,2,0.9293853918066255,0.013339710825704103,0.9294372294372295,0.013419913419913424,2.7667
100,5,sqrt,2,5,0.9273281095417947,0.015353606490118141,0.9272727272727274,0.015704205322265838,2.6549
100,5,sqrt,2,10,0.9270430317380882,0.015805044535327235,0.9268398268398268,0.016249631497076575,2.5583
100,5,sqrt,5,1,0.9311608067323253,0.01238562680859805,0.9311688311688311,0.012464225150552352,2.2152
100,5,sqrt,5,2,0.9307274918414661,0.013039912754155402,0.9307359307359307,0.0131305202494399,2.1487
100,5,sqrt,5,5,0.9273281095417947,0.015353606490118141,0.9272727272727274,0.015704205322265838,2.0435
100,5,sqrt,5,10,0.9270430317380882,0.015805044535327235,0.9268398268398268,0.016249631497076575,2.0237
100,5,sqrt,10,1,0.9290334558384243,0.01262190409320635,0.9290043290043292,0.012871055192483537,2.018
100,5,sqrt,10,2,0.9286412122671063,0.011916508685523401,0.9285714285714286,0.012128940022616353,2.0164
100,5,sqrt,10,5,0.9273281095417947,0.015353606490118141,0.9272727272727274,0.015704205322265838,2.1068
100,5,sqrt,10,10,0.9270430317380882,0.015805044535327235,0.9268398268398268,0.016249631497076575,2.0891
100,5,sqrt,20,1,0.929166353379405,0.015295598457294092,0.9290043290043292,0.015751866146026177,1.9694
100,5,sqrt,20,2,0.9287473924454902,0.014742361811600775,0.9285714285714286,0.015151515151515145,1.9702
100,5,sqrt,20,5,0.9265342819675008,0.017308640247154315,0.9264069264069263,0.017743637689973307,2.023
100,5,sqrt,20,10,0.9270430317380882,0.015805044535327235,0.9268398268398268,0.016249631497076575,2.1241
100,5,log2,2,1,0.9302159675749554,0.012397903046602415,0.9303030303030303,0.012464225150552358,2.1919
100,5,log2,2,2,0.9293853918066255,0.013339710825704103,0.9294372294372295,0.013419913419913424,2.0371
100,5,log2,2,5,0.9273281095417947,0.015353606490118141,0.9272727272727274,0.015704205322265838,1.9572
100,5,log2,2,10,0.9270430317380882,0.015805044535327235,0.9268398268398268,0.016249631497076575,1.9656
100,5,log2,5,1,0.9311608067323253,0.01238562680859805,0.9311688311688311,0.012464225150552352,2.0714
100,5,log2,5,2,0.9307274918414661,0.013039912754155402,0.9307359307359307,0.0131305202494399,2.0156
100,5,log2,5,5,0.9273281095417947,0.015353606490118141,0.9272727272727274,0.015704205322265838,2.0011
100,5,log2,5,10,0.9270430317380882,0.015805044535327235,0.9268398268398268,0.016249631497076575,2.0496
100,5,log2,10,1,0.9290334558384243,0.01262190409320635,0.9290043290043292,0.012871055192483537,2.0681
100,5,log2,10,2,0.9286412122671063,0.011916508685523401,0.9285714285714286,0.012128940022616353,2.0786
100,5,log2,10,5,0.9273281095417947,0.015353606490118141,0.9272727272727274,0.015704205322265838,1.954
100,5,log2,10,10,0.9270430317380882,0.015805044535327235,0.9268398268398268,0.016249631497076575,1.8786
100,5,log2,20,1,0.929166353379405,0.015295598457294092,0.9290043290043292,0.015751866146026177,1.822
100,5,log2,20,2,0.9287473924454902,0.014742361811600775,0.9285714285714286,0.015151515151515145,1.9711
100,5,log2,20,5,0.9265342819675008,0.017308640247154315,0.9264069264069263,0.017743637689973307,2.0606
100,5,log2,20,10,0.9270430317380882,0.015805044535327235,0.9268398268398268,0.016249631497076575,2.0638
100,5,0.5,2,1,0.9216617654942212,0.014091676155482836,0.9216450216450216,0.01441629939856856,2.0298
100,5,0.5,2,2,0.9212143755825455,0.014361643389299406,0.9212121212121211,0.014718614718614704,1.9898
100,5,0.5,2,5,0.9211831652120062,0.015163845664701496,0.9212121212121213,0.015584415584415581,2.089
100,5,0.5,2,10,0.9192735107337965,0.016858396289748775,0.9194805194805195,0.017010288055747603,2.0495
100,5,0.5,5,1,0.9212436958553439,0.013335870041806763,0.9212121212121213,0.01366210721909912,2.0794
100,5,0.5,5,2,0.9212143755825455,0.014361643389299406,0.9212121212121211,0.014718614718614704,2.0196
100,5,0.5,5,5,0.9211831652120062,0.015163845664701496,0.9212121212121213,0.015584415584415581,1.9092
100,5,0.5,5,10,0.9192735107337965,0.016858396289748775,0.9194805194805195,0.017010288055747603,2.2052
100,5,0.5,10,1,0.9220523327679034,0.013939742722219563,0.922077922077922,0.014226559935199102,2.1134
100,5,0.5,10,2,0.9228957877641717,0.014595599298574388,0.922943722943723,0.014845392380504085,2.0567
100,5,0.5,10,5,0.9211831652120062,0.015163845664701496,0.9212121212121213,0.015584415584415581,1.9897
100,5,0.5,10,10,0.9192735107337965,0.016858396289748775,0.9194805194805195,0.017010288055747603,2.0587
100,5,0.5,20,1,0.9220523327679034,0.013939742722219563,0.922077922077922,0.014226559935199102,2.7628
100,5,0.5,20,2,0.9216054879460586,0.014230180099889647,0.9216450216450216,0.014545712222001236,2.8357
100,5,0.5,20,5,0.9211831652120062,0.015163845664701496,0.9212121212121213,0.015584415584415581,3.3597
100,5,0.5,20,10,0.9192735107337965,0.016858396289748775,0.9194805194805195,0.017010288055747603,2.7526
100,5,1.0,2,1,0.9082536277421557,0.01806965111501893,0.908225108225108,0.017402382027914953,2.785
100,5,1.0,2,2,0.9078217196604779,0.018045712081663442,0.9077922077922077,0.017429283237400332,2.846
100,5,1.0,2,5,0.9061438129464312,0.019210123718500217,0.906060606060606,0.01867502563647012,2.7495
100,5,1.0,2,10,0.9042728919264261,0.01592723616935675,0.9043290043290042,0.015421223489659625,2.9309
100,5,1.0,5,1,0.9082536277421557,0.01806965111501893,0.908225108225108,0.017402382027914953,3.2747
100,5,1.0,5,2,0.9078217196604779,0.018045712081663442,0.9077922077922077,0.017429283237400332,2.9397
100,5,1.0,5,5,0.9061438129464312,0.019210123718500217,0.906060606060606,0.01867502563647012,2.9129
100,5,1.0,5,10,0.9042728919264261,0.01592723616935675,0.9043290043290042,0.015421223489659625,2.8089
100,5,1.0,10,1,0.9073895724426164,0.01853520067893335,0.9073593073593074,0.01797449306668978,2.8563
100,5,1.0,10,2,0.9073895724426164,0.01853520067893335,0.9073593073593074,0.01797449306668978,3.0508
100,5,1.0,10,5,0.9061438129464312,0.019210123718500217,0.906060606060606,0.01867502563647012,2.9776
100,5,1.0,10,10,0.9042728919264261,0.01592723616935675,0.9043290043290042,0.015421223489659625,2.9232
100,5,1.0,20,1,0.9069948651091334,0.01900613398631176,0.9069264069264069,0.018391901113634635,2.9274
100,5,1.0,20,2,0.907427012326995,0.01853829368587265,0.9073593073593074,0.017869928519956953,2.8811
100,5,1.0,20,5,0.9061438129464312,0.019210123718500217,0.906060606060606,0.01867502563647012,3.036
100,5,1.0,20,10,0.9042728919264261,0.01592723616935675,0.9043290043290042,0.015421223489659625,2.8879
100,10,sqrt,2,1,0.976185809249103,0.008463104750061252,0.976190476190476,0.00849411985729376,2.4169
100,10,sqrt,2,2,0.9757425488490966,0.009533091137810803,0.9757575757575758,0.009523809523809523,2.5512
100,10,sqrt,2,5,0.9688909438170394,0.008783766643045907,0.9688311688311689,0.008829471019208276,2.9108
100,10,sqrt,2,10,0.9615253472185392,0.009649770781052442,0.9614718614718616,0.009766678937383958,2.6633
100,10,sqrt,5,1,0.9740343876508595,0.008604086181426742,0.974025974025974,0.008658008658008658,2.834
100,10,sqrt,5,2,0.97317305713946,0.0101494124146731,0.9731601731601731,0.010207641664546832,2.7217
100,10,sqrt,5,5,0.9688909438170394,0.008783766643045907,0.9688311688311689,0.008829471019208276,2.674
100,10,sqrt,5,10,0.9615253472185392,0.009649770781052442,0.9614718614718616,0.009766678937383958,2.6381
100,10,sqrt,10,1,0.9736247770921997,0.009557921272524458,0.9735930735930737,0.00957287635822337,2.5144
100,10,sqrt,10,2,0.9718912223823499,0.009702567963466052,0.9718614718614716,0.009728227296209617,2.6403
100,10,sqrt,10,5,0.9688909438170394,0.008783766643045907,0.9688311688311689,0.008829471019208276,3.5188
100,10,sqrt,10,10,0.9615253472185392,0.009649770781052442,0.9614718614718616,0.009766678937383958,3.673
100,10,sqrt,20,1,0.9705695826820419,0.007404459669251933,0.9705627705627705,0.007447900664106171,3.0474
100,10,sqrt,20,2,0.9684266694757957,0.010534644704016978,0.9683982683982684,0.01061268456461581,3.4657
100,10,sqrt,20,5,0.9662807187773869,0.008513961207559996,0.9662337662337663,0.008614609845078967,3.0288
100,10,sqrt,20,10,0.9615253472185392,0.009649770781052442,0.9614718614718616,0.009766678937383958,3.4549
100,10,log2,2,1,0.976185809249103,0.008463104750061252,0.976190476190476,0.00849411985729376,3.0926
100,10,log2,2,2,0.9757425488490966,0.009533091137810803,0.9757575757575758,0.009523809523809523,2.8829
100,10,log2,2,5,0.9688909438170394,0.008783766643045907,0.9688311688311689,0.008829471019208276,2.9829
100,10,log2,2,10,0.9615253472185392,0.009649770781052442,0.9614718614718616,0.009766678937383958,2.7955
100,10,log2,5,1,0.9740343876508595,0.008604086181426742,0.974025974025974,0.008658008658008658,3.5865
100,10,log2,5,2,0.97317305713946,0.0101494124146731,0.9731601731601731,0.010207641664546832,3.7007
100,10,log2,5,5,0.9688909438170394,0.008783766643045907,0.9688311688311689,0.008829471019208276,3.5782
100,10,log2,5,10,0.9615253472185392,0.009649770781052442,0.9614718614718616,0.009766678937383958,3.4501
100,10,log2,10,1,0.9736247770921997,0.009557921272524458,0.9735930735930737,0.00957287635822337,3.1613
100,10,log2,10,2,0.9718912223823499,0.009702567963466052,0.9718614718614716,0.009728227296209617,3.3265
100,10,log2,10,5,0.9688909438170394,0.008783766643045907,0.9688311688311689,0.008829471019208276,2.9443
100,10,log2,10,10,0.9615253472185392,0.009649770781052442,0.9614718614718616,0.009766678937383958,2.624
100,10,log2,20,1,0.9705695826820419,0.007404459669251933,0.9705627705627705,0.007447900664106171,2.8485
100,10,log2,20,2,0.9684266694757957,0.010534644704016978,0.9683982683982684,0.01061268456461581,2.9528
100,10,log2,20,5,0.9662807187773869,0.008513961207559996,0.9662337662337663,0.008614609845078967,3.5115
100,10,log2,20,10,0.9615253472185392,0.009649770781052442,0.9614718614718616,0.009766678937383958,3.3933
100,10,0.5,2,1,0.9753597274826122,0.006091407132536389,0.9753246753246753,0.006137422891237156,3.7123
100,10,0.5,2,2,0.9744564160310443,0.0062182782961216375,0.9744588744588742,0.0062583689587882955,3.1733
100,10,0.5,2,5,0.971482049118648,0.008439247311461787,0.9714285714285713,0.00848308136028807,3.6706
100,10,0.5,2,10,0.9654177534622985,0.010626722739548832,0.9653679653679653,0.010779133851072487,3.6034
100,10,0.5,5,1,0.9740135813832195,0.007215241444951029,0.9740259740259738,0.007243809753541787,3.3992
100,10,0.5,5,2,0.9744632573021524,0.007833014492162678,0.9744588744588742,0.00785210266113292,3.0932
100,10,0.5,5,5,0.971482049118648,0.008439247311461787,0.9714285714285713,0.00848308136028807,3.0684
100,10,0.5,5,10,0.9654177534622985,0.010626722739548832,0.9653679653679653,0.010779133851072487,3.1395
100,10,0.5,10,1,0.9723119126494446,0.005838002395041678,0.9722943722943722,0.005872147171537034,3.6951
100,10,0.5,10,2,0.9723186006132221,0.007007850394474039,0.9722943722943722,0.007033799484533314,3.5675
100,10,0.5,10,5,0.971482049118648,0.008439247311461787,0.9714285714285713,0.00848308136028807,3.443
100,10,0.5,10,10,0.9654177534622985,0.010626722739548832,0.9653679653679653,0.010779133851072487,3.3335
100,10,0.5,20,1,0.9735906160092647,0.004066209966577604,0.9735930735930737,0.004083974516041811,3.7324
100,10,0.5,20,2,0.9722652026897777,0.00650075081521556,0.9722943722943723,0.006479060409998174,3.4084
100,10,0.5,20,5,0.9688779824174315,0.008325667613527307,0.9688311688311689,0.008394250835352947,3.195
100,10,0.5,20,10,0.9654177534622985,0.010626722739548832,0.9653679653679653,0.010779133851072487,3.0617
100,10,1.0,2,1,0.9706604764293291,0.007571330250429175,0.9705627705627705,0.0076954064219182635,3.3848
100,10,1.0,2,2,0.9706502812091962,0.007145730714443218,0.9705627705627705,0.007191882132396608,3.5608
100,10,1.0,2,5,0.9646835651446934,0.010516225418333068,0.9645021645021645,0.010568446420548659,3.0439
100,10,1.0,2,10,0.9537547300426485,0.010637903142847132,0.9536796536796537,0.010787823198594896,2.2156
100,10,1.0,5,1,0.9693645976857361,0.007267606256117141,0.9692640692640693,0.007359307359307368,2.2348
100,10,1.0,5,2,0.9697954844500701,0.008144748435993969,0.9696969696969697,0.008213708208229578,2.2561
100,10,1.0,5,5,0.9646835651446934,0.010516225418333068,0.9645021645021645,0.010568446420548659,2.2566
100,10,1.0,5,10,0.9537547300426485,0.010637903142847132,0.9536796536796537,0.010787823198594896,2.2926
100,10,1.0,10,1,0.9689178783650524,0.007134234017924522,0.9688311688311689,0.007191882132396611,2.2774
100,10,1.0,10,2,0.9688933227832424,0.008384212276081859,0.9688311688311687,0.008394250835352968,2.2633
100,10,1.0,10,5,0.9646835651446934,0.010516225418333068,0.9645021645021645,0.010568446420548659,2.2279
100,10,1.0,10,10,0.9537547300426485,0.010637903142847132,0.9536796536796537,0.010787823198594896,2.1806
100,10,1.0,20,1,0.9646288683357745,0.009553165884740974,0.9645021645021645,0.009641150411826881,2.279
100,10,1.0,20,2,0.9637426083117114,0.01128003259498249,0.9636363636363636,0.011321815437767984,2.3235
100,10,1.0,20,5,0.9603884245265789,0.009319890524026831,0.9601731601731602,0.009444772393623985,2.3464
100,10,1.0,20,10,0.9537547300426485,0.010637903142847132,0.9536796536796537,0.010787823198594896,2.3044
100,20,sqrt,2,1,0.979624049306149,0.007739981039160721,0.9796536796536797,0.00775604886024629,1.8009
100,20,sqrt,2,2,0.9774904133542528,0.009018919310724453,0.9774891774891774,0.009039226414641163,1.762
100,20,sqrt,2,5,0.9714402219564343,0.009279995401016669,0.9714285714285715,0.009324960704994811,1.7523
100,20,sqrt,2,10,0.961111099690909,0.009912511094854951,0.9610389610389612,0.010059697003136147,1.7684
100,20,sqrt,5,1,0.9774797990004169,0.009831558213064803,0.9774891774891774,0.009833607525195263,1.6985
100,20,sqrt,5,2,0.9761841837915946,0.008444662714404184,0.976190476190476,0.008494119857293755,1.7388
100,20,sqrt,5,5,0.9714402219564343,0.009279995401016669,0.9714285714285715,0.009324960704994811,1.7284
100,20,sqrt,5,10,0.961111099690909,0.009912511094854951,0.9610389610389612,0.010059697003136147,1.8422
100,20,sqrt,10,1,0.977479553201821,0.00860545592868816,0.9774891774891774,0.008614609845078953,1.7108
100,20,sqrt,10,2,0.9757460151344368,0.008915332872302317,0.9757575757575758,0.008913965490032035,1.7203
100,20,sqrt,10,5,0.9714402219564343,0.009279995401016669,0.9714285714285715,0.009324960704994811,1.6982
100,20,sqrt,10,10,0.961111099690909,0.009912511094854951,0.9610389610389612,0.010059697003136147,1.7079
100,20,sqrt,20,1,0.9718537793379582,0.010444626116456386,0.9718614718614719,0.010470464608179925,1.676
100,20,sqrt,20,2,0.9727163545783588,0.008445640354449814,0.9727272727272727,0.008449879348893135,1.7324
100,20,sqrt,20,5,0.9670885407767085,0.0086541464024197,0.9670995670995671,0.008701191013957478,1.7228
100,20,sqrt,20,10,0.961111099690909,0.009912511094854951,0.9610389610389612,0.010059697003136147,1.6878
100,20,log2,2,1,0.979624049306149,0.007739981039160721,0.9796536796536797,0.00775604886024629,1.8624
100,20,log2,2,2,0.9774904133542528,0.009018919310724453,0.9774891774891774,0.009039226414641163,1.7107
100,20,log2,2,5,0.9714402219564343,0.009279995401016669,0.9714285714285715,0.009324960704994811,1.6788
100,20,log2,2,10,0.961111099690909,0.009912511094854951,0.9610389610389612,0.010059697003136147,1.7082
100,20,log2,5,1,0.9774797990004169,0.009831558213064803,0.9774891774891774,0.009833607525195263,1.7126
100,20,log2,5,2,0.9761841837915946,0.008444662714404184,0.976190476190476,0.008494119857293755,1.7446
100,20,log2,5,5,0.9714402219564343,0.009279995401016669,0.9714285714285715,0.009324960704994811,1.9832
100,20,log2,5,10,0.961111099690909,0.009912511094854951,0.9610389610389612,0.010059697003136147,2.1669
100,20,log2,10,1,0.977479553201821,0.00860545592868816,0.9774891774891774,0.008614609845078953,2.1531
100,20,log2,10,2,0.9757460151344368,0.008915332872302317,0.9757575757575758,0.008913965490032035,2.2605
100,20,log2,10,5,0.9714402219564343,0.009279995401016669,0.9714285714285715,0.009324960704994811,2.1265
100,20,log2,10,10,0.961111099690909,0.009912511094854951,0.9610389610389612,0.010059697003136147,2.1387
100,20,log2,20,1,0.9718537793379582,0.010444626116456386,0.9718614718614719,0.010470464608179925,2.116
100,20,log2,20,2,0.9727163545783588,0.008445640354449814,0.9727272727272727,0.008449879348893135,2.2305
100,20,log2,20,5,0.9670885407767085,0.0086541464024197,0.9670995670995671,0.008701191013957478,2.2035
100,20,log2,20,10,0.961111099690909,0.009912511094854951,0.9610389610389612,0.010059697003136147,2.1562
100,20,0.5,2,1,0.9778969698890327,0.005641189249399086,0.9779220779220779,0.005627705627705627,2.4063
100,20,0.5,2,2,0.9783337975541213,0.0058398025504604115,0.9783549783549784,0.0058079687727267204,2.3702
100,20,0.5,2,5,0.9727418722360074,0.009080212678839678,0.9727272727272727,0.009090909090909089,2.2943
100,20,0.5,2,10,0.965405545520986,0.00954135849856186,0.9653679653679653,0.009679947954544545,2.2666
100,20,0.5,5,1,0.9804979493623982,0.006775515544739792,0.9805194805194806,0.006775963568181172,2.316
100,20,0.5,5,2,0.9792084752354434,0.006670711525318836,0.9792207792207792,0.006650342638847269,2.3133
100,20,0.5,5,5,0.9727418722360074,0.009080212678839678,0.9727272727272727,0.009090909090909089,2.3444
100,20,0.5,5,10,0.965405545520986,0.00954135849856186,0.9653679653679653,0.009679947954544545,2.4237
100,20,0.5,10,1,0.9753061735370473,0.0051568343923847635,0.9753246753246753,0.00514040782988654,2.2705
100,20,0.5,10,2,0.9748921415424157,0.0057557362301441164,0.9748917748917748,0.0057430732300526414,2.3835
100,20,0.5,10,5,0.9727418722360074,0.009080212678839678,0.9727272727272727,0.009090909090909089,2.599
100,20,0.5,10,10,0.965405545520986,0.00954135849856186,0.9653679653679653,0.009679947954544545,2.4979
100,20,0.5,20,1,0.9731027983449915,0.006667980350791213,0.9731601731601731,0.006650342638847296,2.6249
100,20,0.5,20,2,0.971398567658557,0.007051503710857697,0.9714285714285713,0.007033799484533324,2.6187
100,20,0.5,20,5,0.9692648174838338,0.008248549046262531,0.9692640692640693,0.008315745762899798,2.6614
100,20,0.5,20,10,0.965405545520986,0.00954135849856186,0.9653679653679653,0.009679947954544545,2.4989
100,20,1.0,2,1,0.9762124993726247,0.008649232422064116,0.9761904761904763,0.0087119531590901,3.1749
100,20,1.0,2,2,0.9749156345144332,0.007131510371070808,0.9748917748917749,0.007191882132396615,3.1248
100,20,1.0,2,5,0.9680751123884139,0.008460201419610281,0.9679653679653679,0.00848308136028806,3.0282
100,20,1.0,2,10,0.9545774554868462,0.009550708575370806,0.9545454545454547,0.009728227296209629,2.9081
100,20,1.0,5,1,0.9766327070035828,0.008439456013853116,0.9766233766233767,0.008483081360288072,3.1017
100,20,1.0,5,2,0.974439091551346,0.006513681089918048,0.9744588744588745,0.006550972272909784,3.2408
100,20,1.0,5,5,0.9680751123884139,0.008460201419610281,0.9679653679653679,0.00848308136028806,3.1446
100,20,1.0,5,10,0.9545774554868462,0.009550708575370806,0.9545454545454547,0.009728227296209629,3.039
100,20,1.0,10,1,0.9753363378368082,0.008405334049098446,0.9753246753246753,0.008449879348893135,3.3027
100,20,1.0,10,2,0.9718821872949501,0.007981574807246124,0.971861471861472,0.008040768667102466,3.1041
100,20,1.0,10,5,0.9680751123884139,0.008460201419610281,0.9679653679653679,0.00848308136028806,3.0142
100,20,1.0,10,10,0.9545774554868462,0.009550708575370806,0.9545454545454547,0.009728227296209629,2.9727
100,20,1.0,20,1,0.968842729322654,0.009949492935005565,0.9688311688311689,0.010022369612805393,3.0837
100,20,1.0,20,2,0.966699222970804,0.011232044783925007,0.9666666666666665,0.01129695961099558,3.123
100,20,1.0,20,5,0.9624669877117389,0.007717489550438286,0.9623376623376624,0.007756048860246274,3.0014
100,20,1.0,20,10,0.9545774554868462,0.009550708575370806,0.9545454545454547,0.009728227296209629,3.0171
200,,sqrt,2,1,0.9779159950841109,0.00873227471062539,0.9779220779220779,0.008754869444223668,3.7555
200,,sqrt,2,2,0.9774839072031023,0.008165350279405128,0.9774891774891774,0.008167949032083635,3.5057
200,,sqrt,2,5,0.9714311907372248,0.0091211377182701,0.9714285714285713,0.009121778140998045,3.613
200,,sqrt,2,10,0.9602131141052208,0.01010397028906247,0.9601731601731602,0.010207641664546846,3.4682
200,,sqrt,5,1,0.9779175490143144,0.00851832268557051,0.9779220779220779,0.008538131135634635,3.5271
200,,sqrt,5,2,0.9766310555990433,0.008229156740062209,0.9766233766233764,0.008259213865081778,3.5355
200,,sqrt,5,5,0.9714311907372248,0.0091211377182701,0.9714285714285713,0.009121778140998045,3.5693
200,,sqrt,5,10,0.9602131141052208,0.01010397028906247,0.9601731601731602,0.010207641664546846,3.6926
200,,sqrt,10,1,0.9770573578128626,0.008195644965877479,0.977056277056277,0.008225108225108222,3.4833
200,,sqrt,10,2,0.9762076094314451,0.00968849172347106,0.976190476190476,0.009728227296209622,3.5307
200,,sqrt,10,5,0.9714311907372248,0.0091211377182701,0.9714285714285713,0.009121778140998045,3.3964
200,,sqrt,10,10,0.9602131141052208,0.01010397028906247,0.9601731601731602,0.010207641664546846,3.5468
200,,sqrt,20,1,0.9736084409500805,0.008954812281148423,0.9735930735930737,0.008966370206583541,3.3383
200,,sqrt,20,2,0.9727066089664419,0.007723352788909739,0.9727272727272727,0.007756048860246293,3.4389
200,,sqrt,20,5,0.9661881554368563,0.007627628123215564,0.9662337662337663,0.007695406421918241,3.2905
200,,sqrt,20,10,0.9602131141052208,0.01010397028906247,0.9601731601731602,0.010207641664546846,3.3652
200,,log2,2,1,0.9779159950841109,0.00873227471062539,0.9779220779220779,0.008754869444223668,3.5228
200,,log2,2,2,0.9774839072031023,0.008165350279405128,0.9774891774891774,0.008167949032083635,3.3612
200,,log2,2,5,0.9714311907372248,0.0091211377182701,0.9714285714285713,0.009121778140998045,3.3653
200,,log2,2,10,0.9602131141052208,0.01010397028906247,0.9601731601731602,0.010207641664546846,3.3495
200,,log2,5,1,0.9779175490143144,0.00851832268557051,0.9779220779220779,0.008538131135634635,3.9108
200,,log2,5,2,0.9766310555990433,0.008229156740062209,0.9766233766233764,0.008259213865081778,4.5074
200,,log2,5,5,0.9714311907372248,0.0091211377182701,0.9714285714285713,0.009121778140998045,4.2814
200,,log2,5,10,0.9602131141052208,0.01010397028906247,0.9601731601731602,0.010207641664546846,4.2338
200,,log2,10,1,0.9770573578128626,0.008195644965877479,0.977056277056277,0.008225108225108222,4.738
200,,log2,10,2,0.9762076094314451,0.00968849172347106,0.976190476190476,0.009728227296209622,4.3145
200,,log2,10,5,0.9714311907372248,0.0091211377182701,0.9714285714285713,0.009121778140998045,4.1364
200,,log2,10,10,0.9602131141052208,0.01010397028906247,0.9601731601731602,0.010207641664546846,4.2811
200,,log2,20,1,0.9736084409500805,0.008954812281148423,0.9735930735930737,0.008966370206583541,4.5015
200,,log2,20,2,0.9727066089664419,0.007723352788909739,0.9727272727272727,0.007756048860246293,4.2514
200,,log2,20,5,0.9661881554368563,0.007627628123215564,0.9662337662337663,0.007695406421918241,4.2998
200,,log2,20,10,0.9602131141052208,0.01010397028906247,0.9601731601731602,0.010207641664546846,4.4521
200,,0.5,2,1,0.9796561734959773,0.0047785005419997105,0.9796536796536797,0.004761904761904768,4.3998
200,,0.5,2,2,0.9792081863452289,0.0074669475928814235,0.9792207792207792,0.007447900664106155,4.2527
200,,0.5,2,5,0.973182791112509,0.008186551603216265,0.9731601731601731,0.008167949032083652,4.7137
200,,0.5,2,10,0.9667105718891159,0.00898678327187377,0.9666666666666666,0.0090909090909091,4.951
200,,0.5,5,1,0.9800774561672757,0.007306509475508851,0.9800865800865802,0.007295367768983849,5.1554
200,,0.5,5,2,0.9787555511427655,0.007119859077512509,0.9787878787878788,0.007100095007297271,5.2938
200,,0.5,5,5,0.973182791112509,0.008186551603216265,0.9731601731601731,0.008167949032083652,5.1245
200,,0.5,5,10,0.9667105718891159,0.00898678327187377,0.9666666666666666,0.0090909090909091,5.1405
200,,0.5,10,1,0.9770312528287576,0.006461139080902785,0.9770562770562771,0.006435527596241781,4.8396
200,,0.5,10,2,0.9766172183020624,0.0048469998916980984,0.9766233766233766,0.004820575205913453,4.9613
200,,0.5,10,5,0.973182791112509,0.008186551603216265,0.9731601731601731,0.008167949032083652,5.2042
200,,0.5,10,10,0.9667105718891159,0.00898678327187377,0.9666666666666666,0.0090909090909091,4.7077
200,,0.5,20,1,0.9731142727913248,0.006680813502367299,0.9731601731601731,0.006650342638847288,4.891
200,,0.5,20,2,0.9718172273523008,0.007324007176775735,0.9718614718614719,0.007308200439884925,5.3039
200,,0.5,20,5,0.9697508397442073,0.008114596087317398,0.9696969696969697,0.00821370820822957,5.1856
200,,0.5,20,10,0.9667105718891159,0.00898678327187377,0.9666666666666666,0.0090909090909091,5.1407
200,,1.0,2,1,0.9762162574298063,0.007494458456403181,0.9761904761904763,0.007560281037477476,6.5234
200,,1.0,2,2,0.9736151516347142,0.007272746855103163,0.9735930735930737,0.007359307359307371,6.4745
200,,1.0,2,5,0.9667861495465537,0.009469643614916737,0.9666666666666666,0.009494247705394513,6.088
200,,1.0,2,10,0.9567523332341723,0.010223665690344547,0.9567099567099568,0.010425623011941379,5.8115
200,,1.0,5,1,0.9757794385827697,0.006955132778626395,0.9757575757575758,0.007033799484533309,5.944
200,,1.0,5,2,0.9740240701598533,0.0057566191030526915,0.9740259740259741,0.005807968772726728,6.3068
200,,1.0,5,5,0.9667861495465537,0.009469643614916737,0.9666666666666666,0.009494247705394513,5.3808
200,,1.0,5,10,0.9567523332341723,0.010223665690344547,0.9567099567099568,0.010425623011941379,4.7951
200,,1.0,10,1,0.9740302869882287,0.008407644620912829,0.9740259740259738,0.008438782982518593,4.9492
200,,1.0,10,2,0.9727423227331146,0.007952521874254536,0.9727272727272727,0.007994019615852554,5.0063
200,,1.0,10,5,0.9667861495465537,0.009469643614916737,0.9666666666666666,0.009494247705394513,4.8604
200,,1.0,10,10,0.9567523332341723,0.010223665690344547,0.9567099567099568,0.010425623011941379,4.8345
200,,1.0,20,1,0.9692481487367965,0.00971711917266375,0.9692640692640693,0.009766678937383954,5.0419
200,,1.0,20,2,0.9675135041827044,0.010277082161003108,0.9675324675324676,0.010289925821649087,4.7559
200,,1.0,20,5,0.9646155952838568,0.0090433663173193,0.9645021645021645,0.009039226414641156,4.917
200,,1.0,20,10,0.9567523332341723,0.010223665690344547,0.9567099567099568,0.010425623011941379,4.6864
200,5,sqrt,2,1,0.9290831739177738,0.009362137672455797,0.9290043290043292,0.009718590614997259,3.6286
200,5,sqrt,2,2,0.9291450747575787,0.009211696966491423,0.9290043290043292,0.009718590614997259,3.6617
200,5,sqrt,2,5,0.9261357412598332,0.011457437563790335,0.9259740259740259,0.012004696644036401,3.5882
200,5,sqrt,2,10,0.9227096761767207,0.012362561461652826,0.9225108225108226,0.012907403909848994,3.6289
200,5,sqrt,5,1,0.9303818632265051,0.009650036852720038,0.9303030303030303,0.01014318139728138,3.6978
200,5,sqrt,5,2,0.9304071267448583,0.009652435123963294,0.9303030303030303,0.01014318139728138,3.4368
200,5,sqrt,5,5,0.9261357412598332,0.011457437563790335,0.9259740259740259,0.012004696644036401,3.6175
200,5,sqrt,5,10,0.9227096761767207,0.012362561461652826,0.9225108225108226,0.012907403909848994,3.6035
200,5,sqrt,10,1,0.9304209248048583,0.009533961409667802,0.9303030303030303,0.009956709956709971,3.44
200,5,sqrt,10,2,0.9286801231324711,0.009569821844136088,0.9285714285714285,0.009918995010726937,3.5426
200,5,sqrt,10,5,0.9261357412598332,0.011457437563790335,0.9259740259740259,0.012004696644036401,3.4427
200,5,sqrt,10,10,0.9227096761767207,0.012362561461652826,0.9225108225108226,0.012907403909848994,4.5229
200,5,sqrt,20,1,0.9277681831190204,0.012240194428969457,0.9277056277056278,0.01270251147283224,4.779
200,5,sqrt,20,2,0.926550481951786,0.013497328576581018,0.9264069264069263,0.014094216966320105,4.2895
200,5,sqrt,20,5,0.9227159304716862,0.015991732214274423,0.9225108225108226,0.016478672130453943,4.474
200,5,sqrt,20,10,0.9227096761767207,0.012362561461652826,0.9225108225108226,0.012907403909848994,4.5947
200,5,log2,2,1,0.9290831739177738,0.009362137672455797,0.9290043290043292,0.009718590614997259,4.2452
200,5,log2,2,2,0.9291450747575787,0.009211696966491423,0.9290043290043292,0.009718590614997259,4.4807
200,5,log2,2,5,0.9261357412598332,0.011457437563790335,0.9259740259740259,0.012004696644036401,4.647
200,5,log2,2,10,0.9227096761767207,0.012362561461652826,0.9225108225108226,0.012907403909848994,4.3438
200,5,log2,5,1,0.9303818632265051,0.009650036852720038,0.9303030303030303,0.01014318139728138,4.7021
200,5,log2,5,2,0.9304071267448583,0.009652435123963294,0.9303030303030303,0.01014318139728138,4.6236
200,5,log2,5,5,0.9261357412598332,0.011457437563790335,0.9259740259740259,0.012004696644036401,4.7538
200,5,log2,5,10,0.9227096761767207,0.012362561461652826,0.9225108225108226,0.012907403909848994,4.2842
200,5,log2,10,1,0.9304209248048583,0.009533961409667802,0.9303030303030303,0.009956709956709971,4.8854
200,5,log2,10,2,0.9286801231324711,0.009569821844136088,0.9285714285714285,0.009918995010726937,4.646
200,5,log2,10,5,0.9261357412598332,0.011457437563790335,0.9259740259740259,0.012004696644036401,4.4526
200,5,log2,10,10,0.9227096761767207,0.012362561461652826,0.9225108225108226,0.012907403909848994,4.4913
200,5,log2,20,1,0.9277681831190204,0.012240194428969457,0.9277056277056278,0.01270251147283224,5.1038
200,5,log2,20,2,0.926550481951786,0.013497328576581018,0.9264069264069263,0.014094216966320105,5.9827
200,5,log2,20,5,0.9227159304716862,0.015991732214274423,0.9225108225108226,0.016478672130453943,5.5121
200,5,log2,20,10,0.9227096761767207,0.012362561461652826,0.9225108225108226,0.012907403909848994,5.5244
200,5,0.5,2,1,0.9290439056808484,0.013324131808169498,0.9290043290043292,0.01357955596654382,5.5596
200,5,0.5,2,2,0.9290439056808484,0.013324131808169498,0.9290043290043292,0.01357955596654382,5.3892
200,5,0.5,2,5,0.9281715721685897,0.013148927510333353,0.9281385281385282,0.01344084389286581,5.0465
200,5,0.5,2,10,0.927163242217903,0.014692920197596535,0.9272727272727274,0.014845392380504108,6.273
200,5,0.5,5,1,0.9290439056808484,0.013324131808169498,0.9290043290043292,0.01357955596654382,5.3031
200,5,0.5,5,2,0.9290439056808484,0.013324131808169498,0.9290043290043292,0.01357955596654382,5.3359
200,5,0.5,5,5,0.9281715721685897,0.013148927510333353,0.9281385281385282,0.01344084389286581,5.2177
200,5,0.5,5,10,0.927163242217903,0.014692920197596535,0.9272727272727274,0.014845392380504108,5.1867
200,5,0.5,10,1,0.9281991254610682,0.013546584637390844,0.9281385281385282,0.01385281385281385,5.7792
200,5,0.5,10,2,0.9286249496368925,0.013446530003594883,0.9285714285714286,0.013723694791469569,5.3875
200,5,0.5,10,5,0.9281715721685897,0.013148927510333353,0.9281385281385282,0.01344084389286581,4.9424
200,5,0.5,10,10,0.927163242217903,0.014692920197596535,0.9272727272727274,0.014845392380504108,5.3664
200,5,0.5,20,1,0.9281715721685897,0.013148927510333353,0.9281385281385282,0.01344084389286581,5.3508
200,5,0.5,20,2,0.9281715721685897,0.013148927510333353,0.9281385281385282,0.01344084389286581,5.1972
200,5,0.5,20,5,0.9285930228640128,0.012959988568632997,0.9285714285714286,0.013307728267479984,5.4374
200,5,0.5,20,10,0.927163242217903,0.014692920197596535,0.9272727272727274,0.014845392380504108,5.7334
200,5,1.0,2,1,0.9058091514565201,0.020260200582188335,0.906060606060606,0.018675025636470128,5.4212
200,5,1.0,2,2,0.9045451304910521,0.01984784653705482,0.9047619047619048,0.01836640990094929,5.7067
200,5,1.0,2,5,0.9036728340734699,0.02070032117703744,0.903896103896104,0.019340526323539987,5.8302
200,5,1.0,2,10,0.9018427250186096,0.017884641205328258,0.9021645021645022,0.016450216450216434,5.4698
200,5,1.0,5,1,0.9053767862027262,0.020094915656634224,0.9056277056277056,0.01854916474946195,5.8558
200,5,1.0,5,2,0.9045451304910521,0.01984784653705482,0.9047619047619048,0.01836640990094929,4.9291
200,5,1.0,5,5,0.9036728340734699,0.02070032117703744,0.903896103896104,0.019340526323539987,4.5444
200,5,1.0,5,10,0.9018427250186096,0.017884641205328258,0.9021645021645022,0.016450216450216434,4.6608
200,5,1.0,10,1,0.9053767862027262,0.020094915656634224,0.9056277056277056,0.01854916474946195,4.2908
200,5,1.0,10,2,0.904993465819406,0.02038579651127386,0.9051948051948051,0.018914330973985694,4.2266
200,5,1.0,10,5,0.9036728340734699,0.02070032117703744,0.903896103896104,0.019340526323539987,4.4973
200,5,1.0,10,10,0.9018427250186096,0.017884641205328258,0.9021645021645022,0.016450216450216434,4.7603
200,5,1.0,20,1,0.9045669025387264,0.02029705839599959,0.9047619047619048,0.01886969239627997,4.5169
200,5,1.0,20,2,0.9041185672103726,0.019747010039826703,0.9043290043290044,0.01831020431390182,4.3144
200,5,1.0,20,5,0.9036728340734699,0.02070032117703744,0.903896103896104,0.019340526323539987,4.283
200,5,1.0,20,10,0.9018427250186096,0.017884641205328258,0.9021645021645022,0.016450216450216434,4.4375
200,10,sqrt,2,1,0.9770710323469022,0.008190623259974775,0.977056277056277,0.008225108225108222,4.0258
200,10,sqrt,2,2,0.9757637582138887,0.008471307150614714,0.9757575757575756,0.008483081360288068,3.8911
200,10,sqrt,2,5,0.9688525928645093,0.009209332531595081,0.9688311688311689,0.009244223594832313,3.9423
200,10,sqrt,2,10,0.9602070874716562,0.008941018846615557,0.9601731601731602,0.009039226414641173,3.7541
200,10,sqrt,5,1,0.9749104860231645,0.00858168536533194,0.9748917748917748,0.008614609845078967,3.8118
200,10,sqrt,5,2,0.9753285174548514,0.00818827819528876,0.9753246753246751,0.008225108225108226,3.9832
200,10,sqrt,5,5,0.9688525928645093,0.009209332531595081,0.9688311688311689,0.009244223594832313,3.9878
200,10,sqrt,5,10,0.9602070874716562,0.008941018846615557,0.9601731601731602,0.009039226414641173,3.8348
200,10,sqrt,10,1,0.9744834667741052,0.008720573406916086,0.9744588744588742,0.00875486944422369,3.7472
200,10,sqrt,10,2,0.9740683476422234,0.007949234521083086,0.974025974025974,0.007982289573413763,4.0079
200,10,sqrt,10,5,0.9688525928645093,0.009209332531595081,0.9688311688311689,0.009244223594832313,4.0685
200,10,sqrt,10,10,0.9602070874716562,0.008941018846615557,0.9601731601731602,0.009039226414641173,3.8523
200,10,sqrt,20,1,0.9710163430207983,0.00694453206449448,0.9709956709956711,0.00699372052874612,3.6867
200,10,sqrt,20,2,0.9701168991762892,0.008933855859586578,0.9701298701298702,0.008966370206583533,3.6278
200,10,sqrt,20,5,0.9658339826123147,0.009715964553338698,0.9658008658008658,0.009766678937383975,3.7478
200,10,sqrt,20,10,0.9602070874716562,0.008941018846615557,0.9601731601731602,0.009039226414641173,4.0169
200,10,log2,2,1,0.9770710323469022,0.008190623259974775,0.977056277056277,0.008225108225108222,3.84
200,10,log2,2,2,0.9757637582138887,0.008471307150614714,0.9757575757575756,0.008483081360288068,3.6544
200,10,log2,2,5,0.9688525928645093,0.009209332531595081,0.9688311688311689,0.009244223594832313,3.5329
200,10,log2,2,10,0.9602070874716562,0.008941018846615557,0.9601731601731602,0.009039226414641173,3.9122
200,10,log2,5,1,0.9749104860231645,0.00858168536533194,0.9748917748917748,0.008614609845078967,3.8371
200,10,log2,5,2,0.9753285174548514,0.00818827819528876,0.9753246753246751,0.008225108225108226,3.7289
200,10,log2,5,5,0.9688525928645093,0.009209332531595081,0.9688311688311689,0.009244223594832313,3.6515
200,10,log2,5,10,0.9602070874716562,0.008941018846615557,0.9601731601731602,0.009039226414641173,3.6271
200,10,log2,10,1,0.9744834667741052,0.008720573406916086,0.9744588744588742,0.00875486944422369,3.6985
200,10,log2,10,2,0.9740683476422234,0.007949234521083086,0.974025974025974,0.007982289573413763,3.903
200,10,log2,10,5,0.9688525928645093,0.009209332531595081,0.9688311688311689,0.009244223594832313,3.6984
200,10,log2,10,10,0.9602070874716562,0.008941018846615557,0.9601731601731602,0.009039226414641173,3.7149
200,10,log2,20,1,0.9710163430207983,0.00694453206449448,0.9709956709956711,0.00699372052874612,3.6379
200,10,log2,20,2,0.9701168991762892,0.008933855859586578,0.9701298701298702,0.008966370206583533,4.7563
200,10,log2,20,5,0.9658339826123147,0.009715964553338698,0.9658008658008658,0.009766678937383975,5.0251
200,10,log2,20,10,0.9602070874716562,0.008941018846615557,0.9601731601731602,0.009039226414641173,5.4573
200,10,0.5,2,1,0.9779269420893971,0.004926514323661826,0.9779220779220779,0.004916803762597641,5.5617
200,10,0.5,2,2,0.975335973234366,0.006388587040879996,0.9753246753246753,0.006435527596241787,4.9243
200,10,0.5,2,5,0.972738380035317,0.006966423258261081,0.9727272727272727,0.006993720528746125,5.3201
200,10,0.5,2,10,0.9658862788023501,0.00943189618770529,0.9658008658008658,0.009572876358223374,4.9582
200,10,0.5,5,1,0.9748858252438476,0.006635579424047237,0.9748917748917748,0.0066503426388472816,5.0407
200,10,0.5,5,2,0.9748908486292948,0.006332718651696201,0.9748917748917748,0.006362311020216046,5.1545
200,10,0.5,5,5,0.972738380035317,0.006966423258261081,0.9727272727272727,0.006993720528746125,5.6586
200,10,0.5,5,10,0.9658862788023501,0.00943189618770529,0.9658008658008658,0.009572876358223374,5.4014
200,10,0.5,10,1,0.9735557136668087,0.005301835556436107,0.9735930735930737,0.005284223210274341,6.0804
200,10,0.5,10,2,0.9748673187284138,0.005415458793900737,0.9748917748917748,0.005406924673938014,5.1748
200,10,0.5,10,5,0.972738380035317,0.006966423258261081,0.9727272727272727,0.006993720528746125,5.006
200,10,0.5,10,10,0.9658862788023501,0.00943189618770529,0.9658008658008658,0.009572876358223374,4.9815
200,10,0.5,20,1,0.9731498283975565,0.004228437525466386,0.9731601731601731,0.004241540680144021,5.2727
200,10,0.5,20,2,0.972716927964656,0.004764200727298377,0.9727272727272727,0.004761904761904763,4.757
200,10,0.5,20,5,0.968442530534281,0.0060010367696311665,0.9683982683982684,0.006137422891237149,5.3063
200,10,0.5,20,10,0.9658862788023501,0.00943189618770529,0.9658008658008658,0.009572876358223374,5.0416
200,10,1.0,2,1,0.9706713653923573,0.008451318853092612,0.9705627705627707,0.008614609845078973,6.0478
200,10,1.0,2,2,0.9698044280380838,0.0076519585404872985,0.9696969696969697,0.00774395836363564,6.5358
200,10,1.0,2,5,0.9646661341277364,0.0112286858247518,0.9645021645021645,0.011255411255411248,5.9292
200,10,1.0,2,10,0.954635803906827,0.010825274480679253,0.9545454545454547,0.010994307445195051,5.5243
200,10,1.0,5,1,0.9693824547318959,0.007724330423161686,0.9692640692640694,0.007852102661132912,5.8533
200,10,1.0,5,2,0.9693893729829665,0.008211554083506043,0.9692640692640693,0.008315745762899802,6.0068
200,10,1.0,5,5,0.9646661341277364,0.0112286858247518,0.9645021645021645,0.011255411255411248,5.7416
200,10,1.0,5,10,0.954635803906827,0.010825274480679253,0.9545454545454547,0.010994307445195051,5.7391
200,10,1.0,10,1,0.9689453845103733,0.007626023673981482,0.9688311688311687,0.00769540642191826,5.7688
200,10,1.0,10,2,0.9685235718366048,0.009211491922887397,0.9683982683982684,0.009294766473412947,5.839
200,10,1.0,10,5,0.9646661341277364,0.0112286858247518,0.9645021645021645,0.011255411255411248,5.7525
200,10,1.0,10,10,0.954635803906827,0.010825274480679253,0.9545454545454547,0.010994307445195051,5.7767
200,10,1.0,20,1,0.9654909812407186,0.010472272094951733,0.9653679653679653,0.010603851700360087,5.9379
200,10,1.0,20,2,0.9650549047952881,0.010568371416088,0.9649350649350648,0.01068308457078188,7.0009
200,10,1.0,20,5,0.9616713588607159,0.010074786569945341,0.9614718614718616,0.010143181397281367,6.831
200,10,1.0,20,10,0.954635803906827,0.010825274480679253,0.9545454545454547,0.010994307445195051,7.316
200,20,sqrt,2,1,0.9779159950841109,0.00873227471062539,0.9779220779220779,0.008754869444223668,5.5424
200,20,sqrt,2,2,0.9774839072031023,0.008165350279405128,0.9774891774891774,0.008167949032083635,6.4692
200,20,sqrt,2,5,0.9714311907372248,0.0091211377182701,0.9714285714285713,0.009121778140998045,5.5137
200,20,sqrt,2,10,0.9602131141052208,0.01010397028906247,0.9601731601731602,0.010207641664546846,5.425
200,20,sqrt,5,1,0.9779175490143144,0.00851832268557051,0.9779220779220779,0.008538131135634635,5.5268
200,20,sqrt,5,2,0.9766310555990433,0.008229156740062209,0.9766233766233764,0.008259213865081778,6.0481
200,20,sqrt,5,5,0.9714311907372248,0.0091211377182701,0.9714285714285713,0.009121778140998045,4.9562
200,20,sqrt,5,10,0.9602131141052208,0.01010397028906247,0.9601731601731602,0.010207641664546846,5.4908
200,20,sqrt,10,1,0.9770573578128626,0.008195644965877479,0.977056277056277,0.008225108225108222,5.3714
200,20,sqrt,10,2,0.9762076094314451,0.00968849172347106,0.976190476190476,0.009728227296209622,5.6245
200,20,sqrt,10,5,0.9714311907372248,0.0091211377182701,0.9714285714285713,0.009121778140998045,6.4839
200,20,sqrt,10,10,0.9602131141052208,0.01010397028906247,0.9601731601731602,0.010207641664546846,5.6184
200,20,sqrt,20,1,0.9736084409500805,0.008954812281148423,0.9735930735930737,0.008966370206583541,5.7443
200,20,sqrt,20,2,0.9727066089664419,0.007723352788909739,0.9727272727272727,0.007756048860246293,5.6756
200,20,sqrt,20,5,0.9661881554368563,0.007627628123215564,0.9662337662337663,0.007695406421918241,5.8159
200,20,sqrt,20,10,0.9602131141052208,0.01010397028906247,0.9601731601731602,0.010207641664546846,6.417
200,20,log2,2,1,0.9779159950841109,0.00873227471062539,0.9779220779220779,0.008754869444223668,5.5084
200,20,log2,2,2,0.9774839072031023,0.008165350279405128,0.9774891774891774,0.008167949032083635,5.0777
200,20,log2,2,5,0.9714311907372248,0.0091211377182701,0.9714285714285713,0.009121778140998045,5.7074
200,20,log2,2,10,0.9602131141052208,0.01010397028906247,0.9601731601731602,0.010207641664546846,4.9138
200,20,log2,5,1,0.9779175490143144,0.00851832268557051,0.9779220779220779,0.008538131135634635,6.187
200,20,log2,5,2,0.9766310555990433,0.008229156740062209,0.9766233766233764,0.008259213865081778,5.934
200,20,log2,5,5,0.9714311907372248,0.0091211377182701,0.9714285714285713,0.009121778140998045,5.3942
200,20,log2,5,10,0.9602131141052208,0.01010397028906247,0.9601731601731602,0.010207641664546846,5.6523
200,20,log2,10,1,0.9770573578128626,0.008195644965877479,0.977056277056277,0.008225108225108222,5.8752
200,20,log2,10,2,0.9762076094314451,0.00968849172347106,0.976190476190476,0.009728227296209622,5.378
200,20,log2,10,5,0.9714311907372248,0.0091211377182701,0.9714285714285713,0.009121778140998045,6.0768
200,20,log2,10,10,0.9602131141052208,0.01010397028906247,0.9601731601731602,0.010207641664546846,6.0103
200,20,log2,20,1,0.9736084409500805,0.008954812281148423,0.9735930735930737,0.008966370206583541,5.5932
200,20,log2,20,2,0.9727066089664419,0.007723352788909739,0.9727272727272727,0.007756048860246293,6.0633
200,20,log2,20,5,0.9661881554368563,0.007627628123215564,0.9662337662337663,0.007695406421918241,5.2869
200,20,log2,20,10,0.9602131141052208,0.01010397028906247,0.9601731601731602,0.010207641664546846,5.0946
200,20,0.5,2,1,0.9796561734959773,0.0047785005419997105,0.9796536796536797,0.004761904761904768,5.7358
200,20,0.5,2,2,0.9792081863452289,0.0074669475928814235,0.9792207792207792,0.007447900664106155,5.7963
200,20,0.5,2,5,0.973182791112509,0.008186551603216265,0.9731601731601731,0.008167949032083652,5.9884
200,20,0.5,2,10,0.9667105718891159,0.00898678327187377,0.9666666666666666,0.0090909090909091,5.9927
200,20,0.5,5,1,0.9800774561672757,0.007306509475508851,0.9800865800865802,0.007295367768983849,5.6784
200,20,0.5,5,2,0.9787555511427655,0.007119859077512509,0.9787878787878788,0.007100095007297271,6.6058
200,20,0.5,5,5,0.973182791112509,0.008186551603216265,0.9731601731601731,0.008167949032083652,5.6113
200,20,0.5,5,10,0.9667105718891159,0.00898678327187377,0.9666666666666666,0.0090909090909091,5.405
200,20,0.5,10,1,0.9770312528287576,0.006461139080902785,0.9770562770562771,0.006435527596241781,5.7315
200,20,0.5,10,2,0.9766172183020624,0.0048469998916980984,0.9766233766233766,0.004820575205913453,5.2735
200,20,0.5,10,5,0.973182791112509,0.008186551603216265,0.9731601731601731,0.008167949032083652,5.8873
200,20,0.5,10,10,0.9667105718891159,0.00898678327187377,0.9666666666666666,0.0090909090909091,4.8149
200,20,0.5,20,1,0.9731142727913248,0.006680813502367299,0.9731601731601731,0.006650342638847288,3.5878
200,20,0.5,20,2,0.9718172273523008,0.007324007176775735,0.9718614718614719,0.007308200439884925,3.5528
200,20,0.5,20,5,0.9697508397442073,0.008114596087317398,0.9696969696969697,0.00821370820822957,3.5222
200,20,0.5,20,10,0.9667105718891159,0.00898678327187377,0.9666666666666666,0.0090909090909091,3.6166
200,20,1.0,2,1,0.9762162574298063,0.007494458456403181,0.9761904761904763,0.007560281037477476,4.3734
200,20,1.0,2,2,0.9736151516347142,0.007272746855103163,0.9735930735930737,0.007359307359307371,4.3794
200,20,1.0,2,5,0.9667861495465537,0.009469643614916737,0.9666666666666666,0.009494247705394513,4.2244
200,20,1.0,2,10,0.9567523332341723,0.010223665690344547,0.9567099567099568,0.010425623011941379,4.1968
200,20,1.0,5,1,0.9757794385827697,0.006955132778626395,0.9757575757575758,0.007033799484533309,4.2888
200,20,1.0,5,2,0.9740240701598533,0.0057566191030526915,0.9740259740259741,0.005807968772726728,4.3116
200,20,1.0,5,5,0.9667861495465537,0.009469643614916737,0.9666666666666666,0.009494247705394513,4.203
200,20,1.0,5,10,0.9567523332341723,0.010223665690344547,0.9567099567099568,0.010425623011941379,4.2318
200,20,1.0,10,1,0.9740302869882287,0.008407644620912829,0.9740259740259738,0.008438782982518593,4.2732
200,20,1.0,10,2,0.9727423227331146,0.007952521874254536,0.9727272727272727,0.007994019615852554,4.2311
200,20,1.0,10,5,0.9667861495465537,0.009469643614916737,0.9666666666666666,0.009494247705394513,4.2543
200,20,1.0,10,10,0.9567523332341723,0.010223665690344547,0.9567099567099568,0.010425623011941379,4.2283
200,20,1.0,20,1,0.9692481487367965,0.00971711917266375,0.9692640692640693,0.009766678937383954,4.3512
200,20,1.0,20,2,0.9675135041827044,0.010277082161003108,0.9675324675324676,0.010289925821649087,4.1545
200,20,1.0,20,5,0.9646155952838568,0.0090433663173193,0.9645021645021645,0.009039226414641156,4.1445
200,20,1.0,20,10,0.9567523332341723,0.010223665690344547,0.9567099567099568,0.010425623011941379,4.2098
500,,sqrt,2,1,0.9787771344203378,0.008744747995142958,0.9787878787878788,0.00875486944422367,7.6163
500,,sqrt,2,2,0.977484883692226,0.0074452487685614755,0.9774891774891774,0.0074479006641061715,7.7762
500,,sqrt,2,5,0.9706033450562813,0.00879270072808806,0.9705627705627705,0.008829471019208291,7.6154
500,,sqrt,2,10,0.9619304960271995,0.008732498720160835,0.9619047619047618,0.008829471019208278,7.6815
500,,sqrt,5,1,0.9783326774652356,0.007978529972703857,0.9783549783549782,0.007982289573413756,7.6225
500,,sqrt,5,2,0.9779171796984428,0.008735626326846288,0.9779220779220779,0.008754869444223668,7.7447
500,,sqrt,5,5,0.9706033450562813,0.00879270072808806,0.9705627705627705,0.008829471019208291,8.6091
500,,sqrt,5,10,0.9619304960271995,0.008732498720160835,0.9619047619047618,0.008829471019208278,9.9221
500,,sqrt,10,1,0.9779115848292458,0.007822380265357537,0.9779220779220779,0.007852102661132922,9.4926
500,,sqrt,10,2,0.9762067230263665,0.008666734264531989,0.976190476190476,0.008711953159090095,9.6278
500,,sqrt,10,5,0.9706033450562813,0.00879270072808806,0.9705627705627705,0.008829471019208291,9.7762
500,,sqrt,10,10,0.9619304960271995,0.008732498720160835,0.9619047619047618,0.008829471019208278,9.3178
500,,sqrt,20,1,0.971837052559634,0.009480580008535494,0.9718614718614719,0.009533643093309618,9.6769
500,,sqrt,20,2,0.9714010395937545,0.008215393440857218,0.9714285714285715,0.008259213865081777,9.6389
500,,sqrt,20,5,0.9657936514553243,0.008627313242023323,0.9658008658008658,0.008754869444223665,9.847
500,,sqrt,20,10,0.9619304960271995,0.008732498720160835,0.9619047619047618,0.008829471019208278,10.4496
500,,log2,2,1,0.9787771344203378,0.008744747995142958,0.9787878787878788,0.00875486944422367,10.3085
500,,log2,2,2,0.977484883692226,0.0074452487685614755,0.9774891774891774,0.0074479006641061715,10.6331
500,,log2,2,5,0.9706033450562813,0.00879270072808806,0.9705627705627705,0.008829471019208291,10.4681
500,,log2,2,10,0.9619304960271995,0.008732498720160835,0.9619047619047618,0.008829471019208278,10.5469
500,,log2,5,1,0.9783326774652356,0.007978529972703857,0.9783549783549782,0.007982289573413756,10.5474
500,,log2,5,2,0.9779171796984428,0.008735626326846288,0.9779220779220779,0.008754869444223668,10.5812
500,,log2,5,5,0.9706033450562813,0.00879270072808806,0.9705627705627705,0.008829471019208291,10.3126
500,,log2,5,10,0.9619304960271995,0.008732498720160835,0.9619047619047618,0.008829471019208278,10.5601
500,,log2,10,1,0.9779115848292458,0.007822380265357537,0.9779220779220779,0.007852102661132922,10.586
500,,log2,10,2,0.9762067230263665,0.008666734264531989,0.976190476190476,0.008711953159090095,8.8383
500,,log2,10,5,0.9706033450562813,0.00879270072808806,0.9705627705627705,0.008829471019208291,8.5135
500,,log2,10,10,0.9619304960271995,0.008732498720160835,0.9619047619047618,0.008829471019208278,8.3853
500,,log2,20,1,0.971837052559634,0.009480580008535494,0.9718614718614719,0.009533643093309618,8.6056
500,,log2,20,2,0.9714010395937545,0.008215393440857218,0.9714285714285715,0.008259213865081777,8.4635
500,,log2,20,5,0.9657936514553243,0.008627313242023323,0.9658008658008658,0.008754869444223665,8.6217
500,,log2,20,10,0.9619304960271995,0.008732498720160835,0.9619047619047618,0.008829471019208278,8.5185
500,,0.5,2,1,0.9809436546454144,0.00620311608410214,0.980952380952381,0.006183054916487312,9.398
500,,0.5,2,2,0.9774443436934984,0.007223217315287309,0.9774891774891774,0.007191882132396607,8.8242
500,,0.5,2,5,0.973591584118328,0.007870346973632682,0.9735930735930737,0.007852102661132935,8.7624
500,,0.5,2,10,0.968040120677224,0.008981939911568083,0.9679653679653679,0.009121778140998037,8.8484
500,,0.5,5,1,0.9796361485253378,0.007000424691796378,0.9796536796536797,0.006993720528746098,8.9649
500,,0.5,5,2,0.9778897321870652,0.006852659461798159,0.9779220779220779,0.006831053609549557,9.0717
500,,0.5,5,5,0.973591584118328,0.007870346973632682,0.9735930735930737,0.007852102661132935,8.8241
500,,0.5,5,10,0.968040120677224,0.008981939911568083,0.9679653679653679,0.009121778140998037,8.9212
500,,0.5,10,1,0.976159965758001,0.006244631477495726,0.976190476190476,0.006198190936483292,9.2787
500,,0.5,10,2,0.9766115353327051,0.005574464402559073,0.9766233766233766,0.005543830508599882,11.7327
500,,0.5,10,5,0.973591584118328,0.007870346973632682,0.9735930735930737,0.007852102661132935,11.5098
500,,0.5,10,10,0.968040120677224,0.008981939911568083,0.9679653679653679,0.009121778140998037,11.4483
500,,0.5,20,1,0.9731186699421066,0.005751564448609431,0.9731601731601731,0.0057430732300526414,11.8426
500,,0.5,20,2,0.9735771726731228,0.007393904292201915,0.9735930735930737,0.007359307359307371,11.3605
500,,0.5,20,5,0.9697365408091964,0.006587015245178368,0.9696969696969697,0.0067064646687574414,11.6608
500,,0.5,20,10,0.968040120677224,0.008981939911568083,0.9679653679653679,0.009121778140998037,11.3265
500,,1.0,2,1,0.9766441800339798,0.007237595204950239,0.9766233766233764,0.007295367768983859,14.1396
500,,1.0,2,2,0.9731722284512735,0.007358059739500443,0.9731601731601731,0.007447900664106198,14.3438
500,,1.0,2,5,0.9667558115072576,0.010037956635115142,0.9666666666666668,0.010069007229102183,13.3855
500,,1.0,2,10,0.9562840905458156,0.009237593301269005,0.9562770562770565,0.009375068323682977,13.3971
500,,1.0,5,1,0.9749165532295094,0.0076035147460850995,0.9748917748917748,0.007695406421918275,14.93
500,,1.0,5,2,0.9740182481032631,0.006906683776995621,0.974025974025974,0.006980309738786649,14.9921
500,,1.0,5,5,0.9667558115072576,0.010037956635115142,0.9666666666666668,0.010069007229102183,14.3022
500,,1.0,5,10,0.9562840905458156,0.009237593301269005,0.9562770562770565,0.009375068323682977,13.549
500,,1.0,10,1,0.9740592562577334,0.008393818137996301,0.9740259740259738,0.008438782982518593,15.0497
500,,1.0,10,2,0.9718818591011879,0.007745616395953663,0.971861471861472,0.007804223539965345,14.5772
500,,1.0,10,5,0.9667558115072576,0.010037956635115142,0.9666666666666668,0.010069007229102183,14.1402
500,,1.0,10,10,0.9562840905458156,0.009237593301269005,0.9562770562770565,0.009375068323682977,13.7824
500,,1.0,20,1,0.9692549419334963,0.009711282955225147,0.9692640692640693,0.009766678937383954,14.9408
500,,1.0,20,2,0.9684089161337347,0.009463159684642826,0.9683982683982684,0.009494247705394495,14.4405
500,,1.0,20,5,0.9624491507528077,0.010746381541366413,0.9623376623376624,0.01078782319859488,14.1612
500,,1.0,20,10,0.9562840905458156,0.009237593301269005,0.9562770562770565,0.009375068323682977,13.9013
500,5,sqrt,2,1,0.929810759257283,0.010942011286567082,0.9298701298701297,0.011255411255411258,10.9579
500,5,sqrt,2,2,0.9293543687167819,0.010015528866633696,0.9294372294372293,0.010253436608075341,11.1526
500,5,sqrt,2,5,0.926907647155559,0.010854040132403143,0.9268398268398268,0.011363120994291506,11.1529
500,5,sqrt,2,10,0.9246829937946419,0.013602297514947372,0.9246753246753248,0.014120784788138602,9.8495
500,5,sqrt,5,1,0.9298736186444257,0.010251431371514247,0.9298701298701297,0.010568446420548673,9.2941
500,5,sqrt,5,2,0.9285124525188646,0.01102506135080248,0.9285714285714285,0.011330088595932817,9.1024
500,5,sqrt,5,5,0.926907647155559,0.010854040132403143,0.9268398268398268,0.011363120994291506,9.138
500,5,sqrt,5,10,0.9246829937946419,0.013602297514947372,0.9246753246753248,0.014120784788138602,9.0469
500,5,sqrt,10,1,0.9293610380369925,0.008990254121723799,0.9294372294372295,0.009294766473412949,9.1603
500,5,sqrt,10,2,0.9289491847454201,0.008847712371284979,0.9290043290043289,0.009121778140998056,9.1429
500,5,sqrt,10,5,0.926907647155559,0.010854040132403143,0.9268398268398268,0.011363120994291506,9.0028
500,5,sqrt,10,10,0.9246829937946419,0.013602297514947372,0.9246753246753248,0.014120784788138602,8.8934
500,5,sqrt,20,1,0.9284935316203329,0.009813647862103512,0.9285714285714286,0.010106162363574683,8.8487
500,5,sqrt,20,2,0.9280937957756693,0.010733044605265361,0.9281385281385282,0.011155063832662442,8.3782
500,5,sqrt,20,5,0.9251317836488994,0.012356688585134307,0.925108225108225,0.01284919660576263,8.8374
500,5,sqrt,20,10,0.9246829937946419,0.013602297514947372,0.9246753246753248,0.014120784788138602,8.3915
500,5,log2,2,1,0.929810759257283,0.010942011286567082,0.9298701298701297,0.011255411255411258,8.875
500,5,log2,2,2,0.9293543687167819,0.010015528866633696,0.9294372294372293,0.010253436608075341,8.4072
500,5,log2,2,5,0.926907647155559,0.010854040132403143,0.9268398268398268,0.011363120994291506,8.6027
500,5,log2,2,10,0.9246829937946419,0.013602297514947372,0.9246753246753248,0.014120784788138602,8.2777
500,5,log2,5,1,0.9298736186444257,0.010251431371514247,0.9298701298701297,0.010568446420548673,10.7348
500,5,log2,5,2,0.9285124525188646,0.01102506135080248,0.9285714285714285,0.011330088595932817,10.1089
500,5,log2,5,5,0.926907647155559,0.010854040132403143,0.9268398268398268,0.011363120994291506,10.9787
500,5,log2,5,10,0.9246829937946419,0.013602297514947372,0.9246753246753248,0.014120784788138602,10.9031
500,5,log2,10,1,0.9293610380369925,0.008990254121723799,0.9294372294372295,0.009294766473412949,10.8921
500,5,log2,10,2,0.9289491847454201,0.008847712371284979,0.9290043290043289,0.009121778140998056,10.7077
500,5,log2,10,5,0.926907647155559,0.010854040132403143,0.9268398268398268,0.011363120994291506,10.8714
500,5,log2,10,10,0.9246829937946419,0.013602297514947372,0.9246753246753248,0.014120784788138602,10.6242
500,5,log2,20,1,0.9284935316203329,0.009813647862103512,0.9285714285714286,0.010106162363574683,10.7675
500,5,log2,20,2,0.9280937957756693,0.010733044605265361,0.9281385281385282,0.011155063832662442,10.8778
500,5,log2,20,5,0.9251317836488994,0.012356688585134307,0.925108225108225,0.01284919660576263,10.8433
500,5,log2,20,10,0.9246829937946419,0.013602297514947372,0.9246753246753248,0.014120784788138602,10.5879
500,5,0.5,2,1,0.9342555701222712,0.012307858906956853,0.9341991341991343,0.012665574751798957,11.2199
500,5,0.5,2,2,0.9338366140783151,0.012761263769253826,0.9337662337662337,0.013137654463630749,10.4758
500,5,0.5,2,5,0.932896732571899,0.01298577036760634,0.9329004329004329,0.013307728267479994,11.7295
500,5,0.5,2,10,0.9315137318016145,0.013087588854390793,0.9316017316017315,0.013244206528812408,13.1375
500,5,0.5,5,1,0.9342555701222712,0.012307858906956853,0.9341991341991343,0.012665574751798957,12.1007
500,5,0.5,5,2,0.9338366140783151,0.012761263769253826,0.9337662337662337,0.013137654463630749,11.8567
500,5,0.5,5,5,0.932896732571899,0.01298577036760634,0.9329004329004329,0.013307728267479994,12.5856
500,5,0.5,5,10,0.9315137318016145,0.013087588854390793,0.9316017316017315,0.013244206528812408,13.0915
500,5,0.5,10,1,0.9334102197965652,0.01215943072733676,0.9333333333333332,0.012576484022799966,12.8712
500,5,0.5,10,2,0.9338360439723894,0.011862248923006757,0.9337662337662337,0.012251923548125463,12.1569
500,5,0.5,10,5,0.932896732571899,0.01298577036760634,0.9329004329004329,0.013307728267479994,11.5099
500,5,0.5,10,10,0.9315137318016145,0.013087588854390793,0.9316017316017315,0.013244206528812408,12.1375
500,5,0.5,20,1,0.9334102197965652,0.01215943072733676,0.9333333333333332,0.012576484022799966,12.0041
500,5,0.5,20,2,0.9334102197965652,0.01215943072733676,0.9333333333333332,0.012576484022799966,12.1457
500,5,0.5,20,5,0.932896732571899,0.01298577036760634,0.9329004329004329,0.013307728267479994,11.7199
500,5,0.5,20,10,0.9315137318016145,0.013087588854390793,0.9316017316017315,0.013244206528812408,11.5154
500,5,1.0,2,1,0.9023948578611275,0.01647082186764749,0.9025974025974024,0.014902090457193515,13.7143
500,5,1.0,2,2,0.9023948578611275,0.01647082186764749,0.9025974025974024,0.014902090457193515,13.5632
500,5,1.0,2,5,0.9011116584805636,0.01687362016168861,0.9012987012987012,0.015463697921637893,13.5599
500,5,1.0,2,10,0.8988286737106336,0.014416012284382124,0.899134199134199,0.012849196605762628,13.1383
500,5,1.0,5,1,0.9023948578611275,0.01647082186764749,0.9025974025974024,0.014902090457193515,13.6499
500,5,1.0,5,2,0.9023948578611275,0.01647082186764749,0.9025974025974024,0.014902090457193515,12.9395
500,5,1.0,5,5,0.9011116584805636,0.01687362016168861,0.9012987012987012,0.015463697921637893,13.0993
500,5,1.0,5,10,0.8988286737106336,0.014416012284382124,0.899134199134199,0.012849196605762628,13.3614
500,5,1.0,10,1,0.9023948578611275,0.01647082186764749,0.9025974025974024,0.014902090457193515,12.6552
500,5,1.0,10,2,0.9023948578611275,0.01647082186764749,0.9025974025974024,0.014902090457193515,11.6393
500,5,1.0,10,5,0.9011116584805636,0.01687362016168861,0.9012987012987012,0.015463697921637893,11.2024
500,5,1.0,10,10,0.8988286737106336,0.014416012284382124,0.899134199134199,0.012849196605762628,10.9783
500,5,1.0,20,1,0.9019627106432659,0.016896407460432302,0.902164502164502,0.015390812843836529,10.4968
500,5,1.0,20,2,0.9019627106432659,0.016896407460432302,0.902164502164502,0.015390812843836529,10.052
500,5,1.0,20,5,0.9011116584805636,0.01687362016168861,0.9012987012987012,0.015463697921637893,10.8812
500,5,1.0,20,10,0.8988286737106336,0.014416012284382124,0.899134199134199,0.012849196605762628,11.1887
500,10,sqrt,2,1,0.9766245058080957,0.008229407053397858,0.9766233766233766,0.008259213865081785,9.788
500,10,sqrt,2,2,0.9753427976685547,0.009840870400881678,0.9753246753246753,0.009881136112998557,9.2997
500,10,sqrt,2,5,0.9683968163513837,0.007657575190542014,0.9683982683982684,0.007756048860246288,8.9282
500,10,sqrt,2,10,0.9619344037935553,0.00875618554472266,0.961904761904762,0.008829471019208278,9.1158
500,10,sqrt,5,1,0.9749097083402095,0.007902886328087914,0.9748917748917748,0.007935196008581537,9.7895
500,10,sqrt,5,2,0.9748909744698043,0.00902230122262975,0.9748917748917748,0.009039226414641173,9.4675
500,10,sqrt,5,5,0.9683968163513837,0.007657575190542014,0.9683982683982684,0.007756048860246288,9.442
500,10,sqrt,5,10,0.9619344037935553,0.00875618554472266,0.961904761904762,0.008829471019208278,9.0418
500,10,sqrt,10,1,0.9749209998919343,0.008790456290582154,0.9748917748917748,0.008829471019208283,8.94
500,10,sqrt,10,2,0.9727548787546251,0.008846415570342075,0.9727272727272727,0.008882374254841213,9.3347
500,10,sqrt,10,5,0.9683968163513837,0.007657575190542014,0.9683982683982684,0.007756048860246288,9.3565
500,10,sqrt,10,10,0.9619344037935553,0.00875618554472266,0.961904761904762,0.008829471019208278,9.7179
500,10,sqrt,20,1,0.969684653966459,0.006668472041500213,0.9696969696969697,0.00670646466875742,9.009
500,10,sqrt,20,2,0.9701149986086989,0.007331099430548523,0.9701298701298701,0.007359307359307359,9.0639
500,10,sqrt,20,5,0.9645525670349157,0.008269377133691544,0.9645021645021646,0.008394250835352942,9.0544
500,10,sqrt,20,10,0.9619344037935553,0.00875618554472266,0.961904761904762,0.008829471019208278,9.8341
500,10,log2,2,1,0.9766245058080957,0.008229407053397858,0.9766233766233766,0.008259213865081785,9.326
500,10,log2,2,2,0.9753427976685547,0.009840870400881678,0.9753246753246753,0.009881136112998557,8.9414
500,10,log2,2,5,0.9683968163513837,0.007657575190542014,0.9683982683982684,0.007756048860246288,8.8305
500,10,log2,2,10,0.9619344037935553,0.00875618554472266,0.961904761904762,0.008829471019208278,8.7829
500,10,log2,5,1,0.9749097083402095,0.007902886328087914,0.9748917748917748,0.007935196008581537,9.5191
500,10,log2,5,2,0.9748909744698043,0.00902230122262975,0.9748917748917748,0.009039226414641173,9.1639
500,10,log2,5,5,0.9683968163513837,0.007657575190542014,0.9683982683982684,0.007756048860246288,9.0128
500,10,log2,5,10,0.9619344037935553,0.00875618554472266,0.961904761904762,0.008829471019208278,8.5163
500,10,log2,10,1,0.9749209998919343,0.008790456290582154,0.9748917748917748,0.008829471019208283,9.0089
500,10,log2,10,2,0.9727548787546251,0.008846415570342075,0.9727272727272727,0.008882374254841213,9.3336
500,10,log2,10,5,0.9683968163513837,0.007657575190542014,0.9683982683982684,0.007756048860246288,8.8883
500,10,log2,10,10,0.9619344037935553,0.00875618554472266,0.961904761904762,0.008829471019208278,8.7533
500,10,log2,20,1,0.969684653966459,0.006668472041500213,0.9696969696969697,0.00670646466875742,8.6614
500,10,log2,20,2,0.9701149986086989,0.007331099430548523,0.9701298701298701,0.007359307359307359,8.6097
500,10,log2,20,5,0.9645525670349157,0.008269377133691544,0.9645021645021646,0.008394250835352942,8.9721
500,10,log2,20,10,0.9619344037935553,0.00875618554472266,0.961904761904762,0.008829471019208278,9.1556
500,10,0.5,2,1,0.9766475081521652,0.006714575771363237,0.9766233766233767,0.006762120931520922,9.549
500,10,0.5,2,2,0.9753061397065856,0.00671710998412999,0.9753246753246753,0.006720421946432915,9.4506
500,10,0.5,2,5,0.9714633799768446,0.0069949095741895905,0.9714285714285713,0.007033799484533323,9.4221
500,10,0.5,2,10,0.9662702156767009,0.00829293277255348,0.9662337662337663,0.008394250835352965,10.9184
500,10,0.5,5,1,0.9757666840641889,0.007257720465332743,0.9757575757575758,0.007295367768983861,12.2949
500,10,0.5,5,2,0.9740383590059535,0.006935639010092955,0.9740259740259741,0.006980309738786627,12.1606
500,10,0.5,5,5,0.9714633799768446,0.0069949095741895905,0.9714285714285713,0.007033799484533323,11.9769
500,10,0.5,5,10,0.9662702156767009,0.00829293277255348,0.9662337662337663,0.008394250835352965,11.8672
500,10,0.5,10,1,0.9753307523536121,0.00544189762752324,0.9753246753246753,0.005492890710151312,11.907
500,10,0.5,10,2,0.9744580188796776,0.005602254033413273,0.9744588744588742,0.005627705627705632,12.0179
500,10,0.5,10,5,0.9714633799768446,0.0069949095741895905,0.9714285714285713,0.007033799484533323,11.7467
500,10,0.5,10,10,0.9662702156767009,0.00829293277255348,0.9662337662337663,0.008394250835352965,11.5782
500,10,0.5,20,1,0.9744475683560108,0.0055957128108051314,0.9744588744588747,0.005627705627705606,11.7848
500,10,0.5,20,2,0.9735810711204398,0.005266211786545107,0.9735930735930737,0.005284223210274323,12.1221
500,10,0.5,20,5,0.9701883556343173,0.006112361276204799,0.9701298701298702,0.006258368958788307,11.8432
500,10,0.5,20,10,0.9662702156767009,0.00829293277255348,0.9662337662337663,0.008394250835352965,12.0798
500,10,1.0,2,1,0.9702664902969567,0.008354189006383681,0.9701298701298702,0.008538131135634652,14.7478
500,10,1.0,2,2,0.9698364009017357,0.007631189030197391,0.9696969696969695,0.007743958363635639,14.297
500,10,1.0,2,5,0.964233071902002,0.012043505603020054,0.964069264069264,0.01209799879868582,13.7291
500,10,1.0,2,10,0.954640889151632,0.010848993642370542,0.9545454545454547,0.010994307445195051,13.4073
500,10,1.0,5,1,0.9693830788712197,0.007239555761139404,0.9692640692640693,0.007359307359307348,13.6301
500,10,1.0,5,2,0.9698095618013086,0.006622238669556043,0.9696969696969695,0.006706464668757427,13.6558
500,10,1.0,5,5,0.964233071902002,0.012043505603020054,0.964069264069264,0.01209799879868582,13.7247
500,10,1.0,5,10,0.954640889151632,0.010848993642370542,0.9545454545454547,0.010994307445195051,13.869
500,10,1.0,10,1,0.9689454285461838,0.007353288228317718,0.9688311688311687,0.007447900664106181,14.4826
500,10,1.0,10,2,0.9685260562518115,0.00788160124639828,0.9683982683982684,0.007994019615852553,13.8771
500,10,1.0,10,5,0.964233071902002,0.012043505603020054,0.964069264069264,0.01209799879868582,13.6499
500,10,1.0,10,10,0.954640889151632,0.010848993642370542,0.9545454545454547,0.010994307445195051,13.4124
500,10,1.0,20,1,0.9663574077807136,0.008730885248483169,0.9662337662337661,0.008829471019208283,14.4146
500,10,1.0,20,2,0.9646350964602648,0.009378762867522608,0.9645021645021645,0.009444772393624012,13.3982
500,10,1.0,20,5,0.9603913221965273,0.011266443180569984,0.9601731601731602,0.011420697799370473,13.7884
500,10,1.0,20,10,0.954640889151632,0.010848993642370542,0.9545454545454547,0.010994307445195051,13.7306
500,20,sqrt,2,1,0.9787771344203378,0.008744747995142958,0.9787878787878788,0.00875486944422367,11.4893
500,20,sqrt,2,2,0.977484883692226,0.0074452487685614755,0.9774891774891774,0.0074479006641061715,11.3598
500,20,sqrt,2,5,0.9706033450562813,0.00879270072808806,0.9705627705627705,0.008829471019208291,11.5136
500,20,sqrt,2,10,0.9619304960271995,0.008732498720160835,0.9619047619047618,0.008829471019208278,11.0273
500,20,sqrt,5,1,0.9783326774652356,0.007978529972703857,0.9783549783549782,0.007982289573413756,10.8901
500,20,sqrt,5,2,0.9779171796984428,0.008735626326846288,0.9779220779220779,0.008754869444223668,11.1886
500,20,sqrt,5,5,0.9706033450562813,0.00879270072808806,0.9705627705627705,0.008829471019208291,11.0409
500,20,sqrt,5,10,0.9619304960271995,0.008732498720160835,0.9619047619047618,0.008829471019208278,12.3993
500,20,sqrt,10,1,0.9779115848292458,0.007822380265357537,0.9779220779220779,0.007852102661132922,12.7139
500,20,sqrt,10,2,0.9762067230263665,0.008666734264531989,0.976190476190476,0.008711953159090095,13.133
500,20,sqrt,10,5,0.9706033450562813,0.00879270072808806,0.9705627705627705,0.008829471019208291,12.5079
500,20,sqrt,10,10,0.9619304960271995,0.008732498720160835,0.9619047619047618,0.008829471019208278,13.1355
500,20,sqrt,20,1,0.971837052559634,0.009480580008535494,0.9718614718614719,0.009533643093309618,12.8818
500,20,sqrt,20,2,0.9714010395937545,0.008215393440857218,0.9714285714285715,0.008259213865081777,12.1228
500,20,sqrt,20,5,0.9657936514553243,0.008627313242023323,0.9658008658008658,0.008754869444223665,12.6927
500,20,sqrt,20,10,0.9619304960271995,0.008732498720160835,0.9619047619047618,0.008829471019208278,12.4337
500,20,log2,2,1,0.9787771344203378,0.008744747995142958,0.9787878787878788,0.00875486944422367,13.6328
500,20,log2,2,2,0.977484883692226,0.0074452487685614755,0.9774891774891774,0.0074479006641061715,12.0649
500,20,log2,2,5,0.9706033450562813,0.00879270072808806,0.9705627705627705,0.008829471019208291,11.4098
500,20,log2,2,10,0.9619304960271995,0.008732498720160835,0.9619047619047618,0.008829471019208278,11.6196
500,20,log2,5,1,0.9783326774652356,0.007978529972703857,0.9783549783549782,0.007982289573413756,12.5642
500,20,log2,5,2,0.9779171796984428,0.008735626326846288,0.9779220779220779,0.008754869444223668,13.6766
500,20,log2,5,5,0.9706033450562813,0.00879270072808806,0.9705627705627705,0.008829471019208291,12.3722
500,20,log2,5,10,0.9619304960271995,0.008732498720160835,0.9619047619047618,0.008829471019208278,11.7795
500,20,log2,10,1,0.9779115848292458,0.007822380265357537,0.9779220779220779,0.007852102661132922,12.4074
500,20,log2,10,2,0.9762067230263665,0.008666734264531989,0.976190476190476,0.008711953159090095,13.0402
500,20,log2,10,5,0.9706033450562813,0.00879270072808806,0.9705627705627705,0.008829471019208291,12.3766
500,20,log2,10,10,0.9619304960271995,0.008732498720160835,0.9619047619047618,0.008829471019208278,11.1026
500,20,log2,20,1,0.971837052559634,0.009480580008535494,0.9718614718614719,0.009533643093309618,12.8898
500,20,log2,20,2,0.9714010395937545,0.008215393440857218,0.9714285714285715,0.008259213865081777,12.0843
500,20,log2,20,5,0.9657936514553243,0.008627313242023323,0.9658008658008658,0.008754869444223665,12.8134
500,20,log2,20,10,0.9619304960271995,0.008732498720160835,0.9619047619047618,0.008829471019208278,11.4735
500,20,0.5,2,1,0.9809436546454144,0.00620311608410214,0.980952380952381,0.006183054916487312,12.3279
500,20,0.5,2,2,0.9774443436934984,0.007223217315287309,0.9774891774891774,0.007191882132396607,13.098
500,20,0.5,2,5,0.973591584118328,0.007870346973632682,0.9735930735930737,0.007852102661132935,13.0172
500,20,0.5,2,10,0.968040120677224,0.008981939911568083,0.9679653679653679,0.009121778140998037,13.6422
500,20,0.5,5,1,0.9796361485253378,0.007000424691796378,0.9796536796536797,0.006993720528746098,13.3134
500,20,0.5,5,2,0.9778897321870652,0.006852659461798159,0.9779220779220779,0.006831053609549557,13.2483
500,20,0.5,5,5,0.973591584118328,0.007870346973632682,0.9735930735930737,0.007852102661132935,13.2262
500,20,0.5,5,10,0.968040120677224,0.008981939911568083,0.9679653679653679,0.009121778140998037,12.6256
500,20,0.5,10,1,0.976159965758001,0.006244631477495726,0.976190476190476,0.006198190936483292,12.7984
500,20,0.5,10,2,0.9766115353327051,0.005574464402559073,0.9766233766233766,0.005543830508599882,12.8492
500,20,0.5,10,5,0.973591584118328,0.007870346973632682,0.9735930735930737,0.007852102661132935,12.4654
500,20,0.5,10,10,0.968040120677224,0.008981939911568083,0.9679653679653679,0.009121778140998037,13.0468
500,20,0.5,20,1,0.9731186699421066,0.005751564448609431,0.9731601731601731,0.0057430732300526414,12.9005
500,20,0.5,20,2,0.9735771726731228,0.007393904292201915,0.9735930735930737,0.007359307359307371,12.6598
500,20,0.5,20,5,0.9697365408091964,0.006587015245178368,0.9696969696969697,0.0067064646687574414,12.3677
500,20,0.5,20,10,0.968040120677224,0.008981939911568083,0.9679653679653679,0.009121778140998037,12.2695
500,20,1.0,2,1,0.9766441800339798,0.007237595204950239,0.9766233766233764,0.007295367768983859,16.7662
500,20,1.0,2,2,0.9731722284512735,0.007358059739500443,0.9731601731601731,0.007447900664106198,15.7277
500,20,1.0,2,5,0.9667558115072576,0.010037956635115142,0.9666666666666668,0.010069007229102183,14.5396
500,20,1.0,2,10,0.9562840905458156,0.009237593301269005,0.9562770562770565,0.009375068323682977,13.7454
500,20,1.0,5,1,0.9749165532295094,0.0076035147460850995,0.9748917748917748,0.007695406421918275,15.0354
500,20,1.0,5,2,0.9740182481032631,0.006906683776995621,0.974025974025974,0.006980309738786649,15.2348
500,20,1.0,5,5,0.9667558115072576,0.010037956635115142,0.9666666666666668,0.010069007229102183,13.6197
500,20,1.0,5,10,0.9562840905458156,0.009237593301269005,0.9562770562770565,0.009375068323682977,13.5087
500,20,1.0,10,1,0.9740592562577334,0.008393818137996301,0.9740259740259738,0.008438782982518593,14.37
500,20,1.0,10,2,0.9718818591011879,0.007745616395953663,0.971861471861472,0.007804223539965345,14.7112
500,20,1.0,10,5,0.9667558115072576,0.010037956635115142,0.9666666666666668,0.010069007229102183,13.9267
500,20,1.0,10,10,0.9562840905458156,0.009237593301269005,0.9562770562770565,0.009375068323682977,13.1443
500,20,1.0,20,1,0.9692549419334963,0.009711282955225147,0.9692640692640693,0.009766678937383954,14.3973
500,20,1.0,20,2,0.9684089161337347,0.009463159684642826,0.9683982683982684,0.009494247705394495,12.7889
500,20,1.0,20,5,0.9624491507528077,0.010746381541366413,0.9623376623376624,0.01078782319859488,9.4862
500,20,1.0,20,10,0.9562840905458156,0.009237593301269005,0.9562770562770565,0.009375068323682977,9.1579
