n_estimators,max_depth,max_features,min_samples_split,min_samples_leaf,mean_r2,std_r2,mean_rmse,std_rmse,time_s
50,,sqrt,2,1,0.7886215842964905,0.014975198289195647,0.0030802857912902567,9.372231813803838e-05,2.7711
50,,sqrt,2,2,0.780797033204635,0.014113952100749635,0.0031377563220929957,0.00010519752257868134,2.2932
50,,sqrt,2,5,0.7621883949629191,0.015953037464617965,0.003268378440066324,0.00012204003687081652,1.8365
50,,sqrt,2,10,0.7332389782660798,0.016703906976558054,0.0034624566608494668,0.00013931438372690553,1.6376
50,,sqrt,5,1,0.7880717274984675,0.014390145267152064,0.003085150240271755,0.00011117980126545609,2.4072
50,,sqrt,5,2,0.7824456412068572,0.013735611959990653,0.0031266592057339823,0.00012068985254299454,2.4676
50,,sqrt,5,5,0.762188394962919,0.01595303746461797,0.0032683784400663247,0.00012204003687081668,3.2672
50,,sqrt,5,10,0.7332389782660795,0.01670390697655806,0.0034624566608494668,0.00013931438372690548,6.6969
50,,sqrt,10,1,0.776789377912982,0.015802947534655772,0.003165760630694475,0.00010822938040376255,7.6837
50,,sqrt,10,2,0.77580728116651,0.015740952348562123,0.0031730103489977938,0.00011911764250199558,6.777
50,,sqrt,10,5,0.762188394962919,0.015953037464617962,0.0032683784400663247,0.00012204003687081669,7.1269
50,,sqrt,10,10,0.7332389782660795,0.016703906976558068,0.0034624566608494668,0.0001393143837269055,6.1536
50,,sqrt,20,1,0.7614505135605268,0.014291260186448695,0.003274064371251755,0.00011761793356160977,6.1709
50,,sqrt,20,2,0.7558592260609778,0.01425519747823889,0.0033119181830912003,0.00010720880944404237,6.5457
50,,sqrt,20,5,0.7489260893260841,0.015477213021022736,0.0033583247463162325,0.00011134016445859734,6.7783
50,,sqrt,20,10,0.7332389782660795,0.016703906976558068,0.0034624566608494668,0.0001393143837269054,5.6121
50,,log2,2,1,0.7886215842964905,0.014975198289195663,0.0030802857912902567,9.372231813803836e-05,9.7974
50,,log2,2,2,0.780797033204635,0.014113952100749576,0.0031377563220929957,0.00010519752257868122,8.5184
50,,log2,2,5,0.762188394962919,0.01595303746461797,0.0032683784400663247,0.00012204003687081665,7.4981
50,,log2,2,10,0.7332389782660795,0.016703906976558068,0.0034624566608494668,0.0001393143837269055,6.9231
50,,log2,5,1,0.7880717274984675,0.014390145267152087,0.0030851502402717557,0.00011117980126545603,9.9398
50,,log2,5,2,0.7824456412068572,0.01373561195999062,0.0031266592057339823,0.00012068985254299458,8.8127
50,,log2,5,5,0.762188394962919,0.015953037464617976,0.0032683784400663247,0.00012204003687081668,7.252
50,,log2,5,10,0.7332389782660795,0.016703906976558068,0.0034624566608494668,0.00013931438372690556,7.2662
50,,log2,10,1,0.776789377912982,0.015802947534655755,0.003165760630694475,0.00010822938040376262,7.3493
50,,log2,10,2,0.77580728116651,0.01574095234856212,0.0031730103489977938,0.00011911764250199558,7.1362
50,,log2,10,5,0.762188394962919,0.015953037464617955,0.0032683784400663247,0.00012204003687081654,7.2512
50,,log2,10,10,0.7332389782660795,0.016703906976558068,0.0034624566608494668,0.0001393143837269056,6.8216
50,,log2,20,1,0.7614505135605268,0.014291260186448693,0.003274064371251755,0.00011761793356160978,6.9995
50,,log2,20,2,0.7558592260609778,0.014255197478238906,0.0033119181830912003,0.00010720880944404228,7.6828
50,,log2,20,5,0.7489260893260841,0.015477213021022758,0.0033583247463162325,0.00011134016445859734,7.4458
50,,log2,20,10,0.7332389782660795,0.016703906976558068,0.0034624566608494668,0.0001393143837269055,6.4243
50,,0.5,2,1,0.831899918003851,0.010955512644127528,0.002747831422739083,9.614065897622951e-05,16.409
50,,0.5,2,2,0.8299738771893918,0.013543484496748553,0.0027626081834013104,0.00011080808737317056,13.1629
50,,0.5,2,5,0.818655928881657,0.011294955307152285,0.002854658413973297,0.000109915053779236,10.8252
50,,0.5,2,10,0.7972159980874891,0.012790159805964058,0.0030186999941499574,0.00011942174836883964,9.0525
50,,0.5,5,1,0.8307182787376013,0.011770286609373825,0.0027575116929604007,0.00011076241516720924,14.5159
50,,0.5,5,2,0.8299062075793222,0.011302634477424429,0.0027641768735482608,0.00010202368782892326,12.6476
50,,0.5,5,5,0.818655928881657,0.011294955307152275,0.002854658413973297,0.00010991505377923602,10.366
50,,0.5,5,10,0.7972159980874891,0.01279015980596406,0.0030186999941499574,0.00011942174836883951,8.3785
50,,0.5,10,1,0.8259263129339679,0.01045393800574019,0.002796982228640406,0.0001071860440487491,12.5613
50,,0.5,10,2,0.8251358639028146,0.012378447296271534,0.0028026426429502396,0.00011495487370406435,11.9222
50,,0.5,10,5,0.818655928881657,0.011294955307152273,0.002854658413973297,0.00010991505377923601,10.6093
50,,0.5,10,10,0.7972159980874891,0.01279015980596406,0.0030186999941499574,0.00011942174836883951,3.1083
50,,0.5,20,1,0.8122261684939109,0.012458890716775452,0.0029043724555982533,0.00011159597201522817,3.095
50,,0.5,20,2,0.8124066067557246,0.011332843925205055,0.0029032924288967853,0.00010413334415373081,2.8516
50,,0.5,20,5,0.8062409946102616,0.01198728749549233,0.0029501740291753634,9.783619139446007e-05,2.6431
50,,0.5,20,10,0.7972159980874891,0.01279015980596406,0.0030186999941499574,0.00011942174836883943,2.4553
50,,1.0,2,1,0.8374971012497564,0.011646198281518238,0.0027012803507186077,0.00010347205072843769,13.9391
50,,1.0,2,2,0.8370277555283081,0.011446085268138305,0.0027051646699737886,9.74962744259551e-05,18.3726
50,,1.0,2,5,0.8270845081791249,0.011894318206347121,0.0027865835598858803,0.00010003113494474607,5.2325
50,,1.0,2,10,0.8086894077455163,0.01161679149051696,0.002931559178605666,9.623491963175795e-05,4.4141
50,,1.0,5,1,0.8363134211782295,0.011542333236600793,0.002711138720980566,0.00010202262847599636,20.9846
50,,1.0,5,2,0.8365470220834762,0.01148794287194417,0.0027091707901123934,9.842282658041108e-05,24.7726
50,,1.0,5,5,0.8270845081791249,0.011894318206347114,0.0027865835598858803,0.00010003113494474607,20.3296
50,,1.0,5,10,0.8086894077455163,0.011616791490516953,0.002931559178605666,9.623491963175786e-05,19.2615
50,,1.0,10,1,0.8321707444749746,0.011848643998910963,0.0027451342756968262,0.00010124369551853982,24.552
50,,1.0,10,2,0.8324074651610124,0.011889600162372416,0.002743053551972554,9.666652700229624e-05,22.397
50,,1.0,10,5,0.8270845081791249,0.011894318206347114,0.0027865835598858803,0.00010003113494474596,21.3797
50,,1.0,10,10,0.8086894077455163,0.011616791490516936,0.002931559178605666,9.623491963175794e-05,17.812
50,,1.0,20,1,0.8208084189383186,0.012599995004026856,0.0028363677606671207,9.986683029874964e-05,20.1356
50,,1.0,20,2,0.8208216991558774,0.012580759050905312,0.00283620326598531,9.662576850825278e-05,21.3513
50,,1.0,20,5,0.8177478836136378,0.012574777656533986,0.0028606766637207883,0.00010025767363898438,18.0737
50,,1.0,20,10,0.8086894077455163,0.01161679149051694,0.002931559178605666,9.623491963175786e-05,17.2202
50,5,sqrt,2,1,0.5817225271289665,0.021944474843072742,0.004336348695123839,0.0001562167568669083,7.9863
50,5,sqrt,2,2,0.582644211984418,0.021663318674496324,0.004331549323302424,0.00015340758250240538,7.9829
50,5,sqrt,2,5,0.5821259675053798,0.02084551045485174,0.0043349125539404645,0.00016623350619707084,6.9455
50,5,sqrt,2,10,0.5810709499276772,0.02082496225858618,0.004340207945578491,0.0001610023475119299,8.03
50,5,sqrt,5,1,0.5811729377899851,0.021557552972638325,0.0043393532476937845,0.00015700970979162288,8.117
50,5,sqrt,5,2,0.5820179500563097,0.02160961986034551,0.004334920841390815,0.00015610822440344723,9.6147
50,5,sqrt,5,5,0.5821259675053798,0.020845510454851748,0.004334912553940466,0.00016623350619707076,13.4241
50,5,sqrt,5,10,0.5810709499276772,0.02082496225858616,0.004340207945578491,0.00016100234751192973,11.5534
50,5,sqrt,10,1,0.5806251412515808,0.02096536732569989,0.004342786687706163,0.00016931793661542082,14.3643
50,5,sqrt,10,2,0.5811634912029272,0.020708041988847816,0.004340043649458015,0.00016870975823964285,11.7803
50,5,sqrt,10,5,0.5821259675053798,0.020845510454851713,0.004334912553940466,0.0001662335061970706,13.5023
50,5,sqrt,10,10,0.5810709499276772,0.02082496225858617,0.004340207945578491,0.0001610023475119298,15.5298
50,5,sqrt,20,1,0.5804071726293641,0.020380085920423036,0.004344157830772317,0.00017153619418223718,13.7742
50,5,sqrt,20,2,0.5804670274672711,0.020443974269208107,0.004343824642012838,0.00017118196252125783,13.4205
50,5,sqrt,20,5,0.581122637177723,0.020626136572238822,0.004340148653390037,0.0001653204788601705,13.7496
50,5,sqrt,20,10,0.5810709499276772,0.02082496225858614,0.004340207945578491,0.00016100234751192978,11.3891
50,5,log2,2,1,0.5817225271289665,0.021944474843072766,0.00433634869512384,0.0001562167568669084,13.3995
50,5,log2,2,2,0.582644211984418,0.021663318674496317,0.004331549323302424,0.00015340758250240538,11.4746
50,5,log2,2,5,0.5821259675053798,0.020845510454851692,0.004334912553940466,0.00016623350619707062,13.6582
50,5,log2,2,10,0.5810709499276772,0.02082496225858614,0.004340207945578491,0.00016100234751192986,11.4111
50,5,log2,5,1,0.581172937789985,0.02155755297263832,0.0043393532476937845,0.00015700970979162288,13.4632
50,5,log2,5,2,0.5820179500563097,0.02160961986034548,0.004334920841390815,0.00015610822440344718,13.5496
50,5,log2,5,5,0.5821259675053798,0.0208455104548517,0.004334912553940466,0.0001662335061970706,11.2583
50,5,log2,5,10,0.5810709499276772,0.02082496225858617,0.004340207945578491,0.00016100234751192984,11.2453
50,5,log2,10,1,0.5806251412515808,0.020965367325699886,0.004342786687706163,0.00016931793661542077,11.5887
50,5,log2,10,2,0.5811634912029272,0.020708041988847774,0.004340043649458015,0.00016870975823964296,13.3448
50,5,log2,10,5,0.5821259675053798,0.020845510454851713,0.004334912553940466,0.0001662335061970706,11.3846
50,5,log2,10,10,0.5810709499276772,0.020824962258586155,0.004340207945578491,0.0001610023475119299,11.2439
50,5,log2,20,1,0.5804071726293641,0.02038008592042305,0.004344157830772317,0.0001715361941822374,13.3854
50,5,log2,20,2,0.5804670274672713,0.020443974269208128,0.0043438246420128375,0.0001711819625212578,11.2538
50,5,log2,20,5,0.5811226371777228,0.020626136572238822,0.004340148653390037,0.00016532047886017048,11.5385
50,5,log2,20,10,0.5810709499276772,0.020824962258586183,0.004340207945578491,0.00016100234751192995,11.2787
50,5,0.5,2,1,0.6454048517264607,0.020550407128483678,0.0039922731932908245,0.00015132538227950187,13.1559
50,5,0.5,2,2,0.6450804107051155,0.01981871858043627,0.00399426022725522,0.0001489955672406144,13.0985
50,5,0.5,2,5,0.6447367330479139,0.0191574148913414,0.003996280473031485,0.00014552485524047106,10.0745
50,5,0.5,2,10,0.6465376829351895,0.020794002558624687,0.003985632947082741,0.00014796334604624725,9.5418
50,5,0.5,5,1,0.6444698695261607,0.02015026724454349,0.00399770040706489,0.00015165516324325748,9.9632
50,5,0.5,5,2,0.6445252037888853,0.019935304881819778,0.0039974201164494055,0.0001505524934809383,9.4331
50,5,0.5,5,5,0.6447367330479139,0.0191574148913414,0.003996280473031485,0.000145524855240471,10.6787
50,5,0.5,5,10,0.6465376829351895,0.0207940025586247,0.003985632947082741,0.0001479633460462473,9.2184
50,5,0.5,10,1,0.6437918816843634,0.019174885493727978,0.004001581233354196,0.0001450210450792225,8.9381
50,5,0.5,10,2,0.6439592300896034,0.019174119424700854,0.004000629949982818,0.00014474021850363752,9.3649
50,5,0.5,10,5,0.6447367330479139,0.01915741489134139,0.003996280473031485,0.000145524855240471,9.5614
50,5,0.5,10,10,0.6465376829351895,0.0207940025586247,0.003985632947082741,0.0001479633460462473,9.7609
50,5,0.5,20,1,0.6459062419953735,0.02083699780447088,0.003989107043778205,0.00014586164915461096,8.7778
50,5,0.5,20,2,0.6460570309916464,0.02086776740613763,0.003988243017419893,0.00014578614077217532,10.5196
50,5,0.5,20,5,0.6463885439319865,0.020721001146372566,0.0039864580537594665,0.00014670174801244395,9.3629
50,5,0.5,20,10,0.6465376829351895,0.020794002558624684,0.003985632947082741,0.00014796334604624725,9.5565
50,5,1.0,2,1,0.6702639808917601,0.022098183297282754,0.0038488187078464875,0.00014744381418093746,12.3769
50,5,1.0,2,2,0.6701670418086189,0.0221077073344451,0.0038493913410581277,0.00014772643152805864,12.0095
50,5,1.0,2,5,0.670253319575316,0.02212514091896371,0.003848866478558314,0.0001473939392226798,9.8857
50,5,1.0,2,10,0.6696549884611395,0.021716453393121383,0.0038524522402576616,0.00014570897039802683,11.1824
50,5,1.0,5,1,0.6702645778306159,0.022101622357719192,0.0038488158251494846,0.00014749734890871945,10.9076
50,5,1.0,5,2,0.6701672331264847,0.022107216731970355,0.003849390998851953,0.00014774198147970362,11.2076
50,5,1.0,5,5,0.670253319575316,0.022125140918963688,0.003848866478558314,0.00014739393922267967,11.8538
50,5,1.0,5,10,0.6696549884611395,0.021716453393121324,0.0038524522402576616,0.00014570897039802705,9.7548
50,5,1.0,10,1,0.6702565957188648,0.022077020925534145,0.0038488716603927637,0.00014747667876221024,10.0023
50,5,1.0,10,2,0.6701378031362495,0.022112094533643833,0.003849560778131081,0.00014774689236795417,12.1157
50,5,1.0,10,5,0.670253319575316,0.02212514091896371,0.003848866478558314,0.00014739393922267975,11.0188
50,5,1.0,10,10,0.6696549884611394,0.02171645339312137,0.0038524522402576616,0.00014570897039802692,10.9035
50,5,1.0,20,1,0.6698668513501933,0.022015983401126912,0.0038511601767633407,0.0001470907971665735,10.7909
50,5,1.0,20,2,0.6697921860785622,0.02207580990890933,0.0038515905100745414,0.00014761036056461325,13.6317
50,5,1.0,20,5,0.6699200448808619,0.022109471099084736,0.0038508251989592597,0.00014753661168736578,12.6262
50,5,1.0,20,10,0.6696549884611396,0.02171645339312136,0.0038524522402576616,0.0001457089703980269,13.8198
50,10,sqrt,2,1,0.7352038673132016,0.01565694997898768,0.003449244784969225,0.00011786935251145108,13.9185
50,10,sqrt,2,2,0.739273447668616,0.01669664280221041,0.0034223433384570788,0.000120428317005298,12.1044
50,10,sqrt,2,5,0.7295324759534261,0.017146981030752677,0.003485621061477947,0.00012133804634878041,11.8472
50,10,sqrt,2,10,0.7145883052042153,0.014958150546666299,0.0035821270380364486,0.00013158477987535895,12.1439
50,10,sqrt,5,1,0.7376055364078309,0.016181857066573165,0.0034332537812918904,0.00011387473942952969,13.8907
50,10,sqrt,5,2,0.7376902237395979,0.015013430630978026,0.0034331784481731733,0.00011446074375819723,12.3014
50,10,sqrt,5,5,0.7295324759534261,0.017146981030752677,0.003485621061477947,0.00012133804634878044,12.2043
50,10,sqrt,5,10,0.7145883052042155,0.014958150546666273,0.0035821270380364477,0.00013158477987535892,10.4145
50,10,sqrt,10,1,0.7345506052529712,0.016119814405019195,0.003453226906667549,0.00011347611292678727,12.3592
50,10,sqrt,10,2,0.7321467447075013,0.01660902092546713,0.003468603593617131,0.00011089070995409867,11.8333
50,10,sqrt,10,5,0.7295324759534261,0.01714698103075266,0.003485621061477947,0.00012133804634878029,12.4256
50,10,sqrt,10,10,0.7145883052042155,0.014958150546666306,0.0035821270380364477,0.000131584779875359,11.9791
50,10,sqrt,20,1,0.7247984896995361,0.016429205343802055,0.003516258057705936,0.00011738587255461929,10.6254
50,10,sqrt,20,2,0.7247791165277379,0.01731674774926598,0.0035162931906399185,0.00012464536681195394,12.1011
50,10,sqrt,20,5,0.7221900505367688,0.017224219820732408,0.003532371426220972,0.0001080383328721153,12.0644
50,10,sqrt,20,10,0.7145883052042155,0.014958150546666283,0.0035821270380364477,0.00013158477987535892,10.6048
50,10,log2,2,1,0.7352038673132016,0.015656949978987648,0.003449244784969225,0.00011786935251145107,11.9706
50,10,log2,2,2,0.739273447668616,0.01669664280221043,0.0034223433384570788,0.00012042831700529778,12.3792
50,10,log2,2,5,0.7295324759534261,0.017146981030752673,0.003485621061477947,0.00012133804634878041,13.8891
50,10,log2,2,10,0.7145883052042153,0.014958150546666299,0.0035821270380364486,0.00013158477987535895,12.0013
50,10,log2,5,1,0.7376055364078309,0.016181857066573185,0.003433253781291891,0.00011387473942952972,12.2324
50,10,log2,5,2,0.7376902237395979,0.015013430630978028,0.0034331784481731733,0.00011446074375819721,13.6666
50,10,log2,5,5,0.7295324759534261,0.017146981030752653,0.003485621061477947,0.00012133804634878025,12.009
50,10,log2,5,10,0.7145883052042155,0.014958150546666276,0.0035821270380364477,0.00013158477987535895,11.8758
50,10,log2,10,1,0.7345506052529712,0.01611981440501919,0.003453226906667549,0.00011347611292678721,16.9639
50,10,log2,10,2,0.7321467447075013,0.01660902092546715,0.003468603593617131,0.0001108907099540986,13.2335
50,10,log2,10,5,0.7295324759534261,0.017146981030752666,0.003485621061477947,0.0001213380463487804,14.4638
50,10,log2,10,10,0.7145883052042155,0.014958150546666299,0.0035821270380364477,0.000131584779875359,14.1149
50,10,log2,20,1,0.7247984896995359,0.01642920534380205,0.003516258057705936,0.00011738587255461934,13.3462
50,10,log2,20,2,0.7247791165277379,0.01731674774926598,0.0035162931906399185,0.0001246453668119542,12.5591
50,10,log2,20,5,0.7221900505367688,0.017224219820732436,0.003532371426220972,0.00010803833287211516,14.41
50,10,log2,20,10,0.7145883052042155,0.014958150546666299,0.0035821270380364477,0.00013158477987535903,14.9004
50,10,0.5,2,1,0.8017701261736112,0.012005080536429506,0.0029843203740324083,0.00010283162470753863,19.2546
50,10,0.5,2,2,0.801083836654727,0.012449836054533104,0.0029888542251910446,9.00583345805062e-05,18.964
50,10,0.5,2,5,0.7976666982391063,0.011733510334680595,0.0030150150159559907,9.602245421108142e-05,18.5366
50,10,0.5,2,10,0.7848448129334391,0.012393139943944973,0.003109468925416474,0.00010952681632934479,18.0388
50,10,0.5,5,1,0.8014253522791119,0.010964650459128754,0.0029872190430060225,9.859719571515988e-05,20.9891
50,10,0.5,5,2,0.8028049350153074,0.011882630613742015,0.002976254605696455,9.283090550985701e-05,20.8974
50,10,0.5,5,5,0.7976666982391063,0.01173351033468061,0.0030150150159559907,9.602245421108148e-05,18.8441
50,10,0.5,5,10,0.7848448129334391,0.012393139943944973,0.003109468925416474,0.00010952681632934481,18.2455
50,10,0.5,10,1,0.79952741170341,0.011548941256403185,0.0030009308713636216,8.901478706277915e-05,18.8193
50,10,0.5,10,2,0.8015453887765526,0.012743330873819977,0.002985495998463473,0.00010043541783714429,18.5497
50,10,0.5,10,5,0.7976666982391063,0.01173351033468061,0.0030150150159559907,9.602245421108142e-05,18.5267
50,10,0.5,10,10,0.7848448129334391,0.012393139943944973,0.003109468925416474,0.00010952681632934481,18.2294
50,10,0.5,20,1,0.7906983222931175,0.012027451506527537,0.0030667553492539873,0.0001036172788328498,14.7989
50,10,0.5,20,2,0.7912623018660294,0.013257986926134665,0.003061772404450247,9.628145902575257e-05,20.4957
50,10,0.5,20,5,0.7905437900196508,0.013306573379212408,0.0030673187500393716,0.00010424340648640423,18.4404
50,10,0.5,20,10,0.7848448129334391,0.012393139943944973,0.003109468925416474,0.00010952681632934481,18.3998
50,10,1.0,2,1,0.8146599285971003,0.012325687595808694,0.002884707559700565,8.997136033977025e-05,31.3321
50,10,1.0,2,2,0.8154448354617874,0.012930358728737353,0.002878138862806752,8.649990586558053e-05,35.2011
50,10,1.0,2,5,0.8103836411003345,0.012541028468301293,0.002917996306510433,9.457198713406904e-05,31.2344
50,10,1.0,2,10,0.7977241291621758,0.012347488659184808,0.003014177512814568,9.247705400724922e-05,28.4725
50,10,1.0,5,1,0.8142572541612039,0.012762998739622574,0.0028875410046071822,8.882678013937592e-05,29.1466
50,10,1.0,5,2,0.8149719574315781,0.012769788590689831,0.0028819388938750258,8.649265808969012e-05,30.6542
50,10,1.0,5,5,0.8103836411003345,0.012541028468301293,0.002917996306510433,9.457198713406909e-05,30.4257
50,10,1.0,5,10,0.7977241291621758,0.012347488659184808,0.003014177512814568,9.247705400724916e-05,30.3913
50,10,1.0,10,1,0.8120373047233855,0.012601335348919126,0.002904930739459557,8.879049123349348e-05,31.1508
50,10,1.0,10,2,0.8128346495006514,0.012640721342458163,0.0028987445689976866,8.878401758565251e-05,31.0594
50,10,1.0,10,5,0.8103836411003345,0.012541028468301293,0.002917996306510433,9.457198713406896e-05,27.2014
50,10,1.0,10,10,0.7977241291621758,0.012347488659184822,0.003014177512814568,9.247705400724922e-05,26.5274
50,10,1.0,20,1,0.8048187830253436,0.013048185256860594,0.0029601748137411442,8.994775188003153e-05,30.0274
50,10,1.0,20,2,0.8054122423269231,0.013229900879658805,0.0029555821739442644,9.049138533305596e-05,30.3043
50,10,1.0,20,5,0.8041661588382579,0.013240701351552725,0.0029651826661925063,9.363609225845501e-05,26.4689
50,10,1.0,20,10,0.7977241291621759,0.01234748865918481,0.003014177512814568,9.247705400724924e-05,30.0866
50,20,sqrt,2,1,0.7887538778375611,0.013251141771480051,0.00308075427244157,0.0001115972355180134,24.0193
50,20,sqrt,2,2,0.7819372236807989,0.014957635500435674,0.0031293358973118386,0.000112631218072058,26.8552
50,20,sqrt,2,5,0.7603973040303166,0.015832363252476413,0.003280932589303498,0.00012446068591119225,22.2672
50,20,sqrt,2,10,0.7333890201135217,0.016639458772485953,0.0034616059768893337,0.00014157724638606993,17.4678
50,20,sqrt,5,1,0.7875873542422887,0.012366951855349159,0.0030891285137414973,9.642441904146611e-05,25.4159
50,20,sqrt,5,2,0.7828987790348834,0.014344673218574015,0.0031229197001347644,0.00011670658455668786,18.5416
50,20,sqrt,5,5,0.7603973040303166,0.015832363252476417,0.003280932589303498,0.00012446068591119236,21.3516
50,20,sqrt,5,10,0.7333890201135217,0.01663945877248597,0.0034616059768893337,0.0001415772463860698,20.8627
50,20,sqrt,10,1,0.7756712713654499,0.0139795158402601,0.0031744659807369313,0.00010482820396237972,22.9124
50,20,sqrt,10,2,0.7761010448767328,0.014611670379784333,0.0031715122436809483,0.000119647416160849,22.8048
50,20,sqrt,10,5,0.7603973040303166,0.01583236325247642,0.003280932589303498,0.0001244606859111923,22.3243
50,20,sqrt,10,10,0.7333890201135217,0.01663945877248597,0.0034616059768893337,0.00014157724638606974,22.074
50,20,sqrt,20,1,0.7617035827251877,0.016005846817452606,0.0032715509568678166,0.00011876967678552969,13.9795
50,20,sqrt,20,2,0.7569730006203705,0.017323021707848836,0.003303046343791785,0.00011116662109475058,2.6032
50,20,sqrt,20,5,0.7493938087894777,0.01554089814253331,0.003355251413644024,0.00011370787898569489,2.1594
50,20,sqrt,20,10,0.7333890201135217,0.01663945877248597,0.0034616059768893337,0.0001415772463860697,1.8978
50,20,log2,2,1,0.7887538778375611,0.013251141771480051,0.00308075427244157,0.00011159723551801341,3.0433
50,20,log2,2,2,0.7819372236807988,0.014957635500435697,0.0031293358973118386,0.000112631218072058,2.542
50,20,log2,2,5,0.7603973040303166,0.015832363252476417,0.003280932589303498,0.0001244606859111923,2.3507
50,20,log2,2,10,0.7333890201135217,0.016639458772485953,0.0034616059768893337,0.00014157724638606969,1.9042
50,20,log2,5,1,0.7875873542422888,0.012366951855349143,0.0030891285137414973,9.642441904146616e-05,2.3621
50,20,log2,5,2,0.7828987790348834,0.014344673218574036,0.0031229197001347644,0.0001167065845566879,2.5424
50,20,log2,5,5,0.7603973040303166,0.0158323632524764,0.003280932589303498,0.00012446068591119225,2.2484
50,20,log2,5,10,0.7333890201135217,0.016639458772485953,0.0034616059768893337,0.00014157724638606987,2.2969
50,20,log2,10,1,0.7756712713654499,0.013979515840260083,0.0031744659807369313,0.00010482820396237972,2.7347
50,20,log2,10,2,0.7761010448767328,0.014611670379784333,0.0031715122436809483,0.00011964741616084903,2.6223
50,20,log2,10,5,0.7603973040303166,0.015832363252476417,0.003280932589303498,0.00012446068591119225,2.3823
50,20,log2,10,10,0.7333890201135216,0.01663945877248598,0.0034616059768893337,0.00014157724638606985,1.9985
50,20,log2,20,1,0.7617035827251877,0.016005846817452624,0.0032715509568678166,0.00011876967678552957,2.9297
50,20,log2,20,2,0.7569730006203705,0.017323021707848836,0.0033030463437917837,0.0001111666210947506,2.7627
50,20,log2,20,5,0.7493938087894777,0.015540898142533312,0.003355251413644024,0.00011370787898569493,2.9807
50,20,log2,20,10,0.7333890201135217,0.016639458772485953,0.0034616059768893337,0.0001415772463860698,2.3894
50,20,0.5,2,1,0.8314261100746474,0.011451088709705242,0.002751928214573874,0.00010769880431035535,5.1187
50,20,0.5,2,2,0.8304754416159665,0.012550869948546461,0.0027589031484418587,0.00010662925217301085,4.3161
50,20,0.5,2,5,0.8181266426595547,0.01111204869040317,0.0028586940950350494,0.0001036459117625192,3.6123
50,20,0.5,2,10,0.7974504081685712,0.012824085499155199,0.003016907765159074,0.00011865459074038019,3.0264
50,20,0.5,5,1,0.8311495472184373,0.012041911755216456,0.0027536317891568357,0.00010475671633576593,4.978
50,20,0.5,5,2,0.8296856311665358,0.011647805104749057,0.0027659121925007113,0.00010659695288295449,16.7716
50,20,0.5,5,5,0.8181266426595547,0.011112048690403192,0.002858694095035049,0.00010364591176251925,16.4705
50,20,0.5,5,10,0.7974504081685712,0.012824085499155181,0.003016907765159074,0.00011865459074038019,14.7217
50,20,0.5,10,1,0.8259202918456661,0.011216754037536742,0.002796431876360435,0.00010256776106356404,22.9264
50,20,0.5,10,2,0.8247298884872813,0.012054417755348292,0.0028056998521429396,0.0001054416290325523,19.3505
50,20,0.5,10,5,0.8181266426595547,0.011112048690403173,0.002858694095035049,0.00010364591176251925,16.1627
50,20,0.5,10,10,0.7974504081685712,0.012824085499155181,0.003016907765159074,0.00011865459074038014,16.7878
50,20,0.5,20,1,0.8134023644456063,0.011875989983254055,0.00289525991341672,0.00010534943435015457,16.1805
50,20,0.5,20,2,0.8130915183229506,0.01150415000964906,0.0028978629744670003,0.00010386380538352543,18.9067
50,20,0.5,20,5,0.8058008368009901,0.012039893606247149,0.0029536068192196124,0.00010036961223523449,17.5937
50,20,0.5,20,10,0.7974504081685712,0.012824085499155197,0.003016907765159074,0.00011865459074038015,17.1927
50,20,1.0,2,1,0.8382907170518091,0.012026329266647352,0.002694468862647617,0.00010473130202628896,36.1171
50,20,1.0,2,2,0.836937899509177,0.011500703285583716,0.0027059428543854892,9.942831286179192e-05,35.9652
50,20,1.0,2,5,0.8270394148929092,0.011881099338895511,0.0027869555773193866,0.0001000517200176795,33.884
50,20,1.0,2,10,0.8086476933330944,0.011643973869483489,0.002931873563812644,9.646540056442641e-05,24.482
50,20,1.0,5,1,0.8363715691063043,0.011707751815464735,0.002710616610773387,0.00010308705669963183,35.8403
50,20,1.0,5,2,0.8365803613234581,0.011417764927641499,0.0027088908914915076,9.70592503351219e-05,35.3594
50,20,1.0,5,5,0.8270394148929092,0.01188109933889551,0.0027869555773193866,0.00010005172001767943,32.2002
50,20,1.0,5,10,0.8086476933330944,0.011643973869483489,0.0029318735638126435,9.646540056442636e-05,29.0043
50,20,1.0,10,1,0.832400810992889,0.011808502200367693,0.0027433700556879215,0.00010358924748392829,33.1198
50,20,1.0,10,2,0.8323181729430038,0.011923673295010349,0.0027438078995773306,9.781184421405796e-05,29.3936
50,20,1.0,10,5,0.8270394148929092,0.0118810993388955,0.002786955577319387,0.00010005172001767957,34.9469
50,20,1.0,10,10,0.8086476933330944,0.011643973869483489,0.0029318735638126435,9.646540056442636e-05,27.2378
50,20,1.0,20,1,0.8206205125231326,0.012573848092809505,0.0028378658878454263,9.941678770749764e-05,29.785
50,20,1.0,20,2,0.8207276601869641,0.012588870356377513,0.002836969925300691,9.742213597317932e-05,30.339
50,20,1.0,20,5,0.8177310759785487,0.012597306573004891,0.002860797107307589,0.00010026298890167993,28.7552
50,20,1.0,20,10,0.8086476933330944,0.011643973869483489,0.002931873563812644,9.646540056442635e-05,31.8278
100,,sqrt,2,1,0.7919028313396776,0.01399967654894803,0.0030568352893739063,0.00010053595258649405,28.2863
100,,sqrt,2,2,0.7831652987703148,0.013726813872897325,0.003120960033398245,0.00010742338247247923,25.1202
100,,sqrt,2,5,0.7623909101416295,0.015023081496138098,0.0032672750304674966,0.00011851169508825887,26.1561
100,,sqrt,2,10,0.7321237820688677,0.01613748788185962,0.003469569150402423,0.00012897441833631724,27.0904
100,,sqrt,5,1,0.7888870519151339,0.01363199669808201,0.0030793204796372075,0.00010522192036803168,36.0131
100,,sqrt,5,2,0.7850385652777592,0.013595639454249938,0.0031078041741099465,0.00011686062977251932,28.2807
100,,sqrt,5,5,0.7623909101416295,0.015023081496138077,0.0032672750304674966,0.0001185116950882589,25.7965
100,,sqrt,5,10,0.7321237820688677,0.01613748788185958,0.003469569150402423,0.00012897441833631718,21.9284
100,,sqrt,10,1,0.7790689846415881,0.014668119828657013,0.0031498555046082398,0.00010352420293002579,29.9448
100,,sqrt,10,2,0.7763505491147515,0.015241139396605763,0.0031693670779628694,0.00011803541061856263,33.0156
100,,sqrt,10,5,0.7623909101416295,0.015023081496138077,0.0032672750304674966,0.00011851169508825898,27.946
100,,sqrt,10,10,0.7321237820688677,0.016137487881859622,0.003469569150402423,0.0001289744183363173,26.2709
100,,sqrt,20,1,0.7614605874486526,0.014941630770408776,0.003273671517554542,0.00011784798646855146,26.6569
100,,sqrt,20,2,0.7561736182583427,0.014519095226902935,0.0033095997331223765,0.00010511083340173493,13.787
100,,sqrt,20,5,0.7488205713824291,0.015532982942418021,0.0033590455203390554,0.00011187741674707347,4.005
100,,sqrt,20,10,0.7321237820688677,0.016137487881859622,0.003469569150402423,0.00012897441833631726,3.6905
100,,log2,2,1,0.7919028313396776,0.013999676548948011,0.0030568352893739063,0.00010053595258649394,27.7613
100,,log2,2,2,0.7831652987703148,0.013726813872897306,0.003120960033398245,0.00010742338247247923,20.7531
100,,log2,2,5,0.7623909101416295,0.015023081496138077,0.0032672750304674966,0.00011851169508825898,3.9708
100,,log2,2,10,0.7321237820688677,0.016137487881859622,0.003469569150402423,0.0001289744183363173,3.3277
100,,log2,5,1,0.7888870519151339,0.01363199669808201,0.0030793204796372075,0.00010522192036803153,5.1811
100,,log2,5,2,0.7850385652777592,0.013595639454249894,0.0031078041741099465,0.00011686062977251935,4.2393
100,,log2,5,5,0.7623909101416295,0.015023081496138098,0.0032672750304674966,0.00011851169508825887,4.1485
100,,log2,5,10,0.7321237820688677,0.0161374878818596,0.003469569150402423,0.0001289744183363172,4.2755
100,,log2,10,1,0.7790689846415881,0.014668119828657013,0.0031498555046082398,0.00010352420293002589,5.0736
100,,log2,10,2,0.7763505491147515,0.015241139396605758,0.0031693670779628694,0.00011803541061856255,4.8814
100,,log2,10,5,0.7623909101416295,0.015023081496138077,0.0032672750304674966,0.000118511695088259,4.3234
100,,log2,10,10,0.7321237820688677,0.016137487881859598,0.003469569150402423,0.00012897441833631713,4.3412
100,,log2,20,1,0.7614605874486526,0.014941630770408778,0.003273671517554542,0.00011784798646855132,4.6761
100,,log2,20,2,0.7561736182583427,0.014519095226902961,0.0033095997331223765,0.0001051108334017349,4.364
100,,log2,20,5,0.7488205713824291,0.015532982942418026,0.0033590455203390554,0.00011187741674707351,15.2454
100,,log2,20,10,0.7321237820688677,0.0161374878818596,0.003469569150402423,0.0001289744183363172,24.4202
100,,0.5,2,1,0.8342862243185085,0.011427857796562458,0.002728111355873477,0.00010176291649050059,28.1531
100,,0.5,2,2,0.8327973370013945,0.01309556156551343,0.0027398816885245937,0.00011404380209390696,9.6533
100,,0.5,2,5,0.8198469610990597,0.011726894390073628,0.0028448848649995093,0.00010705571215405986,8.4344
100,,0.5,2,10,0.7988466566959862,0.013382498020546212,0.003006197421080976,0.00011905149464006928,7.4419
100,,0.5,5,1,0.8341084974860404,0.01145305775661661,0.00272985753134881,0.00010986485173650763,10.566
100,,0.5,5,2,0.8319750354046997,0.01153295889885414,0.00274717009828603,0.0001035620588300706,9.3626
100,,0.5,5,5,0.8198469610990597,0.011726894390073636,0.0028448848649995093,0.00010705571215405998,8.0611
100,,0.5,5,10,0.7988466566959862,0.01338249802054621,0.003006197421080976,0.00011905149464006919,7.119
100,,0.5,10,1,0.8279107281124967,0.011299607759633611,0.002780440927844763,0.00010577264780889513,9.5079
100,,0.5,10,2,0.8267646748628007,0.012187560447987564,0.0027895079287757274,0.00011231024647739734,40.0041
100,,0.5,10,5,0.8198469610990597,0.011726894390073628,0.002844884864999509,0.00010705571215405986,40.2703
100,,0.5,10,10,0.7988466566959862,0.013382498020546215,0.003006197421080976,0.00011905149464006931,43.6074
100,,0.5,20,1,0.813826913186374,0.012663820890575463,0.0028915757827841964,0.00010565205914730654,40.0127
100,,0.5,20,2,0.8139118262948953,0.011476433421574448,0.00289144576382931,0.00010257524882644941,44.0086
100,,0.5,20,5,0.8082634005464641,0.012178804533222735,0.0029347459328224615,0.00010281208302426902,37.3384
100,,0.5,20,10,0.7988466566959862,0.01338249802054621,0.003006197421080976,0.00011905149464006919,39.7486
100,,1.0,2,1,0.8385690303264715,0.010903734247430985,0.0026926910149947477,0.00010093175552060794,44.7408
100,,1.0,2,2,0.8380567853685476,0.011024348722338644,0.002696978399292783,0.00010154313788936338,15.4482
100,,1.0,2,5,0.8278149449667996,0.011848253136832727,0.00278073258769926,0.00010111004233654417,14.6578
100,,1.0,2,10,0.8095288436338824,0.012048873445763376,0.002924952321390902,9.877902215231096e-05,13.505
100,,1.0,5,1,0.8373608068383505,0.010969918254751012,0.0027027390206625307,0.00010142254240862129,18.1976
100,,1.0,5,2,0.8376177012738344,0.0108933267916666,0.0027006659368494145,9.995811556080934e-05,17.0768
100,,1.0,5,5,0.8278149449667996,0.011848253136832727,0.00278073258769926,0.00010111004233654422,13.7647
100,,1.0,5,10,0.8095288436338824,0.012048873445763358,0.002924952321390902,9.877902215231093e-05,12.6051
100,,1.0,10,1,0.8330718050050813,0.01137256139893026,0.002738048673201856,0.00010252536741630841,16.6502
100,,1.0,10,2,0.8332260078468803,0.011214488573420186,0.00273684023479479,9.990325721745247e-05,15.2196
100,,1.0,10,5,0.8278149449667996,0.011848253136832727,0.0027807325876992605,0.00010111004233654409,14.0126
100,,1.0,10,10,0.8095288436338824,0.012048873445763364,0.002924952321390902,9.877902215231093e-05,12.7324
100,,1.0,20,1,0.821316847177186,0.012199294317034043,0.0028325469250253883,9.987515258832007e-05,16.8561
100,,1.0,20,2,0.8213963079113931,0.01218761817105333,0.002831871481122178,9.717718753909792e-05,14.7304
100,,1.0,20,5,0.8183219375028908,0.012553101657912206,0.002856105738725833,9.891690141620713e-05,15.1483
100,,1.0,20,10,0.8095288436338824,0.012048873445763365,0.002924952321390902,9.877902215231099e-05,12.1304
100,5,sqrt,2,1,0.5779757138389362,0.0228184491845407,0.004355788102084532,0.00016392199286416104,3.9282
100,5,sqrt,2,2,0.5780067222727109,0.02216145441082286,0.004355744912740942,0.0001619114467968167,4.2193
100,5,sqrt,2,5,0.578884244443062,0.02203401651457448,0.004351439176226176,0.000167406295453127,3.6813
100,5,sqrt,2,10,0.5778372988636888,0.021577001682096655,0.004356790247119392,0.00016221814615534406,3.3526
100,5,sqrt,5,1,0.5779740993713433,0.022869856365841983,0.004355772978557605,0.0001634893824533265,3.7109
100,5,sqrt,5,2,0.5783136438892095,0.022453176309230594,0.004354188074660836,0.0001647329342949712,3.2264
100,5,sqrt,5,5,0.5788842444430621,0.02203401651457448,0.004351439176226176,0.00016740629545312701,3.5595
100,5,sqrt,5,10,0.5778372988636888,0.021577001682096635,0.004356790247119392,0.00016221814615534423,3.3321
100,5,sqrt,10,1,0.5783692352431979,0.02218621509286873,0.004353995349552552,0.0001656843300117354,3.7127
100,5,sqrt,10,2,0.5789015104734154,0.021999750188551898,0.004351303038200409,0.0001657557559615503,3.8354
100,5,sqrt,10,5,0.5788842444430621,0.022034016514574446,0.0043514391762261755,0.0001674062954531271,3.6518
100,5,sqrt,10,10,0.5778372988636888,0.02157700168209664,0.004356790247119392,0.000162218146155344,3.8328
100,5,sqrt,20,1,0.5780978077226738,0.021555416051177032,0.004355499800885742,0.00016359153204457632,3.4273
100,5,sqrt,20,2,0.5782495233106694,0.0215874262673649,0.004354704019956459,0.00016339224710706986,4.0253
100,5,sqrt,20,5,0.5784023586559706,0.021495703921308253,0.00435387201802586,0.00016164912920712534,3.7508
100,5,sqrt,20,10,0.5778372988636888,0.02157700168209664,0.004356790247119392,0.000162218146155344,3.6132
100,5,log2,2,1,0.5779757138389362,0.0228184491845407,0.004355788102084531,0.00016392199286416125,3.3005
100,5,log2,2,2,0.5780067222727109,0.022161454410822862,0.004355744912740942,0.00016191144679681657,3.401
100,5,log2,2,5,0.578884244443062,0.02203401651457445,0.004351439176226176,0.00016740629545312701,3.9652
100,5,log2,2,10,0.577837298863689,0.02157700168209663,0.004356790247119392,0.00016221814615534406,3.9466
100,5,log2,5,1,0.5779740993713433,0.022869856365841976,0.004355772978557605,0.00016348938245332672,3.7568
100,5,log2,5,2,0.5783136438892095,0.022453176309230594,0.004354188074660836,0.0001647329342949712,3.5761
100,5,log2,5,5,0.578884244443062,0.022034016514574498,0.004351439176226176,0.00016740629545312693,3.5984
100,5,log2,5,10,0.5778372988636888,0.021577001682096638,0.004356790247119392,0.00016221814615534396,3.7021
100,5,log2,10,1,0.5783692352431979,0.022186215092868732,0.004353995349552551,0.0001656843300117355,3.775
100,5,log2,10,2,0.5789015104734154,0.021999750188551864,0.004351303038200409,0.00016575575596155026,3.9161
100,5,log2,10,5,0.5788842444430621,0.022034016514574477,0.004351439176226176,0.000167406295453127,4.2051
100,5,log2,10,10,0.5778372988636891,0.02157700168209666,0.004356790247119391,0.0001622181461553441,4.0056
100,5,log2,20,1,0.5780978077226738,0.021555416051177057,0.004355499800885742,0.00016359153204457627,4.3713
100,5,log2,20,2,0.5782495233106694,0.02158742626736491,0.004354704019956459,0.00016339224710706975,3.9269
100,5,log2,20,5,0.5784023586559706,0.021495703921308246,0.00435387201802586,0.0001616491292071254,4.3887
100,5,log2,20,10,0.5778372988636888,0.02157700168209664,0.004356790247119392,0.0001622181461553441,3.4239
100,5,0.5,2,1,0.6465460660396958,0.02110041979947785,0.003985781054817475,0.00015563816524394707,4.4575
100,5,0.5,2,2,0.6464582816141785,0.02067588001785779,0.003986402702713777,0.0001550130804900629,4.8466
100,5,0.5,2,5,0.6463840501017852,0.020378005321241975,0.003986788422073217,0.00015109631417341654,4.7448
100,5,0.5,2,10,0.6464270707995399,0.02118815119150424,0.0039863540533028475,0.0001542834429397802,4.7201
100,5,0.5,5,1,0.6461026230856062,0.02081593864282968,0.003988444635534183,0.00015701504959083308,4.6454
100,5,0.5,5,2,0.646063789279402,0.02057643917889916,0.003988715554792693,0.00015613177721525426,4.9239
100,5,0.5,5,5,0.6463840501017853,0.020378005321242013,0.003986788422073217,0.0001510963141734165,5.2081
100,5,0.5,5,10,0.6464270707995399,0.02118815119150424,0.0039863540533028475,0.0001542834429397801,4.4556
100,5,0.5,10,1,0.6458960093219115,0.020606234269919345,0.00398949365989427,0.0001517879252110858,3.7375
100,5,0.5,10,2,0.6458482437389035,0.020495075938312773,0.00398979867238431,0.0001516857329585214,3.818
100,5,0.5,10,5,0.6463840501017853,0.02037800532124195,0.003986788422073217,0.00015109631417341626,3.4131
100,5,0.5,10,10,0.6464270707995399,0.021188151191504224,0.0039863540533028475,0.00015428344293978027,3.5094
100,5,0.5,20,1,0.6462038387529659,0.02162217325038717,0.003987549229973117,0.00015621153833273482,3.887
100,5,0.5,20,2,0.6461868214259354,0.021734732980451626,0.003987582609841505,0.00015568595431164256,3.7937
100,5,0.5,20,5,0.646503976464426,0.02170478310967753,0.003985788371208018,0.00015537809635788756,3.4892
100,5,0.5,20,10,0.6464270707995399,0.021188151191504235,0.0039863540533028475,0.00015428344293978025,3.5824
100,5,1.0,2,1,0.6700075358555553,0.021675677396835135,0.003850340249435709,0.00014350399135804002,4.9173
100,5,1.0,2,2,0.6700348509676697,0.021710848718458735,0.0038501758633884805,0.00014376686289175407,4.9686
100,5,1.0,2,5,0.6701454551104964,0.021581838155593273,0.0038495683891319825,0.00014356995903288167,4.862
100,5,1.0,2,10,0.6696443238644451,0.02106120251226824,0.003852604308277903,0.0001413851947902294,4.8444
100,5,1.0,5,1,0.670016935222787,0.02167892766513023,0.0038502832680683457,0.00014348499385678524,5.1126
100,5,1.0,5,2,0.670045726561111,0.021708135903012234,0.003850112433388321,0.00014373970272781337,4.8891
100,5,1.0,5,5,0.6701454551104964,0.021581838155593266,0.0038495683891319825,0.0001435699590328817,4.8808
100,5,1.0,5,10,0.6696443238644451,0.02106120251226824,0.003852604308277903,0.00014138519479022936,5.0048
100,5,1.0,10,1,0.6700138535858191,0.021666847767497614,0.003850308168921541,0.00014355650597729018,5.0938
100,5,1.0,10,2,0.6700267724042723,0.021710351792051625,0.0038502239412844725,0.0001438047954301569,4.8846
100,5,1.0,10,5,0.6701454551104964,0.021581838155593266,0.0038495683891319825,0.00014356995903288156,4.9364
100,5,1.0,10,10,0.6696443238644451,0.021061202512268243,0.003852604308277903,0.00014138519479022936,5.6937
100,5,1.0,20,1,0.6697054350521412,0.021607209061710642,0.003852130261624517,0.00014350589644090273,4.7621
100,5,1.0,20,2,0.6697239358998328,0.021661270710967215,0.0038520131835006874,0.00014386607017716034,5.0055
100,5,1.0,20,5,0.6699083488913884,0.021584766497151103,0.0038509614227550905,0.00014382947522751535,5.0282
100,5,1.0,20,10,0.6696443238644451,0.02106120251226825,0.003852604308277903,0.0001413851947902295,5.3694
100,10,sqrt,2,1,0.7380744370687606,0.016208593024060483,0.0034301163268183423,0.00011426004415041545,3.9135
100,10,sqrt,2,2,0.7381467117378679,0.015383501202027495,0.00343027527209474,0.00012085980069674989,4.2524
100,10,sqrt,2,5,0.7284167988838881,0.01717913191971647,0.0034928640258700067,0.00012224428150426193,3.9963
100,10,sqrt,2,10,0.7150304372946716,0.015069997538866758,0.003579153953387677,0.00012805325662124855,3.9966
100,10,sqrt,5,1,0.7376281881879005,0.015084496798103354,0.0034334992637194356,0.00011265799942982933,4.2956
100,10,sqrt,5,2,0.7378463115583249,0.01511959115989523,0.00343200468995613,0.00011176825421271042,3.8939
100,10,sqrt,5,5,0.7284167988838881,0.01717913191971647,0.0034928640258700067,0.00012224428150426193,4.3054
100,10,sqrt,5,10,0.7150304372946716,0.015069997538866758,0.003579153953387677,0.00012805325662124852,4.0974
100,10,sqrt,10,1,0.7337578348428602,0.015280420512907638,0.0034584075877441855,0.00010283801048735112,4.3771
100,10,sqrt,10,2,0.7328792469911116,0.016851579667793663,0.003463740565336959,0.00011200806563492041,4.5468
100,10,sqrt,10,5,0.7284167988838882,0.0171791319197165,0.0034928640258700067,0.00012224428150426183,3.9486
100,10,sqrt,10,10,0.7150304372946718,0.015069997538866743,0.003579153953387677,0.00012805325662124857,3.8039
100,10,sqrt,20,1,0.7252649797219543,0.017085690403608817,0.0035129114016795053,0.00011401523276633434,4.2892
100,10,sqrt,20,2,0.7257738496624455,0.01649475328725424,0.003510129275655851,0.00012161567517525901,4.0945
100,10,sqrt,20,5,0.722133509226748,0.01737620406619674,0.003532873835310418,0.00011526150808669757,3.9412
100,10,sqrt,20,10,0.7150304372946716,0.015069997538866758,0.003579153953387677,0.00012805325662124857,3.8165
100,10,log2,2,1,0.7380744370687606,0.016208593024060476,0.0034301163268183423,0.00011426004415041551,4.4645
100,10,log2,2,2,0.7381467117378679,0.015383501202027498,0.00343027527209474,0.00012085980069674986,4.1608
100,10,log2,2,5,0.7284167988838881,0.01717913191971647,0.0034928640258700067,0.0001222442815042619,7.1753
100,10,log2,2,10,0.7150304372946716,0.015069997538866769,0.003579153953387677,0.0001280532566212485,30.8767
100,10,log2,5,1,0.7376281881879005,0.015084496798103354,0.0034334992637194356,0.00011265799942982917,39.5379
100,10,log2,5,2,0.737846311558325,0.015119591159895213,0.0034320046899561293,0.0001117682542127104,30.0663
100,10,log2,5,5,0.7284167988838881,0.01717913191971647,0.0034928640258700067,0.00012224428150426196,34.606
100,10,log2,5,10,0.7150304372946718,0.01506999753886675,0.003579153953387677,0.00012805325662124857,28.9566
100,10,log2,10,1,0.7337578348428603,0.015280420512907655,0.0034584075877441855,0.00010283801048735117,35.4554
100,10,log2,10,2,0.7328792469911116,0.016851579667793652,0.003463740565336959,0.00011200806563492049,33.5125
100,10,log2,10,5,0.7284167988838882,0.017179131919716487,0.0034928640258700067,0.00012224428150426193,29.5528
100,10,log2,10,10,0.7150304372946716,0.015069997538866757,0.003579153953387677,0.00012805325662124852,30.2442
100,10,log2,20,1,0.7252649797219543,0.017085690403608807,0.003512911401679506,0.00011401523276633434,35.53
100,10,log2,20,2,0.7257738496624455,0.016494753287254246,0.003510129275655851,0.00012161567517525888,36.6465
100,10,log2,20,5,0.722133509226748,0.017376204066196752,0.003532873835310418,0.00011526150808669746,28.6782
100,10,log2,20,10,0.7150304372946718,0.015069997538866732,0.003579153953387677,0.00012805325662124857,27.3831
100,10,0.5,2,1,0.8038276969855269,0.012471173625189989,0.0029683995256586096,0.00010078156147843647,40.3872
100,10,0.5,2,2,0.8042702014654644,0.012241954167867254,0.0029650201415078133,9.64717801620361e-05,36.53
100,10,0.5,2,5,0.7987519753897112,0.012094573691095565,0.003006789572680869,9.7639699781166e-05,28.7795
100,10,0.5,2,10,0.7860163307010716,0.012962456211352258,0.003100894232674576,0.00011487745083181652,33.8525
100,10,0.5,5,1,0.8033691503329493,0.01142961339734624,0.002972143661480462,9.329438517737176e-05,39.3507
100,10,0.5,5,2,0.8042315633173978,0.0125600755549822,0.002965114613524343,9.428267919883033e-05,31.2507
100,10,0.5,5,5,0.7987519753897112,0.012094573691095569,0.003006789572680869,9.763969978116591e-05,34.1994
100,10,0.5,5,10,0.7860163307010717,0.012962456211352238,0.003100894232674576,0.00011487745083181646,34.5919
100,10,0.5,10,1,0.8014450764331427,0.011994371868077497,0.0029864148092055794,9.440088661357431e-05,46.3439
100,10,0.5,10,2,0.8022561189289025,0.012738241537142233,0.0029800112505893386,9.636316147205105e-05,39.3886
100,10,0.5,10,5,0.7987519753897112,0.012094573691095565,0.003006789572680869,9.763969978116591e-05,39.2318
100,10,0.5,10,10,0.7860163307010717,0.012962456211352238,0.003100894232674576,0.0001148774508318164,36.9952
100,10,0.5,20,1,0.7921189234566952,0.012816681556922515,0.0030559691765874144,0.00010417036318921118,36.8971
100,10,0.5,20,2,0.7925609236851449,0.013386202034227138,0.0030523360881280917,0.00010236775982545127,35.1625
100,10,0.5,20,5,0.7921041862288953,0.012877865376747835,0.0030559110670734897,0.00010078744501914218,29.7089
100,10,0.5,20,10,0.7860163307010717,0.01296245621135225,0.003100894232674576,0.00011487745083181637,40.5616
100,10,1.0,2,1,0.8152212583383527,0.01166739484533269,0.0028806406366318872,8.923499062355589e-05,47.2081
100,10,1.0,2,2,0.8156909764298781,0.012141437227931462,0.0028767164026342698,8.791495119422766e-05,48.3631
100,10,1.0,2,5,0.8107731406550963,0.012461355297649027,0.0029150307248382674,9.493971831988733e-05,48.8661
100,10,1.0,2,10,0.7984042067586601,0.012812925070375111,0.0030089088892597373,9.466768423436438e-05,44.0509
100,10,1.0,5,1,0.8146823423618412,0.01193224330332301,0.002884701568558333,8.902769047225354e-05,45.9342
100,10,1.0,5,2,0.8153156522732319,0.012140354920157321,0.002879659356156747,8.801342056444164e-05,48.2119
100,10,1.0,5,5,0.8107731406550963,0.012461355297649027,0.0029150307248382674,9.493971831988736e-05,17.0243
100,10,1.0,5,10,0.7984042067586601,0.012812925070375111,0.0030089088892597373,9.466768423436438e-05,8.6036
100,10,1.0,10,1,0.812439129639789,0.012129273357994746,0.0029021114813476603,9.095982452795868e-05,11.0219
100,10,1.0,10,2,0.8131258582916828,0.012074331793245229,0.0028968163634129573,8.990489654485413e-05,11.2051
100,10,1.0,10,5,0.8107731406550963,0.012461355297649001,0.0029150307248382674,9.493971831988733e-05,10.8895
100,10,1.0,10,10,0.7984042067586601,0.012812925070375111,0.0030089088892597373,9.466768423436445e-05,11.0242
100,10,1.0,20,1,0.8049972833569907,0.012843805885083832,0.002958937631113416,9.133759251526423e-05,12.3201
100,10,1.0,20,2,0.8055313901250287,0.012961197398344015,0.002954832809090614,9.134605335711509e-05,12.5973
100,10,1.0,20,5,0.8044272155591313,0.013274269932561656,0.0029631841647488675,9.44377686749299e-05,10.6517
100,10,1.0,20,10,0.7984042067586601,0.012812925070375111,0.0030089088892597373,9.46676842343644e-05,10.4982
100,20,sqrt,2,1,0.7911195028655509,0.013435774525160961,0.003062866819289712,9.832301655348554e-05,8.3688
100,20,sqrt,2,2,0.7832095114255206,0.015406661184150124,0.003119926865892573,0.00011130480488376934,7.3029
100,20,sqrt,2,5,0.7609621621543092,0.014712099352114736,0.0032774650888169527,0.00012341570619043345,5.7823
100,20,sqrt,2,10,0.7325326927781539,0.016187558810082475,0.003466992029894625,0.00013165516450788081,5.6321
100,20,sqrt,5,1,0.7887008016604384,0.012391873529019293,0.0030811899356566084,0.00010336705030228858,7.7644
100,20,sqrt,5,2,0.7845410280233938,0.01398470079756713,0.00311113829167803,0.00011484559797460214,6.9248
100,20,sqrt,5,5,0.7609621621543093,0.014712099352114724,0.003277465088816952,0.00012341570619043337,6.158
100,20,sqrt,5,10,0.7325326927781539,0.016187558810082454,0.003466992029894625,0.00013165516450788073,6.3971
100,20,sqrt,10,1,0.7788182600792849,0.013145457764562024,0.003152340047972843,0.00010411437720799498,7.1089
100,20,sqrt,10,2,0.7763117759062023,0.014663893333357988,0.0031697703266294133,0.00011319464982169994,6.5168
100,20,sqrt,10,5,0.7609621621543093,0.014712099352114724,0.0032774650888169527,0.00012341570619043337,6.5158
100,20,sqrt,10,10,0.7325326927781539,0.016187558810082478,0.003466992029894625,0.00013165516450788081,6.3205
100,20,sqrt,20,1,0.7614219890821781,0.016082785599724016,0.0032733589933074724,0.00011673711490452387,6.3049
100,20,sqrt,20,2,0.7565332119424288,0.016636935235092704,0.003306389856547582,0.00011175612709247194,6.4231
100,20,sqrt,20,5,0.7484347730154247,0.015931496655228847,0.0033615414903978083,0.00011432994121607322,6.0971
100,20,sqrt,20,10,0.7325326927781539,0.016187558810082454,0.003466992029894625,0.00013165516450788076,5.5882
100,20,log2,2,1,0.7911195028655509,0.013435774525160963,0.003062866819289712,9.832301655348559e-05,8.6588
100,20,log2,2,2,0.7832095114255206,0.01540666118415011,0.003119926865892573,0.00011130480488376934,8.0286
100,20,log2,2,5,0.7609621621543093,0.014712099352114722,0.003277465088816952,0.0001234157061904334,5.8276
100,20,log2,2,10,0.7325326927781539,0.01618755881008246,0.003466992029894625,0.00013165516450788068,5.6388
100,20,log2,5,1,0.7887008016604384,0.01239187352901929,0.0030811899356566084,0.00010336705030228853,9.1708
100,20,log2,5,2,0.7845410280233939,0.013984700797567109,0.00311113829167803,0.00011484559797460225,9.4306
100,20,log2,5,5,0.7609621621543092,0.014712099352114743,0.0032774650888169527,0.0001234157061904333,8.4365
100,20,log2,5,10,0.7325326927781539,0.016187558810082485,0.003466992029894625,0.0001316551645078808,6.1366
100,20,log2,10,1,0.7788182600792849,0.013145457764562026,0.003152340047972843,0.00010411437720799509,8.4147
100,20,log2,10,2,0.7763117759062023,0.01466389333335801,0.0031697703266294133,0.00011319464982169994,8.1569
100,20,log2,10,5,0.7609621621543092,0.01471209935211474,0.0032774650888169527,0.00012341570619043337,6.5476
100,20,log2,10,10,0.7325326927781539,0.016187558810082454,0.003466992029894625,0.0001316551645078806,5.733
100,20,log2,20,1,0.761421989082178,0.016082785599724016,0.003273358993307473,0.00011673711490452386,6.2851
100,20,log2,20,2,0.7565332119424288,0.016636935235092704,0.003306389856547582,0.00011175612709247189,6.4096
100,20,log2,20,5,0.7484347730154246,0.01593149665522887,0.0033615414903978083,0.00011432994121607332,5.7123
100,20,log2,20,10,0.7325326927781539,0.016187558810082478,0.003466992029894625,0.00013165516450788087,6.1043
100,20,0.5,2,1,0.8339900637450457,0.011677398704809326,0.002730797089461219,0.00010941005758953603,12.4604
100,20,0.5,2,2,0.8329273806489755,0.011697067261713942,0.0027393268599945637,0.00010569183552788642,12.4554
100,20,0.5,2,5,0.8197799746941531,0.011329195075844517,0.002845495128854884,0.00010335273838556326,9.4541
100,20,0.5,2,10,0.799005373464337,0.013410989360066015,0.003005001827849058,0.00011916974162728607,8.7513
100,20,0.5,5,1,0.8337337502020258,0.011140182387053735,0.0027328829990570613,0.00010333554393129302,11.9931
100,20,0.5,5,2,0.8317676668935116,0.01203205331167437,0.0027488315368355614,0.00011007702121131102,10.9675
100,20,0.5,5,5,0.8197799746941531,0.011329195075844517,0.002845495128854884,0.00010335273838556333,8.8337
100,20,0.5,5,10,0.799005373464337,0.013410989360066015,0.003005001827849058,0.00011916974162728595,8.5075
100,20,0.5,10,1,0.827589804414969,0.011224040064956742,0.0027828844692058515,0.00010045370259283567,11.2631
100,20,0.5,10,2,0.8266856243732708,0.01224239573273837,0.0027898379052352144,0.00010552298462782565,11.044
100,20,0.5,10,5,0.8197799746941531,0.011329195075844494,0.002845495128854884,0.00010335273838556322,10.0458
100,20,0.5,10,10,0.799005373464337,0.013410989360066015,0.003005001827849058,0.00011916974162728593,8.3501
100,20,0.5,20,1,0.8140573329636928,0.012113867174309812,0.0028899160264277525,0.00010154519000718199,10.4571
100,20,0.5,20,2,0.814091614328829,0.012001597166860683,0.002889793228894984,0.00010360380798847557,10.5481
100,20,0.5,20,5,0.8079390543484521,0.012155062717027182,0.002937287645648677,0.00010357407295148576,9.6073
100,20,0.5,20,10,0.799005373464337,0.013410989360066015,0.003005001827849058,0.00011916974162728608,9.1143
100,20,1.0,2,1,0.8390732299717193,0.010847955499548896,0.002688492089121742,0.00010075359830943181,20.342
100,20,1.0,2,2,0.8381439851392338,0.010953995907313304,0.002696285805024863,0.00010138503642875723,19.5985
100,20,1.0,2,5,0.8277834667846014,0.011844241401499877,0.002781002620713884,0.0001014785790244216,16.3314
100,20,1.0,2,10,0.8094993206430777,0.012061546408209917,0.0029251766770883253,9.888929525006316e-05,14.2218
100,20,1.0,5,1,0.8375708047152465,0.011027235601617724,0.002700987599089475,0.00010178880581997395,20.3937
100,20,1.0,5,2,0.8376424102753168,0.010915381933865,0.0027004638128504494,0.00010043464744957721,18.9046
100,20,1.0,5,5,0.8277834667846014,0.011844241401499877,0.002781002620713884,0.00010147857902442154,16.023
100,20,1.0,5,10,0.8094993206430777,0.012061546408209918,0.0029251766770883253,9.88892952500632e-05,14.4108
100,20,1.0,10,1,0.8331208552679993,0.011290496183835545,0.002737722155867389,0.00010304336408596482,18.1016
100,20,1.0,10,2,0.8331148062488861,0.011303129378533049,0.0027377054745024157,0.00010008646119614291,17.4084
100,20,1.0,10,5,0.8277834667846014,0.011844241401499884,0.002781002620713884,0.0001014785790244215,16.4377
100,20,1.0,10,10,0.8094993206430777,0.012061546408209917,0.0029251766770883253,9.888929525006318e-05,15.4934
100,20,1.0,20,1,0.8211451124094669,0.012169735729075077,0.0028339270623642106,9.971115453696471e-05,17.8335
100,20,1.0,20,2,0.8213212057778598,0.01218259465796504,0.0028324861635848275,9.763599837454551e-05,16.153
100,20,1.0,20,5,0.8183096229492038,0.012542862441237023,0.0028562109866910627,9.895517986109613e-05,16.425
100,20,1.0,20,10,0.8094993206430777,0.01206154640820991,0.0029251766770883253,9.888929525006319e-05,15.7752
200,,sqrt,2,1,0.7948539186352471,0.013742881182229544,0.00303524879513328,0.00010368146638849248,17.2847
200,,sqrt,2,2,0.7858436786750749,0.013699667250915157,0.003101483863893477,0.00010492773967124334,15.0553
200,,sqrt,2,5,0.7640300773855895,0.015001540651083214,0.003255765722222639,0.00011373790725865332,13.7718
200,,sqrt,2,10,0.7336748316734312,0.01606707430166217,0.003459674633809996,0.00013385645855839193,17.208
200,,sqrt,5,1,0.7907491581030195,0.014289916948033565,0.0030655361924402822,0.00011064430836254158,17.6558
200,,sqrt,5,2,0.7873021579081925,0.014236107331825011,0.003090830008571833,0.00011205437772535751,16.0552
200,,sqrt,5,5,0.7640300773855895,0.01500154065108318,0.003255765722222639,0.00011373790725865332,15.5703
200,,sqrt,5,10,0.7336748316734312,0.016067074301662185,0.003459674633809996,0.00013385645855839196,12.7505
200,,sqrt,10,1,0.7817067387366505,0.01422874121274791,0.003131247536477764,0.0001072928672029941,14.6279
200,,sqrt,10,2,0.7767238482504353,0.01419555118689602,0.0031670945979817857,0.00011409781699561138,14.4147
200,,sqrt,10,5,0.7640300773855897,0.0150015406510832,0.003255765722222639,0.00011373790725865331,13.2015
200,,sqrt,10,10,0.7336748316734312,0.016067074301662185,0.003459674633809996,0.00013385645855839196,12.587
200,,sqrt,20,1,0.7625153159809808,0.014328898346094094,0.0032666443669007346,0.00011748243343142261,12.8932
200,,sqrt,20,2,0.759040835652721,0.01491886827925334,0.0032899633651612644,0.00010856294229860173,13.1715
200,,sqrt,20,5,0.7499725141320446,0.015182378494268423,0.0033515384630916725,0.00011423220322957398,12.2751
200,,sqrt,20,10,0.7336748316734312,0.016067074301662158,0.003459674633809996,0.00013385645855839193,13.1492
200,,log2,2,1,0.7948539186352471,0.013742881182229555,0.00303524879513328,0.00010368146638849248,18.1352
200,,log2,2,2,0.7858436786750749,0.013699667250915157,0.0031014838638934767,0.0001049277396712432,16.1484
200,,log2,2,5,0.7640300773855895,0.01500154065108318,0.003255765722222639,0.00011373790725865332,12.9335
200,,log2,2,10,0.7336748316734312,0.016067074301662185,0.003459674633809996,0.00013385645855839196,11.8262
200,,log2,5,1,0.7907491581030195,0.014289916948033549,0.0030655361924402822,0.00011064430836254151,13.5383
200,,log2,5,2,0.7873021579081925,0.014236107331825003,0.003090830008571833,0.00011205437772535748,12.0176
200,,log2,5,5,0.7640300773855897,0.0150015406510832,0.003255765722222639,0.00011373790725865331,10.1562
200,,log2,5,10,0.7336748316734312,0.016067074301662185,0.003459674633809996,0.00013385645855839196,10.3551
200,,log2,10,1,0.7817067387366505,0.014228741212747894,0.003131247536477764,0.00010729286720299408,11.3994
200,,log2,10,2,0.7767238482504353,0.014195551186896029,0.0031670945979817857,0.00011409781699561133,10.5267
200,,log2,10,5,0.7640300773855897,0.015001540651083214,0.003255765722222639,0.00011373790725865332,9.9626
200,,log2,10,10,0.7336748316734312,0.01606707430166216,0.003459674633809996,0.00013385645855839187,8.5106
200,,log2,20,1,0.7625153159809808,0.014328898346094094,0.0032666443669007337,0.00011748243343142268,9.8785
200,,log2,20,2,0.759040835652721,0.014918868279253327,0.0032899633651612644,0.00010856294229860187,9.5492
200,,log2,20,5,0.7499725141320446,0.015182378494268381,0.0033515384630916725,0.00011423220322957388,9.3147
200,,log2,20,10,0.7336748316734312,0.01606707430166216,0.003459674633809996,0.00013385645855839193,8.0165
200,,0.5,2,1,0.8360554552754307,0.0118917676339361,0.0027132379789385924,0.00010344731939857221,19.1341
200,,0.5,2,2,0.8341136098074362,0.012547847663473007,0.0027291985140193626,0.00011031091619852009,19.5037
200,,0.5,2,5,0.8205728115182792,0.011989594130006699,0.0028389124384657397,0.00010523774348074319,17.4503
200,,0.5,2,10,0.799341928359413,0.0134969647507866,0.0030024318926365422,0.00011955818050998476,13.5759
200,,0.5,5,1,0.8351523904012387,0.01149423970238032,0.002721084734442609,0.0001066906024074673,19.3965
200,,0.5,5,2,0.8335833031140701,0.011495925149375495,0.002733904935778095,0.00010248934215657337,16.4669
200,,0.5,5,5,0.8205728115182792,0.011989594130006699,0.0028389124384657397,0.00010523774348074317,13.6806
200,,0.5,5,10,0.799341928359413,0.013496964750786598,0.0030024318926365422,0.00011955818050998463,12.7517
200,,0.5,10,1,0.8289577485775428,0.011688615660613745,0.002771691316835378,0.00010492500837853683,16.8466
200,,0.5,10,2,0.827945802545465,0.012300491814479368,0.002779738249366605,0.00010864924403351727,15.0588
200,,0.5,10,5,0.8205728115182792,0.011989594130006699,0.0028389124384657397,0.00010523774348074319,15.5327
200,,0.5,10,10,0.799341928359413,0.0134969647507866,0.0030024318926365422,0.00011955818050998474,14.0394
200,,0.5,20,1,0.8153092224917169,0.012759010059777863,0.0028801075795791974,0.00011017608701728727,16.6729
200,,0.5,20,2,0.8151788629735073,0.012083540265401744,0.002881392946285503,0.0001071084848005787,17.6573
200,,0.5,20,5,0.8094005053050772,0.012725909403859006,0.0029258331691571155,0.00010657442564538999,15.1465
200,,0.5,20,10,0.799341928359413,0.0134969647507866,0.0030024318926365422,0.00011955818050998475,13.8086
200,,1.0,2,1,0.8403634896819607,0.011047449835474442,0.002677694619760455,0.00010472583969091852,35.5708
200,,1.0,2,2,0.8398532465099068,0.011260420401048984,0.0026819312729219513,0.00010544817127927319,30.4435
200,,1.0,2,5,0.8289738791541282,0.012100576684686143,0.0027713893816248714,0.00010717684521702021,24.9265
200,,1.0,2,10,0.8104468674437196,0.012260810752647478,0.002917884174056448,0.00010249299144726013,18.169
200,,1.0,5,1,0.8391638686788415,0.011142775585843888,0.002687660938806054,0.00010408535151919491,29.4979
200,,1.0,5,2,0.8391207573613496,0.011242403773528793,0.0026880190265258464,0.00010376688724831867,27.3664
200,,1.0,5,5,0.8289738791541282,0.012100576684686145,0.0027713893816248714,0.00010717684521702021,21.3519
200,,1.0,5,10,0.8104468674437196,0.012260810752647474,0.002917884174056448,0.00010249299144726013,18.6251
200,,1.0,10,1,0.8345233228889963,0.011546214689266313,0.0027260291609799278,0.00010403681301275698,25.5653
200,,1.0,10,2,0.834671299781428,0.011586522351697106,0.002724844332155446,0.00010444689301946202,24.6477
200,,1.0,10,5,0.8289738791541282,0.012100576684686145,0.0027713893816248714,0.00010717684521702013,22.2357
200,,1.0,10,10,0.8104468674437196,0.012260810752647478,0.002917884174056448,0.00010249299144726011,19.1874
200,,1.0,20,1,0.8222962484094672,0.012415984883743176,0.0028247187568255032,0.00010263652981580878,23.1997
200,,1.0,20,2,0.8224627154428731,0.012624639066828926,0.002823288066468724,0.00010243275799086646,22.0097
200,,1.0,20,5,0.8194128564787938,0.01282953776935009,0.002847506578104877,0.00010426600110896009,20.4258
200,,1.0,20,10,0.8104468674437196,0.012260810752647476,0.002917884174056448,0.00010249299144726003,20.1519
200,5,sqrt,2,1,0.578740210473498,0.022136425324151048,0.00435178272775858,0.0001572598142091857,5.3441
200,5,sqrt,2,2,0.5786962600516736,0.021986435471010313,0.004352088454671553,0.00015832810204967219,6.4198
200,5,sqrt,2,5,0.5796645263705804,0.02172105689829516,0.004347254923017443,0.00016105901918946153,6.1835
200,5,sqrt,2,10,0.5783132492314351,0.02128539022489646,0.0043544061099126275,0.0001621801810496562,6.066
200,5,sqrt,5,1,0.5791131976697438,0.022283821071554938,0.004349941529612926,0.00016086012594590385,6.7457
200,5,sqrt,5,2,0.5789886788255014,0.021891775355556864,0.004350713787689195,0.0001614055521679684,6.2449
200,5,sqrt,5,5,0.5796645263705804,0.021721056898295128,0.004347254923017443,0.00016105901918946153,6.4467
200,5,sqrt,5,10,0.5783132492314351,0.021285390224896453,0.0043544061099126275,0.00016218018104965625,6.2778
200,5,sqrt,10,1,0.5794827698169771,0.02190139029284497,0.004348125688253386,0.00016057838101837753,5.8719
200,5,sqrt,10,2,0.5796159580426369,0.021641285747556485,0.004347533410616933,0.0001612294564094801,6.9136
200,5,sqrt,10,5,0.5796645263705804,0.021721056898295118,0.004347254923017443,0.0001610590191894615,6.4027
200,5,sqrt,10,10,0.5783132492314351,0.021285390224896474,0.0043544061099126275,0.00016218018104965625,6.7816
200,5,sqrt,20,1,0.5782119597818459,0.021664115531155017,0.004354791677561837,0.0001612060900524587,6.9226
200,5,sqrt,20,2,0.5782123659735594,0.021577005855166847,0.004354810623249385,0.00016108892239578813,5.7191
200,5,sqrt,20,5,0.5785755173726497,0.021452428159286486,0.004352963556323651,0.00016091526337138668,5.9072
200,5,sqrt,20,10,0.5783132492314351,0.021285390224896453,0.0043544061099126275,0.00016218018104965617,5.5741
200,5,log2,2,1,0.5787402104734981,0.022136425324151027,0.00435178272775858,0.0001572598142091859,6.3173
200,5,log2,2,2,0.5786962600516736,0.021986435471010313,0.004352088454671553,0.00015832810204967219,6.6537
200,5,log2,2,5,0.5796645263705804,0.02172105689829513,0.004347254923017443,0.00016105901918946153,7.4514
200,5,log2,2,10,0.5783132492314351,0.021285390224896443,0.0043544061099126275,0.00016218018104965625,7.8834
200,5,log2,5,1,0.5791131976697438,0.022283821071554938,0.004349941529612926,0.00016086012594590394,7.4279
200,5,log2,5,2,0.5789886788255014,0.021891775355556864,0.004350713787689196,0.00016140555216796865,6.5055
200,5,log2,5,5,0.5796645263705804,0.021721056898295128,0.004347254923017443,0.00016105901918946143,7.4805
200,5,log2,5,10,0.5783132492314351,0.02128539022489646,0.0043544061099126275,0.00016218018104965603,7.953
200,5,log2,10,1,0.5794827698169771,0.02190139029284496,0.004348125688253386,0.00016057838101837764,7.396
200,5,log2,10,2,0.5796159580426369,0.021641285747556485,0.004347533410616933,0.0001612294564094801,8.7592
200,5,log2,10,5,0.5796645263705804,0.02172105689829516,0.004347254923017443,0.00016105901918946137,7.4393
200,5,log2,10,10,0.5783132492314351,0.021285390224896453,0.0043544061099126275,0.00016218018104965614,8.1328
200,5,log2,20,1,0.578211959781846,0.021664115531155055,0.004354791677561837,0.00016120609005245866,7.1422
200,5,log2,20,2,0.5782123659735594,0.021577005855166847,0.004354810623249385,0.00016108892239578813,7.8303
200,5,log2,20,5,0.5785755173726497,0.021452428159286517,0.004352963556323651,0.00016091526337138668,8.3237
200,5,log2,20,10,0.5783132492314351,0.021285390224896453,0.0043544061099126275,0.00016218018104965625,7.01
200,5,0.5,2,1,0.6457420838605876,0.02204783687297396,0.0039901441044519915,0.00015938538066730343,8.2193
200,5,0.5,2,2,0.6459275775746012,0.02171468268175592,0.0039892001076800585,0.00015901856344112901,7.3928
200,5,0.5,2,5,0.6464283759092918,0.02130359025307564,0.003986378367209562,0.00015496978554400034,7.5478
200,5,0.5,2,10,0.6473461829483391,0.021794456460884796,0.0039810055440902565,0.00015550429875255695,7.9025
200,5,0.5,5,1,0.6456515244964752,0.0217296722254774,0.003990767232472885,0.00015916979100554489,7.4829
200,5,0.5,5,2,0.6457446954359314,0.021541970889299822,0.003990288859944727,0.00015868995578192807,8.5279
200,5,0.5,5,5,0.6464283759092918,0.021303590253075662,0.003986378367209562,0.00015496978554400034,7.6992
200,5,0.5,5,10,0.6473461829483391,0.021794456460884785,0.0039810055440902565,0.00015550429875255684,7.9916
200,5,0.5,10,1,0.6457599641674485,0.021418406964732132,0.003990084627735627,0.00015417621023814713,7.2629
200,5,0.5,10,2,0.6459086050106725,0.021353102416925628,0.0039892652252858495,0.0001541547596076461,6.6712
200,5,0.5,10,5,0.6464283759092918,0.021303590253075644,0.003986378367209562,0.00015496978554400032,7.1716
200,5,0.5,10,10,0.6473461829483391,0.021794456460884796,0.0039810055440902565,0.00015550429875255695,6.749
200,5,0.5,20,1,0.6468750060038845,0.02209729094950961,0.003983645059374549,0.0001573893247458703,6.6792
200,5,0.5,20,2,0.6470680659923715,0.02222032978206544,0.003982488299510293,0.0001568990926624187,6.8705
200,5,0.5,20,5,0.647405803057547,0.022325703693245567,0.003980545384431213,0.00015706778305688018,6.6831
200,5,0.5,20,10,0.6473461829483392,0.021794456460884775,0.003981005544090257,0.00015550429875255703,6.5962
200,5,1.0,2,1,0.6708174217133747,0.021855762708883883,0.003845595410736963,0.00014491755908868726,9.3493
200,5,1.0,2,2,0.6708242277359251,0.021953583396216128,0.0038455276520162,0.00014522482605579745,9.6576
200,5,1.0,2,5,0.67094203693147,0.021945292275576688,0.0038448487754635455,0.000145445400460352,9.1838
200,5,1.0,2,10,0.6705050952374364,0.02149959807993546,0.0038474959361397,0.00014354681990536526,30.7809
200,5,1.0,5,1,0.6708183955454482,0.021856662187496597,0.0038455889046159542,0.0001449070792261059,34.7236
200,5,1.0,5,2,0.6708255375935749,0.02195238068268831,0.0038455201232531063,0.0001452156949133245,34.9232
200,5,1.0,5,5,0.67094203693147,0.021945292275576695,0.0038448487754635463,0.000145445400460352,34.2129
200,5,1.0,5,10,0.6705050952374364,0.021499598079935463,0.0038474959361397,0.000143546819905365,33.9013
200,5,1.0,10,1,0.6707957735241961,0.0218439781381456,0.003845728087571801,0.000144967644734657,35.6564
200,5,1.0,10,2,0.670796823811578,0.021939097109013813,0.003845693688402573,0.00014523961616361053,39.0028
200,5,1.0,10,5,0.6709420369314701,0.02194529227557666,0.0038448487754635463,0.00014544540046035174,38.8382
200,5,1.0,10,10,0.6705050952374364,0.021499598079935477,0.0038474959361397,0.000143546819905365,37.3089
200,5,1.0,20,1,0.6705357857837553,0.02178174577317664,0.003847268641292416,0.0001448966800683609,38.3545
200,5,1.0,20,2,0.6705463588416578,0.021878468745322635,0.0038471790416859815,0.00014519663108273186,40.4798
200,5,1.0,20,5,0.6707213690664448,0.021931535027723496,0.0038461458602242283,0.00014550350582596277,37.4023
200,5,1.0,20,10,0.6705050952374364,0.02149959807993548,0.0038474959361397,0.000143546819905365,35.1705
200,10,sqrt,2,1,0.7391697705505188,0.015640179504500067,0.003423195147975822,0.00011418089995095484,37.0023
200,10,sqrt,2,2,0.7390289919912334,0.014947663124972966,0.003424443030559037,0.00011491467395435934,34.965
200,10,sqrt,2,5,0.7300060805735857,0.016735255700074277,0.0034827330572964666,0.00012096482517633162,34.6573
200,10,sqrt,2,10,0.7168394054218749,0.01668618042129077,0.0035672106431912758,0.00013002256104753543,37.2899
200,10,sqrt,5,1,0.7384234699272383,0.015410222864000987,0.0034280679169942188,0.00010982754491863883,39.2075
200,10,sqrt,5,2,0.7381896778487421,0.016223268689258052,0.003429350612568613,0.00011248900728574884,39.9894
200,10,sqrt,5,5,0.7300060805735857,0.016735255700074305,0.0034827330572964666,0.0001209648251763316,38.2223
200,10,sqrt,5,10,0.7168394054218749,0.016686180421290792,0.0035672106431912758,0.00013002256104753543,44.4244
200,10,sqrt,10,1,0.7356958619600042,0.015236259394087187,0.0034459231545361227,0.00010706890588046697,41.6586
200,10,sqrt,10,2,0.7340293533028405,0.016529784636045118,0.003456436005805952,0.0001127115042129245,47.1873
200,10,sqrt,10,5,0.7300060805735857,0.016735255700074284,0.0034827330572964666,0.00012096482517633165,44.3348
200,10,sqrt,10,10,0.716839405421875,0.016686180421290796,0.0035672106431912758,0.00013002256104753556,40.8414
200,10,sqrt,20,1,0.7271506687730698,0.017028488016930448,0.0035009206142503054,0.00011708565679128607,44.0457
200,10,sqrt,20,2,0.7268105698377678,0.01601958033176957,0.0035034490220157504,0.00011535073428532216,41.1576
200,10,sqrt,20,5,0.7229812419980062,0.016732642330758798,0.003527761405555317,0.00011687489751915378,38.6762
200,10,sqrt,20,10,0.716839405421875,0.016686180421290796,0.0035672106431912758,0.00013002256104753543,47.3068
200,10,log2,2,1,0.7391697705505188,0.01564017950450005,0.003423195147975822,0.00011418089995095483,48.5176
200,10,log2,2,2,0.7390289919912333,0.014947663124972982,0.003424443030559038,0.00011491467395435935,47.8321
200,10,log2,2,5,0.7300060805735857,0.016735255700074298,0.0034827330572964666,0.00012096482517633173,39.9287
200,10,log2,2,10,0.716839405421875,0.016686180421290796,0.0035672106431912758,0.00013002256104753556,46.3501
200,10,log2,5,1,0.7384234699272383,0.015410222864000973,0.0034280679169942188,0.00010982754491863869,49.3484
200,10,log2,5,2,0.738189677848742,0.016223268689258035,0.003429350612568613,0.00011248900728574883,53.7716
200,10,log2,5,5,0.7300060805735857,0.016735255700074284,0.0034827330572964666,0.00012096482517633158,41.369
200,10,log2,5,10,0.716839405421875,0.016686180421290796,0.0035672106431912758,0.0001300225610475355,42.0852
200,10,log2,10,1,0.7356958619600042,0.0152362593940872,0.0034459231545361227,0.00010706890588046697,42.4935
200,10,log2,10,2,0.7340293533028405,0.01652978463604512,0.003456436005805952,0.00011271150421292441,43.1024
200,10,log2,10,5,0.7300060805735857,0.016735255700074274,0.0034827330572964666,0.00012096482517633163,39.0308
200,10,log2,10,10,0.7168394054218749,0.016686180421290768,0.0035672106431912766,0.00013002256104753548,45.7376
200,10,log2,20,1,0.7271506687730698,0.017028488016930448,0.0035009206142503054,0.00011708565679128603,38.6874
200,10,log2,20,2,0.7268105698377678,0.016019580331769603,0.0035034490220157504,0.00011535073428532232,42.4447
200,10,log2,20,5,0.7229812419980062,0.016732642330758832,0.003527761405555317,0.00011687489751915373,39.1957
200,10,log2,20,10,0.716839405421875,0.01668618042129077,0.0035672106431912758,0.00013002256104753543,46.9281
200,10,0.5,2,1,0.8052217875777865,0.012537893043208436,0.0029577199114558324,9.946881104892706e-05,55.4252
200,10,0.5,2,2,0.804637243259094,0.012665809412941629,0.0029621481806301,0.0001001890276756721,53.8031
200,10,0.5,2,5,0.7998320294633621,0.012679199372302719,0.0029985766440854913,0.00010316172581347198,45.9358
200,10,0.5,2,10,0.7866381692847435,0.013376167840667613,0.003096154213703199,0.00011432588731374336,53.6559
200,10,0.5,5,1,0.8042657012354788,0.012322581438049485,0.0029650627331034066,9.881424593598376e-05,49.8974
200,10,0.5,5,2,0.8044759649117061,0.012987552082022766,0.002963145246625765,9.803444241947991e-05,49.9068
200,10,0.5,5,5,0.7998320294633621,0.012679199372302722,0.002998576644085491,0.00010316172581347193,45.5349
200,10,0.5,5,10,0.7866381692847435,0.013376167840667617,0.003096154213703199,0.0001143258873137434,58.5668
200,10,0.5,10,1,0.8021195421632548,0.012275013219348437,0.0029813140431198745,9.776930064692007e-05,54.7989
200,10,0.5,10,2,0.802643885563097,0.012696670850770964,0.0029770651585834737,9.538248322384871e-05,62.5483
200,10,0.5,10,5,0.7998320294633621,0.012679199372302696,0.002998576644085491,0.00010316172581347185,61.6866
200,10,0.5,10,10,0.7866381692847435,0.013376167840667624,0.0030961542137031995,0.00011432588731374333,58.6642
200,10,0.5,20,1,0.7933131011456351,0.012922960558188763,0.0030471389360713233,0.00010658207000953406,60.983
200,10,0.5,20,2,0.793664414130834,0.013262641886702184,0.003044307666510037,0.00010458166657140087,63.1112
200,10,0.5,20,5,0.7928147444283111,0.013386429795273347,0.003050502015473163,0.00010347368992978209,65.8755
200,10,0.5,20,10,0.7866381692847435,0.013376167840667641,0.003096154213703199,0.00011432588731374341,64.2012
200,10,1.0,2,1,0.8160901909643197,0.01202411562133653,0.0028737387218627096,9.199024079642257e-05,81.455
200,10,1.0,2,2,0.816572587104188,0.012384972018744535,0.0028698026211362243,9.231696514136214e-05,79.3256
200,10,1.0,2,5,0.8116770164552959,0.012694652689505663,0.0029080511760653646,9.954239391352661e-05,77.9663
200,10,1.0,2,10,0.7991132553233921,0.012954401954714263,0.0030036193379830915,9.785115675253175e-05,76.0942
200,10,1.0,5,1,0.8154975680105354,0.01225161650730138,0.002878217924779277,9.11890304638454e-05,85.569
200,10,1.0,5,2,0.8162541253637615,0.012399466585685668,0.002872299708193319,9.271965814763146e-05,79.6467
200,10,1.0,5,5,0.8116770164552959,0.012694652689505636,0.0029080511760653646,9.95423939135267e-05,78.0414
200,10,1.0,5,10,0.7991132553233921,0.012954401954714258,0.003003619337983091,9.785115675253188e-05,85.3365
200,10,1.0,10,1,0.8133193343081041,0.01232822291884856,0.002895195181137635,9.214927162997366e-05,78.9105
200,10,1.0,10,2,0.8140660488387239,0.01247054793911369,0.0028893783423602367,9.344086269640196e-05,83.6175
200,10,1.0,10,5,0.8116770164552959,0.012694652689505636,0.0029080511760653646,9.954239391352676e-05,78.1709
200,10,1.0,10,10,0.7991132553233921,0.012954401954714265,0.003003619337983091,9.785115675253189e-05,77.0602
200,10,1.0,20,1,0.8056303452440877,0.01322850799523941,0.0029539646955764045,9.352218074982517e-05,77.342
200,10,1.0,20,2,0.8062954703085194,0.013381872336812694,0.0029488712628981026,9.478853946832404e-05,77.6118
200,10,1.0,20,5,0.8052205044379805,0.013436122350996898,0.0029571965823963283,9.880427983361757e-05,79.9043
200,10,1.0,20,10,0.7991132553233921,0.012954401954714272,0.003003619337983091,9.785115675253188e-05,79.4571
200,20,sqrt,2,1,0.7937446315204666,0.013885165829849522,0.003043433632422785,0.00010370269094281413,70.7258
200,20,sqrt,2,2,0.7856242600779111,0.015548863130165331,0.0031022599028075405,0.0001091226631621137,59.1451
200,20,sqrt,2,5,0.7634229763845802,0.015096406565736024,0.003260072125752808,0.00011798644143731748,48.728
200,20,sqrt,2,10,0.7338457574331735,0.016248343704888316,0.003458554365565187,0.00013558415796901475,43.1784
200,20,sqrt,5,1,0.7907836078783161,0.013778813798519146,0.0030654536353380774,0.00010851299623178701,52.7106
200,20,sqrt,5,2,0.7857303085303932,0.014217919677214074,0.0031022489948859403,0.00011152493727157226,46.4856
200,20,sqrt,5,5,0.7634229763845803,0.015096406565736017,0.003260072125752808,0.00011798644143731756,49.9758
200,20,sqrt,5,10,0.7338457574331735,0.016248343704888316,0.003458554365565187,0.0001355841579690148,46.4478
200,20,sqrt,10,1,0.7808527132345492,0.013298408863616017,0.0031377792899460236,0.00010682211341052228,51.9128
200,20,sqrt,10,2,0.7766450046775784,0.0141509675589469,0.0031676193125343083,0.0001123167565843191,50.3175
200,20,sqrt,10,5,0.7634229763845803,0.015096406565736017,0.003260072125752808,0.00011798644143731749,48.5087
200,20,sqrt,10,10,0.7338457574331735,0.01624834370488831,0.003458554365565187,0.00013558415796901475,49.0436
200,20,sqrt,20,1,0.7624183324592602,0.015226271282701442,0.0032667484709956126,0.00011235613451675385,46.2162
200,20,sqrt,20,2,0.7592054382586928,0.01606131744485465,0.003288446428860886,0.00011262686894377754,42.8411
200,20,sqrt,20,5,0.7496491865092253,0.015243798074078453,0.0033537468374096532,0.00011614106250178687,40.4234
200,20,sqrt,20,10,0.7338457574331735,0.016248343704888316,0.003458554365565187,0.00013558415796901475,41.7571
200,20,log2,2,1,0.7937446315204666,0.013885165829849515,0.0030434336324227846,0.00010370269094281432,49.8268
200,20,log2,2,2,0.7856242600779111,0.015548863130165347,0.00310225990280754,0.00010912266316211381,44.5757
200,20,log2,2,5,0.7634229763845803,0.01509640656573602,0.003260072125752808,0.00011798644143731748,44.4433
200,20,log2,2,10,0.7338457574331735,0.01624834370488831,0.003458554365565187,0.00013558415796901475,39.3173
200,20,log2,5,1,0.7907836078783161,0.013778813798519118,0.0030654536353380774,0.0001085129962317869,54.5009
200,20,log2,5,2,0.785730308530393,0.014217919677214074,0.0031022489948859403,0.00011152493727157219,56.9302
200,20,log2,5,5,0.7634229763845803,0.01509640656573602,0.003260072125752808,0.00011798644143731756,53.3707
200,20,log2,5,10,0.7338457574331735,0.01624834370488831,0.003458554365565187,0.00013558415796901475,53.0556
200,20,log2,10,1,0.7808527132345493,0.013298408863616011,0.0031377792899460236,0.00010682211341052232,50.9587
200,20,log2,10,2,0.7766450046775784,0.014150967558946903,0.0031676193125343083,0.00011231675658431904,53.0913
200,20,log2,10,5,0.7634229763845803,0.015096406565736017,0.003260072125752808,0.00011798644143731759,58.5461
200,20,log2,10,10,0.7338457574331735,0.016248343704888316,0.003458554365565187,0.0001355841579690148,45.2915
200,20,log2,20,1,0.7624183324592602,0.01522627128270144,0.0032667484709956126,0.00011235613451675394,50.8245
200,20,log2,20,2,0.7592054382586928,0.016061317444854624,0.003288446428860887,0.00011262686894377768,54.8619
200,20,log2,20,5,0.7496491865092253,0.015243798074078453,0.0033537468374096532,0.00011614106250178687,54.9341
200,20,log2,20,10,0.7338457574331735,0.01624834370488831,0.003458554365565187,0.00013558415796901475,45.2572
200,20,0.5,2,1,0.8362257745450048,0.011744358265824225,0.0027121116033619968,0.00010749109833405156,86.8608
200,20,0.5,2,2,0.8341322921862672,0.011889756576911135,0.002729158421512861,0.00010301478815146716,67.3922
200,20,0.5,2,5,0.8209180408122105,0.011819463947475873,0.002836312039791461,0.000106408849648988,59.1823
200,20,0.5,2,10,0.7994746339353183,0.013539554213866552,0.003001398733615942,0.00011911129672187001,54.533
200,20,0.5,5,1,0.8350865867961316,0.011033372490074396,0.002721849317301594,0.00010524291988794619,78.1368
200,20,0.5,5,2,0.8332196969322055,0.01178661687317319,0.002736848751073796,0.00010598525097280142,66.4409
200,20,0.5,5,5,0.8209180408122105,0.011819463947475854,0.002836312039791461,0.00010640884964898801,64.4037
200,20,0.5,5,10,0.7994746339353183,0.013539554213866559,0.0030013987336159425,0.00011911129672187022,53.6127
200,20,0.5,10,1,0.8289659394675615,0.011950955919068097,0.002771405458746145,0.00010368121693813945,80.2848
200,20,0.5,10,2,0.8277687322526864,0.012300439467802043,0.0027810127651942415,0.0001052747496135143,75.679
200,20,0.5,10,5,0.8209180408122105,0.011819463947475881,0.002836312039791461,0.00010640884964898806,70.38
200,20,0.5,10,10,0.7994746339353183,0.013539554213866553,0.003001398733615942,0.00011911129672187013,62.7658
200,20,0.5,20,1,0.8154096662902847,0.012505762488459304,0.0028794093563545777,0.00010876883798336948,71.2728
200,20,0.5,20,2,0.8148476525445346,0.012171526068339059,0.0028839411691143606,0.0001076064624776699,81.7065
200,20,0.5,20,5,0.8094154663648897,0.012603520335257032,0.002925860642256756,0.00010847901212921766,78.5399
200,20,0.5,20,10,0.7994746339353183,0.013539554213866553,0.003001398733615942,0.00011911129672187016,73.8231
200,20,1.0,2,1,0.8406454225456297,0.011079221349843743,0.002675308893735117,0.00010478268180626508,134.8139
200,20,1.0,2,2,0.8397254520898534,0.01122678135004374,0.0026830045129723054,0.00010496802012086529,83.8034
200,20,1.0,2,5,0.8289610490639203,0.012145966550777841,0.0027714871988371104,0.00010775554643716707,97.9836
200,20,1.0,2,10,0.8104295137903412,0.012266047290712958,0.002918017316296986,0.00010254571003826927,101.4857
200,20,1.0,5,1,0.8390960382821758,0.011341040107625294,0.002688189952200667,0.0001054731931192216,133.2224
200,20,1.0,5,2,0.83909913279292,0.011229937560802617,0.002688229277851691,0.00010429092175478328,123.5926
200,20,1.0,5,5,0.8289610490639203,0.012145966550777855,0.0027714871988371104,0.00010775554643716705,110.7274
200,20,1.0,5,10,0.8104295137903412,0.012266047290712971,0.002918017316296986,0.00010254571003826926,96.6739
200,20,1.0,10,1,0.8344304300076313,0.011499724072992169,0.0027268379394969336,0.00010422473077727586,116.0589
200,20,1.0,10,2,0.8345758234920122,0.01164000885820663,0.002725607046868983,0.00010465807323312727,121.4524
200,20,1.0,10,5,0.8289610490639203,0.012145966550777855,0.0027714871988371104,0.000107755546437167,137.896
200,20,1.0,10,10,0.8104295137903412,0.012266047290712971,0.002918017316296986,0.00010254571003826938,125.0503
200,20,1.0,20,1,0.822082852031577,0.012455006857982122,0.0028264121004814595,0.00010302635522486877,138.1591
200,20,1.0,20,2,0.8224154287263803,0.012622990847813617,0.002823672336362301,0.00010261572428233423,128.5329
200,20,1.0,20,5,0.8194121748325118,0.012828804993351426,0.0028475108763593346,0.00010419669224001123,128.5482
200,20,1.0,20,10,0.8104295137903412,0.012266047290712952,0.002918017316296986,0.00010254571003826916,112.9953
500,,sqrt,2,1,0.7955703525947466,0.01415747020999898,0.003029837236201902,0.00010733526870559227,159.2603
500,,sqrt,2,2,0.7869473050694797,0.01397656991822312,0.003093484899381735,0.00011008347534127145,154.0831
500,,sqrt,2,5,0.7636547805699876,0.014889117944043092,0.0032585612114661355,0.00011839074051278985,32.0939
500,,sqrt,2,10,0.7338188088626985,0.016115627984230614,0.0034587044507920633,0.00013381498030111614,28.6646
500,,sqrt,5,1,0.7911313697233077,0.014465663616442073,0.003062760371929718,0.00011445661875551729,39.5536
500,,sqrt,5,2,0.786314741445841,0.014121015391558689,0.0030981311049762634,0.00011329343655716088,35.6608
500,,sqrt,5,5,0.7636547805699876,0.014889117944043113,0.0032585612114661355,0.00011839074051278985,27.5202
500,,sqrt,5,10,0.7338188088626985,0.016115627984230593,0.0034587044507920633,0.00013381498030111608,21.845
500,,sqrt,10,1,0.7817613297797971,0.014329943069860492,0.003130883271527453,0.00011065201841863445,28.2119
500,,sqrt,10,2,0.7771442048837311,0.014298302201650839,0.0031640298050884578,0.00011320369146544479,25.915
500,,sqrt,10,5,0.7636547805699876,0.014889117944043106,0.0032585612114661355,0.00011839074051278986,24.5521
500,,sqrt,10,10,0.7338188088626985,0.016115627984230607,0.0034587044507920625,0.00013381498030111606,22.7106
500,,sqrt,20,1,0.7630179417520188,0.014703609024091428,0.003262892212223115,0.00011419535326412143,24.6939
500,,sqrt,20,2,0.7598675976209002,0.015272560150833628,0.0032844283322612613,0.0001175621096040666,24.7062
500,,sqrt,20,5,0.7499802600902246,0.015320423364238113,0.0033516369160599335,0.00012057785482561742,22.6974
500,,sqrt,20,10,0.7338188088626985,0.016115627984230614,0.0034587044507920633,0.00013381498030111606,21.657
500,,log2,2,1,0.7955703525947466,0.01415747020999898,0.003029837236201902,0.00010733526870559218,35.4941
500,,log2,2,2,0.7869473050694797,0.013976569918223119,0.003093484899381735,0.00011008347534127148,29.6791
500,,log2,2,5,0.7636547805699876,0.014889117944043113,0.0032585612114661355,0.00011839074051278985,23.5399
500,,log2,2,10,0.7338188088626985,0.016115627984230586,0.0034587044507920625,0.000133814980301116,21.1621
500,,log2,5,1,0.7911313697233077,0.014465663616442073,0.003062760371929718,0.00011445661875551729,29.8374
500,,log2,5,2,0.786314741445841,0.014121015391558668,0.0030981311049762634,0.00011329343655716081,27.0113
500,,log2,5,5,0.7636547805699876,0.014889117944043113,0.0032585612114661355,0.00011839074051278985,23.4342
500,,log2,5,10,0.7338188088626985,0.016115627984230607,0.0034587044507920625,0.00013381498030111606,21.588
500,,log2,10,1,0.7817613297797971,0.014329943069860508,0.003130883271527453,0.00011065201841863441,25.3872
500,,log2,10,2,0.7771442048837311,0.014298302201650858,0.0031640298050884573,0.00011320369146544479,23.4043
500,,log2,10,5,0.7636547805699876,0.014889117944043092,0.0032585612114661355,0.00011839074051278985,21.3537
500,,log2,10,10,0.7338188088626983,0.01611562798423062,0.0034587044507920633,0.00013381498030111606,18.3532
500,,log2,20,1,0.7630179417520188,0.014703609024091421,0.003262892212223115,0.00011419535326412137,22.8248
500,,log2,20,2,0.7598675976209002,0.01527256015083365,0.0032844283322612613,0.00011756210960406676,23.8204
500,,log2,20,5,0.7499802600902246,0.01532042336423813,0.0033516369160599344,0.00012057785482561766,22.948
500,,log2,20,10,0.7338188088626985,0.016115627984230586,0.0034587044507920625,0.00013381498030111608,21.0602
500,,0.5,2,1,0.8365835708014322,0.01158469030061102,0.0027090288362154,0.00010347123415744816,55.2864
500,,0.5,2,2,0.8347818031982429,0.01219532078644927,0.0027237776694590365,0.00010743027840473536,49.0959
500,,0.5,2,5,0.8205064519305741,0.012094950254264991,0.002839467004154761,0.00010721518047521963,37.5178
500,,0.5,2,10,0.7984828820619881,0.013543253189164077,0.0030086791530459984,0.00011537222675644018,33.3578
500,,0.5,5,1,0.8356697286826783,0.011177704844314556,0.0027168914462454043,0.00010428881112388373,49.6688
500,,0.5,5,2,0.8340434505860704,0.011372896297921592,0.0027301408582674825,0.00010138593107810134,126.5959
500,,0.5,5,5,0.8205064519305741,0.012094950254264991,0.002839467004154761,0.00010721518047521974,144.9626
500,,0.5,5,10,0.7984828820619881,0.01354325318916408,0.0030086791530459984,0.00011537222675644022,128.8789
500,,0.5,10,1,0.8297749574918282,0.011565795701401146,0.002765119088548048,0.00010432216949398958,119.5256
500,,0.5,10,2,0.8282450772769335,0.012216088473552598,0.0027773327922128222,0.00010781764714270187,84.6983
500,,0.5,10,5,0.8205064519305741,0.012094950254264991,0.002839467004154761,0.00010721518047521962,42.7957
500,,0.5,10,10,0.7984828820619881,0.01354325318916408,0.0030086791530459984,0.00011537222675644032,32.2443
500,,0.5,20,1,0.8157032562787261,0.012583915479095828,0.002877013451764945,0.00010771134467848115,45.9402
500,,0.5,20,2,0.8151820499818614,0.01240178690901217,0.00288119584997728,0.00010681233542528758,138.1933
500,,0.5,20,5,0.8097381997816859,0.012718878036045315,0.0029233204854601704,0.00010801665766507214,118.8298
500,,0.5,20,10,0.7984828820619881,0.013543253189164077,0.003008679153045999,0.00011537222675644035,122.3949
500,,1.0,2,1,0.841611189443195,0.010901110411351679,0.0026672678214181116,0.0001048855288476736,295.5719
500,,1.0,2,2,0.8408735325184489,0.011161873537137598,0.0026733368506496637,0.00010380636333119372,267.1747
500,,1.0,2,5,0.8298352323586489,0.01185922042811977,0.0027644588293035456,0.00010535002034679562,214.1571
500,,1.0,2,10,0.8108373751832078,0.012122713842119267,0.0029149077473814068,0.00010130102481046524,199.3453
500,,1.0,5,1,0.8402046785399149,0.010873071878807417,0.0026790872997720394,0.00010357966130980866,282.6128
500,,1.0,5,2,0.8402752472399608,0.011115801381879415,0.0026783535251734764,0.00010257738105981431,255.1226
500,,1.0,5,5,0.8298352323586489,0.01185922042811977,0.0027644588293035456,0.00010535002034679559,226.1935
500,,1.0,5,10,0.8108373751832078,0.012122713842119276,0.0029149077473814068,0.00010130102481046519,151.2279
500,,1.0,10,1,0.835393243579959,0.01125736246527117,0.0027189377418778194,0.00010159858305668228,256.5243
500,,1.0,10,2,0.8355543359303008,0.011492064059642218,0.002717502624909486,0.00010189759496241067,247.8326
500,,1.0,10,5,0.8298352323586489,0.011859220428119778,0.0027644588293035456,0.0001053500203467957,209.4647
500,,1.0,10,10,0.8108373751832078,0.012122713842119267,0.0029149077473814068,0.00010130102481046516,190.3671
500,,1.0,20,1,0.8230707436533032,0.012040608280031116,0.002818652321147432,9.918282199768811e-05,236.9128
500,,1.0,20,2,0.8232419196596895,0.012321287543092118,0.0028171398837793533,9.910008518476553e-05,229.1864
500,,1.0,20,5,0.8199691633204372,0.012439158103808516,0.002843237926575862,0.00010125122864586042,217.4717
500,,1.0,20,10,0.8108373751832078,0.012122713842119267,0.0029149077473814068,0.00010130102481046514,207.4271
500,5,sqrt,2,1,0.5788457075180504,0.02273509344634285,0.004351311945717217,0.00016423009275697752,90.0128
500,5,sqrt,2,2,0.5790842257885436,0.022857508769080617,0.004350040095563534,0.00016418243736679845,84.4611
500,5,sqrt,2,5,0.5795436879017112,0.022706402551597275,0.004347696876975046,0.00016375677601134517,54.9184
500,5,sqrt,2,10,0.5787382719469033,0.02230984448769383,0.004352003769312709,0.00016447318918785667,51.009
500,5,sqrt,5,1,0.579127886044924,0.0229886149401905,0.004349790015565401,0.0001644185903588301,103.2934
500,5,sqrt,5,2,0.5791715154181112,0.02282588540586143,0.004349608834465218,0.000164378128196786,114.3658
500,5,sqrt,5,5,0.5795436879017112,0.022706402551597275,0.004347696876975046,0.00016375677601134525,106.6844
500,5,sqrt,5,10,0.5787382719469033,0.02230984448769383,0.004352003769312709,0.0001644731891878566,104.0078
500,5,sqrt,10,1,0.579349848833753,0.02296566634059545,0.004348601290683242,0.00016311460838633947,98.7259
500,5,sqrt,10,2,0.5794667786198294,0.022819957096395324,0.00434803451405045,0.0001629826197196161,98.6822
500,5,sqrt,10,5,0.5795436879017111,0.022706402551597237,0.004347696876975046,0.00016375677601134525,65.3898
500,5,sqrt,10,10,0.5787382719469033,0.02230984448769383,0.004352003769312709,0.00016447318918785667,17.5332
500,5,sqrt,20,1,0.5788823005392987,0.022466242349194334,0.004351187181604309,0.0001637772665306621,19.8911
500,5,sqrt,20,2,0.5789782885686308,0.022431634938483182,0.004350710343597118,0.0001640043567364077,21.5954
500,5,sqrt,20,5,0.579127968193134,0.0225932229663601,0.004349908554319849,0.00016450535876356214,19.247
500,5,sqrt,20,10,0.5787382719469033,0.02230984448769383,0.004352003769312709,0.00016447318918785667,19.6069
500,5,log2,2,1,0.5788457075180504,0.02273509344634284,0.004351311945717218,0.00016423009275697768,19.2614
500,5,log2,2,2,0.5790842257885436,0.02285750876908061,0.004350040095563533,0.0001641824373667984,19.1069
500,5,log2,2,5,0.5795436879017112,0.022706402551597282,0.004347696876975046,0.00016375677601134525,16.6965
500,5,log2,2,10,0.5787382719469033,0.02230984448769382,0.004352003769312709,0.0001644731891878566,20.0649
500,5,log2,5,1,0.579127886044924,0.022988614940190506,0.004349790015565401,0.0001644185903588301,18.9718
500,5,log2,5,2,0.5791715154181112,0.022825885405861425,0.004349608834465217,0.00016437812819678627,19.6601
500,5,log2,5,5,0.5795436879017112,0.022706402551597275,0.004347696876975046,0.00016375677601134528,18.463
500,5,log2,5,10,0.5787382719469034,0.022309844487693818,0.004352003769312709,0.00016447318918785648,17.8979
500,5,log2,10,1,0.579349848833753,0.02296566634059545,0.004348601290683241,0.00016311460838633974,19.7104
500,5,log2,10,2,0.5794667786198294,0.022819957096395338,0.00434803451405045,0.00016298261971961625,16.9724
500,5,log2,10,5,0.5795436879017112,0.022706402551597282,0.004347696876975046,0.00016375677601134544,14.1204
500,5,log2,10,10,0.5787382719469033,0.022309844487693832,0.004352003769312709,0.00016447318918785667,15.1519
500,5,log2,20,1,0.5788823005392987,0.022466242349194327,0.004351187181604309,0.00016377726653066225,14.9068
500,5,log2,20,2,0.5789782885686308,0.022431634938483196,0.004350710343597118,0.00016400435673640773,15.8834
500,5,log2,20,5,0.579127968193134,0.022593222966360096,0.004349908554319849,0.00016450535876356222,15.4143
500,5,log2,20,10,0.5787382719469033,0.022309844487693853,0.004352003769312709,0.0001644731891878566,71.4271
500,5,0.5,2,1,0.6454504678250921,0.02207097964541161,0.003991763664382196,0.00015863218493497526,112.3563
500,5,0.5,2,2,0.6457166753298582,0.02191647464999841,0.003990313246379007,0.00015861932837251007,114.6519
500,5,0.5,2,5,0.645782831515381,0.021089584318377125,0.003990079451999777,0.00015450287820979855,106.0235
500,5,0.5,2,10,0.6456470411675371,0.021180972886460626,0.003990855943370544,0.00015609183269625867,110.471
500,5,0.5,5,1,0.6452864087294599,0.02193676802957853,0.003992714788464918,0.00015807271690193117,112.6798
500,5,0.5,5,2,0.6454676605130156,0.021743294434851686,0.003991754487796809,0.00015790225663523975,107.1243
500,5,0.5,5,5,0.645782831515381,0.021089584318377125,0.003990079451999777,0.0001545028782097986,114.1171
500,5,0.5,5,10,0.6456470411675372,0.021180972886460613,0.003990855943370544,0.00015609183269625867,122.3663
500,5,0.5,10,1,0.64529086088176,0.021433980430787525,0.003992770904524318,0.00015541387194733595,133.9761
500,5,0.5,10,2,0.6454761311117609,0.021303123782288606,0.003991768220139727,0.0001553771303974927,144.5272
500,5,0.5,10,5,0.645782831515381,0.021089584318377125,0.003990079451999777,0.00015450287820979833,130.3134
500,5,0.5,10,10,0.6456470411675371,0.021180972886460613,0.003990855943370544,0.0001560918326962587,149.7478
500,5,0.5,20,1,0.6454684438404039,0.02150323933832876,0.003991757914191999,0.00015604423983776663,133.0476
500,5,0.5,20,2,0.6456356347649382,0.02147929318105949,0.00399081331361126,0.00015580284163287025,133.609
500,5,0.5,20,5,0.6459662528413037,0.021344358202954238,0.003989000850188126,0.00015597490264779667,126.6443
500,5,0.5,20,10,0.6456470411675371,0.021180972886460616,0.003990855943370544,0.00015609183269625875,127.1304
500,5,1.0,2,1,0.6714593004246735,0.0221581132332529,0.003841581219823879,0.00014126725765581185,155.7573
500,5,1.0,2,2,0.6715110597434409,0.022206224043069562,0.003841260273644212,0.0001413223895130418,163.6396
500,5,1.0,2,5,0.6715666286130481,0.022185684997143885,0.003840942878048643,0.00014140618174814982,165.3924
500,5,1.0,2,10,0.6710260644139411,0.02185057995309636,0.003844152391422475,0.00013924186539203157,175.6538
500,5,1.0,5,1,0.6714610191464804,0.02215820695446825,0.0038415704790564693,0.0001412519477075934,170.0986
500,5,1.0,5,2,0.6715099200749612,0.02220401612859173,0.0038412676570564403,0.00014131855647036572,182.9489
500,5,1.0,5,5,0.6715666286130481,0.022185684997143885,0.003840942878048643,0.00014140618174814988,150.8923
500,5,1.0,5,10,0.6710260644139411,0.021850579953096343,0.0038441523914224756,0.00013924186539203157,158.6151
500,5,1.0,10,1,0.6714292766881392,0.022148237560069978,0.003841756717190952,0.00014117124234042853,169.1927
500,5,1.0,10,2,0.6714798414655228,0.02219191405916978,0.0038414444220271514,0.00014122044660879756,158.8892
500,5,1.0,10,5,0.6715666286130481,0.022185684997143885,0.003840942878048643,0.00014140618174814996,167.3393
500,5,1.0,10,10,0.6710260644139411,0.021850579953096392,0.003844152391422475,0.00013924186539203154,171.0185
500,5,1.0,20,1,0.6711790850313377,0.022108654464835356,0.0038432331705579694,0.00014109066424262108,162.9044
500,5,1.0,20,2,0.6712339297614334,0.0221541505764808,0.003842898045349942,0.00014121818328733854,168.147
500,5,1.0,20,5,0.6713459397706034,0.02217502850880961,0.003842239952933884,0.00014144627587869162,159.8128
500,5,1.0,20,10,0.671026064413941,0.021850579953096364,0.003844152391422475,0.00013924186539203154,175.7779
500,10,sqrt,2,1,0.7391433944407924,0.015227868017731773,0.0034234964853779013,0.00011317137160814252,145.6309
500,10,sqrt,2,2,0.7398301176220181,0.01538102351596753,0.0034189950209632934,0.00011503945336967235,143.2451
500,10,sqrt,2,5,0.7308048040344676,0.016337287756261264,0.003477678307176465,0.00011947701133509264,137.637
500,10,sqrt,2,10,0.7170196255504497,0.016340875327225585,0.003566167454677452,0.00012903901195091203,155.4902
500,10,sqrt,5,1,0.7384934265912132,0.015227093807481953,0.0034277813808248044,0.00011340105178642913,149.3796
500,10,sqrt,5,2,0.7379542540641453,0.01602529651213974,0.003431018550696669,0.00011401792945761544,144.0332
500,10,sqrt,5,5,0.7308048040344676,0.016337287756261278,0.003477678307176465,0.00011947701133509264,144.8549
500,10,sqrt,5,10,0.7170196255504497,0.016340875327225605,0.0035661674546774514,0.00012903901195091208,140.7321
500,10,sqrt,10,1,0.7359380034248034,0.015168623320963559,0.0034445399097620655,0.00011293700503302728,148.5072
500,10,sqrt,10,2,0.735243598916343,0.016308798928754198,0.0034485956794185597,0.00011250689912048427,138.8781
500,10,sqrt,10,5,0.7308048040344677,0.016337287756261275,0.003477678307176465,0.00011947701133509257,135.3697
500,10,sqrt,10,10,0.7170196255504497,0.01634087532722556,0.003566167454677452,0.00012903901195091208,129.4176
500,10,sqrt,20,1,0.7270936038364164,0.016709941438503753,0.003501441275693757,0.00011836168839794612,125.9493
500,10,sqrt,20,2,0.7272042409584931,0.016028474307387207,0.003501024663988917,0.00011902157929114614,60.9262
500,10,sqrt,20,5,0.7240478426070946,0.015917688728079065,0.003521388540556785,0.00012068826295989365,51.3144
500,10,sqrt,20,10,0.7170196255504497,0.016340875327225585,0.003566167454677452,0.00012903901195091206,55.5622
500,10,log2,2,1,0.7391433944407924,0.015227868017731773,0.0034234964853779005,0.00011317137160814243,62.3662
500,10,log2,2,2,0.7398301176220181,0.01538102351596753,0.003418995020963294,0.00011503945336967222,63.0545
500,10,log2,2,5,0.7308048040344676,0.016337287756261264,0.003477678307176465,0.00011947701133509262,55.7203
500,10,log2,2,10,0.7170196255504497,0.01634087532722562,0.003566167454677452,0.0001290390119509121,57.8841
500,10,log2,5,1,0.7384934265912132,0.015227093807481952,0.0034277813808248044,0.00011340105178642913,59.626
500,10,log2,5,2,0.7379542540641453,0.016025296512139735,0.003431018550696669,0.00011401792945761537,61.2465
500,10,log2,5,5,0.7308048040344676,0.016337287756261275,0.003477678307176465,0.00011947701133509264,60.0426
500,10,log2,5,10,0.7170196255504497,0.01634087532722557,0.003566167454677452,0.00012903901195091208,51.4864
500,10,log2,10,1,0.7359380034248034,0.015168623320963541,0.0034445399097620655,0.00011293700503302717,56.9042
500,10,log2,10,2,0.735243598916343,0.01630879892875418,0.0034485956794185597,0.00011250689912048417,58.1383
500,10,log2,10,5,0.7308048040344676,0.016337287756261275,0.003477678307176465,0.00011947701133509264,53.1823
500,10,log2,10,10,0.7170196255504497,0.01634087532722559,0.003566167454677452,0.00012903901195091206,53.2472
500,10,log2,20,1,0.7270936038364164,0.016709941438503732,0.003501441275693757,0.00011836168839794627,61.3159
500,10,log2,20,2,0.7272042409584931,0.01602847430738722,0.003501024663988917,0.00011902157929114607,54.7755
500,10,log2,20,5,0.7240478426070946,0.015917688728079075,0.003521388540556785,0.00012068826295989372,52.6973
500,10,log2,20,10,0.7170196255504497,0.01634087532722559,0.003566167454677452,0.00012903901195091206,53.9381
500,10,0.5,2,1,0.8048717261210312,0.012508374397200116,0.0029604296123826607,9.972165459678727e-05,85.8745
500,10,0.5,2,2,0.8050748914625812,0.012469020271641765,0.00295885521095213,9.795827889200366e-05,81.4829
500,10,0.5,2,5,0.7995770825336586,0.012830020561166163,0.003000296492935285,9.974564678904916e-05,83.3373
500,10,0.5,2,10,0.7863308583805079,0.013517828806368181,0.0030982341956083325,0.00011193034175612773,76.4245
500,10,0.5,5,1,0.8041754391466425,0.012667396658421506,0.0029655421686344196,9.775566607821253e-05,90.845
500,10,0.5,5,2,0.8047687003983366,0.012640318545580368,0.0029611047915084495,9.862857050825809e-05,91.4461
500,10,0.5,5,5,0.7995770825336586,0.012830020561166165,0.003000296492935285,9.974564678904932e-05,88.0244
500,10,0.5,5,10,0.7863308583805078,0.013517828806368183,0.003098234195608332,0.00011193034175612769,84.1516
500,10,0.5,10,1,0.8021884516540414,0.012293675413372611,0.0029808173469198685,9.871990529597949e-05,93.6741
500,10,0.5,10,2,0.8024963257014113,0.012805265119496768,0.0029782248105138147,9.763701015647339e-05,83.416
500,10,0.5,10,5,0.7995770825336586,0.012830020561166165,0.003000296492935285,9.97456467890492e-05,86.7674
500,10,0.5,10,10,0.7863308583805079,0.013517828806368178,0.0030982341956083325,0.00011193034175612772,84.5692
500,10,0.5,20,1,0.7936696904479558,0.01292464714033668,0.0030443784837341677,0.00010315438613670191,102.5061
500,10,0.5,20,2,0.7940504135797536,0.013138150000962842,0.0030414990297468665,0.00010426528797504273,102.8758
500,10,0.5,20,5,0.79299773767151,0.013479402442551473,0.0030490950689757877,0.00010332971880792169,96.9459
500,10,0.5,20,10,0.7863308583805079,0.01351782880636817,0.003098234195608332,0.00011193034175612776,99.8608
500,10,1.0,2,1,0.8167736310652665,0.011561337903875918,0.0028685663599646717,9.010600869183051e-05,147.4941
500,10,1.0,2,2,0.8171976190302587,0.012077332705618565,0.0028650537988216722,9.197262996311004e-05,153.577
500,10,1.0,2,5,0.8122721347953658,0.01237412871273789,0.002903547800476502,9.717530332913441e-05,135.7288
500,10,1.0,2,10,0.7995507748972471,0.012651171750273704,0.0030004458021329304,9.601520692717049e-05,135.1924
500,10,1.0,5,1,0.8161762715188635,0.011670909139447442,0.0028731881239054064,8.985728046909693e-05,148.1675
500,10,1.0,5,2,0.8169633373650127,0.011976212103108536,0.0028669545699344773,9.208821727645165e-05,143.7796
500,10,1.0,5,5,0.8122721347953658,0.01237412871273789,0.002903547800476502,9.717530332913432e-05,153.71
500,10,1.0,5,10,0.7995507748972471,0.012651171750273698,0.0030004458021329304,9.601520692717054e-05,144.5721
500,10,1.0,10,1,0.8138927667957849,0.01183233692253231,0.0028909476084243704,8.991329630755377e-05,155.8447
500,10,1.0,10,2,0.8146118135579584,0.012177439008314275,0.002885243138198543,9.183543190628189e-05,152.9434
500,10,1.0,10,5,0.8122721347953658,0.01237412871273789,0.002903547800476502,9.717530332913434e-05,149.8415
500,10,1.0,10,10,0.7995507748972471,0.012651171750273698,0.0030004458021329304,9.601520692717046e-05,155.1436
500,10,1.0,20,1,0.8061636143300751,0.012601918762780117,0.002950155198948332,9.010675776206879e-05,173.7166
500,10,1.0,20,2,0.806804236165789,0.012862524342355242,0.0029451901356185558,9.173852500766167e-05,180.1225
500,10,1.0,20,5,0.8056221701522601,0.012896153046983713,0.0029543367516128485,9.529078024208302e-05,168.0284
500,10,1.0,20,10,0.7995507748972471,0.012651171750273712,0.0030004458021329304,9.601520692717057e-05,175.2199
500,20,sqrt,2,1,0.7945009474998097,0.013725681727753635,0.0030380001896873187,0.00010665216773943486,125.5264
500,20,sqrt,2,2,0.7865291630940231,0.014634439817357127,0.003096172135289466,0.00010929913024688841,113.5246
500,20,sqrt,2,5,0.7635636324983232,0.01477140204315851,0.003259274415467099,0.00011898632917153812,116.334
500,20,sqrt,2,10,0.7340437531279893,0.016284412530842625,0.0034572165098480817,0.00013512580559283115,103.738
500,20,sqrt,5,1,0.7910243355821779,0.013734661832569502,0.0030637471398083653,0.00010979814194175256,135.5678
500,20,sqrt,5,2,0.7861982319538866,0.014193713509591997,0.003098922364377995,0.0001128113947400817,117.8841
500,20,sqrt,5,5,0.7635636324983232,0.014771402043158513,0.003259274415467099,0.00011898632917153812,104.8178
500,20,sqrt,5,10,0.7340437531279893,0.016284412530842608,0.0034572165098480817,0.00013512580559283126,86.4441
500,20,sqrt,10,1,0.781765090295891,0.014194841733473587,0.0031307873276783076,0.00010745361583167173,126.1598
500,20,sqrt,10,2,0.7770367783546841,0.014379028913384143,0.003164799995217086,0.00011440545785200647,134.0759
500,20,sqrt,10,5,0.7635636324983233,0.014771402043158504,0.003259274415467099,0.00011898632917153813,138.8472
500,20,sqrt,10,10,0.7340437531279893,0.0162844125308426,0.0034572165098480817,0.00013512580559283115,111.0742
500,20,sqrt,20,1,0.7626359343252358,0.015266561723801602,0.0032653160885812286,0.0001154220467641806,118.3538
500,20,sqrt,20,2,0.759647671749131,0.01572766451163271,0.0032856896457585548,0.00011669380252197962,127.4863
500,20,sqrt,20,5,0.7499232550771471,0.015361860267279264,0.0033520049593857445,0.0001206773568349745,94.5312
500,20,sqrt,20,10,0.7340437531279893,0.016284412530842632,0.0034572165098480817,0.0001351258055928312,89.2857
500,20,log2,2,1,0.7945009474998097,0.013725681727753639,0.003038000189687319,0.00010665216773943501,146.2465
500,20,log2,2,2,0.7865291630940231,0.014634439817357134,0.003096172135289466,0.00010929913024688841,121.7563
500,20,log2,2,5,0.7635636324983232,0.014771402043158518,0.003259274415467099,0.00011898632917153815,102.7039
500,20,log2,2,10,0.7340437531279893,0.016284412530842625,0.0034572165098480817,0.0001351258055928311,92.2317
500,20,log2,5,1,0.7910243355821779,0.013734661832569483,0.0030637471398083653,0.00010979814194175248,123.9568
500,20,log2,5,2,0.7861982319538866,0.014193713509591971,0.0030989223643779953,0.00011281139474008157,119.7586
500,20,log2,5,5,0.7635636324983232,0.01477140204315851,0.003259274415467099,0.00011898632917153812,106.0707
500,20,log2,5,10,0.7340437531279893,0.016284412530842635,0.0034572165098480817,0.00013512580559283129,95.0694
500,20,log2,10,1,0.781765090295891,0.014194841733473587,0.0031307873276783067,0.00010745361583167179,113.7296
500,20,log2,10,2,0.7770367783546841,0.014379028913384129,0.003164799995217086,0.00011440545785200665,108.0684
500,20,log2,10,5,0.7635636324983232,0.014771402043158513,0.003259274415467099,0.00011898632917153812,108.0121
500,20,log2,10,10,0.7340437531279893,0.016284412530842625,0.0034572165098480817,0.00013512580559283126,114.9298
500,20,log2,20,1,0.7626359343252358,0.015266561723801595,0.0032653160885812286,0.00011542204676418053,109.3712
500,20,log2,20,2,0.759647671749131,0.015727664511632725,0.0032856896457585548,0.00011669380252197962,107.7521
500,20,log2,20,5,0.7499232550771471,0.015361860267279261,0.0033520049593857445,0.0001206773568349744,93.3654
500,20,log2,20,10,0.7340437531279893,0.01628441253084263,0.0034572165098480817,0.00013512580559283123,70.3568
500,20,0.5,2,1,0.836883067089197,0.011258662244886562,0.0027066937059641192,0.00010241050558137163,149.9016
500,20,0.5,2,2,0.8348020491287972,0.011731225359687854,0.0027237909295536795,0.00010480733144918489,131.3595
500,20,0.5,2,5,0.8206004397799959,0.012001909131287087,0.0028387696994051853,0.00010700250216686188,103.885
500,20,0.5,2,10,0.7985274450443101,0.01357249214496166,0.0030083178892510464,0.00011502949438661875,99.7971
500,20,0.5,5,1,0.8354704696573461,0.010950828366525401,0.0027184902110497567,9.986973873798573e-05,138.1375
500,20,0.5,5,2,0.8339981760264452,0.011691358725262833,0.0027303863220234396,0.00010309742483340188,119.1448
500,20,0.5,5,5,0.8206004397799959,0.01200190913128709,0.002838769699405186,0.00010700250216686194,113.3154
500,20,0.5,5,10,0.7985274450443101,0.013572492144961696,0.0030083178892510464,0.00011502949438661869,92.3292
500,20,0.5,10,1,0.8296457572526353,0.011891879611747735,0.0027659376265575055,0.00010365861263366606,115.7277
500,20,0.5,10,2,0.8280193932376783,0.012206886733321895,0.0027790534291047774,0.00010546068128277771,123.0854
500,20,0.5,10,5,0.8206004397799959,0.012001909131287092,0.002838769699405186,0.00010700250216686201,117.4975
500,20,0.5,10,10,0.7985274450443098,0.013572492144961671,0.0030083178892510464,0.0001150294943866187,103.5362
500,20,0.5,20,1,0.8155696804424606,0.012440310714054631,0.0028780853001836486,0.00010621986019441026,120.6749
500,20,0.5,20,2,0.8150641748694334,0.012028164095926405,0.0028822806369562435,0.00010604736296187359,114.5136
500,20,0.5,20,5,0.8097681206083338,0.012721272101426193,0.002923105426706491,0.00010856109922111267,115.1661
500,20,0.5,20,10,0.7985274450443098,0.013572492144961671,0.0030083178892510464,0.00011502949438661875,113.0687
500,20,1.0,2,1,0.841584199382709,0.01076161898309964,0.002667559739924246,0.00010404371818471514,250.7285
500,20,1.0,2,2,0.8407344709812602,0.011111542987655041,0.0026745239294336705,0.00010337794032276527,230.3926
500,20,1.0,2,5,0.8297995102071447,0.01187952366621363,0.0027647459113758713,0.00010559346427669646,205.5958
500,20,1.0,2,10,0.8108297419715637,0.012122888580874088,0.002914966698078088,0.00010130152702899312,191.3778
500,20,1.0,5,1,0.8401090564034558,0.011010651721193818,0.0026798208662343944,0.0001036453022681411,246.8859
500,20,1.0,5,2,0.8401765044316019,0.01118915365432046,0.0026791605137289963,0.00010315048812125594,233.7771
500,20,1.0,5,5,0.8297995102071447,0.01187952366621363,0.0027647459113758713,0.00010559346427669638,220.537
500,20,1.0,5,10,0.8108297419715637,0.012122888580874088,0.002914966698078088,0.0001013015270289931,193.3171
500,20,1.0,10,1,0.8353194941871743,0.011246728190233557,0.002719552278926199,0.00010160347597833606,251.4549
500,20,1.0,10,2,0.8354558705587989,0.011567236803977416,0.002718283235969888,0.00010227129367482466,241.2255
500,20,1.0,10,5,0.8297995102071447,0.011879523666213643,0.0027647459113758713,0.00010559346427669638,230.2005
500,20,1.0,10,10,0.8108297419715637,0.012122888580874085,0.002914966698078088,0.00010130152702899306,195.2366
500,20,1.0,20,1,0.8229480511178495,0.012087726322034585,0.002819615613173135,9.947319027457236e-05,227.6194
500,20,1.0,20,2,0.8231868563888195,0.012323648086109858,0.0028175821083544156,9.923484509474583e-05,216.5714
500,20,1.0,20,5,0.8199636806544348,0.012442504044175014,0.002843277726778711,0.00010120102989677113,207.9662
500,20,1.0,20,10,0.8108297419715637,0.012122888580874088,0.002914966698078088,0.00010130152702899312,200.8909
