n_estimators,max_depth,max_features,min_samples_split,min_samples_leaf,mean_f1,std_f1,mean_accuracy,std_accuracy,time_s
50,,sqrt,2,1,0.9889277389277389,0.02214469253877384,0.9888888888888889,0.022222222222222233,0.7172
50,,sqrt,2,2,0.9889277389277389,0.02214469253877384,0.9888888888888889,0.022222222222222233,0.6871
50,,sqrt,2,5,0.9889277389277389,0.02214469253877384,0.9888888888888889,0.022222222222222233,0.6862
50,,sqrt,2,10,0.9773569023569024,0.03793567043699597,0.9777777777777779,0.036851386559504457,0.6632
50,,sqrt,5,1,0.9889277389277389,0.02214469253877384,0.9888888888888889,0.022222222222222233,0.679
50,,sqrt,5,2,0.9889277389277389,0.02214469253877384,0.9888888888888889,0.022222222222222233,0.6766
50,,sqrt,5,5,0.9889277389277389,0.02214469253877384,0.9888888888888889,0.022222222222222233,0.6693
50,,sqrt,5,10,0.9773569023569024,0.03793567043699597,0.9777777777777779,0.036851386559504457,0.6758
50,,sqrt,10,1,0.9833721833721834,0.03553060670755236,0.9833333333333334,0.035572912430182506,0.6961
50,,sqrt,10,2,0.9889277389277389,0.02214469253877384,0.9888888888888889,0.022222222222222233,0.7682
50,,sqrt,10,5,0.9889277389277389,0.02214469253877384,0.9888888888888889,0.022222222222222233,0.7891
50,,sqrt,10,10,0.9773569023569024,0.03793567043699597,0.9777777777777779,0.036851386559504457,0.7837
50,,sqrt,20,1,0.9889277389277389,0.02214469253877384,0.9888888888888889,0.022222222222222233,0.8118
50,,sqrt,20,2,0.9889277389277389,0.02214469253877384,0.9888888888888889,0.022222222222222233,0.7869
50,,sqrt,20,5,0.9889277389277389,0.02214469253877384,0.9888888888888889,0.022222222222222233,0.7556
50,,sqrt,20,10,0.9773569023569024,0.03793567043699597,0.9777777777777779,0.036851386559504457,0.8168
50,,log2,2,1,0.9889277389277389,0.02214469253877384,0.9888888888888889,0.022222222222222233,1.1086
50,,log2,2,2,0.9889277389277389,0.02214469253877384,0.9888888888888889,0.022222222222222233,1.136
50,,log2,2,5,0.9889277389277389,0.02214469253877384,0.9888888888888889,0.022222222222222233,1.167
50,,log2,2,10,0.9773569023569024,0.03793567043699597,0.9777777777777779,0.036851386559504457,1.1207
50,,log2,5,1,0.9889277389277389,0.02214469253877384,0.9888888888888889,0.022222222222222233,1.1406
50,,log2,5,2,0.9889277389277389,0.02214469253877384,0.9888888888888889,0.022222222222222233,1.134
50,,log2,5,5,0.9889277389277389,0.02214469253877384,0.9888888888888889,0.022222222222222233,1.0984
50,,log2,5,10,0.9773569023569024,0.03793567043699597,0.9777777777777779,0.036851386559504457,1.1285
50,,log2,10,1,0.9833721833721834,0.03553060670755236,0.9833333333333334,0.035572912430182506,1.1136
50,,log2,10,2,0.9889277389277389,0.02214469253877384,0.9888888888888889,0.022222222222222233,1.1028
50,,log2,10,5,0.9889277389277389,0.02214469253877384,0.9888888888888889,0.022222222222222233,1.107
50,,log2,10,10,0.9773569023569024,0.03793567043699597,0.9777777777777779,0.036851386559504457,1.1243
50,,log2,20,1,0.9889277389277389,0.02214469253877384,0.9888888888888889,0.022222222222222233,1.1215
50,,log2,20,2,0.9889277389277389,0.02214469253877384,0.9888888888888889,0.022222222222222233,1.1154
50,,log2,20,5,0.9889277389277389,0.02214469253877384,0.9888888888888889,0.022222222222222233,1.1076
50,,log2,20,10,0.9773569023569024,0.03793567043699597,0.9777777777777779,0.036851386559504457,1.1005
50,,0.5,2,1,0.9776146076146077,0.05146611090873872,0.9777777777777779,0.05091750772173155,1.1241
50,,0.5,2,2,0.9720979020979021,0.05172697260192997,0.9722222222222221,0.05121969142940492,1.104
50,,0.5,2,5,0.9665811965811966,0.051397769771994326,0.9666666666666668,0.05091750772173155,1.1104
50,,0.5,2,10,0.9546684796684797,0.07111867479981877,0.9555555555555555,0.06938886664887109,1.1005
50,,0.5,5,1,0.9720979020979021,0.05172697260192997,0.9722222222222221,0.05121969142940492,1.1057
50,,0.5,5,2,0.9723387723387724,0.03718125304840836,0.9722222222222221,0.03726779962499651,1.1236
50,,0.5,5,5,0.9665811965811966,0.051397769771994326,0.9666666666666668,0.05091750772173155,1.1219
50,,0.5,5,10,0.9546684796684797,0.07111867479981877,0.9555555555555555,0.06938886664887109,1.1
50,,0.5,10,1,0.9720979020979021,0.05172697260192997,0.9722222222222221,0.05121969142940492,1.1171
50,,0.5,10,2,0.977894327894328,0.027074017596334418,0.9777777777777779,0.027216552697590882,1.1055
50,,0.5,10,5,0.9665811965811966,0.051397769771994326,0.9666666666666668,0.05091750772173155,1.1016
50,,0.5,10,10,0.9546684796684797,0.07111867479981877,0.9555555555555555,0.06938886664887109,1.0981
50,,0.5,20,1,0.9665811965811966,0.051397769771994326,0.9666666666666668,0.05091750772173155,1.1121
50,,0.5,20,2,0.977894327894328,0.027074017596334418,0.9777777777777779,0.027216552697590882,1.1322
50,,0.5,20,5,0.9607226107226108,0.06734684209740087,0.961111111111111,0.06596856715021066,1.0756
50,,0.5,20,10,0.9546684796684797,0.07111867479981877,0.9555555555555555,0.06938886664887109,1.0764
50,,1.0,2,1,0.9602320210653543,0.06830290534517108,0.961111111111111,0.06596856715021066,1.0924
50,,1.0,2,2,0.9546764655097988,0.06709096976316563,0.9555555555555555,0.06478835438717001,1.088
50,,1.0,2,5,0.9543013468013466,0.07196557842442133,0.9555555555555555,0.06938886664887109,1.0835
50,,1.0,2,10,0.9369875603699132,0.07046755953296084,0.9385620915032679,0.0677945095034808,1.0815
50,,1.0,5,1,0.9602320210653543,0.06830290534517108,0.961111111111111,0.06596856715021066,1.0939
50,,1.0,5,2,0.9546764655097988,0.06709096976316563,0.9555555555555555,0.06478835438717001,1.0898
50,,1.0,5,5,0.9543013468013466,0.07196557842442133,0.9555555555555555,0.06938886664887109,1.077
50,,1.0,5,10,0.9369875603699132,0.07046755953296084,0.9385620915032679,0.0677945095034808,1.0965
50,,1.0,10,1,0.9659110334110335,0.06900876445648328,0.9666666666666668,0.06666666666666667,1.082
50,,1.0,10,2,0.9543013468013466,0.07196557842442133,0.9555555555555555,0.06938886664887109,1.0875
50,,1.0,10,5,0.9543013468013466,0.07196557842442133,0.9555555555555555,0.06938886664887109,1.0806
50,,1.0,10,10,0.9369875603699132,0.07046755953296084,0.9385620915032679,0.0677945095034808,1.0958
50,,1.0,20,1,0.9659110334110335,0.06900876445648328,0.9666666666666668,0.06666666666666667,1.0877
50,,1.0,20,2,0.9543013468013466,0.07196557842442133,0.9555555555555555,0.06938886664887109,1.1501
50,,1.0,20,5,0.9486223344556677,0.07035807471478166,0.95,0.06781419786518723,1.1147
50,,1.0,20,10,0.9369875603699132,0.07046755953296084,0.9385620915032679,0.0677945095034808,1.0718
50,5,sqrt,2,1,0.9889277389277389,0.02214469253877384,0.9888888888888889,0.022222222222222233,1.0756
50,5,sqrt,2,2,0.9889277389277389,0.02214469253877384,0.9888888888888889,0.022222222222222233,1.0846
50,5,sqrt,2,5,0.9889277389277389,0.02214469253877384,0.9888888888888889,0.022222222222222233,1.0801
50,5,sqrt,2,10,0.9773569023569024,0.03793567043699597,0.9777777777777779,0.036851386559504457,1.0821
50,5,sqrt,5,1,0.9889277389277389,0.02214469253877384,0.9888888888888889,0.022222222222222233,1.0963
50,5,sqrt,5,2,0.9889277389277389,0.02214469253877384,0.9888888888888889,0.022222222222222233,1.0816
50,5,sqrt,5,5,0.9889277389277389,0.02214469253877384,0.9888888888888889,0.022222222222222233,1.1848
50,5,sqrt,5,10,0.9773569023569024,0.03793567043699597,0.9777777777777779,0.036851386559504457,1.1113
50,5,sqrt,10,1,0.9889277389277389,0.02214469253877384,0.9888888888888889,0.022222222222222233,1.0761
50,5,sqrt,10,2,0.9889277389277389,0.02214469253877384,0.9888888888888889,0.022222222222222233,1.0865
50,5,sqrt,10,5,0.9889277389277389,0.02214469253877384,0.9888888888888889,0.022222222222222233,1.0988
50,5,sqrt,10,10,0.9773569023569024,0.03793567043699597,0.9777777777777779,0.036851386559504457,1.1038
50,5,sqrt,20,1,0.9889277389277389,0.02214469253877384,0.9888888888888889,0.022222222222222233,1.0551
50,5,sqrt,20,2,0.9889277389277389,0.02214469253877384,0.9888888888888889,0.022222222222222233,1.0665
50,5,sqrt,20,5,0.9889277389277389,0.02214469253877384,0.9888888888888889,0.022222222222222233,1.1395
50,5,sqrt,20,10,0.9773569023569024,0.03793567043699597,0.9777777777777779,0.036851386559504457,1.0862
50,5,log2,2,1,0.9889277389277389,0.02214469253877384,0.9888888888888889,0.022222222222222233,1.1033
50,5,log2,2,2,0.9889277389277389,0.02214469253877384,0.9888888888888889,0.022222222222222233,1.0956
50,5,log2,2,5,0.9889277389277389,0.02214469253877384,0.9888888888888889,0.022222222222222233,1.0973
50,5,log2,2,10,0.9773569023569024,0.03793567043699597,0.9777777777777779,0.036851386559504457,1.1249
50,5,log2,5,1,0.9889277389277389,0.02214469253877384,0.9888888888888889,0.022222222222222233,1.1735
50,5,log2,5,2,0.9889277389277389,0.02214469253877384,0.9888888888888889,0.022222222222222233,1.1542
50,5,log2,5,5,0.9889277389277389,0.02214469253877384,0.9888888888888889,0.022222222222222233,1.1993
50,5,log2,5,10,0.9773569023569024,0.03793567043699597,0.9777777777777779,0.036851386559504457,1.1233
50,5,log2,10,1,0.9889277389277389,0.02214469253877384,0.9888888888888889,0.022222222222222233,1.1239
50,5,log2,10,2,0.9889277389277389,0.02214469253877384,0.9888888888888889,0.022222222222222233,1.1329
50,5,log2,10,5,0.9889277389277389,0.02214469253877384,0.9888888888888889,0.022222222222222233,1.1735
50,5,log2,10,10,0.9773569023569024,0.03793567043699597,0.9777777777777779,0.036851386559504457,1.1376
50,5,log2,20,1,0.9889277389277389,0.02214469253877384,0.9888888888888889,0.022222222222222233,1.1364
50,5,log2,20,2,0.9889277389277389,0.02214469253877384,0.9888888888888889,0.022222222222222233,1.1072
50,5,log2,20,5,0.9889277389277389,0.02214469253877384,0.9888888888888889,0.022222222222222233,1.0931
50,5,log2,20,10,0.9773569023569024,0.03793567043699597,0.9777777777777779,0.036851386559504457,1.0775
50,5,0.5,2,1,0.9720979020979021,0.05172697260192997,0.9722222222222221,0.05121969142940492,1.0746
50,5,0.5,2,2,0.9720979020979021,0.05172697260192997,0.9722222222222221,0.05121969142940492,1.09
50,5,0.5,2,5,0.9665811965811966,0.051397769771994326,0.9666666666666668,0.05091750772173155,1.0989
50,5,0.5,2,10,0.9546684796684797,0.07111867479981877,0.9555555555555555,0.06938886664887109,1.0974
50,5,0.5,5,1,0.9720979020979021,0.05172697260192997,0.9722222222222221,0.05121969142940492,1.0978
50,5,0.5,5,2,0.9723387723387724,0.03718125304840836,0.9722222222222221,0.03726779962499651,1.1089
50,5,0.5,5,5,0.9665811965811966,0.051397769771994326,0.9666666666666668,0.05091750772173155,1.1219
50,5,0.5,5,10,0.9546684796684797,0.07111867479981877,0.9555555555555555,0.06938886664887109,0.752
50,5,0.5,10,1,0.9720979020979021,0.05172697260192997,0.9722222222222221,0.05121969142940492,0.7265
50,5,0.5,10,2,0.977894327894328,0.027074017596334418,0.9777777777777779,0.027216552697590882,0.7434
50,5,0.5,10,5,0.9665811965811966,0.051397769771994326,0.9666666666666668,0.05091750772173155,0.7218
50,5,0.5,10,10,0.9546684796684797,0.07111867479981877,0.9555555555555555,0.06938886664887109,0.7247
50,5,0.5,20,1,0.9665811965811966,0.051397769771994326,0.9666666666666668,0.05091750772173155,0.7633
50,5,0.5,20,2,0.977894327894328,0.027074017596334418,0.9777777777777779,0.027216552697590882,0.7183
50,5,0.5,20,5,0.9607226107226108,0.06734684209740087,0.961111111111111,0.06596856715021066,0.6984
50,5,0.5,20,10,0.9546684796684797,0.07111867479981877,0.9555555555555555,0.06938886664887109,0.772
50,5,1.0,2,1,0.9602320210653543,0.06830290534517108,0.961111111111111,0.06596856715021066,0.7376
50,5,1.0,2,2,0.9546764655097988,0.06709096976316563,0.9555555555555555,0.06478835438717001,0.6732
50,5,1.0,2,5,0.9543013468013466,0.07196557842442133,0.9555555555555555,0.06938886664887109,0.661
50,5,1.0,2,10,0.9369875603699132,0.07046755953296084,0.9385620915032679,0.0677945095034808,0.6813
50,5,1.0,5,1,0.9602320210653543,0.06830290534517108,0.961111111111111,0.06596856715021066,0.6866
50,5,1.0,5,2,0.9546764655097988,0.06709096976316563,0.9555555555555555,0.06478835438717001,0.6721
50,5,1.0,5,5,0.9543013468013466,0.07196557842442133,0.9555555555555555,0.06938886664887109,0.6972
50,5,1.0,5,10,0.9369875603699132,0.07046755953296084,0.9385620915032679,0.0677945095034808,0.7105
50,5,1.0,10,1,0.9659110334110335,0.06900876445648328,0.9666666666666668,0.06666666666666667,0.7465
50,5,1.0,10,2,0.9543013468013466,0.07196557842442133,0.9555555555555555,0.06938886664887109,0.6888
50,5,1.0,10,5,0.9543013468013466,0.07196557842442133,0.9555555555555555,0.06938886664887109,0.6616
50,5,1.0,10,10,0.9369875603699132,0.07046755953296084,0.9385620915032679,0.0677945095034808,0.6865
50,5,1.0,20,1,0.9659110334110335,0.06900876445648328,0.9666666666666668,0.06666666666666667,0.6831
50,5,1.0,20,2,0.9543013468013466,0.07196557842442133,0.9555555555555555,0.06938886664887109,0.6938
50,5,1.0,20,5,0.9486223344556677,0.07035807471478166,0.95,0.06781419786518723,0.7042
50,5,1.0,20,10,0.9369875603699132,0.07046755953296084,0.9385620915032679,0.0677945095034808,0.9403
50,10,sqrt,2,1,0.9889277389277389,0.02214469253877384,0.9888888888888889,0.022222222222222233,1.0617
50,10,sqrt,2,2,0.9889277389277389,0.02214469253877384,0.9888888888888889,0.022222222222222233,1.0611
50,10,sqrt,2,5,0.9889277389277389,0.02214469253877384,0.9888888888888889,0.022222222222222233,1.0743
50,10,sqrt,2,10,0.9773569023569024,0.03793567043699597,0.9777777777777779,0.036851386559504457,1.0726
50,10,sqrt,5,1,0.9889277389277389,0.02214469253877384,0.9888888888888889,0.022222222222222233,1.0851
50,10,sqrt,5,2,0.9889277389277389,0.02214469253877384,0.9888888888888889,0.022222222222222233,1.0528
50,10,sqrt,5,5,0.9889277389277389,0.02214469253877384,0.9888888888888889,0.022222222222222233,1.0724
50,10,sqrt,5,10,0.9773569023569024,0.03793567043699597,0.9777777777777779,0.036851386559504457,1.0637
50,10,sqrt,10,1,0.9833721833721834,0.03553060670755236,0.9833333333333334,0.035572912430182506,1.0718
50,10,sqrt,10,2,0.9889277389277389,0.02214469253877384,0.9888888888888889,0.022222222222222233,1.0796
50,10,sqrt,10,5,0.9889277389277389,0.02214469253877384,0.9888888888888889,0.022222222222222233,1.08
50,10,sqrt,10,10,0.9773569023569024,0.03793567043699597,0.9777777777777779,0.036851386559504457,1.0654
50,10,sqrt,20,1,0.9889277389277389,0.02214469253877384,0.9888888888888889,0.022222222222222233,1.0876
50,10,sqrt,20,2,0.9889277389277389,0.02214469253877384,0.9888888888888889,0.022222222222222233,1.0842
50,10,sqrt,20,5,0.9889277389277389,0.02214469253877384,0.9888888888888889,0.022222222222222233,1.0708
50,10,sqrt,20,10,0.9773569023569024,0.03793567043699597,0.9777777777777779,0.036851386559504457,1.0746
50,10,log2,2,1,0.9889277389277389,0.02214469253877384,0.9888888888888889,0.022222222222222233,1.0812
50,10,log2,2,2,0.9889277389277389,0.02214469253877384,0.9888888888888889,0.022222222222222233,1.0852
50,10,log2,2,5,0.9889277389277389,0.02214469253877384,0.9888888888888889,0.022222222222222233,1.0674
50,10,log2,2,10,0.9773569023569024,0.03793567043699597,0.9777777777777779,0.036851386559504457,1.0953
50,10,log2,5,1,0.9889277389277389,0.02214469253877384,0.9888888888888889,0.022222222222222233,1.167
50,10,log2,5,2,0.9889277389277389,0.02214469253877384,0.9888888888888889,0.022222222222222233,0.9574
50,10,log2,5,5,0.9889277389277389,0.02214469253877384,0.9888888888888889,0.022222222222222233,0.7156
50,10,log2,5,10,0.9773569023569024,0.03793567043699597,0.9777777777777779,0.036851386559504457,0.7136
50,10,log2,10,1,0.9833721833721834,0.03553060670755236,0.9833333333333334,0.035572912430182506,0.7098
50,10,log2,10,2,0.9889277389277389,0.02214469253877384,0.9888888888888889,0.022222222222222233,0.7188
50,10,log2,10,5,0.9889277389277389,0.02214469253877384,0.9888888888888889,0.022222222222222233,0.7587
50,10,log2,10,10,0.9773569023569024,0.03793567043699597,0.9777777777777779,0.036851386559504457,0.727
50,10,log2,20,1,0.9889277389277389,0.02214469253877384,0.9888888888888889,0.022222222222222233,0.7245
50,10,log2,20,2,0.9889277389277389,0.02214469253877384,0.9888888888888889,0.022222222222222233,0.7385
50,10,log2,20,5,0.9889277389277389,0.02214469253877384,0.9888888888888889,0.022222222222222233,0.7037
50,10,log2,20,10,0.9773569023569024,0.03793567043699597,0.9777777777777779,0.036851386559504457,0.663
50,10,0.5,2,1,0.9776146076146077,0.05146611090873872,0.9777777777777779,0.05091750772173155,0.7
50,10,0.5,2,2,0.9720979020979021,0.05172697260192997,0.9722222222222221,0.05121969142940492,0.6826
50,10,0.5,2,5,0.9665811965811966,0.051397769771994326,0.9666666666666668,0.05091750772173155,0.7134
50,10,0.5,2,10,0.9546684796684797,0.07111867479981877,0.9555555555555555,0.06938886664887109,0.7195
50,10,0.5,5,1,0.9720979020979021,0.05172697260192997,0.9722222222222221,0.05121969142940492,0.6803
50,10,0.5,5,2,0.9723387723387724,0.03718125304840836,0.9722222222222221,0.03726779962499651,0.6931
50,10,0.5,5,5,0.9665811965811966,0.051397769771994326,0.9666666666666668,0.05091750772173155,0.6798
50,10,0.5,5,10,0.9546684796684797,0.07111867479981877,0.9555555555555555,0.06938886664887109,0.6797
50,10,0.5,10,1,0.9720979020979021,0.05172697260192997,0.9722222222222221,0.05121969142940492,1.0842
50,10,0.5,10,2,0.977894327894328,0.027074017596334418,0.9777777777777779,0.027216552697590882,1.0648
50,10,0.5,10,5,0.9665811965811966,0.051397769771994326,0.9666666666666668,0.05091750772173155,1.0658
50,10,0.5,10,10,0.9546684796684797,0.07111867479981877,0.9555555555555555,0.06938886664887109,1.064
50,10,0.5,20,1,0.9665811965811966,0.051397769771994326,0.9666666666666668,0.05091750772173155,1.0751
50,10,0.5,20,2,0.977894327894328,0.027074017596334418,0.9777777777777779,0.027216552697590882,1.0802
50,10,0.5,20,5,0.9607226107226108,0.06734684209740087,0.961111111111111,0.06596856715021066,1.0654
50,10,0.5,20,10,0.9546684796684797,0.07111867479981877,0.9555555555555555,0.06938886664887109,1.0703
50,10,1.0,2,1,0.9602320210653543,0.06830290534517108,0.961111111111111,0.06596856715021066,1.0639
50,10,1.0,2,2,0.9546764655097988,0.06709096976316563,0.9555555555555555,0.06478835438717001,1.0736
50,10,1.0,2,5,0.9543013468013466,0.07196557842442133,0.9555555555555555,0.06938886664887109,1.0704
50,10,1.0,2,10,0.9369875603699132,0.07046755953296084,0.9385620915032679,0.0677945095034808,1.0723
50,10,1.0,5,1,0.9602320210653543,0.06830290534517108,0.961111111111111,0.06596856715021066,1.0645
50,10,1.0,5,2,0.9546764655097988,0.06709096976316563,0.9555555555555555,0.06478835438717001,1.0682
50,10,1.0,5,5,0.9543013468013466,0.07196557842442133,0.9555555555555555,0.06938886664887109,1.0746
50,10,1.0,5,10,0.9369875603699132,0.07046755953296084,0.9385620915032679,0.0677945095034808,1.0587
50,10,1.0,10,1,0.9659110334110335,0.06900876445648328,0.9666666666666668,0.06666666666666667,1.0836
50,10,1.0,10,2,0.9543013468013466,0.07196557842442133,0.9555555555555555,0.06938886664887109,1.0827
50,10,1.0,10,5,0.9543013468013466,0.07196557842442133,0.9555555555555555,0.06938886664887109,1.0935
50,10,1.0,10,10,0.9369875603699132,0.07046755953296084,0.9385620915032679,0.0677945095034808,1.0738
50,10,1.0,20,1,0.9659110334110335,0.06900876445648328,0.9666666666666668,0.06666666666666667,1.0549
50,10,1.0,20,2,0.9543013468013466,0.07196557842442133,0.9555555555555555,0.06938886664887109,1.0759
50,10,1.0,20,5,0.9486223344556677,0.07035807471478166,0.95,0.06781419786518723,1.0736
50,10,1.0,20,10,0.9369875603699132,0.07046755953296084,0.9385620915032679,0.0677945095034808,1.0621
50,20,sqrt,2,1,0.9889277389277389,0.02214469253877384,0.9888888888888889,0.022222222222222233,1.0697
50,20,sqrt,2,2,0.9889277389277389,0.02214469253877384,0.9888888888888889,0.022222222222222233,1.0604
50,20,sqrt,2,5,0.9889277389277389,0.02214469253877384,0.9888888888888889,0.022222222222222233,1.0793
50,20,sqrt,2,10,0.9773569023569024,0.03793567043699597,0.9777777777777779,0.036851386559504457,1.0667
50,20,sqrt,5,1,0.9889277389277389,0.02214469253877384,0.9888888888888889,0.022222222222222233,1.0777
50,20,sqrt,5,2,0.9889277389277389,0.02214469253877384,0.9888888888888889,0.022222222222222233,1.0643
50,20,sqrt,5,5,0.9889277389277389,0.02214469253877384,0.9888888888888889,0.022222222222222233,1.0762
50,20,sqrt,5,10,0.9773569023569024,0.03793567043699597,0.9777777777777779,0.036851386559504457,1.0802
50,20,sqrt,10,1,0.9833721833721834,0.03553060670755236,0.9833333333333334,0.035572912430182506,1.0894
50,20,sqrt,10,2,0.9889277389277389,0.02214469253877384,0.9888888888888889,0.022222222222222233,1.0642
50,20,sqrt,10,5,0.9889277389277389,0.02214469253877384,0.9888888888888889,0.022222222222222233,1.0696
50,20,sqrt,10,10,0.9773569023569024,0.03793567043699597,0.9777777777777779,0.036851386559504457,1.0382
50,20,sqrt,20,1,0.9889277389277389,0.02214469253877384,0.9888888888888889,0.022222222222222233,1.0747
50,20,sqrt,20,2,0.9889277389277389,0.02214469253877384,0.9888888888888889,0.022222222222222233,1.0679
50,20,sqrt,20,5,0.9889277389277389,0.02214469253877384,0.9888888888888889,0.022222222222222233,1.0774
50,20,sqrt,20,10,0.9773569023569024,0.03793567043699597,0.9777777777777779,0.036851386559504457,1.0695
50,20,log2,2,1,0.9889277389277389,0.02214469253877384,0.9888888888888889,0.022222222222222233,1.0668
50,20,log2,2,2,0.9889277389277389,0.02214469253877384,0.9888888888888889,0.022222222222222233,1.0845
50,20,log2,2,5,0.9889277389277389,0.02214469253877384,0.9888888888888889,0.022222222222222233,1.0682
50,20,log2,2,10,0.9773569023569024,0.03793567043699597,0.9777777777777779,0.036851386559504457,1.0668
50,20,log2,5,1,0.9889277389277389,0.02214469253877384,0.9888888888888889,0.022222222222222233,1.0677
50,20,log2,5,2,0.9889277389277389,0.02214469253877384,0.9888888888888889,0.022222222222222233,1.0906
50,20,log2,5,5,0.9889277389277389,0.02214469253877384,0.9888888888888889,0.022222222222222233,1.1178
50,20,log2,5,10,0.9773569023569024,0.03793567043699597,0.9777777777777779,0.036851386559504457,1.0766
50,20,log2,10,1,0.9833721833721834,0.03553060670755236,0.9833333333333334,0.035572912430182506,1.0518
50,20,log2,10,2,0.9889277389277389,0.02214469253877384,0.9888888888888889,0.022222222222222233,1.0761
50,20,log2,10,5,0.9889277389277389,0.02214469253877384,0.9888888888888889,0.022222222222222233,1.0779
50,20,log2,10,10,0.9773569023569024,0.03793567043699597,0.9777777777777779,0.036851386559504457,1.0782
50,20,log2,20,1,0.9889277389277389,0.02214469253877384,0.9888888888888889,0.022222222222222233,1.0726
50,20,log2,20,2,0.9889277389277389,0.02214469253877384,0.9888888888888889,0.022222222222222233,1.0745
50,20,log2,20,5,0.9889277389277389,0.02214469253877384,0.9888888888888889,0.022222222222222233,1.0652
50,20,log2,20,10,0.9773569023569024,0.03793567043699597,0.9777777777777779,0.036851386559504457,1.0635
50,20,0.5,2,1,0.9776146076146077,0.05146611090873872,0.9777777777777779,0.05091750772173155,1.0588
50,20,0.5,2,2,0.9720979020979021,0.05172697260192997,0.9722222222222221,0.05121969142940492,1.071
50,20,0.5,2,5,0.9665811965811966,0.051397769771994326,0.9666666666666668,0.05091750772173155,1.0585
50,20,0.5,2,10,0.9546684796684797,0.07111867479981877,0.9555555555555555,0.06938886664887109,1.0732
50,20,0.5,5,1,0.9720979020979021,0.05172697260192997,0.9722222222222221,0.05121969142940492,1.08
50,20,0.5,5,2,0.9723387723387724,0.03718125304840836,0.9722222222222221,0.03726779962499651,1.0651
50,20,0.5,5,5,0.9665811965811966,0.051397769771994326,0.9666666666666668,0.05091750772173155,1.0651
50,20,0.5,5,10,0.9546684796684797,0.07111867479981877,0.9555555555555555,0.06938886664887109,1.0752
50,20,0.5,10,1,0.9720979020979021,0.05172697260192997,0.9722222222222221,0.05121969142940492,1.0498
50,20,0.5,10,2,0.977894327894328,0.027074017596334418,0.9777777777777779,0.027216552697590882,1.0773
50,20,0.5,10,5,0.9665811965811966,0.051397769771994326,0.9666666666666668,0.05091750772173155,1.081
50,20,0.5,10,10,0.9546684796684797,0.07111867479981877,0.9555555555555555,0.06938886664887109,1.0653
50,20,0.5,20,1,0.9665811965811966,0.051397769771994326,0.9666666666666668,0.05091750772173155,1.0928
50,20,0.5,20,2,0.977894327894328,0.027074017596334418,0.9777777777777779,0.027216552697590882,1.0984
50,20,0.5,20,5,0.9607226107226108,0.06734684209740087,0.961111111111111,0.06596856715021066,1.0504
50,20,0.5,20,10,0.9546684796684797,0.07111867479981877,0.9555555555555555,0.06938886664887109,1.0699
50,20,1.0,2,1,0.9602320210653543,0.06830290534517108,0.961111111111111,0.06596856715021066,1.0693
50,20,1.0,2,2,0.9546764655097988,0.06709096976316563,0.9555555555555555,0.06478835438717001,1.0916
50,20,1.0,2,5,0.9543013468013466,0.07196557842442133,0.9555555555555555,0.06938886664887109,1.0752
50,20,1.0,2,10,0.9369875603699132,0.07046755953296084,0.9385620915032679,0.0677945095034808,1.0734
50,20,1.0,5,1,0.9602320210653543,0.06830290534517108,0.961111111111111,0.06596856715021066,1.0847
50,20,1.0,5,2,0.9546764655097988,0.06709096976316563,0.9555555555555555,0.06478835438717001,1.072
50,20,1.0,5,5,0.9543013468013466,0.07196557842442133,0.9555555555555555,0.06938886664887109,1.0675
50,20,1.0,5,10,0.9369875603699132,0.07046755953296084,0.9385620915032679,0.0677945095034808,1.0723
50,20,1.0,10,1,0.9659110334110335,0.06900876445648328,0.9666666666666668,0.06666666666666667,1.0837
50,20,1.0,10,2,0.9543013468013466,0.07196557842442133,0.9555555555555555,0.06938886664887109,1.0795
50,20,1.0,10,5,0.9543013468013466,0.07196557842442133,0.9555555555555555,0.06938886664887109,1.0742
50,20,1.0,10,10,0.9369875603699132,0.07046755953296084,0.9385620915032679,0.0677945095034808,1.0872
50,20,1.0,20,1,0.9659110334110335,0.06900876445648328,0.9666666666666668,0.06666666666666667,1.0706
50,20,1.0,20,2,0.9543013468013466,0.07196557842442133,0.9555555555555555,0.06938886664887109,1.0621
50,20,1.0,20,5,0.9486223344556677,0.07035807471478166,0.95,0.06781419786518723,1.0725
50,20,1.0,20,10,0.9369875603699132,0.07046755953296084,0.9385620915032679,0.0677945095034808,1.0684
100,,sqrt,2,1,0.9889277389277389,0.02214469253877384,0.9888888888888889,0.022222222222222233,1.9014
100,,sqrt,2,2,0.9889277389277389,0.02214469253877384,0.9888888888888889,0.022222222222222233,1.847
100,,sqrt,2,5,0.9889277389277389,0.02214469253877384,0.9888888888888889,0.022222222222222233,1.8682
100,,sqrt,2,10,0.9773569023569024,0.03793567043699597,0.9777777777777779,0.036851386559504457,1.8827
100,,sqrt,5,1,0.9889277389277389,0.02214469253877384,0.9888888888888889,0.022222222222222233,1.8749
100,,sqrt,5,2,0.9889277389277389,0.02214469253877384,0.9888888888888889,0.022222222222222233,1.8659
100,,sqrt,5,5,0.9889277389277389,0.02214469253877384,0.9888888888888889,0.022222222222222233,1.8655
100,,sqrt,5,10,0.9773569023569024,0.03793567043699597,0.9777777777777779,0.036851386559504457,1.8792
100,,sqrt,10,1,0.9889277389277389,0.02214469253877384,0.9888888888888889,0.022222222222222233,1.8955
100,,sqrt,10,2,0.9889277389277389,0.02214469253877384,0.9888888888888889,0.022222222222222233,1.9214
100,,sqrt,10,5,0.9889277389277389,0.02214469253877384,0.9888888888888889,0.022222222222222233,1.8907
100,,sqrt,10,10,0.9773569023569024,0.03793567043699597,0.9777777777777779,0.036851386559504457,1.8847
100,,sqrt,20,1,0.9889277389277389,0.02214469253877384,0.9888888888888889,0.022222222222222233,1.8724
100,,sqrt,20,2,0.9834110334110333,0.025340263573605047,0.9833333333333334,0.02545875386086579,1.8568
100,,sqrt,20,5,0.9833721833721834,0.025399607524319752,0.9833333333333334,0.02545875386086579,1.8826
100,,sqrt,20,10,0.9773569023569024,0.03793567043699597,0.9777777777777779,0.036851386559504457,1.8944
100,,log2,2,1,0.9889277389277389,0.02214469253877384,0.9888888888888889,0.022222222222222233,1.8813
100,,log2,2,2,0.9889277389277389,0.02214469253877384,0.9888888888888889,0.022222222222222233,1.8783
100,,log2,2,5,0.9889277389277389,0.02214469253877384,0.9888888888888889,0.022222222222222233,1.8255
100,,log2,2,10,0.9773569023569024,0.03793567043699597,0.9777777777777779,0.036851386559504457,1.8786
100,,log2,5,1,0.9889277389277389,0.02214469253877384,0.9888888888888889,0.022222222222222233,1.8731
100,,log2,5,2,0.9889277389277389,0.02214469253877384,0.9888888888888889,0.022222222222222233,1.8861
100,,log2,5,5,0.9889277389277389,0.02214469253877384,0.9888888888888889,0.022222222222222233,1.8485
100,,log2,5,10,0.9773569023569024,0.03793567043699597,0.9777777777777779,0.036851386559504457,1.8895
100,,log2,10,1,0.9889277389277389,0.02214469253877384,0.9888888888888889,0.022222222222222233,1.9341
100,,log2,10,2,0.9889277389277389,0.02214469253877384,0.9888888888888889,0.022222222222222233,1.8617
100,,log2,10,5,0.9889277389277389,0.02214469253877384,0.9888888888888889,0.022222222222222233,1.9582
100,,log2,10,10,0.9773569023569024,0.03793567043699597,0.9777777777777779,0.036851386559504457,1.8896
100,,log2,20,1,0.9889277389277389,0.02214469253877384,0.9888888888888889,0.022222222222222233,1.9137
100,,log2,20,2,0.9834110334110333,0.025340263573605047,0.9833333333333334,0.02545875386086579,1.8846
100,,log2,20,5,0.9833721833721834,0.025399607524319752,0.9833333333333334,0.02545875386086579,1.8644
100,,log2,20,10,0.9773569023569024,0.03793567043699597,0.9777777777777779,0.036851386559504457,1.8646
100,,0.5,2,1,0.9720979020979021,0.05172697260192997,0.9722222222222221,0.05121969142940492,1.8696
100,,0.5,2,2,0.9720979020979021,0.05172697260192997,0.9722222222222221,0.05121969142940492,1.8761
100,,0.5,2,5,0.9720979020979021,0.05172697260192997,0.9722222222222221,0.05121969142940492,1.8821
100,,0.5,2,10,0.9662393162393161,0.06807485793867243,0.9666666666666668,0.06666666666666667,1.8742
100,,0.5,5,1,0.9720979020979021,0.05172697260192997,0.9722222222222221,0.05121969142940492,1.8876
100,,0.5,5,2,0.9720979020979021,0.05172697260192997,0.9722222222222221,0.05121969142940492,1.8966
100,,0.5,5,5,0.9720979020979021,0.05172697260192997,0.9722222222222221,0.05121969142940492,1.9035
100,,0.5,5,10,0.9662393162393161,0.06807485793867243,0.9666666666666668,0.06666666666666667,1.9236
100,,0.5,10,1,0.9720979020979021,0.05172697260192997,0.9722222222222221,0.05121969142940492,1.8899
100,,0.5,10,2,0.9720979020979021,0.05172697260192997,0.9722222222222221,0.05121969142940492,1.8948
100,,0.5,10,5,0.9720979020979021,0.05172697260192997,0.9722222222222221,0.05121969142940492,1.8866
100,,0.5,10,10,0.9662393162393161,0.06807485793867243,0.9666666666666668,0.06666666666666667,1.8821
100,,0.5,20,1,0.9720979020979021,0.05172697260192997,0.9722222222222221,0.05121969142940492,1.8876
100,,0.5,20,2,0.9720979020979021,0.05172697260192997,0.9722222222222221,0.05121969142940492,1.8751
100,,0.5,20,5,0.9665811965811966,0.051397769771994326,0.9666666666666668,0.05091750772173155,1.8873
100,,0.5,20,10,0.9662393162393161,0.06807485793867243,0.9666666666666668,0.06666666666666667,1.8642
100,,1.0,2,1,0.9602320210653543,0.06830290534517108,0.961111111111111,0.06596856715021066,1.8867
100,,1.0,2,2,0.9603554778554777,0.06827313566956776,0.961111111111111,0.06596856715021066,1.8576
100,,1.0,2,5,0.9603554778554777,0.06827313566956776,0.961111111111111,0.06596856715021066,1.8832
100,,1.0,2,10,0.9425344317991377,0.0729803631318841,0.9441176470588235,0.07027967539566123,1.8829
100,,1.0,5,1,0.9659110334110335,0.06900876445648328,0.9666666666666668,0.06666666666666667,1.8844
100,,1.0,5,2,0.9603554778554777,0.06827313566956776,0.961111111111111,0.06596856715021066,1.8916
100,,1.0,5,5,0.9603554778554777,0.06827313566956776,0.961111111111111,0.06596856715021066,1.9616
100,,1.0,5,10,0.9425344317991377,0.0729803631318841,0.9441176470588235,0.07027967539566123,1.9225
100,,1.0,10,1,0.9659110334110335,0.06900876445648328,0.9666666666666668,0.06666666666666667,1.9033
100,,1.0,10,2,0.9603554778554777,0.06827313566956776,0.961111111111111,0.06596856715021066,1.8747
100,,1.0,10,5,0.9603554778554777,0.06827313566956776,0.961111111111111,0.06596856715021066,1.8629
100,,1.0,10,10,0.9425344317991377,0.0729803631318841,0.9441176470588235,0.07027967539566123,1.8863
100,,1.0,20,1,0.9659110334110335,0.06900876445648328,0.9666666666666668,0.06666666666666667,1.8704
100,,1.0,20,2,0.9603554778554777,0.06827313566956776,0.961111111111111,0.06596856715021066,1.8809
100,,1.0,20,5,0.9546764655097988,0.06709096976316563,0.9555555555555555,0.06478835438717001,1.9019
100,,1.0,20,10,0.9425344317991377,0.0729803631318841,0.9441176470588235,0.07027967539566123,1.8882
100,5,sqrt,2,1,0.9889277389277389,0.02214469253877384,0.9888888888888889,0.022222222222222233,1.876
100,5,sqrt,2,2,0.9889277389277389,0.02214469253877384,0.9888888888888889,0.022222222222222233,1.8912
100,5,sqrt,2,5,0.9889277389277389,0.02214469253877384,0.9888888888888889,0.022222222222222233,1.8493
100,5,sqrt,2,10,0.9773569023569024,0.03793567043699597,0.9777777777777779,0.036851386559504457,1.8825
100,5,sqrt,5,1,0.9889277389277389,0.02214469253877384,0.9888888888888889,0.022222222222222233,1.868
100,5,sqrt,5,2,0.9889277389277389,0.02214469253877384,0.9888888888888889,0.022222222222222233,1.8817
100,5,sqrt,5,5,0.9889277389277389,0.02214469253877384,0.9888888888888889,0.022222222222222233,1.8829
100,5,sqrt,5,10,0.9773569023569024,0.03793567043699597,0.9777777777777779,0.036851386559504457,1.9143
100,5,sqrt,10,1,0.9889277389277389,0.02214469253877384,0.9888888888888889,0.022222222222222233,1.9478
100,5,sqrt,10,2,0.9889277389277389,0.02214469253877384,0.9888888888888889,0.022222222222222233,1.8955
100,5,sqrt,10,5,0.9889277389277389,0.02214469253877384,0.9888888888888889,0.022222222222222233,1.8796
100,5,sqrt,10,10,0.9773569023569024,0.03793567043699597,0.9777777777777779,0.036851386559504457,1.8958
100,5,sqrt,20,1,0.9889277389277389,0.02214469253877384,0.9888888888888889,0.022222222222222233,1.8969
100,5,sqrt,20,2,0.9834110334110333,0.025340263573605047,0.9833333333333334,0.02545875386086579,1.8752
100,5,sqrt,20,5,0.9833721833721834,0.025399607524319752,0.9833333333333334,0.02545875386086579,1.8641
100,5,sqrt,20,10,0.9773569023569024,0.03793567043699597,0.9777777777777779,0.036851386559504457,1.9162
100,5,log2,2,1,0.9889277389277389,0.02214469253877384,0.9888888888888889,0.022222222222222233,1.8911
100,5,log2,2,2,0.9889277389277389,0.02214469253877384,0.9888888888888889,0.022222222222222233,1.8903
100,5,log2,2,5,0.9889277389277389,0.02214469253877384,0.9888888888888889,0.022222222222222233,1.8886
100,5,log2,2,10,0.9773569023569024,0.03793567043699597,0.9777777777777779,0.036851386559504457,1.864
100,5,log2,5,1,0.9889277389277389,0.02214469253877384,0.9888888888888889,0.022222222222222233,1.8629
100,5,log2,5,2,0.9889277389277389,0.02214469253877384,0.9888888888888889,0.022222222222222233,1.8796
100,5,log2,5,5,0.9889277389277389,0.02214469253877384,0.9888888888888889,0.022222222222222233,1.8604
100,5,log2,5,10,0.9773569023569024,0.03793567043699597,0.9777777777777779,0.036851386559504457,1.8877
100,5,log2,10,1,0.9889277389277389,0.02214469253877384,0.9888888888888889,0.022222222222222233,1.8787
100,5,log2,10,2,0.9889277389277389,0.02214469253877384,0.9888888888888889,0.022222222222222233,1.8638
100,5,log2,10,5,0.9889277389277389,0.02214469253877384,0.9888888888888889,0.022222222222222233,1.8808
100,5,log2,10,10,0.9773569023569024,0.03793567043699597,0.9777777777777779,0.036851386559504457,1.8646
100,5,log2,20,1,0.9889277389277389,0.02214469253877384,0.9888888888888889,0.022222222222222233,2.0788
100,5,log2,20,2,0.9834110334110333,0.025340263573605047,0.9833333333333334,0.02545875386086579,1.8971
100,5,log2,20,5,0.9833721833721834,0.025399607524319752,0.9833333333333334,0.02545875386086579,1.9423
100,5,log2,20,10,0.9773569023569024,0.03793567043699597,0.9777777777777779,0.036851386559504457,1.9298
100,5,0.5,2,1,0.9720979020979021,0.05172697260192997,0.9722222222222221,0.05121969142940492,1.9702
100,5,0.5,2,2,0.9720979020979021,0.05172697260192997,0.9722222222222221,0.05121969142940492,1.9286
100,5,0.5,2,5,0.9720979020979021,0.05172697260192997,0.9722222222222221,0.05121969142940492,1.89
100,5,0.5,2,10,0.9662393162393161,0.06807485793867243,0.9666666666666668,0.06666666666666667,1.8601
100,5,0.5,5,1,0.9720979020979021,0.05172697260192997,0.9722222222222221,0.05121969142940492,1.8733
100,5,0.5,5,2,0.9720979020979021,0.05172697260192997,0.9722222222222221,0.05121969142940492,1.9203
100,5,0.5,5,5,0.9720979020979021,0.05172697260192997,0.9722222222222221,0.05121969142940492,1.8973
100,5,0.5,5,10,0.9662393162393161,0.06807485793867243,0.9666666666666668,0.06666666666666667,1.8615
100,5,0.5,10,1,0.9720979020979021,0.05172697260192997,0.9722222222222221,0.05121969142940492,1.9039
100,5,0.5,10,2,0.9720979020979021,0.05172697260192997,0.9722222222222221,0.05121969142940492,1.9236
100,5,0.5,10,5,0.9720979020979021,0.05172697260192997,0.9722222222222221,0.05121969142940492,1.9465
100,5,0.5,10,10,0.9662393162393161,0.06807485793867243,0.9666666666666668,0.06666666666666667,1.9106
100,5,0.5,20,1,0.9720979020979021,0.05172697260192997,0.9722222222222221,0.05121969142940492,1.8975
100,5,0.5,20,2,0.9720979020979021,0.05172697260192997,0.9722222222222221,0.05121969142940492,1.8494
100,5,0.5,20,5,0.9665811965811966,0.051397769771994326,0.9666666666666668,0.05091750772173155,1.877
100,5,0.5,20,10,0.9662393162393161,0.06807485793867243,0.9666666666666668,0.06666666666666667,1.8765
100,5,1.0,2,1,0.9602320210653543,0.06830290534517108,0.961111111111111,0.06596856715021066,1.8546
100,5,1.0,2,2,0.9603554778554777,0.06827313566956776,0.961111111111111,0.06596856715021066,1.8719
100,5,1.0,2,5,0.9603554778554777,0.06827313566956776,0.961111111111111,0.06596856715021066,1.8799
100,5,1.0,2,10,0.9425344317991377,0.0729803631318841,0.9441176470588235,0.07027967539566123,1.8791
100,5,1.0,5,1,0.9659110334110335,0.06900876445648328,0.9666666666666668,0.06666666666666667,1.8441
100,5,1.0,5,2,0.9603554778554777,0.06827313566956776,0.961111111111111,0.06596856715021066,1.8643
100,5,1.0,5,5,0.9603554778554777,0.06827313566956776,0.961111111111111,0.06596856715021066,1.8686
100,5,1.0,5,10,0.9425344317991377,0.0729803631318841,0.9441176470588235,0.07027967539566123,1.8756
100,5,1.0,10,1,0.9659110334110335,0.06900876445648328,0.9666666666666668,0.06666666666666667,1.8223
100,5,1.0,10,2,0.9603554778554777,0.06827313566956776,0.961111111111111,0.06596856715021066,1.8407
100,5,1.0,10,5,0.9603554778554777,0.06827313566956776,0.961111111111111,0.06596856715021066,1.8744
100,5,1.0,10,10,0.9425344317991377,0.0729803631318841,0.9441176470588235,0.07027967539566123,1.864
100,5,1.0,20,1,0.9659110334110335,0.06900876445648328,0.9666666666666668,0.06666666666666667,1.8666
100,5,1.0,20,2,0.9603554778554777,0.06827313566956776,0.961111111111111,0.06596856715021066,1.866
100,5,1.0,20,5,0.9546764655097988,0.06709096976316563,0.9555555555555555,0.06478835438717001,1.9008
100,5,1.0,20,10,0.9425344317991377,0.0729803631318841,0.9441176470588235,0.07027967539566123,1.8783
100,10,sqrt,2,1,0.9889277389277389,0.02214469253877384,0.9888888888888889,0.022222222222222233,1.8993
100,10,sqrt,2,2,0.9889277389277389,0.02214469253877384,0.9888888888888889,0.022222222222222233,1.8765
100,10,sqrt,2,5,0.9889277389277389,0.02214469253877384,0.9888888888888889,0.022222222222222233,1.892
100,10,sqrt,2,10,0.9773569023569024,0.03793567043699597,0.9777777777777779,0.036851386559504457,1.8594
100,10,sqrt,5,1,0.9889277389277389,0.02214469253877384,0.9888888888888889,0.022222222222222233,1.8794
100,10,sqrt,5,2,0.9889277389277389,0.02214469253877384,0.9888888888888889,0.022222222222222233,1.8811
100,10,sqrt,5,5,0.9889277389277389,0.02214469253877384,0.9888888888888889,0.022222222222222233,1.9037
100,10,sqrt,5,10,0.9773569023569024,0.03793567043699597,0.9777777777777779,0.036851386559504457,1.8899
100,10,sqrt,10,1,0.9889277389277389,0.02214469253877384,0.9888888888888889,0.022222222222222233,1.8828
100,10,sqrt,10,2,0.9889277389277389,0.02214469253877384,0.9888888888888889,0.022222222222222233,1.8768
100,10,sqrt,10,5,0.9889277389277389,0.02214469253877384,0.9888888888888889,0.022222222222222233,1.8805
100,10,sqrt,10,10,0.9773569023569024,0.03793567043699597,0.9777777777777779,0.036851386559504457,1.9008
100,10,sqrt,20,1,0.9889277389277389,0.02214469253877384,0.9888888888888889,0.022222222222222233,1.8818
100,10,sqrt,20,2,0.9834110334110333,0.025340263573605047,0.9833333333333334,0.02545875386086579,1.8911
100,10,sqrt,20,5,0.9833721833721834,0.025399607524319752,0.9833333333333334,0.02545875386086579,1.8789
100,10,sqrt,20,10,0.9773569023569024,0.03793567043699597,0.9777777777777779,0.036851386559504457,1.8606
100,10,log2,2,1,0.9889277389277389,0.02214469253877384,0.9888888888888889,0.022222222222222233,1.8588
100,10,log2,2,2,0.9889277389277389,0.02214469253877384,0.9888888888888889,0.022222222222222233,1.8846
100,10,log2,2,5,0.9889277389277389,0.02214469253877384,0.9888888888888889,0.022222222222222233,1.8789
100,10,log2,2,10,0.9773569023569024,0.03793567043699597,0.9777777777777779,0.036851386559504457,1.8884
100,10,log2,5,1,0.9889277389277389,0.02214469253877384,0.9888888888888889,0.022222222222222233,1.8703
100,10,log2,5,2,0.9889277389277389,0.02214469253877384,0.9888888888888889,0.022222222222222233,1.8498
100,10,log2,5,5,0.9889277389277389,0.02214469253877384,0.9888888888888889,0.022222222222222233,1.857
100,10,log2,5,10,0.9773569023569024,0.03793567043699597,0.9777777777777779,0.036851386559504457,1.8478
100,10,log2,10,1,0.9889277389277389,0.02214469253877384,0.9888888888888889,0.022222222222222233,1.8813
100,10,log2,10,2,0.9889277389277389,0.02214469253877384,0.9888888888888889,0.022222222222222233,1.9447
100,10,log2,10,5,0.9889277389277389,0.02214469253877384,0.9888888888888889,0.022222222222222233,1.8894
100,10,log2,10,10,0.9773569023569024,0.03793567043699597,0.9777777777777779,0.036851386559504457,1.8885
100,10,log2,20,1,0.9889277389277389,0.02214469253877384,0.9888888888888889,0.022222222222222233,1.8938
100,10,log2,20,2,0.9834110334110333,0.025340263573605047,0.9833333333333334,0.02545875386086579,1.8812
100,10,log2,20,5,0.9833721833721834,0.025399607524319752,0.9833333333333334,0.02545875386086579,1.8771
100,10,log2,20,10,0.9773569023569024,0.03793567043699597,0.9777777777777779,0.036851386559504457,1.8815
100,10,0.5,2,1,0.9720979020979021,0.05172697260192997,0.9722222222222221,0.05121969142940492,1.8649
100,10,0.5,2,2,0.9720979020979021,0.05172697260192997,0.9722222222222221,0.05121969142940492,1.8636
100,10,0.5,2,5,0.9720979020979021,0.05172697260192997,0.9722222222222221,0.05121969142940492,1.9419
100,10,0.5,2,10,0.9662393162393161,0.06807485793867243,0.9666666666666668,0.06666666666666667,1.9657
100,10,0.5,5,1,0.9720979020979021,0.05172697260192997,0.9722222222222221,0.05121969142940492,1.899
100,10,0.5,5,2,0.9720979020979021,0.05172697260192997,0.9722222222222221,0.05121969142940492,1.8769
100,10,0.5,5,5,0.9720979020979021,0.05172697260192997,0.9722222222222221,0.05121969142940492,1.8619
100,10,0.5,5,10,0.9662393162393161,0.06807485793867243,0.9666666666666668,0.06666666666666667,1.8481
100,10,0.5,10,1,0.9720979020979021,0.05172697260192997,0.9722222222222221,0.05121969142940492,1.8704
100,10,0.5,10,2,0.9720979020979021,0.05172697260192997,0.9722222222222221,0.05121969142940492,1.8562
100,10,0.5,10,5,0.9720979020979021,0.05172697260192997,0.9722222222222221,0.05121969142940492,1.8859
100,10,0.5,10,10,0.9662393162393161,0.06807485793867243,0.9666666666666668,0.06666666666666667,1.8612
100,10,0.5,20,1,0.9720979020979021,0.05172697260192997,0.9722222222222221,0.05121969142940492,1.8634
100,10,0.5,20,2,0.9720979020979021,0.05172697260192997,0.9722222222222221,0.05121969142940492,1.8444
100,10,0.5,20,5,0.9665811965811966,0.051397769771994326,0.9666666666666668,0.05091750772173155,1.8589
100,10,0.5,20,10,0.9662393162393161,0.06807485793867243,0.9666666666666668,0.06666666666666667,1.877
100,10,1.0,2,1,0.9602320210653543,0.06830290534517108,0.961111111111111,0.06596856715021066,1.8566
100,10,1.0,2,2,0.9603554778554777,0.06827313566956776,0.961111111111111,0.06596856715021066,1.853
100,10,1.0,2,5,0.9603554778554777,0.06827313566956776,0.961111111111111,0.06596856715021066,1.8793
100,10,1.0,2,10,0.9425344317991377,0.0729803631318841,0.9441176470588235,0.07027967539566123,1.8795
100,10,1.0,5,1,0.9659110334110335,0.06900876445648328,0.9666666666666668,0.06666666666666667,1.8665
100,10,1.0,5,2,0.9603554778554777,0.06827313566956776,0.961111111111111,0.06596856715021066,1.8588
100,10,1.0,5,5,0.9603554778554777,0.06827313566956776,0.961111111111111,0.06596856715021066,1.8604
100,10,1.0,5,10,0.9425344317991377,0.0729803631318841,0.9441176470588235,0.07027967539566123,1.8651
100,10,1.0,10,1,0.9659110334110335,0.06900876445648328,0.9666666666666668,0.06666666666666667,1.8739
100,10,1.0,10,2,0.9603554778554777,0.06827313566956776,0.961111111111111,0.06596856715021066,1.9438
100,10,1.0,10,5,0.9603554778554777,0.06827313566956776,0.961111111111111,0.06596856715021066,1.8757
100,10,1.0,10,10,0.9425344317991377,0.0729803631318841,0.9441176470588235,0.07027967539566123,1.8694
100,10,1.0,20,1,0.9659110334110335,0.06900876445648328,0.9666666666666668,0.06666666666666667,1.8844
100,10,1.0,20,2,0.9603554778554777,0.06827313566956776,0.961111111111111,0.06596856715021066,1.8766
100,10,1.0,20,5,0.9546764655097988,0.06709096976316563,0.9555555555555555,0.06478835438717001,1.8618
100,10,1.0,20,10,0.9425344317991377,0.0729803631318841,0.9441176470588235,0.07027967539566123,1.8873
100,20,sqrt,2,1,0.9889277389277389,0.02214469253877384,0.9888888888888889,0.022222222222222233,1.853
100,20,sqrt,2,2,0.9889277389277389,0.02214469253877384,0.9888888888888889,0.022222222222222233,1.8699
100,20,sqrt,2,5,0.9889277389277389,0.02214469253877384,0.9888888888888889,0.022222222222222233,1.8674
100,20,sqrt,2,10,0.9773569023569024,0.03793567043699597,0.9777777777777779,0.036851386559504457,1.8786
100,20,sqrt,5,1,0.9889277389277389,0.02214469253877384,0.9888888888888889,0.022222222222222233,1.8881
100,20,sqrt,5,2,0.9889277389277389,0.02214469253877384,0.9888888888888889,0.022222222222222233,1.8716
100,20,sqrt,5,5,0.9889277389277389,0.02214469253877384,0.9888888888888889,0.022222222222222233,1.8903
100,20,sqrt,5,10,0.9773569023569024,0.03793567043699597,0.9777777777777779,0.036851386559504457,1.8934
100,20,sqrt,10,1,0.9889277389277389,0.02214469253877384,0.9888888888888889,0.022222222222222233,1.8854
100,20,sqrt,10,2,0.9889277389277389,0.02214469253877384,0.9888888888888889,0.022222222222222233,1.8777
100,20,sqrt,10,5,0.9889277389277389,0.02214469253877384,0.9888888888888889,0.022222222222222233,1.8568
100,20,sqrt,10,10,0.9773569023569024,0.03793567043699597,0.9777777777777779,0.036851386559504457,1.8835
100,20,sqrt,20,1,0.9889277389277389,0.02214469253877384,0.9888888888888889,0.022222222222222233,1.8635
100,20,sqrt,20,2,0.9834110334110333,0.025340263573605047,0.9833333333333334,0.02545875386086579,1.8735
100,20,sqrt,20,5,0.9833721833721834,0.025399607524319752,0.9833333333333334,0.02545875386086579,1.8719
100,20,sqrt,20,10,0.9773569023569024,0.03793567043699597,0.9777777777777779,0.036851386559504457,1.8431
100,20,log2,2,1,0.9889277389277389,0.02214469253877384,0.9888888888888889,0.022222222222222233,1.8851
100,20,log2,2,2,0.9889277389277389,0.02214469253877384,0.9888888888888889,0.022222222222222233,1.8729
100,20,log2,2,5,0.9889277389277389,0.02214469253877384,0.9888888888888889,0.022222222222222233,1.8591
100,20,log2,2,10,0.9773569023569024,0.03793567043699597,0.9777777777777779,0.036851386559504457,1.8968
100,20,log2,5,1,0.9889277389277389,0.02214469253877384,0.9888888888888889,0.022222222222222233,1.8731
100,20,log2,5,2,0.9889277389277389,0.02214469253877384,0.9888888888888889,0.022222222222222233,1.8759
100,20,log2,5,5,0.9889277389277389,0.02214469253877384,0.9888888888888889,0.022222222222222233,1.8962
100,20,log2,5,10,0.9773569023569024,0.03793567043699597,0.9777777777777779,0.036851386559504457,1.8958
100,20,log2,10,1,0.9889277389277389,0.02214469253877384,0.9888888888888889,0.022222222222222233,1.8829
100,20,log2,10,2,0.9889277389277389,0.02214469253877384,0.9888888888888889,0.022222222222222233,1.9116
100,20,log2,10,5,0.9889277389277389,0.02214469253877384,0.9888888888888889,0.022222222222222233,1.8711
100,20,log2,10,10,0.9773569023569024,0.03793567043699597,0.9777777777777779,0.036851386559504457,1.8741
100,20,log2,20,1,0.9889277389277389,0.02214469253877384,0.9888888888888889,0.022222222222222233,1.9109
100,20,log2,20,2,0.9834110334110333,0.025340263573605047,0.9833333333333334,0.02545875386086579,1.8846
100,20,log2,20,5,0.9833721833721834,0.025399607524319752,0.9833333333333334,0.02545875386086579,1.8852
100,20,log2,20,10,0.9773569023569024,0.03793567043699597,0.9777777777777779,0.036851386559504457,1.8957
100,20,0.5,2,1,0.9720979020979021,0.05172697260192997,0.9722222222222221,0.05121969142940492,1.9042
100,20,0.5,2,2,0.9720979020979021,0.05172697260192997,0.9722222222222221,0.05121969142940492,1.8887
100,20,0.5,2,5,0.9720979020979021,0.05172697260192997,0.9722222222222221,0.05121969142940492,1.8687
100,20,0.5,2,10,0.9662393162393161,0.06807485793867243,0.9666666666666668,0.06666666666666667,1.8201
100,20,0.5,5,1,0.9720979020979021,0.05172697260192997,0.9722222222222221,0.05121969142940492,1.8725
100,20,0.5,5,2,0.9720979020979021,0.05172697260192997,0.9722222222222221,0.05121969142940492,1.8772
100,20,0.5,5,5,0.9720979020979021,0.05172697260192997,0.9722222222222221,0.05121969142940492,1.8594
100,20,0.5,5,10,0.9662393162393161,0.06807485793867243,0.9666666666666668,0.06666666666666667,1.8684
100,20,0.5,10,1,0.9720979020979021,0.05172697260192997,0.9722222222222221,0.05121969142940492,1.8996
100,20,0.5,10,2,0.9720979020979021,0.05172697260192997,0.9722222222222221,0.05121969142940492,1.8522
100,20,0.5,10,5,0.9720979020979021,0.05172697260192997,0.9722222222222221,0.05121969142940492,1.9095
100,20,0.5,10,10,0.9662393162393161,0.06807485793867243,0.9666666666666668,0.06666666666666667,1.8812
100,20,0.5,20,1,0.9720979020979021,0.05172697260192997,0.9722222222222221,0.05121969142940492,1.8437
100,20,0.5,20,2,0.9720979020979021,0.05172697260192997,0.9722222222222221,0.05121969142940492,1.8752
100,20,0.5,20,5,0.9665811965811966,0.051397769771994326,0.9666666666666668,0.05091750772173155,1.8722
100,20,0.5,20,10,0.9662393162393161,0.06807485793867243,0.9666666666666668,0.06666666666666667,1.8802
100,20,1.0,2,1,0.9602320210653543,0.06830290534517108,0.961111111111111,0.06596856715021066,1.8869
100,20,1.0,2,2,0.9603554778554777,0.06827313566956776,0.961111111111111,0.06596856715021066,1.8746
100,20,1.0,2,5,0.9603554778554777,0.06827313566956776,0.961111111111111,0.06596856715021066,1.8163
100,20,1.0,2,10,0.9425344317991377,0.0729803631318841,0.9441176470588235,0.07027967539566123,1.8718
100,20,1.0,5,1,0.9659110334110335,0.06900876445648328,0.9666666666666668,0.06666666666666667,1.8827
100,20,1.0,5,2,0.9603554778554777,0.06827313566956776,0.961111111111111,0.06596856715021066,1.8589
100,20,1.0,5,5,0.9603554778554777,0.06827313566956776,0.961111111111111,0.06596856715021066,1.8739
100,20,1.0,5,10,0.9425344317991377,0.0729803631318841,0.9441176470588235,0.07027967539566123,1.8618
100,20,1.0,10,1,0.9659110334110335,0.06900876445648328,0.9666666666666668,0.06666666666666667,1.8524
100,20,1.0,10,2,0.9603554778554777,0.06827313566956776,0.961111111111111,0.06596856715021066,1.8539
100,20,1.0,10,5,0.9603554778554777,0.06827313566956776,0.961111111111111,0.06596856715021066,1.8582
100,20,1.0,10,10,0.9425344317991377,0.0729803631318841,0.9441176470588235,0.07027967539566123,1.8595
100,20,1.0,20,1,0.9659110334110335,0.06900876445648328,0.9666666666666668,0.06666666666666667,1.8625
100,20,1.0,20,2,0.9603554778554777,0.06827313566956776,0.961111111111111,0.06596856715021066,1.8909
100,20,1.0,20,5,0.9546764655097988,0.06709096976316563,0.9555555555555555,0.06478835438717001,1.8931
100,20,1.0,20,10,0.9425344317991377,0.0729803631318841,0.9441176470588235,0.07027967539566123,1.8508
200,,sqrt,2,1,0.9889277389277389,0.02214469253877384,0.9888888888888889,0.022222222222222233,3.3287
200,,sqrt,2,2,0.9833721833721834,0.03553060670755236,0.9833333333333334,0.035572912430182506,3.3563
200,,sqrt,2,5,0.9889277389277389,0.02214469253877384,0.9888888888888889,0.022222222222222233,3.3319
200,,sqrt,2,10,0.9718401968401968,0.038251677688185846,0.9722222222222221,0.03726779962499651,3.319
200,,sqrt,5,1,0.9833721833721834,0.03553060670755236,0.9833333333333334,0.035572912430182506,3.3564
200,,sqrt,5,2,0.9833721833721834,0.03553060670755236,0.9833333333333334,0.035572912430182506,3.3237
200,,sqrt,5,5,0.9889277389277389,0.02214469253877384,0.9888888888888889,0.022222222222222233,3.3115
200,,sqrt,5,10,0.9718401968401968,0.038251677688185846,0.9722222222222221,0.03726779962499651,3.3993
200,,sqrt,10,1,0.9833721833721834,0.03553060670755236,0.9833333333333334,0.035572912430182506,3.336
200,,sqrt,10,2,0.9778554778554778,0.036781365327925496,0.9777777777777779,0.036851386559504457,3.2983
200,,sqrt,10,5,0.9889277389277389,0.02214469253877384,0.9888888888888889,0.022222222222222233,3.3494
200,,sqrt,10,10,0.9718401968401968,0.038251677688185846,0.9722222222222221,0.03726779962499651,3.3194
200,,sqrt,20,1,0.9833721833721834,0.03553060670755236,0.9833333333333334,0.035572912430182506,3.3224
200,,sqrt,20,2,0.9778554778554778,0.036781365327925496,0.9777777777777779,0.036851386559504457,3.3397
200,,sqrt,20,5,0.9889277389277389,0.02214469253877384,0.9888888888888889,0.022222222222222233,3.3563
200,,sqrt,20,10,0.9718401968401968,0.038251677688185846,0.9722222222222221,0.03726779962499651,3.301
200,,log2,2,1,0.9889277389277389,0.02214469253877384,0.9888888888888889,0.022222222222222233,3.4149
200,,log2,2,2,0.9833721833721834,0.03553060670755236,0.9833333333333334,0.035572912430182506,3.3497
200,,log2,2,5,0.9889277389277389,0.02214469253877384,0.9888888888888889,0.022222222222222233,3.3511
200,,log2,2,10,0.9718401968401968,0.038251677688185846,0.9722222222222221,0.03726779962499651,3.3511
200,,log2,5,1,0.9833721833721834,0.03553060670755236,0.9833333333333334,0.035572912430182506,3.3256
200,,log2,5,2,0.9833721833721834,0.03553060670755236,0.9833333333333334,0.035572912430182506,3.3118
200,,log2,5,5,0.9889277389277389,0.02214469253877384,0.9888888888888889,0.022222222222222233,3.335
200,,log2,5,10,0.9718401968401968,0.038251677688185846,0.9722222222222221,0.03726779962499651,3.3392
200,,log2,10,1,0.9833721833721834,0.03553060670755236,0.9833333333333334,0.035572912430182506,3.3483
200,,log2,10,2,0.9778554778554778,0.036781365327925496,0.9777777777777779,0.036851386559504457,3.347
200,,log2,10,5,0.9889277389277389,0.02214469253877384,0.9888888888888889,0.022222222222222233,3.339
200,,log2,10,10,0.9718401968401968,0.038251677688185846,0.9722222222222221,0.03726779962499651,3.3078
200,,log2,20,1,0.9833721833721834,0.03553060670755236,0.9833333333333334,0.035572912430182506,3.3002
200,,log2,20,2,0.9778554778554778,0.036781365327925496,0.9777777777777779,0.036851386559504457,3.3414
200,,log2,20,5,0.9889277389277389,0.02214469253877384,0.9888888888888889,0.022222222222222233,3.337
200,,log2,20,10,0.9718401968401968,0.038251677688185846,0.9722222222222221,0.03726779962499651,3.3004
200,,0.5,2,1,0.9720979020979021,0.05172697260192997,0.9722222222222221,0.05121969142940492,3.3225
200,,0.5,2,2,0.9720979020979021,0.05172697260192997,0.9722222222222221,0.05121969142940492,3.3003
200,,0.5,2,5,0.9720979020979021,0.05172697260192997,0.9722222222222221,0.05121969142940492,3.2992
200,,0.5,2,10,0.9720979020979021,0.05172697260192997,0.9722222222222221,0.05121969142940492,3.3007
200,,0.5,5,1,0.9720979020979021,0.05172697260192997,0.9722222222222221,0.05121969142940492,3.2994
200,,0.5,5,2,0.9720979020979021,0.05172697260192997,0.9722222222222221,0.05121969142940492,3.3394
200,,0.5,5,5,0.9720979020979021,0.05172697260192997,0.9722222222222221,0.05121969142940492,3.3279
200,,0.5,5,10,0.9720979020979021,0.05172697260192997,0.9722222222222221,0.05121969142940492,3.3386
200,,0.5,10,1,0.9720979020979021,0.05172697260192997,0.9722222222222221,0.05121969142940492,3.3238
200,,0.5,10,2,0.9720979020979021,0.05172697260192997,0.9722222222222221,0.05121969142940492,3.2967
200,,0.5,10,5,0.9720979020979021,0.05172697260192997,0.9722222222222221,0.05121969142940492,3.3034
200,,0.5,10,10,0.9720979020979021,0.05172697260192997,0.9722222222222221,0.05121969142940492,3.3316
200,,0.5,20,1,0.9720979020979021,0.05172697260192997,0.9722222222222221,0.05121969142940492,3.3405
200,,0.5,20,2,0.9720979020979021,0.05172697260192997,0.9722222222222221,0.05121969142940492,3.3164
200,,0.5,20,5,0.9720979020979021,0.05172697260192997,0.9722222222222221,0.05121969142940492,3.341
200,,0.5,20,10,0.9720979020979021,0.05172697260192997,0.9722222222222221,0.05121969142940492,3.3094
200,,1.0,2,1,0.9602320210653543,0.06830290534517108,0.961111111111111,0.06596856715021066,3.3157
200,,1.0,2,2,0.9602320210653543,0.06830290534517108,0.961111111111111,0.06596856715021066,3.3337
200,,1.0,2,5,0.9546764655097988,0.06709096976316563,0.9555555555555555,0.06478835438717001,3.3134
200,,1.0,2,10,0.9487457912457913,0.07460793116712344,0.95,0.07222222222222222,3.2835
200,,1.0,5,1,0.9602320210653543,0.06830290534517108,0.961111111111111,0.06596856715021066,3.3964
200,,1.0,5,2,0.9602320210653543,0.06830290534517108,0.961111111111111,0.06596856715021066,3.2961
200,,1.0,5,5,0.9546764655097988,0.06709096976316563,0.9555555555555555,0.06478835438717001,3.2823
200,,1.0,5,10,0.9487457912457913,0.07460793116712344,0.95,0.07222222222222222,3.298
200,,1.0,10,1,0.9602320210653543,0.06830290534517108,0.961111111111111,0.06596856715021066,3.2928
200,,1.0,10,2,0.9602320210653543,0.06830290534517108,0.961111111111111,0.06596856715021066,3.3403
200,,1.0,10,5,0.9546764655097988,0.06709096976316563,0.9555555555555555,0.06478835438717001,3.3099
200,,1.0,10,10,0.9487457912457913,0.07460793116712344,0.95,0.07222222222222222,3.3253
200,,1.0,20,1,0.9602320210653543,0.06830290534517108,0.961111111111111,0.06596856715021066,3.3332
200,,1.0,20,2,0.9602320210653543,0.06830290534517108,0.961111111111111,0.06596856715021066,3.3209
200,,1.0,20,5,0.9546764655097988,0.06709096976316563,0.9555555555555555,0.06478835438717001,3.2927
200,,1.0,20,10,0.9487457912457913,0.07460793116712344,0.95,0.07222222222222222,3.3711
200,5,sqrt,2,1,0.9889277389277389,0.02214469253877384,0.9888888888888889,0.022222222222222233,3.3242
200,5,sqrt,2,2,0.9833721833721834,0.03553060670755236,0.9833333333333334,0.035572912430182506,3.322
200,5,sqrt,2,5,0.9889277389277389,0.02214469253877384,0.9888888888888889,0.022222222222222233,3.308
200,5,sqrt,2,10,0.9718401968401968,0.038251677688185846,0.9722222222222221,0.03726779962499651,3.3444
200,5,sqrt,5,1,0.9833721833721834,0.03553060670755236,0.9833333333333334,0.035572912430182506,3.3349
200,5,sqrt,5,2,0.9889277389277389,0.02214469253877384,0.9888888888888889,0.022222222222222233,3.3199
200,5,sqrt,5,5,0.9889277389277389,0.02214469253877384,0.9888888888888889,0.022222222222222233,3.3209
200,5,sqrt,5,10,0.9718401968401968,0.038251677688185846,0.9722222222222221,0.03726779962499651,3.3146
200,5,sqrt,10,1,0.9833721833721834,0.03553060670755236,0.9833333333333334,0.035572912430182506,3.414
200,5,sqrt,10,2,0.9778554778554778,0.036781365327925496,0.9777777777777779,0.036851386559504457,3.3912
200,5,sqrt,10,5,0.9889277389277389,0.02214469253877384,0.9888888888888889,0.022222222222222233,3.2919
200,5,sqrt,10,10,0.9718401968401968,0.038251677688185846,0.9722222222222221,0.03726779962499651,3.3445
200,5,sqrt,20,1,0.9834110334110333,0.025340263573605047,0.9833333333333334,0.02545875386086579,3.3329
200,5,sqrt,20,2,0.9834110334110333,0.025340263573605047,0.9833333333333334,0.02545875386086579,3.3371
200,5,sqrt,20,5,0.9889277389277389,0.02214469253877384,0.9888888888888889,0.022222222222222233,3.291
200,5,sqrt,20,10,0.9718401968401968,0.038251677688185846,0.9722222222222221,0.03726779962499651,3.2873
200,5,log2,2,1,0.9889277389277389,0.02214469253877384,0.9888888888888889,0.022222222222222233,3.3383
200,5,log2,2,2,0.9833721833721834,0.03553060670755236,0.9833333333333334,0.035572912430182506,3.3274
200,5,log2,2,5,0.9889277389277389,0.02214469253877384,0.9888888888888889,0.022222222222222233,3.3444
200,5,log2,2,10,0.9718401968401968,0.038251677688185846,0.9722222222222221,0.03726779962499651,3.3038
200,5,log2,5,1,0.9833721833721834,0.03553060670755236,0.9833333333333334,0.035572912430182506,3.2805
200,5,log2,5,2,0.9889277389277389,0.02214469253877384,0.9888888888888889,0.022222222222222233,3.339
200,5,log2,5,5,0.9889277389277389,0.02214469253877384,0.9888888888888889,0.022222222222222233,3.3046
200,5,log2,5,10,0.9718401968401968,0.038251677688185846,0.9722222222222221,0.03726779962499651,3.316
200,5,log2,10,1,0.9833721833721834,0.03553060670755236,0.9833333333333334,0.035572912430182506,3.3194
200,5,log2,10,2,0.9778554778554778,0.036781365327925496,0.9777777777777779,0.036851386559504457,3.3756
200,5,log2,10,5,0.9889277389277389,0.02214469253877384,0.9888888888888889,0.022222222222222233,3.301
200,5,log2,10,10,0.9718401968401968,0.038251677688185846,0.9722222222222221,0.03726779962499651,3.3161
200,5,log2,20,1,0.9834110334110333,0.025340263573605047,0.9833333333333334,0.02545875386086579,3.3335
200,5,log2,20,2,0.9834110334110333,0.025340263573605047,0.9833333333333334,0.02545875386086579,3.3477
200,5,log2,20,5,0.9889277389277389,0.02214469253877384,0.9888888888888889,0.022222222222222233,3.3283
200,5,log2,20,10,0.9718401968401968,0.038251677688185846,0.9722222222222221,0.03726779962499651,3.3366
200,5,0.5,2,1,0.9720979020979021,0.05172697260192997,0.9722222222222221,0.05121969142940492,3.3417
200,5,0.5,2,2,0.9720979020979021,0.05172697260192997,0.9722222222222221,0.05121969142940492,3.2965
200,5,0.5,2,5,0.9720979020979021,0.05172697260192997,0.9722222222222221,0.05121969142940492,3.3089
200,5,0.5,2,10,0.9720979020979021,0.05172697260192997,0.9722222222222221,0.05121969142940492,3.3013
200,5,0.5,5,1,0.9720979020979021,0.05172697260192997,0.9722222222222221,0.05121969142940492,3.359
200,5,0.5,5,2,0.9720979020979021,0.05172697260192997,0.9722222222222221,0.05121969142940492,3.2492
200,5,0.5,5,5,0.9720979020979021,0.05172697260192997,0.9722222222222221,0.05121969142940492,3.3015
200,5,0.5,5,10,0.9720979020979021,0.05172697260192997,0.9722222222222221,0.05121969142940492,3.3307
200,5,0.5,10,1,0.9720979020979021,0.05172697260192997,0.9722222222222221,0.05121969142940492,3.3087
200,5,0.5,10,2,0.9720979020979021,0.05172697260192997,0.9722222222222221,0.05121969142940492,3.3038
200,5,0.5,10,5,0.9720979020979021,0.05172697260192997,0.9722222222222221,0.05121969142940492,3.3149
200,5,0.5,10,10,0.9720979020979021,0.05172697260192997,0.9722222222222221,0.05121969142940492,3.3477
200,5,0.5,20,1,0.9720979020979021,0.05172697260192997,0.9722222222222221,0.05121969142940492,3.3164
200,5,0.5,20,2,0.9720979020979021,0.05172697260192997,0.9722222222222221,0.05121969142940492,3.3616
200,5,0.5,20,5,0.9720979020979021,0.05172697260192997,0.9722222222222221,0.05121969142940492,3.3021
200,5,0.5,20,10,0.9720979020979021,0.05172697260192997,0.9722222222222221,0.05121969142940492,3.3261
200,5,1.0,2,1,0.9602320210653543,0.06830290534517108,0.961111111111111,0.06596856715021066,3.6331
200,5,1.0,2,2,0.9602320210653543,0.06830290534517108,0.961111111111111,0.06596856715021066,3.563
200,5,1.0,2,5,0.9546764655097988,0.06709096976316563,0.9555555555555555,0.06478835438717001,3.4135
200,5,1.0,2,10,0.9487457912457913,0.07460793116712344,0.95,0.07222222222222222,3.36
200,5,1.0,5,1,0.9602320210653543,0.06830290534517108,0.961111111111111,0.06596856715021066,3.3717
200,5,1.0,5,2,0.9602320210653543,0.06830290534517108,0.961111111111111,0.06596856715021066,3.329
200,5,1.0,5,5,0.9546764655097988,0.06709096976316563,0.9555555555555555,0.06478835438717001,3.3655
200,5,1.0,5,10,0.9487457912457913,0.07460793116712344,0.95,0.07222222222222222,3.3528
200,5,1.0,10,1,0.9602320210653543,0.06830290534517108,0.961111111111111,0.06596856715021066,3.3704
200,5,1.0,10,2,0.9602320210653543,0.06830290534517108,0.961111111111111,0.06596856715021066,3.401
200,5,1.0,10,5,0.9546764655097988,0.06709096976316563,0.9555555555555555,0.06478835438717001,3.3132
200,5,1.0,10,10,0.9487457912457913,0.07460793116712344,0.95,0.07222222222222222,3.4544
200,5,1.0,20,1,0.9602320210653543,0.06830290534517108,0.961111111111111,0.06596856715021066,3.3371
200,5,1.0,20,2,0.9602320210653543,0.06830290534517108,0.961111111111111,0.06596856715021066,3.3818
200,5,1.0,20,5,0.9546764655097988,0.06709096976316563,0.9555555555555555,0.06478835438717001,3.4677
200,5,1.0,20,10,0.9487457912457913,0.07460793116712344,0.95,0.07222222222222222,3.429
200,10,sqrt,2,1,0.9889277389277389,0.02214469253877384,0.9888888888888889,0.022222222222222233,3.3732
200,10,sqrt,2,2,0.9833721833721834,0.03553060670755236,0.9833333333333334,0.035572912430182506,3.3414
200,10,sqrt,2,5,0.9889277389277389,0.02214469253877384,0.9888888888888889,0.022222222222222233,3.4204
200,10,sqrt,2,10,0.9718401968401968,0.038251677688185846,0.9722222222222221,0.03726779962499651,3.522
200,10,sqrt,5,1,0.9833721833721834,0.03553060670755236,0.9833333333333334,0.035572912430182506,3.3909
200,10,sqrt,5,2,0.9833721833721834,0.03553060670755236,0.9833333333333334,0.035572912430182506,3.4306
200,10,sqrt,5,5,0.9889277389277389,0.02214469253877384,0.9888888888888889,0.022222222222222233,3.4132
200,10,sqrt,5,10,0.9718401968401968,0.038251677688185846,0.9722222222222221,0.03726779962499651,3.5079
200,10,sqrt,10,1,0.9833721833721834,0.03553060670755236,0.9833333333333334,0.035572912430182506,3.3422
200,10,sqrt,10,2,0.9778554778554778,0.036781365327925496,0.9777777777777779,0.036851386559504457,3.3742
200,10,sqrt,10,5,0.9889277389277389,0.02214469253877384,0.9888888888888889,0.022222222222222233,3.3468
200,10,sqrt,10,10,0.9718401968401968,0.038251677688185846,0.9722222222222221,0.03726779962499651,3.2913
200,10,sqrt,20,1,0.9833721833721834,0.03553060670755236,0.9833333333333334,0.035572912430182506,3.3408
200,10,sqrt,20,2,0.9778554778554778,0.036781365327925496,0.9777777777777779,0.036851386559504457,3.3263
200,10,sqrt,20,5,0.9889277389277389,0.02214469253877384,0.9888888888888889,0.022222222222222233,3.4184
200,10,sqrt,20,10,0.9718401968401968,0.038251677688185846,0.9722222222222221,0.03726779962499651,3.3715
200,10,log2,2,1,0.9889277389277389,0.02214469253877384,0.9888888888888889,0.022222222222222233,3.3309
200,10,log2,2,2,0.9833721833721834,0.03553060670755236,0.9833333333333334,0.035572912430182506,3.3244
200,10,log2,2,5,0.9889277389277389,0.02214469253877384,0.9888888888888889,0.022222222222222233,3.3461
200,10,log2,2,10,0.9718401968401968,0.038251677688185846,0.9722222222222221,0.03726779962499651,3.3566
200,10,log2,5,1,0.9833721833721834,0.03553060670755236,0.9833333333333334,0.035572912430182506,3.3565
200,10,log2,5,2,0.9833721833721834,0.03553060670755236,0.9833333333333334,0.035572912430182506,3.4793
200,10,log2,5,5,0.9889277389277389,0.02214469253877384,0.9888888888888889,0.022222222222222233,3.4117
200,10,log2,5,10,0.9718401968401968,0.038251677688185846,0.9722222222222221,0.03726779962499651,3.3995
200,10,log2,10,1,0.9833721833721834,0.03553060670755236,0.9833333333333334,0.035572912430182506,3.3874
200,10,log2,10,2,0.9778554778554778,0.036781365327925496,0.9777777777777779,0.036851386559504457,3.4252
200,10,log2,10,5,0.9889277389277389,0.02214469253877384,0.9888888888888889,0.022222222222222233,3.3927
200,10,log2,10,10,0.9718401968401968,0.038251677688185846,0.9722222222222221,0.03726779962499651,3.3587
200,10,log2,20,1,0.9833721833721834,0.03553060670755236,0.9833333333333334,0.035572912430182506,3.3578
200,10,log2,20,2,0.9778554778554778,0.036781365327925496,0.9777777777777779,0.036851386559504457,3.4119
200,10,log2,20,5,0.9889277389277389,0.02214469253877384,0.9888888888888889,0.022222222222222233,3.331
200,10,log2,20,10,0.9718401968401968,0.038251677688185846,0.9722222222222221,0.03726779962499651,3.3912
200,10,0.5,2,1,0.9720979020979021,0.05172697260192997,0.9722222222222221,0.05121969142940492,3.4271
200,10,0.5,2,2,0.9720979020979021,0.05172697260192997,0.9722222222222221,0.05121969142940492,3.3232
200,10,0.5,2,5,0.9720979020979021,0.05172697260192997,0.9722222222222221,0.05121969142940492,3.3386
200,10,0.5,2,10,0.9720979020979021,0.05172697260192997,0.9722222222222221,0.05121969142940492,3.4153
200,10,0.5,5,1,0.9720979020979021,0.05172697260192997,0.9722222222222221,0.05121969142940492,3.3355
200,10,0.5,5,2,0.9720979020979021,0.05172697260192997,0.9722222222222221,0.05121969142940492,3.3616
200,10,0.5,5,5,0.9720979020979021,0.05172697260192997,0.9722222222222221,0.05121969142940492,3.3835
200,10,0.5,5,10,0.9720979020979021,0.05172697260192997,0.9722222222222221,0.05121969142940492,3.506
200,10,0.5,10,1,0.9720979020979021,0.05172697260192997,0.9722222222222221,0.05121969142940492,3.483
200,10,0.5,10,2,0.9720979020979021,0.05172697260192997,0.9722222222222221,0.05121969142940492,3.4166
200,10,0.5,10,5,0.9720979020979021,0.05172697260192997,0.9722222222222221,0.05121969142940492,3.3897
200,10,0.5,10,10,0.9720979020979021,0.05172697260192997,0.9722222222222221,0.05121969142940492,3.4073
200,10,0.5,20,1,0.9720979020979021,0.05172697260192997,0.9722222222222221,0.05121969142940492,3.3767
200,10,0.5,20,2,0.9720979020979021,0.05172697260192997,0.9722222222222221,0.05121969142940492,3.3289
200,10,0.5,20,5,0.9720979020979021,0.05172697260192997,0.9722222222222221,0.05121969142940492,3.3857
200,10,0.5,20,10,0.9720979020979021,0.05172697260192997,0.9722222222222221,0.05121969142940492,3.3699
200,10,1.0,2,1,0.9602320210653543,0.06830290534517108,0.961111111111111,0.06596856715021066,3.375
200,10,1.0,2,2,0.9602320210653543,0.06830290534517108,0.961111111111111,0.06596856715021066,3.4115
200,10,1.0,2,5,0.9546764655097988,0.06709096976316563,0.9555555555555555,0.06478835438717001,3.3437
200,10,1.0,2,10,0.9487457912457913,0.07460793116712344,0.95,0.07222222222222222,3.3708
200,10,1.0,5,1,0.9602320210653543,0.06830290534517108,0.961111111111111,0.06596856715021066,3.4992
200,10,1.0,5,2,0.9602320210653543,0.06830290534517108,0.961111111111111,0.06596856715021066,3.4204
200,10,1.0,5,5,0.9546764655097988,0.06709096976316563,0.9555555555555555,0.06478835438717001,3.4141
200,10,1.0,5,10,0.9487457912457913,0.07460793116712344,0.95,0.07222222222222222,3.5369
200,10,1.0,10,1,0.9602320210653543,0.06830290534517108,0.961111111111111,0.06596856715021066,3.5931
200,10,1.0,10,2,0.9602320210653543,0.06830290534517108,0.961111111111111,0.06596856715021066,3.3853
200,10,1.0,10,5,0.9546764655097988,0.06709096976316563,0.9555555555555555,0.06478835438717001,3.637
200,10,1.0,10,10,0.9487457912457913,0.07460793116712344,0.95,0.07222222222222222,3.4583
200,10,1.0,20,1,0.9602320210653543,0.06830290534517108,0.961111111111111,0.06596856715021066,3.4853
200,10,1.0,20,2,0.9602320210653543,0.06830290534517108,0.961111111111111,0.06596856715021066,3.4607
200,10,1.0,20,5,0.9546764655097988,0.06709096976316563,0.9555555555555555,0.06478835438717001,3.4076
200,10,1.0,20,10,0.9487457912457913,0.07460793116712344,0.95,0.07222222222222222,3.4079
200,20,sqrt,2,1,0.9889277389277389,0.02214469253877384,0.9888888888888889,0.022222222222222233,3.3866
200,20,sqrt,2,2,0.9833721833721834,0.03553060670755236,0.9833333333333334,0.035572912430182506,3.4305
200,20,sqrt,2,5,0.9889277389277389,0.02214469253877384,0.9888888888888889,0.022222222222222233,3.5359
200,20,sqrt,2,10,0.9718401968401968,0.038251677688185846,0.9722222222222221,0.03726779962499651,3.5741
200,20,sqrt,5,1,0.9833721833721834,0.03553060670755236,0.9833333333333334,0.035572912430182506,3.5039
200,20,sqrt,5,2,0.9833721833721834,0.03553060670755236,0.9833333333333334,0.035572912430182506,3.5297
200,20,sqrt,5,5,0.9889277389277389,0.02214469253877384,0.9888888888888889,0.022222222222222233,3.4234
200,20,sqrt,5,10,0.9718401968401968,0.038251677688185846,0.9722222222222221,0.03726779962499651,3.5258
200,20,sqrt,10,1,0.9833721833721834,0.03553060670755236,0.9833333333333334,0.035572912430182506,3.5944
200,20,sqrt,10,2,0.9778554778554778,0.036781365327925496,0.9777777777777779,0.036851386559504457,3.5161
200,20,sqrt,10,5,0.9889277389277389,0.02214469253877384,0.9888888888888889,0.022222222222222233,3.426
200,20,sqrt,10,10,0.9718401968401968,0.038251677688185846,0.9722222222222221,0.03726779962499651,3.5163
200,20,sqrt,20,1,0.9833721833721834,0.03553060670755236,0.9833333333333334,0.035572912430182506,3.4627
200,20,sqrt,20,2,0.9778554778554778,0.036781365327925496,0.9777777777777779,0.036851386559504457,3.5043
200,20,sqrt,20,5,0.9889277389277389,0.02214469253877384,0.9888888888888889,0.022222222222222233,3.5575
200,20,sqrt,20,10,0.9718401968401968,0.038251677688185846,0.9722222222222221,0.03726779962499651,3.4622
200,20,log2,2,1,0.9889277389277389,0.02214469253877384,0.9888888888888889,0.022222222222222233,3.7667
200,20,log2,2,2,0.9833721833721834,0.03553060670755236,0.9833333333333334,0.035572912430182506,3.5179
200,20,log2,2,5,0.9889277389277389,0.02214469253877384,0.9888888888888889,0.022222222222222233,3.4793
200,20,log2,2,10,0.9718401968401968,0.038251677688185846,0.9722222222222221,0.03726779962499651,3.505
200,20,log2,5,1,0.9833721833721834,0.03553060670755236,0.9833333333333334,0.035572912430182506,3.483
200,20,log2,5,2,0.9833721833721834,0.03553060670755236,0.9833333333333334,0.035572912430182506,3.4928
200,20,log2,5,5,0.9889277389277389,0.02214469253877384,0.9888888888888889,0.022222222222222233,3.5096
200,20,log2,5,10,0.9718401968401968,0.038251677688185846,0.9722222222222221,0.03726779962499651,3.5007
200,20,log2,10,1,0.9833721833721834,0.03553060670755236,0.9833333333333334,0.035572912430182506,3.4959
200,20,log2,10,2,0.9778554778554778,0.036781365327925496,0.9777777777777779,0.036851386559504457,3.4434
200,20,log2,10,5,0.9889277389277389,0.02214469253877384,0.9888888888888889,0.022222222222222233,3.5111
200,20,log2,10,10,0.9718401968401968,0.038251677688185846,0.9722222222222221,0.03726779962499651,3.5127
200,20,log2,20,1,0.9833721833721834,0.03553060670755236,0.9833333333333334,0.035572912430182506,3.4935
200,20,log2,20,2,0.9778554778554778,0.036781365327925496,0.9777777777777779,0.036851386559504457,3.4958
200,20,log2,20,5,0.9889277389277389,0.02214469253877384,0.9888888888888889,0.022222222222222233,3.5979
200,20,log2,20,10,0.9718401968401968,0.038251677688185846,0.9722222222222221,0.03726779962499651,3.4707
200,20,0.5,2,1,0.9720979020979021,0.05172697260192997,0.9722222222222221,0.05121969142940492,3.492
200,20,0.5,2,2,0.9720979020979021,0.05172697260192997,0.9722222222222221,0.05121969142940492,3.5291
200,20,0.5,2,5,0.9720979020979021,0.05172697260192997,0.9722222222222221,0.05121969142940492,3.5364
200,20,0.5,2,10,0.9720979020979021,0.05172697260192997,0.9722222222222221,0.05121969142940492,3.4742
200,20,0.5,5,1,0.9720979020979021,0.05172697260192997,0.9722222222222221,0.05121969142940492,3.4788
200,20,0.5,5,2,0.9720979020979021,0.05172697260192997,0.9722222222222221,0.05121969142940492,3.5017
200,20,0.5,5,5,0.9720979020979021,0.05172697260192997,0.9722222222222221,0.05121969142940492,3.5235
200,20,0.5,5,10,0.9720979020979021,0.05172697260192997,0.9722222222222221,0.05121969142940492,3.4991
200,20,0.5,10,1,0.9720979020979021,0.05172697260192997,0.9722222222222221,0.05121969142940492,3.6596
200,20,0.5,10,2,0.9720979020979021,0.05172697260192997,0.9722222222222221,0.05121969142940492,3.4976
200,20,0.5,10,5,0.9720979020979021,0.05172697260192997,0.9722222222222221,0.05121969142940492,3.5103
200,20,0.5,10,10,0.9720979020979021,0.05172697260192997,0.9722222222222221,0.05121969142940492,3.4483
200,20,0.5,20,1,0.9720979020979021,0.05172697260192997,0.9722222222222221,0.05121969142940492,3.5893
200,20,0.5,20,2,0.9720979020979021,0.05172697260192997,0.9722222222222221,0.05121969142940492,3.4208
200,20,0.5,20,5,0.9720979020979021,0.05172697260192997,0.9722222222222221,0.05121969142940492,3.4696
200,20,0.5,20,10,0.9720979020979021,0.05172697260192997,0.9722222222222221,0.05121969142940492,3.4969
200,20,1.0,2,1,0.9602320210653543,0.06830290534517108,0.961111111111111,0.06596856715021066,3.4812
200,20,1.0,2,2,0.9602320210653543,0.06830290534517108,0.961111111111111,0.06596856715021066,3.4889
200,20,1.0,2,5,0.9546764655097988,0.06709096976316563,0.9555555555555555,0.06478835438717001,3.429
200,20,1.0,2,10,0.9487457912457913,0.07460793116712344,0.95,0.07222222222222222,3.4836
200,20,1.0,5,1,0.9602320210653543,0.06830290534517108,0.961111111111111,0.06596856715021066,3.4392
200,20,1.0,5,2,0.9602320210653543,0.06830290534517108,0.961111111111111,0.06596856715021066,3.6145
200,20,1.0,5,5,0.9546764655097988,0.06709096976316563,0.9555555555555555,0.06478835438717001,3.4992
200,20,1.0,5,10,0.9487457912457913,0.07460793116712344,0.95,0.07222222222222222,3.4653
200,20,1.0,10,1,0.9602320210653543,0.06830290534517108,0.961111111111111,0.06596856715021066,3.4984
200,20,1.0,10,2,0.9602320210653543,0.06830290534517108,0.961111111111111,0.06596856715021066,3.4934
200,20,1.0,10,5,0.9546764655097988,0.06709096976316563,0.9555555555555555,0.06478835438717001,3.4541
200,20,1.0,10,10,0.9487457912457913,0.07460793116712344,0.95,0.07222222222222222,3.5203
200,20,1.0,20,1,0.9602320210653543,0.06830290534517108,0.961111111111111,0.06596856715021066,3.5521
200,20,1.0,20,2,0.9602320210653543,0.06830290534517108,0.961111111111111,0.06596856715021066,3.5232
200,20,1.0,20,5,0.9546764655097988,0.06709096976316563,0.9555555555555555,0.06478835438717001,3.4785
200,20,1.0,20,10,0.9487457912457913,0.07460793116712344,0.95,0.07222222222222222,3.5557
500,,sqrt,2,1,0.9833721833721834,0.03553060670755236,0.9833333333333334,0.035572912430182506,8.2711
500,,sqrt,2,2,0.9833721833721834,0.03553060670755236,0.9833333333333334,0.035572912430182506,8.2241
500,,sqrt,2,5,0.982912457912458,0.036758657381317124,0.9833333333333334,0.035572912430182506,8.1787
500,,sqrt,2,10,0.9773569023569024,0.03793567043699597,0.9777777777777779,0.036851386559504457,8.2919
500,,sqrt,5,1,0.9833721833721834,0.03553060670755236,0.9833333333333334,0.035572912430182506,8.3273
500,,sqrt,5,2,0.9833721833721834,0.03553060670755236,0.9833333333333334,0.035572912430182506,8.2403
500,,sqrt,5,5,0.982912457912458,0.036758657381317124,0.9833333333333334,0.035572912430182506,8.3014
500,,sqrt,5,10,0.9773569023569024,0.03793567043699597,0.9777777777777779,0.036851386559504457,8.2845
500,,sqrt,10,1,0.9833721833721834,0.03553060670755236,0.9833333333333334,0.035572912430182506,8.2765
500,,sqrt,10,2,0.9833721833721834,0.03553060670755236,0.9833333333333334,0.035572912430182506,8.26
500,,sqrt,10,5,0.982912457912458,0.036758657381317124,0.9833333333333334,0.035572912430182506,8.2509
500,,sqrt,10,10,0.9773569023569024,0.03793567043699597,0.9777777777777779,0.036851386559504457,8.2068
500,,sqrt,20,1,0.9833721833721834,0.03553060670755236,0.9833333333333334,0.035572912430182506,8.0829
500,,sqrt,20,2,0.9833721833721834,0.03553060670755236,0.9833333333333334,0.035572912430182506,8.0584
500,,sqrt,20,5,0.9774281274281273,0.051996521027624476,0.9777777777777779,0.05091750772173155,8.1818
500,,sqrt,20,10,0.9773569023569024,0.03793567043699597,0.9777777777777779,0.036851386559504457,8.0928
500,,log2,2,1,0.9833721833721834,0.03553060670755236,0.9833333333333334,0.035572912430182506,8.1432
500,,log2,2,2,0.9833721833721834,0.03553060670755236,0.9833333333333334,0.035572912430182506,8.2471
500,,log2,2,5,0.982912457912458,0.036758657381317124,0.9833333333333334,0.035572912430182506,8.2169
500,,log2,2,10,0.9773569023569024,0.03793567043699597,0.9777777777777779,0.036851386559504457,7.9201
500,,log2,5,1,0.9833721833721834,0.03553060670755236,0.9833333333333334,0.035572912430182506,8.101
500,,log2,5,2,0.9833721833721834,0.03553060670755236,0.9833333333333334,0.035572912430182506,7.9708
500,,log2,5,5,0.982912457912458,0.036758657381317124,0.9833333333333334,0.035572912430182506,7.8932
500,,log2,5,10,0.9773569023569024,0.03793567043699597,0.9777777777777779,0.036851386559504457,8.0233
500,,log2,10,1,0.9833721833721834,0.03553060670755236,0.9833333333333334,0.035572912430182506,7.8991
500,,log2,10,2,0.9833721833721834,0.03553060670755236,0.9833333333333334,0.035572912430182506,7.8605
500,,log2,10,5,0.982912457912458,0.036758657381317124,0.9833333333333334,0.035572912430182506,7.8092
500,,log2,10,10,0.9773569023569024,0.03793567043699597,0.9777777777777779,0.036851386559504457,7.7956
500,,log2,20,1,0.9833721833721834,0.03553060670755236,0.9833333333333334,0.035572912430182506,7.8064
500,,log2,20,2,0.9833721833721834,0.03553060670755236,0.9833333333333334,0.035572912430182506,7.9009
500,,log2,20,5,0.9774281274281273,0.051996521027624476,0.9777777777777779,0.05091750772173155,7.789
500,,log2,20,10,0.9773569023569024,0.03793567043699597,0.9777777777777779,0.036851386559504457,7.7998
500,,0.5,2,1,0.9720979020979021,0.05172697260192997,0.9722222222222221,0.05121969142940492,7.9605
500,,0.5,2,2,0.9720979020979021,0.05172697260192997,0.9722222222222221,0.05121969142940492,7.7436
500,,0.5,2,5,0.9720979020979021,0.05172697260192997,0.9722222222222221,0.05121969142940492,7.8034
500,,0.5,2,10,0.9720979020979021,0.05172697260192997,0.9722222222222221,0.05121969142940492,8.0342
500,,0.5,5,1,0.9720979020979021,0.05172697260192997,0.9722222222222221,0.05121969142940492,7.9508
500,,0.5,5,2,0.9720979020979021,0.05172697260192997,0.9722222222222221,0.05121969142940492,7.7557
500,,0.5,5,5,0.9720979020979021,0.05172697260192997,0.9722222222222221,0.05121969142940492,7.9914
500,,0.5,5,10,0.9720979020979021,0.05172697260192997,0.9722222222222221,0.05121969142940492,7.7849
500,,0.5,10,1,0.9720979020979021,0.05172697260192997,0.9722222222222221,0.05121969142940492,7.7763
500,,0.5,10,2,0.9720979020979021,0.05172697260192997,0.9722222222222221,0.05121969142940492,7.7466
500,,0.5,10,5,0.9720979020979021,0.05172697260192997,0.9722222222222221,0.05121969142940492,7.8474
500,,0.5,10,10,0.9720979020979021,0.05172697260192997,0.9722222222222221,0.05121969142940492,7.8109
500,,0.5,20,1,0.9720979020979021,0.05172697260192997,0.9722222222222221,0.05121969142940492,8.0005
500,,0.5,20,2,0.9720979020979021,0.05172697260192997,0.9722222222222221,0.05121969142940492,7.7486
500,,0.5,20,5,0.9720979020979021,0.05172697260192997,0.9722222222222221,0.05121969142940492,7.7655
500,,0.5,20,10,0.9720979020979021,0.05172697260192997,0.9722222222222221,0.05121969142940492,7.7927
500,,1.0,2,1,0.9602320210653543,0.06830290534517108,0.961111111111111,0.06596856715021066,7.7441
500,,1.0,2,2,0.9602320210653543,0.06830290534517108,0.961111111111111,0.06596856715021066,8.2985
500,,1.0,2,5,0.9546764655097988,0.06709096976316563,0.9555555555555555,0.06478835438717001,8.1388
500,,1.0,2,10,0.9547610722610722,0.07153024612643848,0.9555555555555555,0.06938886664887109,8.1728
500,,1.0,5,1,0.9602320210653543,0.06830290534517108,0.961111111111111,0.06596856715021066,7.899
500,,1.0,5,2,0.9602320210653543,0.06830290534517108,0.961111111111111,0.06596856715021066,7.832
500,,1.0,5,5,0.9546764655097988,0.06709096976316563,0.9555555555555555,0.06478835438717001,7.7788
500,,1.0,5,10,0.9547610722610722,0.07153024612643848,0.9555555555555555,0.06938886664887109,7.7906
500,,1.0,10,1,0.9602320210653543,0.06830290534517108,0.961111111111111,0.06596856715021066,8.1028
500,,1.0,10,2,0.9602320210653543,0.06830290534517108,0.961111111111111,0.06596856715021066,8.2201
500,,1.0,10,5,0.9546764655097988,0.06709096976316563,0.9555555555555555,0.06478835438717001,7.97
500,,1.0,10,10,0.9547610722610722,0.07153024612643848,0.9555555555555555,0.06938886664887109,7.8237
500,,1.0,20,1,0.9602320210653543,0.06830290534517108,0.961111111111111,0.06596856715021066,7.8399
500,,1.0,20,2,0.9602320210653543,0.06830290534517108,0.961111111111111,0.06596856715021066,7.8856
500,,1.0,20,5,0.9546764655097988,0.06709096976316563,0.9555555555555555,0.06478835438717001,7.7936
500,,1.0,20,10,0.9547610722610722,0.07153024612643848,0.9555555555555555,0.06938886664887109,7.7764
500,5,sqrt,2,1,0.9833721833721834,0.03553060670755236,0.9833333333333334,0.035572912430182506,7.8125
500,5,sqrt,2,2,0.9833721833721834,0.03553060670755236,0.9833333333333334,0.035572912430182506,7.874
500,5,sqrt,2,5,0.982912457912458,0.036758657381317124,0.9833333333333334,0.035572912430182506,7.8163
500,5,sqrt,2,10,0.9773569023569024,0.03793567043699597,0.9777777777777779,0.036851386559504457,7.8708
500,5,sqrt,5,1,0.9833721833721834,0.03553060670755236,0.9833333333333334,0.035572912430182506,7.8272
500,5,sqrt,5,2,0.9833721833721834,0.03553060670755236,0.9833333333333334,0.035572912430182506,7.8571
500,5,sqrt,5,5,0.982912457912458,0.036758657381317124,0.9833333333333334,0.035572912430182506,7.7972
500,5,sqrt,5,10,0.9773569023569024,0.03793567043699597,0.9777777777777779,0.036851386559504457,7.8575
500,5,sqrt,10,1,0.9833721833721834,0.03553060670755236,0.9833333333333334,0.035572912430182506,7.8117
500,5,sqrt,10,2,0.9833721833721834,0.03553060670755236,0.9833333333333334,0.035572912430182506,8.0739
500,5,sqrt,10,5,0.982912457912458,0.036758657381317124,0.9833333333333334,0.035572912430182506,7.8974
500,5,sqrt,10,10,0.9773569023569024,0.03793567043699597,0.9777777777777779,0.036851386559504457,7.8619
500,5,sqrt,20,1,0.9833721833721834,0.03553060670755236,0.9833333333333334,0.035572912430182506,7.8471
500,5,sqrt,20,2,0.9833721833721834,0.03553060670755236,0.9833333333333334,0.035572912430182506,7.9118
500,5,sqrt,20,5,0.9774281274281273,0.051996521027624476,0.9777777777777779,0.05091750772173155,7.813
500,5,sqrt,20,10,0.9773569023569024,0.03793567043699597,0.9777777777777779,0.036851386559504457,7.8428
500,5,log2,2,1,0.9833721833721834,0.03553060670755236,0.9833333333333334,0.035572912430182506,7.9233
500,5,log2,2,2,0.9833721833721834,0.03553060670755236,0.9833333333333334,0.035572912430182506,7.885
500,5,log2,2,5,0.982912457912458,0.036758657381317124,0.9833333333333334,0.035572912430182506,7.8397
500,5,log2,2,10,0.9773569023569024,0.03793567043699597,0.9777777777777779,0.036851386559504457,7.8381
500,5,log2,5,1,0.9833721833721834,0.03553060670755236,0.9833333333333334,0.035572912430182506,7.812
500,5,log2,5,2,0.9833721833721834,0.03553060670755236,0.9833333333333334,0.035572912430182506,7.7681
500,5,log2,5,5,0.982912457912458,0.036758657381317124,0.9833333333333334,0.035572912430182506,7.7938
500,5,log2,5,10,0.9773569023569024,0.03793567043699597,0.9777777777777779,0.036851386559504457,7.7493
500,5,log2,10,1,0.9833721833721834,0.03553060670755236,0.9833333333333334,0.035572912430182506,7.8693
500,5,log2,10,2,0.9833721833721834,0.03553060670755236,0.9833333333333334,0.035572912430182506,7.8308
500,5,log2,10,5,0.982912457912458,0.036758657381317124,0.9833333333333334,0.035572912430182506,7.8381
500,5,log2,10,10,0.9773569023569024,0.03793567043699597,0.9777777777777779,0.036851386559504457,7.7571
500,5,log2,20,1,0.9833721833721834,0.03553060670755236,0.9833333333333334,0.035572912430182506,7.8089
500,5,log2,20,2,0.9833721833721834,0.03553060670755236,0.9833333333333334,0.035572912430182506,8.1105
500,5,log2,20,5,0.9774281274281273,0.051996521027624476,0.9777777777777779,0.05091750772173155,8.0516
500,5,log2,20,10,0.9773569023569024,0.03793567043699597,0.9777777777777779,0.036851386559504457,8.0905
500,5,0.5,2,1,0.9720979020979021,0.05172697260192997,0.9722222222222221,0.05121969142940492,7.8415
500,5,0.5,2,2,0.9720979020979021,0.05172697260192997,0.9722222222222221,0.05121969142940492,7.767
500,5,0.5,2,5,0.9720979020979021,0.05172697260192997,0.9722222222222221,0.05121969142940492,7.9106
500,5,0.5,2,10,0.9720979020979021,0.05172697260192997,0.9722222222222221,0.05121969142940492,7.7919
500,5,0.5,5,1,0.9720979020979021,0.05172697260192997,0.9722222222222221,0.05121969142940492,7.7678
500,5,0.5,5,2,0.9720979020979021,0.05172697260192997,0.9722222222222221,0.05121969142940492,7.8004
500,5,0.5,5,5,0.9720979020979021,0.05172697260192997,0.9722222222222221,0.05121969142940492,7.7951
500,5,0.5,5,10,0.9720979020979021,0.05172697260192997,0.9722222222222221,0.05121969142940492,7.8513
500,5,0.5,10,1,0.9720979020979021,0.05172697260192997,0.9722222222222221,0.05121969142940492,7.8737
500,5,0.5,10,2,0.9720979020979021,0.05172697260192997,0.9722222222222221,0.05121969142940492,7.7395
500,5,0.5,10,5,0.9720979020979021,0.05172697260192997,0.9722222222222221,0.05121969142940492,7.7512
500,5,0.5,10,10,0.9720979020979021,0.05172697260192997,0.9722222222222221,0.05121969142940492,7.739
500,5,0.5,20,1,0.9720979020979021,0.05172697260192997,0.9722222222222221,0.05121969142940492,7.7385
500,5,0.5,20,2,0.9720979020979021,0.05172697260192997,0.9722222222222221,0.05121969142940492,7.7604
500,5,0.5,20,5,0.9720979020979021,0.05172697260192997,0.9722222222222221,0.05121969142940492,7.7596
500,5,0.5,20,10,0.9720979020979021,0.05172697260192997,0.9722222222222221,0.05121969142940492,7.8653
500,5,1.0,2,1,0.9602320210653543,0.06830290534517108,0.961111111111111,0.06596856715021066,7.7148
500,5,1.0,2,2,0.9602320210653543,0.06830290534517108,0.961111111111111,0.06596856715021066,7.7269
500,5,1.0,2,5,0.9546764655097988,0.06709096976316563,0.9555555555555555,0.06478835438717001,7.7472
500,5,1.0,2,10,0.9547610722610722,0.07153024612643848,0.9555555555555555,0.06938886664887109,7.8285
500,5,1.0,5,1,0.9602320210653543,0.06830290534517108,0.961111111111111,0.06596856715021066,7.779
500,5,1.0,5,2,0.9602320210653543,0.06830290534517108,0.961111111111111,0.06596856715021066,7.8382
500,5,1.0,5,5,0.9546764655097988,0.06709096976316563,0.9555555555555555,0.06478835438717001,7.8866
500,5,1.0,5,10,0.9547610722610722,0.07153024612643848,0.9555555555555555,0.06938886664887109,7.8632
500,5,1.0,10,1,0.9602320210653543,0.06830290534517108,0.961111111111111,0.06596856715021066,7.8771
500,5,1.0,10,2,0.9602320210653543,0.06830290534517108,0.961111111111111,0.06596856715021066,7.8642
500,5,1.0,10,5,0.9546764655097988,0.06709096976316563,0.9555555555555555,0.06478835438717001,7.7793
500,5,1.0,10,10,0.9547610722610722,0.07153024612643848,0.9555555555555555,0.06938886664887109,7.8129
500,5,1.0,20,1,0.9602320210653543,0.06830290534517108,0.961111111111111,0.06596856715021066,7.9839
500,5,1.0,20,2,0.9602320210653543,0.06830290534517108,0.961111111111111,0.06596856715021066,7.8606
500,5,1.0,20,5,0.9546764655097988,0.06709096976316563,0.9555555555555555,0.06478835438717001,8.132
500,5,1.0,20,10,0.9547610722610722,0.07153024612643848,0.9555555555555555,0.06938886664887109,7.9247
500,10,sqrt,2,1,0.9833721833721834,0.03553060670755236,0.9833333333333334,0.035572912430182506,6.1149
500,10,sqrt,2,2,0.9833721833721834,0.03553060670755236,0.9833333333333334,0.035572912430182506,5.0469
500,10,sqrt,2,5,0.982912457912458,0.036758657381317124,0.9833333333333334,0.035572912430182506,6.4786
500,10,sqrt,2,10,0.9773569023569024,0.03793567043699597,0.9777777777777779,0.036851386559504457,7.9334
500,10,sqrt,5,1,0.9833721833721834,0.03553060670755236,0.9833333333333334,0.035572912430182506,7.9076
500,10,sqrt,5,2,0.9833721833721834,0.03553060670755236,0.9833333333333334,0.035572912430182506,7.9328
500,10,sqrt,5,5,0.982912457912458,0.036758657381317124,0.9833333333333334,0.035572912430182506,8.0702
500,10,sqrt,5,10,0.9773569023569024,0.03793567043699597,0.9777777777777779,0.036851386559504457,7.9604
500,10,sqrt,10,1,0.9833721833721834,0.03553060670755236,0.9833333333333334,0.035572912430182506,7.9495
500,10,sqrt,10,2,0.9833721833721834,0.03553060670755236,0.9833333333333334,0.035572912430182506,7.9131
500,10,sqrt,10,5,0.982912457912458,0.036758657381317124,0.9833333333333334,0.035572912430182506,7.877
500,10,sqrt,10,10,0.9773569023569024,0.03793567043699597,0.9777777777777779,0.036851386559504457,7.8541
500,10,sqrt,20,1,0.9833721833721834,0.03553060670755236,0.9833333333333334,0.035572912430182506,7.9369
500,10,sqrt,20,2,0.9833721833721834,0.03553060670755236,0.9833333333333334,0.035572912430182506,7.9414
500,10,sqrt,20,5,0.9774281274281273,0.051996521027624476,0.9777777777777779,0.05091750772173155,8.1719
500,10,sqrt,20,10,0.9773569023569024,0.03793567043699597,0.9777777777777779,0.036851386559504457,8.0424
500,10,log2,2,1,0.9833721833721834,0.03553060670755236,0.9833333333333334,0.035572912430182506,7.9828
500,10,log2,2,2,0.9833721833721834,0.03553060670755236,0.9833333333333334,0.035572912430182506,7.9526
500,10,log2,2,5,0.982912457912458,0.036758657381317124,0.9833333333333334,0.035572912430182506,8.0968
500,10,log2,2,10,0.9773569023569024,0.03793567043699597,0.9777777777777779,0.036851386559504457,7.9149
500,10,log2,5,1,0.9833721833721834,0.03553060670755236,0.9833333333333334,0.035572912430182506,7.9707
500,10,log2,5,2,0.9833721833721834,0.03553060670755236,0.9833333333333334,0.035572912430182506,8.022
500,10,log2,5,5,0.982912457912458,0.036758657381317124,0.9833333333333334,0.035572912430182506,8.0141
500,10,log2,5,10,0.9773569023569024,0.03793567043699597,0.9777777777777779,0.036851386559504457,7.9583
500,10,log2,10,1,0.9833721833721834,0.03553060670755236,0.9833333333333334,0.035572912430182506,7.944
500,10,log2,10,2,0.9833721833721834,0.03553060670755236,0.9833333333333334,0.035572912430182506,7.9704
500,10,log2,10,5,0.982912457912458,0.036758657381317124,0.9833333333333334,0.035572912430182506,7.9317
500,10,log2,10,10,0.9773569023569024,0.03793567043699597,0.9777777777777779,0.036851386559504457,7.914
500,10,log2,20,1,0.9833721833721834,0.03553060670755236,0.9833333333333334,0.035572912430182506,8.0122
500,10,log2,20,2,0.9833721833721834,0.03553060670755236,0.9833333333333334,0.035572912430182506,7.9157
500,10,log2,20,5,0.9774281274281273,0.051996521027624476,0.9777777777777779,0.05091750772173155,7.8918
500,10,log2,20,10,0.9773569023569024,0.03793567043699597,0.9777777777777779,0.036851386559504457,7.9243
500,10,0.5,2,1,0.9720979020979021,0.05172697260192997,0.9722222222222221,0.05121969142940492,7.8316
500,10,0.5,2,2,0.9720979020979021,0.05172697260192997,0.9722222222222221,0.05121969142940492,7.8857
500,10,0.5,2,5,0.9720979020979021,0.05172697260192997,0.9722222222222221,0.05121969142940492,7.7498
500,10,0.5,2,10,0.9720979020979021,0.05172697260192997,0.9722222222222221,0.05121969142940492,7.724
500,10,0.5,5,1,0.9720979020979021,0.05172697260192997,0.9722222222222221,0.05121969142940492,7.7425
500,10,0.5,5,2,0.9720979020979021,0.05172697260192997,0.9722222222222221,0.05121969142940492,8.161
500,10,0.5,5,5,0.9720979020979021,0.05172697260192997,0.9722222222222221,0.05121969142940492,7.9689
500,10,0.5,5,10,0.9720979020979021,0.05172697260192997,0.9722222222222221,0.05121969142940492,8.175
500,10,0.5,10,1,0.9720979020979021,0.05172697260192997,0.9722222222222221,0.05121969142940492,7.8762
500,10,0.5,10,2,0.9720979020979021,0.05172697260192997,0.9722222222222221,0.05121969142940492,7.9124
500,10,0.5,10,5,0.9720979020979021,0.05172697260192997,0.9722222222222221,0.05121969142940492,7.9604
500,10,0.5,10,10,0.9720979020979021,0.05172697260192997,0.9722222222222221,0.05121969142940492,8.0754
500,10,0.5,20,1,0.9720979020979021,0.05172697260192997,0.9722222222222221,0.05121969142940492,7.8659
500,10,0.5,20,2,0.9720979020979021,0.05172697260192997,0.9722222222222221,0.05121969142940492,7.8041
500,10,0.5,20,5,0.9720979020979021,0.05172697260192997,0.9722222222222221,0.05121969142940492,7.8954
500,10,0.5,20,10,0.9720979020979021,0.05172697260192997,0.9722222222222221,0.05121969142940492,7.8981
500,10,1.0,2,1,0.9602320210653543,0.06830290534517108,0.961111111111111,0.06596856715021066,7.7702
500,10,1.0,2,2,0.9602320210653543,0.06830290534517108,0.961111111111111,0.06596856715021066,7.776
500,10,1.0,2,5,0.9546764655097988,0.06709096976316563,0.9555555555555555,0.06478835438717001,7.7377
500,10,1.0,2,10,0.9547610722610722,0.07153024612643848,0.9555555555555555,0.06938886664887109,7.7228
500,10,1.0,5,1,0.9602320210653543,0.06830290534517108,0.961111111111111,0.06596856715021066,7.7786
500,10,1.0,5,2,0.9602320210653543,0.06830290534517108,0.961111111111111,0.06596856715021066,7.7154
500,10,1.0,5,5,0.9546764655097988,0.06709096976316563,0.9555555555555555,0.06478835438717001,8.0515
500,10,1.0,5,10,0.9547610722610722,0.07153024612643848,0.9555555555555555,0.06938886664887109,7.7143
500,10,1.0,10,1,0.9602320210653543,0.06830290534517108,0.961111111111111,0.06596856715021066,7.7871
500,10,1.0,10,2,0.9602320210653543,0.06830290534517108,0.961111111111111,0.06596856715021066,7.7128
500,10,1.0,10,5,0.9546764655097988,0.06709096976316563,0.9555555555555555,0.06478835438717001,7.7708
500,10,1.0,10,10,0.9547610722610722,0.07153024612643848,0.9555555555555555,0.06938886664887109,7.7408
500,10,1.0,20,1,0.9602320210653543,0.06830290534517108,0.961111111111111,0.06596856715021066,7.8244
500,10,1.0,20,2,0.9602320210653543,0.06830290534517108,0.961111111111111,0.06596856715021066,7.7506
500,10,1.0,20,5,0.9546764655097988,0.06709096976316563,0.9555555555555555,0.06478835438717001,7.7562
500,10,1.0,20,10,0.9547610722610722,0.07153024612643848,0.9555555555555555,0.06938886664887109,7.9757
500,20,sqrt,2,1,0.9833721833721834,0.03553060670755236,0.9833333333333334,0.035572912430182506,7.7886
500,20,sqrt,2,2,0.9833721833721834,0.03553060670755236,0.9833333333333334,0.035572912430182506,7.8532
500,20,sqrt,2,5,0.982912457912458,0.036758657381317124,0.9833333333333334,0.035572912430182506,7.8226
500,20,sqrt,2,10,0.9773569023569024,0.03793567043699597,0.9777777777777779,0.036851386559504457,7.8588
500,20,sqrt,5,1,0.9833721833721834,0.03553060670755236,0.9833333333333334,0.035572912430182506,7.9844
500,20,sqrt,5,2,0.9833721833721834,0.03553060670755236,0.9833333333333334,0.035572912430182506,7.8814
500,20,sqrt,5,5,0.982912457912458,0.036758657381317124,0.9833333333333334,0.035572912430182506,7.7722
500,20,sqrt,5,10,0.9773569023569024,0.03793567043699597,0.9777777777777779,0.036851386559504457,7.7738
500,20,sqrt,10,1,0.9833721833721834,0.03553060670755236,0.9833333333333334,0.035572912430182506,7.7749
500,20,sqrt,10,2,0.9833721833721834,0.03553060670755236,0.9833333333333334,0.035572912430182506,7.7857
500,20,sqrt,10,5,0.982912457912458,0.036758657381317124,0.9833333333333334,0.035572912430182506,7.7909
500,20,sqrt,10,10,0.9773569023569024,0.03793567043699597,0.9777777777777779,0.036851386559504457,7.9577
500,20,sqrt,20,1,0.9833721833721834,0.03553060670755236,0.9833333333333334,0.035572912430182506,7.7858
500,20,sqrt,20,2,0.9833721833721834,0.03553060670755236,0.9833333333333334,0.035572912430182506,7.7715
500,20,sqrt,20,5,0.9774281274281273,0.051996521027624476,0.9777777777777779,0.05091750772173155,7.792
500,20,sqrt,20,10,0.9773569023569024,0.03793567043699597,0.9777777777777779,0.036851386559504457,7.8192
500,20,log2,2,1,0.9833721833721834,0.03553060670755236,0.9833333333333334,0.035572912430182506,7.8007
500,20,log2,2,2,0.9833721833721834,0.03553060670755236,0.9833333333333334,0.035572912430182506,7.7916
500,20,log2,2,5,0.982912457912458,0.036758657381317124,0.9833333333333334,0.035572912430182506,7.8008
500,20,log2,2,10,0.9773569023569024,0.03793567043699597,0.9777777777777779,0.036851386559504457,7.8674
500,20,log2,5,1,0.9833721833721834,0.03553060670755236,0.9833333333333334,0.035572912430182506,7.774
500,20,log2,5,2,0.9833721833721834,0.03553060670755236,0.9833333333333334,0.035572912430182506,7.7644
500,20,log2,5,5,0.982912457912458,0.036758657381317124,0.9833333333333334,0.035572912430182506,7.7962
500,20,log2,5,10,0.9773569023569024,0.03793567043699597,0.9777777777777779,0.036851386559504457,7.7667
500,20,log2,10,1,0.9833721833721834,0.03553060670755236,0.9833333333333334,0.035572912430182506,7.7836
500,20,log2,10,2,0.9833721833721834,0.03553060670755236,0.9833333333333334,0.035572912430182506,7.7628
500,20,log2,10,5,0.982912457912458,0.036758657381317124,0.9833333333333334,0.035572912430182506,7.8304
500,20,log2,10,10,0.9773569023569024,0.03793567043699597,0.9777777777777779,0.036851386559504457,7.8085
500,20,log2,20,1,0.9833721833721834,0.03553060670755236,0.9833333333333334,0.035572912430182506,7.7881
500,20,log2,20,2,0.9833721833721834,0.03553060670755236,0.9833333333333334,0.035572912430182506,7.7374
500,20,log2,20,5,0.9774281274281273,0.051996521027624476,0.9777777777777779,0.05091750772173155,7.8569
500,20,log2,20,10,0.9773569023569024,0.03793567043699597,0.9777777777777779,0.036851386559504457,7.8188
500,20,0.5,2,1,0.9720979020979021,0.05172697260192997,0.9722222222222221,0.05121969142940492,7.7312
500,20,0.5,2,2,0.9720979020979021,0.05172697260192997,0.9722222222222221,0.05121969142940492,7.7422
500,20,0.5,2,5,0.9720979020979021,0.05172697260192997,0.9722222222222221,0.05121969142940492,7.8592
500,20,0.5,2,10,0.9720979020979021,0.05172697260192997,0.9722222222222221,0.05121969142940492,7.7299
500,20,0.5,5,1,0.9720979020979021,0.05172697260192997,0.9722222222222221,0.05121969142940492,7.7557
500,20,0.5,5,2,0.9720979020979021,0.05172697260192997,0.9722222222222221,0.05121969142940492,7.8416
500,20,0.5,5,5,0.9720979020979021,0.05172697260192997,0.9722222222222221,0.05121969142940492,7.9317
500,20,0.5,5,10,0.9720979020979021,0.05172697260192997,0.9722222222222221,0.05121969142940492,7.7699
500,20,0.5,10,1,0.9720979020979021,0.05172697260192997,0.9722222222222221,0.05121969142940492,7.7781
500,20,0.5,10,2,0.9720979020979021,0.05172697260192997,0.9722222222222221,0.05121969142940492,7.9509
500,20,0.5,10,5,0.9720979020979021,0.05172697260192997,0.9722222222222221,0.05121969142940492,7.8167
500,20,0.5,10,10,0.9720979020979021,0.05172697260192997,0.9722222222222221,0.05121969142940492,7.7581
500,20,0.5,20,1,0.9720979020979021,0.05172697260192997,0.9722222222222221,0.05121969142940492,7.7563
500,20,0.5,20,2,0.9720979020979021,0.05172697260192997,0.9722222222222221,0.05121969142940492,7.7796
500,20,0.5,20,5,0.9720979020979021,0.05172697260192997,0.9722222222222221,0.05121969142940492,7.7477
500,20,0.5,20,10,0.9720979020979021,0.05172697260192997,0.9722222222222221,0.05121969142940492,7.7308
500,20,1.0,2,1,0.9602320210653543,0.06830290534517108,0.961111111111111,0.06596856715021066,7.7168
500,20,1.0,2,2,0.9602320210653543,0.06830290534517108,0.961111111111111,0.06596856715021066,7.8514
500,20,1.0,2,5,0.9546764655097988,0.06709096976316563,0.9555555555555555,0.06478835438717001,7.7454
500,20,1.0,2,10,0.9547610722610722,0.07153024612643848,0.9555555555555555,0.06938886664887109,7.9738
500,20,1.0,5,1,0.9602320210653543,0.06830290534517108,0.961111111111111,0.06596856715021066,7.9848
500,20,1.0,5,2,0.9602320210653543,0.06830290534517108,0.961111111111111,0.06596856715021066,7.7997
500,20,1.0,5,5,0.9546764655097988,0.06709096976316563,0.9555555555555555,0.06478835438717001,7.7602
500,20,1.0,5,10,0.9547610722610722,0.07153024612643848,0.9555555555555555,0.06938886664887109,7.7944
500,20,1.0,10,1,0.9602320210653543,0.06830290534517108,0.961111111111111,0.06596856715021066,7.8101
500,20,1.0,10,2,0.9602320210653543,0.06830290534517108,0.961111111111111,0.06596856715021066,8.1209
500,20,1.0,10,5,0.9546764655097988,0.06709096976316563,0.9555555555555555,0.06478835438717001,7.8009
500,20,1.0,10,10,0.9547610722610722,0.07153024612643848,0.9555555555555555,0.06938886664887109,7.7482
500,20,1.0,20,1,0.9602320210653543,0.06830290534517108,0.961111111111111,0.06596856715021066,7.9976
500,20,1.0,20,2,0.9602320210653543,0.06830290534517108,0.961111111111111,0.06596856715021066,7.9573
500,20,1.0,20,5,0.9546764655097988,0.06709096976316563,0.9555555555555555,0.06478835438717001,7.7986
500,20,1.0,20,10,0.9547610722610722,0.07153024612643848,0.9555555555555555,0.06938886664887109,7.8648
