n_estimators,max_depth,max_features,min_samples_split,min_samples_leaf,mean_r2,std_r2,mean_rmse,std_rmse,time_s
50,,sqrt,2,1,0.8015471356599384,0.010777846580569236,51379.62480562513,1754.0199028719837,8.6615
50,,sqrt,2,2,0.8010080028271052,0.010462659830970002,51449.258953799945,1684.6680946482402,8.4999
50,,sqrt,2,5,0.7895005284773431,0.010879009652861028,52918.51147870964,1781.1809988943494,7.6107
50,,sqrt,2,10,0.7743184572534271,0.011864213122809704,54792.31724002344,1843.7279593096825,6.8037
50,,sqrt,5,1,0.8009371655188511,0.009681332881791018,51458.69883632696,1530.1786261262355,7.5894
50,,sqrt,5,2,0.7998830273044907,0.010703772760140232,51594.08432226421,1726.0857705132014,8.0041
50,,sqrt,5,5,0.7895005284773433,0.010879009652861014,52918.51147870964,1781.1809988943508,7.0574
50,,sqrt,5,10,0.7743184572534271,0.01186421312280973,54792.31724002344,1843.7279593096835,6.7275
50,,sqrt,10,1,0.7963642976429272,0.011203850493771648,52043.315162270315,1745.017977558675,7.334
50,,sqrt,10,2,0.795735483004247,0.011808300690239902,52123.22027850288,1845.4997622812728,7.2287
50,,sqrt,10,5,0.7895005284773433,0.010879009652861022,52918.51147870964,1781.1809988943517,6.4237
50,,sqrt,10,10,0.7743184572534271,0.011864213122809704,54792.31724002344,1843.7279593096846,6.4264
50,,sqrt,20,1,0.7883223140185301,0.0099078901977037,53068.06113307578,1630.9972970024992,7.6557
50,,sqrt,20,2,0.7861175880876681,0.010698332450905314,53342.131052418576,1713.1945272323856,8.1185
50,,sqrt,20,5,0.7797468117173671,0.011187685006798549,54128.01171702172,1694.3692370070128,6.4427
50,,sqrt,20,10,0.7743184572534271,0.01186421312280973,54792.31724002344,1843.727959309684,7.0015
50,,log2,2,1,0.8159243650195733,0.011974754638294342,49474.6921710007,1912.6908610159549,9.9242
50,,log2,2,2,0.8149770207391349,0.011037297191499365,49605.176077992306,1769.1583789362778,9.6019
50,,log2,2,5,0.8070094077641663,0.011152193302456271,50665.77197399646,1838.642503929931,8.1455
50,,log2,2,10,0.7942850610595367,0.012214232335090345,52307.98507492711,1921.2648693367948,7.1686
50,,log2,5,1,0.8159234178795602,0.010603044627721507,49481.24777066555,1775.6888174048117,9.6844
50,,log2,5,2,0.8140873254555018,0.011768607486402323,49720.83208143708,1842.2281733008997,8.9776
50,,log2,5,5,0.8070094077641663,0.01115219330245626,50665.77197399647,1838.6425039299309,7.9747
50,,log2,5,10,0.7942850610595367,0.012214232335090353,52307.98507492711,1921.2648693367962,7.0668
50,,log2,10,1,0.8124205298907665,0.01144306790855824,49946.39888154845,1838.9468968736292,9.1373
50,,log2,10,2,0.8110785809210569,0.011943489013352036,50121.431942631105,1866.806971556334,8.4268
50,,log2,10,5,0.8070094077641663,0.01115219330245626,50665.77197399646,1838.64250392993,8.5084
50,,log2,10,10,0.7942850610595367,0.012214232335090346,52307.98507492711,1921.2648693367971,7.8715
50,,log2,20,1,0.8058541451355475,0.011279880171909663,50814.33196457326,1775.356829339292,9.684
50,,log2,20,2,0.8057690452512463,0.011757287759454907,50825.66710156227,1896.0190421433917,9.7231
50,,log2,20,5,0.8011714562515124,0.012078230084503924,51422.223891082394,1876.0545945421184,8.531
50,,log2,20,10,0.7942850610595367,0.012214232335090345,52307.98507492711,1921.2648693367962,9.7246
50,,0.5,2,1,0.8219241340719519,0.011976656648272183,48661.653019643025,1964.3975254352372,13.1555
50,,0.5,2,2,0.8218015880946853,0.011136146244433782,48679.79048210325,1815.7383787396338,10.9847
50,,0.5,2,5,0.8162475225170327,0.011600985040116635,49434.14361049381,1900.5205502243905,10.3745
50,,0.5,2,10,0.8026673742226442,0.013247055417361164,51226.641592011336,2098.989942780915,10.314
50,,0.5,5,1,0.822105639892772,0.010351014886489818,48641.44411220328,1718.5235267927758,11.8093
50,,0.5,5,2,0.8224949805900537,0.011013918090276666,48588.34463034622,1880.7882923705565,10.9227
50,,0.5,5,5,0.8162475225170327,0.01160098504011664,49434.14361049382,1900.520550224389,10.6706
50,,0.5,5,10,0.8026673742226441,0.013247055417361155,51226.641592011336,2098.9899427809155,9.6418
50,,0.5,10,1,0.8182661314184341,0.011421737065487714,49160.73652470766,1856.5269225173683,12.2454
50,,0.5,10,2,0.8188501005445973,0.010588779394947744,49085.24092694833,1762.1182919345845,13.4484
50,,0.5,10,5,0.8162475225170327,0.011600985040116658,49434.14361049381,1900.52055022439,12.1442
50,,0.5,10,10,0.8026673742226441,0.013247055417361132,51226.641592011336,2098.9899427809137,10.2186
50,,0.5,20,1,0.8129890367014511,0.011366111269555525,49872.39528229484,1874.5163164624648,12.7462
50,,0.5,20,2,0.8118658477723681,0.01126415241387476,50019.27326524189,1760.7232092172494,13.2765
50,,0.5,20,5,0.8092956238528615,0.012550804175485188,50357.140634062955,1963.0806808116079,11.0955
50,,0.5,20,10,0.8026673742226441,0.01324705541736115,51226.641592011336,2098.989942780915,10.9657
50,,1.0,2,1,0.8204914125881471,0.012483838951393074,48855.86540778761,2049.6353562062654,20.7833
50,,1.0,2,2,0.8219265751508387,0.0129896365004577,48656.54474576768,2115.3287536140615,18.3883
50,,1.0,2,5,0.8172535372769636,0.01382853415639149,49287.463269005544,2189.440560896272,16.124
50,,1.0,2,10,0.8069523459514475,0.014136089379214218,50658.288546829375,2146.848215807458,14.7606
50,,1.0,5,1,0.8204597556991307,0.012785930167346212,48858.84351696778,2088.674777739157,19.1916
50,,1.0,5,2,0.821893223419569,0.012846600535321004,48661.919094661316,2097.7301720264595,18.0191
50,,1.0,5,5,0.8172535372769636,0.013828534156391462,49287.463269005544,2189.4405608962707,13.8153
50,,1.0,5,10,0.8069523459514475,0.014136089379214227,50658.288546829375,2146.8482158074585,12.1302
50,,1.0,10,1,0.8185931976090517,0.013117273396639116,49111.04426794815,2125.3538440978564,15.6715
50,,1.0,10,2,0.819695236584171,0.013040144262559667,48961.35120070765,2123.3043656597856,13.9249
50,,1.0,10,5,0.8172535372769636,0.013828534156391492,49287.463269005544,2189.4405608962716,13.5158
50,,1.0,10,10,0.8069523459514475,0.01413608937921422,50658.288546829375,2146.848215807458,12.5731
50,,1.0,20,1,0.8122345778641795,0.0140984274001856,49961.80619845302,2219.7643497972426,13.0678
50,,1.0,20,2,0.8132399358106477,0.013862361582669023,49828.044194304865,2185.3281032284076,14.1431
50,,1.0,20,5,0.812165170264603,0.01422112663741433,49968.25515497041,2202.235214459043,12.3496
50,,1.0,20,10,0.8069523459514475,0.014136089379214218,50658.288546829375,2146.848215807458,12.7805
50,5,sqrt,2,1,0.5727080815996242,0.011684513266889771,75407.79271535682,1625.9408538587963,4.2195
50,5,sqrt,2,2,0.5725143722096957,0.011817345143461474,75425.32543641116,1661.3390450969505,3.6463
50,5,sqrt,2,5,0.5745111800804874,0.01242767861458944,75249.06742456244,1737.2301656957534,6.9905
50,5,sqrt,2,10,0.5751173901754137,0.011527891287248387,75195.4126272529,1633.6553296581237,3.4607
50,5,sqrt,5,1,0.5718028002093115,0.011423995317633094,75487.96385072584,1610.3080309412235,2.3592
50,5,sqrt,5,2,0.5718763359653509,0.011492988638801941,75481.60142519497,1624.5035827257573,7.2069
50,5,sqrt,5,5,0.5745111800804874,0.012427678614589469,75249.06742456244,1737.2301656957525,3.232
50,5,sqrt,5,10,0.5751173901754137,0.011527891287248402,75195.41262725288,1633.6553296581233,3.7414
50,5,sqrt,10,1,0.5735762717249534,0.012297697907170564,75331.71481961492,1721.2427512579725,6.7265
50,5,sqrt,10,2,0.5736899159321539,0.012163164864042005,75322.09317711976,1725.4683364179598,2.5116
50,5,sqrt,10,5,0.5745111800804874,0.01242767861458948,75249.06742456244,1737.2301656957534,5.3661
50,5,sqrt,10,10,0.5751173901754137,0.011527891287248343,75195.4126272529,1633.6553296581208,6.2752
50,5,sqrt,20,1,0.5758090770433766,0.01161339349463894,75134.61591215977,1666.322207922793,1.4507
50,5,sqrt,20,2,0.5758745245864462,0.011735307111876897,75128.83309743796,1680.864763780435,6.1298
50,5,sqrt,20,5,0.5759195157322088,0.012153315600752935,75124.27187069372,1700.6574980326866,5.6863
50,5,sqrt,20,10,0.5751173901754137,0.011527891287248392,75195.41262725288,1633.6553296581228,2.3476
50,5,log2,2,1,0.617926305918008,0.014932607536974474,71299.03123381671,1842.3415080294453,7.9766
50,5,log2,2,2,0.6177136433445205,0.014788128024366482,71319.4236854953,1841.0633604634227,3.7569
50,5,log2,2,5,0.6174715832064044,0.01474192138336888,71342.99331527055,1874.0494896669586,4.3976
50,5,log2,2,10,0.6170606748931762,0.014735055634733051,71380.56680212442,1841.7297245123675,7.7701
50,5,log2,5,1,0.6178442835162767,0.015017014292473513,71306.73827087035,1856.5508280471736,2.6179
50,5,log2,5,2,0.6177588627162883,0.014812329539116568,71315.15332351587,1842.2681391542949,7.9908
50,5,log2,5,5,0.6174715832064044,0.014741921383368885,71342.99331527055,1874.0494896669609,3.9814
50,5,log2,5,10,0.6170606748931762,0.014735055634733046,71380.56680212442,1841.7297245123696,5.5512
50,5,log2,10,1,0.6173549957861454,0.014978755744349375,71353.05831973327,1876.8248991356966,6.8448
50,5,log2,10,2,0.6173841458897387,0.01485796747512216,71350.67226387607,1871.3407706814387,2.9821
50,5,log2,10,5,0.6174715832064044,0.014741921383368856,71342.99331527055,1874.0494896669609,7.9267
50,5,log2,10,10,0.6170606748931762,0.014735055634733051,71380.56680212442,1841.7297245123675,3.4702
50,5,log2,20,1,0.6171178719289593,0.014883984690913545,71374.57136909859,1838.7801581589026,5.3294
50,5,log2,20,2,0.617155563524632,0.014770067070309133,71371.36648934877,1833.2741976031332,6.6246
50,5,log2,20,5,0.6171453336867101,0.014656309231785621,71372.76334054818,1835.0806073177794,4.0765
50,5,log2,20,10,0.6170606748931762,0.014735055634733044,71380.56680212442,1841.7297245123675,8.4858
50,5,0.5,2,1,0.6353306047400032,0.014830516469097806,69655.93882805677,1865.6132803268208,3.4979
50,5,0.5,2,2,0.6354535046011976,0.01474126404312341,69644.29146114133,1856.0752282943174,9.0591
50,5,0.5,2,5,0.6350990067038624,0.015155390883366007,69677.1353646753,1876.5091683875917,3.6149
50,5,0.5,2,10,0.6350477247662832,0.01488899051271284,69681.88626734473,1832.1202657073568,7.9454
50,5,0.5,5,1,0.6355224488086842,0.014769009833336882,69637.68498164896,1859.5577130928862,5.4272
50,5,0.5,5,2,0.635583811846421,0.014772132430249513,69631.72243650057,1856.1359827271842,8.0981
50,5,0.5,5,5,0.6350990067038624,0.015155390883366033,69677.1353646753,1876.5091683875912,5.5308
50,5,0.5,5,10,0.6350477247662832,0.014888990512712868,69681.88626734473,1832.1202657073604,7.9404
50,5,0.5,10,1,0.635168807764811,0.01512706422065725,69670.514604295,1874.0129624324634,5.2631
50,5,0.5,10,2,0.6352264415799106,0.015122847310209974,69664.90151627363,1869.1898242937548,5.4558
50,5,0.5,10,5,0.6350990067038624,0.015155390883366034,69677.1353646753,1876.5091683875933,7.8407
50,5,0.5,10,10,0.6350477247662832,0.014888990512712834,69681.88626734473,1832.1202657073547,4.2525
50,5,0.5,20,1,0.6350304761175818,0.014958136256437387,69683.11188916028,1824.7628520965698,8.6742
50,5,0.5,20,2,0.6350663960785145,0.014972902386921866,69679.6054091842,1823.985516061797,2.8197
50,5,0.5,20,5,0.6349215295183491,0.014983758009458854,69693.55480940899,1830.1227873436728,8.6318
50,5,0.5,20,10,0.6350477247662832,0.014888990512712846,69681.88626734473,1832.120265707358,3.5798
50,5,1.0,2,1,0.6190865694174075,0.012987350911571492,71192.62505625593,1641.7738726409402,9.2495
50,5,1.0,2,2,0.6191561205894753,0.013008263419219044,71186.07268726756,1642.4770356072422,5.4919
50,5,1.0,2,5,0.6190998165100465,0.013138515307681396,71191.10900373275,1651.2420514200433,9.7002
50,5,1.0,2,10,0.6192861265473351,0.013339296123017368,71173.29650386938,1663.7010886575774,6.6333
50,5,1.0,5,1,0.6190818992106918,0.012999599754218619,71193.05919039757,1643.437184147707,7.6541
50,5,1.0,5,2,0.61915363850483,0.013008283243027356,71186.30695026484,1642.5645992460554,8.6531
50,5,1.0,5,5,0.6190998165100465,0.013138515307681413,71191.10900373275,1651.2420514200437,7.0231
50,5,1.0,5,10,0.6192861265473351,0.013339296123017368,71173.29650386938,1663.7010886575774,8.4999
50,5,1.0,10,1,0.6188827427452086,0.013050562434028351,71211.65383976081,1649.5695991136834,8.2167
50,5,1.0,10,2,0.6189391815043018,0.013063558605011119,71206.30972040952,1648.2602650891706,6.6173
50,5,1.0,10,5,0.6190998165100465,0.013138515307681408,71191.10900373275,1651.2420514200433,9.5508
50,5,1.0,10,10,0.619286126547335,0.013339296123017373,71173.29650386938,1663.7010886575788,6.437
50,5,1.0,20,1,0.618754660569928,0.013081967414400219,71223.6526404515,1655.185148463749,6.8459
50,5,1.0,20,2,0.618816325404633,0.013088970839199552,71217.82670918971,1653.299900417782,9.1587
50,5,1.0,20,5,0.6190307797125687,0.013149382590751707,71197.5696063873,1652.8826062139754,5.962
50,5,1.0,20,10,0.6192861265473351,0.013339296123017368,71173.29650386938,1663.701088657576,8.9372
50,10,sqrt,2,1,0.7404334846266794,0.011619086017356967,58764.82923431215,1691.2426221503997,4.2592
50,10,sqrt,2,2,0.7397431879600049,0.010185969821516469,58843.94379084699,1470.2825121470341,7.9414
50,10,sqrt,2,5,0.7397265884641673,0.010198151618203238,58847.79025525444,1548.1571975463428,4.6045
50,10,sqrt,2,10,0.7357214923556972,0.011756775396971664,59295.40243033739,1676.0301075503519,6.4774
50,10,sqrt,5,1,0.741781306959531,0.012502391972170191,58611.14435460215,1828.7884144709594,5.4594
50,10,sqrt,5,2,0.7410062687991055,0.011773073452267356,58699.10469209957,1681.6658592815609,6.0452
50,10,sqrt,5,5,0.7397265884641673,0.010198151618203224,58847.79025525444,1548.1571975463435,6.0966
50,10,sqrt,5,10,0.7357214923556972,0.011756775396971689,59295.40243033739,1676.0301075503533,4.9373
50,10,sqrt,10,1,0.7388035384580462,0.012350717490391266,58947.78105017686,1769.266875079942,7.3644
50,10,sqrt,10,2,0.7403082638875159,0.012152087163221007,58778.88698082864,1787.6005002102818,4.1388
50,10,sqrt,10,5,0.7397265884641673,0.010198151618203224,58847.79025525444,1548.1571975463432,8.5857
50,10,sqrt,10,10,0.7357214923556972,0.011756775396971664,59295.40243033739,1676.030107550353,3.7915
50,10,sqrt,20,1,0.7370024798610109,0.011511691424180142,59152.9550323419,1693.6019582269078,8.3495
50,10,sqrt,20,2,0.7378705564725749,0.012870749009031306,59051.46656691126,1805.4569756445508,4.9307
50,10,sqrt,20,5,0.7362868373928922,0.012502147193778977,59230.88281271617,1784.9822178953732,7.0583
50,10,sqrt,20,10,0.7357214923556972,0.011756775396971657,59295.40243033739,1676.0301075503514,7.3071
50,10,log2,2,1,0.7655798154094996,0.012298473045338884,55839.108175944326,1751.3369287933037,5.457
50,10,log2,2,2,0.7680102027299297,0.012225415710651649,55547.07570641597,1682.4714041950995,9.4422
50,10,log2,2,5,0.7653672098047615,0.01237957714637868,55865.95307302482,1800.297987940312,6.05
50,10,log2,2,10,0.7619717347135024,0.0127957517647459,56269.03719322079,1884.7144671543492,7.4477
50,10,log2,5,1,0.766190098578156,0.01349641974051815,55763.5914170484,1894.0797521099041,8.9537
50,10,log2,5,2,0.7670419175052324,0.01274749483950637,55662.84060882197,1771.2152615933223,7.0171
50,10,log2,5,5,0.7653672098047613,0.012379577146378669,55865.95307302481,1800.2979879403115,10.7299
50,10,log2,5,10,0.7619717347135024,0.0127957517647459,56269.03719322079,1884.7144671543506,6.1546
50,10,log2,10,1,0.7644694661793395,0.013416839815847072,55965.25254587928,1776.7709785377701,9.8193
50,10,log2,10,2,0.7653317312117984,0.01363903598317478,55865.67499225654,1937.2419726214741,5.8112
50,10,log2,10,5,0.7653672098047615,0.012379577146378686,55865.95307302481,1800.2979879403122,10.1161
50,10,log2,10,10,0.7619717347135024,0.0127957517647459,56269.03719322079,1884.7144671543494,6.3143
50,10,log2,20,1,0.7636278731975035,0.012144888182650606,56073.28132630966,1768.3438425740317,9.1825
50,10,log2,20,2,0.7648405916329251,0.012271071012078036,55928.363560391546,1776.7987838073266,9.0682
50,10,log2,20,5,0.7653782312325333,0.012971383100184005,55862.704634793525,1860.5504313194729,7.5402
50,10,log2,20,10,0.7619717347135024,0.0127957517647459,56269.03719322079,1884.7144671543501,10.2777
50,10,0.5,2,1,0.7770722127000258,0.012812227095454879,54450.365122224655,1850.6936181148735,8.4148
50,10,0.5,2,2,0.7770438612402678,0.011620801731592897,54457.6909106405,1721.2794939481864,11.0092
50,10,0.5,2,5,0.7758841164478031,0.013213547038437095,54594.40396392399,1887.4392485405237,9.6579
50,10,0.5,2,10,0.7734459652618549,0.012480331617036202,54894.91252581434,1857.6387310046428,7.8996
50,10,0.5,5,1,0.7756097760293951,0.012543336778675248,54628.268540020625,1771.9236356400731,11.7775
50,10,0.5,5,2,0.7764819919074979,0.012156914719683066,54524.25161769441,1763.6830785188697,7.6265
50,10,0.5,5,5,0.7758841164478031,0.013213547038437108,54594.40396392399,1887.4392485405237,9.4321
50,10,0.5,5,10,0.7734459652618549,0.012480331617036199,54894.91252581433,1857.6387310046423,8.5665
50,10,0.5,10,1,0.7752624814037852,0.012323198117245342,54673.960369150656,1818.557709413142,7.4756
50,10,0.5,10,2,0.7767132867436436,0.011701282339221972,54499.58505648792,1772.79279977735,11.4413
50,10,0.5,10,5,0.7758841164478031,0.013213547038437095,54594.40396392399,1887.4392485405237,7.1464
50,10,0.5,10,10,0.7734459652618549,0.012480331617036202,54894.91252581434,1857.6387310046434,8.6158
50,10,0.5,20,1,0.774009821947904,0.011476979128489013,54828.961950209945,1738.9127616639335,10.3105
50,10,0.5,20,2,0.773382103862005,0.011514839960717435,54903.39097130128,1685.071747626883,6.5919
50,10,0.5,20,5,0.7747233222885059,0.012139974655608116,54738.45453904779,1758.7739257488572,9.3117
50,10,0.5,20,10,0.7734459652618549,0.012480331617036211,54894.91252581434,1857.6387310046437,7.5202
50,10,1.0,2,1,0.7872417213140024,0.012642965479022838,53194.92650109973,1930.4232578686986,12.4214
50,10,1.0,2,2,0.78816726569369,0.012740392983245039,53078.71780612087,1950.857418755988,11.786
50,10,1.0,2,5,0.7876106579426745,0.013362676702366617,53144.86744740825,1989.8850232617244,12.7068
50,10,1.0,2,10,0.7842801876852429,0.013656132935779667,53558.29946874581,1976.1157907359038,12.1377
50,10,1.0,5,1,0.7869716326367907,0.012707679141167721,53228.919109801514,1947.1341685686332,11.3194
50,10,1.0,5,2,0.7879853882807378,0.012714160383241363,53101.34277774526,1941.0565296129278,11.3287
50,10,1.0,5,5,0.7876106579426745,0.013362676702366622,53144.86744740825,1989.8850232617244,12.2688
50,10,1.0,5,10,0.7842801876852429,0.013656132935779667,53558.29946874581,1976.115790735905,10.9949
50,10,1.0,10,1,0.786419559191502,0.0132345869582332,53295.466086885965,1989.2989894719246,11.5508
50,10,1.0,10,2,0.7874968575503218,0.013028288764715883,53161.20199476227,1968.1355625569227,12.6923
50,10,1.0,10,5,0.7876106579426745,0.013362676702366617,53144.86744740825,1989.885023261724,12.4565
50,10,1.0,10,10,0.7842801876852429,0.013656132935779667,53558.29946874581,1976.1157907359045,10.5746
50,10,1.0,20,1,0.7841168887839319,0.013784536921720665,53580.41446339803,2044.1769886618258,12.5349
50,10,1.0,20,2,0.7851010022810792,0.013186090718906808,53459.954636524526,1979.1045987047146,12.0956
50,10,1.0,20,5,0.7856585130976317,0.013666500864002075,53387.570157474605,2010.3209899289475,11.6243
50,10,1.0,20,10,0.7842801876852429,0.013656132935779667,53558.29946874581,1976.1157907359045,12.3529
50,20,sqrt,2,1,0.7994181929638697,0.009633980896434401,51655.44119112543,1538.791125727682,9.3043
50,20,sqrt,2,2,0.7988314861085067,0.010178115749022595,51730.07237367359,1615.8658749582721,10.0635
50,20,sqrt,2,5,0.7885288407979627,0.011600983010669579,53036.92072572819,1810.595247026395,5.9996
50,20,sqrt,2,10,0.7738354883710081,0.012168542016030515,54849.01050870701,1843.2272748777004,6.7742
50,20,sqrt,5,1,0.799448814841246,0.009144488976822497,51652.49048501439,1463.588270570769,9.923
50,20,sqrt,5,2,0.7987554843838276,0.011112350982456842,51737.61344228005,1748.6490446599496,7.0867
50,20,sqrt,5,5,0.7885288407979627,0.011600983010669579,53036.92072572819,1810.595247026395,8.5813
50,20,sqrt,5,10,0.7738354883710081,0.012168542016030511,54849.01050870701,1843.2272748777004,8.9541
50,20,sqrt,10,1,0.7966165483529521,0.009770418943172121,52017.21881700889,1612.7242876275807,8.636
50,20,sqrt,10,2,0.7947790984256039,0.011281202922491629,52245.95177878527,1752.9302363326588,8.5189
50,20,sqrt,10,5,0.7885288407979627,0.011600983010669579,53036.92072572819,1810.595247026395,8.3411
50,20,sqrt,10,10,0.7738354883710081,0.012168542016030522,54849.01050870701,1843.2272748777007,10.0805
50,20,sqrt,20,1,0.7870703701029388,0.010492962427952593,53223.56717749014,1698.7707037174785,7.1897
50,20,sqrt,20,2,0.7864224339034419,0.010968773071670393,53302.20155623606,1712.5172041744265,7.5507
50,20,sqrt,20,5,0.7806656274623865,0.011172197105474294,54015.97962325192,1731.4187179540975,10.7035
50,20,sqrt,20,10,0.7738354883710081,0.012168542016030529,54849.01050870701,1843.2272748777007,7.2318
50,20,log2,2,1,0.8145246314718939,0.010388221572853365,49669.76014605739,1732.0850389947527,11.1812
50,20,log2,2,2,0.8154814076290593,0.011391295652191366,49537.863668087324,1870.1197465289722,11.9353
50,20,log2,2,5,0.8075524303102595,0.010451814561072787,50597.363275871976,1771.695472894242,7.8533
50,20,log2,2,10,0.7948491877162794,0.012196735736782734,52235.40490115229,1908.3985212750163,10.5048
50,20,log2,5,1,0.8149817260950651,0.010933550117875078,49605.541818913895,1787.6245826991683,10.6318
50,20,log2,5,2,0.8140631629613994,0.010459970755914079,49730.38483759328,1708.360165871725,12.3995
50,20,log2,5,5,0.8075524303102595,0.010451814561072813,50597.363275871976,1771.6954728942435,10.3007
50,20,log2,5,10,0.7948491877162794,0.012196735736782751,52235.40490115229,1908.3985212750158,10.9202
50,20,log2,10,1,0.8120709418460219,0.011060962048066041,49994.343556135485,1794.6390001947725,11.1274
50,20,log2,10,2,0.8118963120479824,0.01144811135696122,50016.38077143028,1837.1091685624667,10.5314
50,20,log2,10,5,0.8075524303102595,0.010451814561072798,50597.363275871976,1771.6954728942426,12.6701
50,20,log2,10,10,0.7948491877162794,0.012196735736782751,52235.40490115229,1908.3985212750176,9.3858
50,20,log2,20,1,0.805628685762267,0.0111347530895966,50845.64794469041,1793.255940860909,9.9467
50,20,log2,20,2,0.8048789518078575,0.011496915807384647,50942.35502131402,1838.3778905910358,10.9768
50,20,log2,20,5,0.8014849660305299,0.01226871165323509,51381.10608840054,1909.7792577646433,9.9523
50,20,log2,20,10,0.7948491877162794,0.012196735736782751,52235.40490115229,1908.398521275017,8.939
50,20,0.5,2,1,0.8218018860659788,0.01074535080488771,48681.786235118736,1787.2866656925185,12.6196
50,20,0.5,2,2,0.8223785874853705,0.010016767323273973,48604.90482707343,1679.7274648564742,13.5675
50,20,0.5,2,5,0.8151162903208986,0.01170802178764847,49586.06955749936,1940.879355563966,11.4775
50,20,0.5,2,10,0.802424665523078,0.012521181813830138,51260.77640573449,2004.8200967110213,8.8535
50,20,0.5,5,1,0.8219364024345908,0.011289849399319533,48658.79805354762,1768.5345349142926,13.0224
50,20,0.5,5,2,0.8207048230505561,0.009804893921999793,48837.29887663677,1710.2236894998218,12.6485
50,20,0.5,5,5,0.8151162903208986,0.011708021787648465,49586.06955749936,1940.8793555639663,12.0496
50,20,0.5,5,10,0.802424665523078,0.012521181813830138,51260.77640573449,2004.8200967110222,8.7153
50,20,0.5,10,1,0.8173733837992868,0.012149318019246126,49279.51100382993,1970.3866594106278,10.5796
50,20,0.5,10,2,0.8192967221097002,0.010333404872326033,49023.80922681191,1679.8685694336507,12.8283
50,20,0.5,10,5,0.8151162903208986,0.011708021787648475,49586.06955749936,1940.8793555639677,10.8842
50,20,0.5,10,10,0.802424665523078,0.012521181813830138,51260.77640573449,2004.8200967110222,8.1847
50,20,0.5,20,1,0.8131035143291181,0.010914000988927341,49858.59967097557,1814.829160190804,10.193
50,20,0.5,20,2,0.8119880192342463,0.010555550266343533,50006.62730780839,1705.7965192586755,11.6721
50,20,0.5,20,5,0.8095898881665644,0.013060451275376908,50317.84577574038,2071.758583490922,10.4904
50,20,0.5,20,10,0.802424665523078,0.012521181813830152,51260.77640573449,2004.8200967110201,8.8032
50,20,1.0,2,1,0.8206215602033705,0.012148125257953037,48840.05695125178,2016.3572585582335,19.0647
50,20,1.0,2,2,0.8220227335831053,0.012790919414581792,48644.34909652092,2090.0476610137566,17.0121
50,20,1.0,2,5,0.8173189828210539,0.013794658311350695,49278.695557207546,2182.6450830330077,15.5225
50,20,1.0,2,10,0.8069279619309894,0.014139666462737151,50661.428306698836,2146.128114581481,14.7498
50,20,1.0,5,1,0.8202173818974048,0.01292367893593237,48891.253766392256,2103.659245928167,18.8739
50,20,1.0,5,2,0.8218334439120769,0.012564514413401251,48671.65143191478,2065.6404758302538,18.9374
50,20,1.0,5,5,0.8173189828210539,0.013794658311350676,49278.695557207546,2182.6450830330073,16.3922
50,20,1.0,5,10,0.8069279619309894,0.014139666462737151,50661.428306698836,2146.1281145814824,14.7786
50,20,1.0,10,1,0.8184016185415931,0.01325451057054148,49136.14898822071,2135.631890676234,18.3684
50,20,1.0,10,2,0.8196205570593673,0.013000669426319776,48971.73518916448,2118.6419671733092,17.5119
50,20,1.0,10,5,0.8173189828210539,0.01379465831135069,49278.69555720755,2182.6450830330086,16.3392
50,20,1.0,10,10,0.8069279619309894,0.014139666462737151,50661.428306698836,2146.128114581482,14.1385
50,20,1.0,20,1,0.812068562420742,0.014066622082202952,49984.054535993695,2214.1819185427107,16.2153
50,20,1.0,20,2,0.8131980762720371,0.013776642722270189,49833.92056575608,2174.7472113596623,15.5417
50,20,1.0,20,5,0.8121373275956373,0.014166929633056638,49972.16204601994,2193.8889844648766,15.4801
50,20,1.0,20,10,0.8069279619309894,0.014139666462737151,50661.428306698836,2146.1281145814805,17.9376
100,,sqrt,2,1,0.8041620749696399,0.010737202502345042,51038.391247229745,1718.5203440617524,19.2892
100,,sqrt,2,2,0.8020637383944982,0.010955875851897818,51310.18456854382,1726.9808000615603,15.9034
100,,sqrt,2,5,0.7906141964005078,0.010340270998301817,52778.34691629004,1677.8605277431566,13.3168
100,,sqrt,2,10,0.7756267330494799,0.011427979657481784,54633.39520638306,1767.7023325350615,12.6801
100,,sqrt,5,1,0.8033093404575288,0.01023993319883643,51150.09123800537,1630.4417714992649,16.6367
100,,sqrt,5,2,0.8010195507606672,0.010619237884780565,51447.30128771423,1718.6032499434436,14.9146
100,,sqrt,5,5,0.7906141964005079,0.010340270998301804,52778.34691629004,1677.860527743155,14.7894
100,,sqrt,5,10,0.7756267330494799,0.011427979657481784,54633.39520638306,1767.7023325350644,14.1825
100,,sqrt,10,1,0.7985046128864532,0.011049903865077064,51769.13023751416,1721.7939076638083,15.2304
100,,sqrt,10,2,0.7977543052856756,0.011254247393562634,51864.987624042624,1740.886990863296,13.8013
100,,sqrt,10,5,0.7906141964005078,0.010340270998301825,52778.34691629004,1677.8605277431552,12.4414
100,,sqrt,10,10,0.7756267330494799,0.011427979657481794,54633.39520638306,1767.702332535062,11.9561
100,,sqrt,20,1,0.7896011431382781,0.010045507115102445,52905.300544974816,1593.8473026535726,12.1585
100,,sqrt,20,2,0.7881744518390431,0.01078456678126172,53083.52743021895,1702.0653932927253,13.7169
100,,sqrt,20,5,0.7832100089345451,0.011038875675430947,53702.270875524984,1732.8602078029332,15.5546
100,,sqrt,20,10,0.7756267330494799,0.011427979657481794,54633.39520638306,1767.7023325350635,15.2788
100,,log2,2,1,0.8174534831321205,0.011992302797857082,49269.094907905426,1945.4981660679543,20.2682
100,,log2,2,2,0.8176378999383932,0.011486145426483392,49247.48444358345,1907.9561073606492,18.4175
100,,log2,2,5,0.8083616060678306,0.011149442006706978,50486.99459166356,1820.1195619895934,17.6656
100,,log2,2,10,0.7947379352489208,0.01212331997478091,52250.706863361076,1915.1982330010162,16.2944
100,,log2,5,1,0.8174698090711082,0.011007728206333903,49271.797522543886,1848.615237819098,19.1225
100,,log2,5,2,0.8160403306608984,0.011434200789143516,49461.787581392135,1856.6497522056063,16.057
100,,log2,5,5,0.8083616060678306,0.011149442006706978,50486.99459166356,1820.1195619895918,17.915
100,,log2,5,10,0.7947379352489208,0.012123319974780918,52250.706863361076,1915.1982330010167,14.9981
100,,log2,10,1,0.8141415001866126,0.011421554688675749,49716.84622290195,1854.2001328985498,18.3096
100,,log2,10,2,0.8129643443151684,0.011272626054443041,49873.74493900566,1806.6621401911318,16.7681
100,,log2,10,5,0.8083616060678306,0.011149442006706978,50486.99459166356,1820.1195619895934,16.4885
100,,log2,10,10,0.7947379352489208,0.01212331997478091,52250.706863361076,1915.1982330010162,14.2251
100,,log2,20,1,0.8060089228513677,0.011472597183206739,50794.308906723854,1830.5175713602748,14.8206
100,,log2,20,2,0.8057876197296601,0.011717123426141004,50823.766666410134,1901.2180059647267,14.4503
100,,log2,20,5,0.8019004855748374,0.011935369938760045,51328.67639671079,1877.5480977141972,12.104
100,,log2,20,10,0.7947379352489208,0.012123319974780918,52250.706863361076,1915.1982330010167,11.0446
100,,0.5,2,1,0.8244125832559781,0.011737751246956427,48320.36921693347,1939.6364040888789,19.9457
100,,0.5,2,2,0.8240913923250999,0.01106554953575864,48365.93279576243,1820.5802629588043,17.3452
100,,0.5,2,5,0.8167675803720538,0.011937355541626529,49362.23997014539,1936.540794407834,13.7068
100,,0.5,2,10,0.8043875632306564,0.013260096441994162,51001.78792836198,2095.0679692146145,15.6236
100,,0.5,5,1,0.8241871981968849,0.010530159116377306,48355.1481319614,1755.3993411743022,15.9785
100,,0.5,5,2,0.8236739416939944,0.01094510156035171,48425.72361609191,1845.2286142643807,19.1765
100,,0.5,5,5,0.8167675803720538,0.011937355541626561,49362.23997014538,1936.5407944078356,12.5109
100,,0.5,5,10,0.8043875632306564,0.013260096441994168,51001.78792836198,2095.067969214615,15.8622
100,,0.5,10,1,0.8202914012572082,0.011857028816366513,48882.79646246981,1899.090059251549,14.7034
100,,0.5,10,2,0.8205360530644729,0.011364228625724455,48852.41978649058,1857.1503598689198,18.4158
100,,0.5,10,5,0.8167675803720538,0.011937355541626532,49362.23997014538,1936.5407944078356,13.7361
100,,0.5,10,10,0.8043875632306564,0.013260096441994168,51001.78792836198,2095.0679692146155,15.145
100,,0.5,20,1,0.8141496689018448,0.011675279984390028,49715.5786618992,1906.3849785993998,16.0729
100,,0.5,20,2,0.8133604298037886,0.012021598793850416,49817.43516893685,1883.3667029508158,14.1275
100,,0.5,20,5,0.8116021039630604,0.012458382851021809,50051.75452276469,1978.7218534161527,16.432
100,,0.5,20,10,0.8043875632306564,0.013260096441994152,51001.78792836198,2095.067969214614,11.3905
100,,1.0,2,1,0.8229819913585535,0.012330795590249929,48514.488661766416,2006.5970576580787,32.0195
100,,1.0,2,2,0.8238808757428716,0.012570915209732542,48389.52233059576,2049.997362653585,28.8316
100,,1.0,2,5,0.8186143278650843,0.013723226809515827,49103.21703130876,2169.7464997126626,23.8249
100,,1.0,2,10,0.8077777023139623,0.014438754497629517,50548.752786436635,2197.6457419151366,20.0209
100,,1.0,5,1,0.8228314683942493,0.012502085080806703,48534.44090581339,2033.0526957239185,28.5249
100,,1.0,5,2,0.8237321421290332,0.012615360994713781,48410.19754848468,2063.9086506350814,29.9963
100,,1.0,5,5,0.8186143278650843,0.01372322680951582,49103.21703130876,2169.7464997126617,24.1216
100,,1.0,5,10,0.8077777023139621,0.014438754497629533,50548.752786436635,2197.645741915137,22.0917
100,,1.0,10,1,0.8204258578974525,0.01305869808051227,48860.83979975735,2099.383589521779,27.1213
100,,1.0,10,2,0.8213200510827472,0.013008439861021412,48738.86619534113,2100.2232599803415,29.1944
100,,1.0,10,5,0.8186143278650843,0.01372322680951582,49103.21703130876,2169.746499712662,24.4113
100,,1.0,10,10,0.8077777023139621,0.014438754497629533,50548.752786436635,2197.645741915139,20.4455
100,,1.0,20,1,0.8137782119901977,0.013953454122179616,49754.84233976652,2179.8172516190734,27.2646
100,,1.0,20,2,0.8146550497519149,0.013851840573211347,49637.57598336514,2170.9556376501637,25.5581
100,,1.0,20,5,0.8132220824356592,0.014221707443658462,49826.83012047801,2200.955522702607,22.6814
100,,1.0,20,10,0.8077777023139621,0.014438754497629533,50548.752786436635,2197.645741915137,20.751
100,5,sqrt,2,1,0.5707970717202902,0.01264070723212677,75575.77895272826,1715.5165732626253,9.7682
100,5,sqrt,2,2,0.5710128833026353,0.012917195821133709,75556.90406632544,1753.5933861143599,9.6791
100,5,sqrt,2,5,0.5724347106290136,0.013153677943489829,75431.93414511267,1798.7619829090656,5.4757
100,5,sqrt,2,10,0.5725293017772739,0.012710773987405001,75423.11321875549,1727.0844977575598,4.711
100,5,sqrt,5,1,0.5706364074537936,0.012755521466996003,75589.82220677349,1723.3750414217238,10.4194
100,5,sqrt,5,2,0.570708582748604,0.012798439144856526,75583.49747226128,1730.2571004737886,9.4851
100,5,sqrt,5,5,0.5724347106290136,0.013153677943489822,75431.93414511267,1798.7619829090645,4.1868
100,5,sqrt,5,10,0.5725293017772739,0.012710773987404987,75423.11321875549,1727.0844977575637,6.7278
100,5,sqrt,10,1,0.5717057957495387,0.01311295609236361,75496.1923384543,1792.1597054721472,9.7552
100,5,sqrt,10,2,0.5717691261384306,0.013049072300741874,75490.81073303655,1793.8050349137395,7.5976
100,5,sqrt,10,5,0.5724347106290136,0.013153677943489827,75431.93414511267,1798.7619829090652,3.1552
100,5,sqrt,10,10,0.5725293017772739,0.012710773987404984,75423.11321875549,1727.0844977575587,9.0817
100,5,sqrt,20,1,0.5732248422487924,0.01278032316617744,75361.79828713372,1739.654623446069,9.9171
100,5,sqrt,20,2,0.5732739298658639,0.012837842183546354,75357.45282088376,1746.2218554872077,6.5709
100,5,sqrt,20,5,0.5734750824410835,0.013081942579507894,75339.35998509752,1760.4616622499868,3.9009
100,5,sqrt,20,10,0.5725293017772739,0.012710773987405001,75423.11321875549,1727.0844977575578,10.1478
100,5,log2,2,1,0.6157643796703465,0.014716149022039883,71501.25055344157,1829.1980766799359,10.5271
100,5,log2,2,2,0.6157000380523246,0.014689730445514948,71507.28855507194,1826.267161655988,4.5395
100,5,log2,2,5,0.6156339995864186,0.014615276023411668,71514.06938773268,1840.897010330901,8.5477
100,5,log2,2,10,0.6155067897833044,0.014719978646178312,71525.59224480098,1843.7144194594273,10.2842
100,5,log2,5,1,0.615735790272298,0.014718389278303358,71503.97606094173,1831.886723447474,6.7359
100,5,log2,5,2,0.6157005962139311,0.01466931914113364,71507.27078121473,1824.5025943632766,5.5937
100,5,log2,5,5,0.6156339995864186,0.014615276023411686,71514.06938773268,1840.8970103309032,10.3756
100,5,log2,5,10,0.6155067897833045,0.014719978646178307,71525.59224480098,1843.7144194594275,8.7681
100,5,log2,10,1,0.6155668428304735,0.01463732846147803,71520.11930404525,1836.4993680233697,3.3139
100,5,log2,10,2,0.6155857286658889,0.014671008263909475,71518.27426726706,1836.9639930072085,9.6141
100,5,log2,10,5,0.6156339995864186,0.014615276023411686,71514.06938773268,1840.8970103309032,10.1595
100,5,log2,10,10,0.6155067897833044,0.014719978646178303,71525.59224480098,1843.7144194594284,5.6067
100,5,log2,20,1,0.615710857938042,0.01465275758349957,71506.6577910177,1836.5244170103897,8.7543
100,5,log2,20,2,0.6157367135304703,0.014678873258448162,71504.18923916714,1836.9231195950922,11.2998
100,5,log2,20,5,0.6157186036824455,0.014666318084490962,71506.05437024211,1842.8584000775454,6.0826
100,5,log2,20,10,0.6155067897833044,0.014719978646178319,71525.59224480098,1843.7144194594273,9.7836
100,5,0.5,2,1,0.634788113600554,0.01486540544924822,69707.04304529619,1845.483634887866,11.6822
100,5,0.5,2,2,0.6348160553470164,0.014942134046452964,69704.276312765,1853.262150083448,6.7272
100,5,0.5,2,5,0.6347679492335854,0.015128293935070654,69708.17512201403,1853.3885046011933,11.6122
100,5,0.5,2,10,0.6347049145301817,0.01499543789163753,69714.1525850209,1832.7091410310659,11.0011
100,5,0.5,5,1,0.6349317351733588,0.014900685990141984,69693.3463631046,1851.6528461227506,6.3302
100,5,0.5,5,2,0.6348841294199645,0.014927648074700888,69697.78226431034,1851.2837959830904,12.0805
100,5,0.5,5,5,0.6347679492335854,0.015128293935070626,69708.17512201403,1853.3885046011908,9.4014
100,5,0.5,5,10,0.6347049145301817,0.014995437891637544,69714.1525850209,1832.7091410310659,7.6945
100,5,0.5,10,1,0.6347938431446467,0.01513115158908592,69705.59761983578,1849.9405421802057,11.831
100,5,0.5,10,2,0.6348509071523656,0.015110012561890247,69700.14867069219,1846.628365134418,7.2397
100,5,0.5,10,5,0.6347679492335854,0.015128293935070617,69708.17512201403,1853.3885046011894,11.3388
100,5,0.5,10,10,0.6347049145301817,0.014995437891637547,69714.15258502091,1832.7091410310663,10.942
100,5,0.5,20,1,0.6347809852258025,0.015096015743088208,69706.39803574937,1827.763498631256,9.9953
100,5,0.5,20,2,0.6348269597161482,0.015081849537939715,69702.01784995702,1825.9146212006706,12.2666
100,5,0.5,20,5,0.6347512085249872,0.015069955015817418,69709.39232962498,1829.5583509229864,6.9184
100,5,0.5,20,10,0.6347049145301817,0.014995437891637561,69714.15258502091,1832.7091410310663,13.1708
100,5,1.0,2,1,0.6194608359162366,0.01306146368496823,71157.9155873149,1666.1131667286536,12.5563
100,5,1.0,2,2,0.6194847263655217,0.013058163696053301,71155.69544200084,1666.22385169263,15.2815
100,5,1.0,2,5,0.6194191253719744,0.013206672081828909,71161.55688816422,1675.222630665395,12.5769
100,5,1.0,2,10,0.6194667163883312,0.013370929581853548,71156.82544905727,1687.1239280159673,16.4405
100,5,1.0,5,1,0.6194535098000588,0.013067519126641851,71158.6008445514,1666.978196080348,12.707
100,5,1.0,5,2,0.6194828587636326,0.013058984802494919,71155.86973774071,1666.3131614750139,16.7883
100,5,1.0,5,5,0.6194191253719744,0.013206672081828916,71161.55688816422,1675.2226306653968,12.6077
100,5,1.0,5,10,0.6194667163883312,0.013370929581853548,71156.82544905727,1687.1239280159673,16.5148
100,5,1.0,10,1,0.6192799400925454,0.013110305849464453,71174.8117665397,1671.9279732053783,13.0012
100,5,1.0,10,2,0.6193043984526998,0.013104991852346225,71172.53060481139,1671.351095449436,15.8409
100,5,1.0,10,5,0.6194191253719744,0.013206672081828918,71161.55688816422,1675.2226306653981,10.9064
100,5,1.0,10,10,0.6194667163883312,0.013370929581853536,71156.82544905727,1687.1239280159673,14.9774
100,5,1.0,20,1,0.6191752067018295,0.013143154524111147,71184.57899121864,1675.2799881625847,9.7441
100,5,1.0,20,2,0.6192061774732089,0.013134966351029908,71181.6893689606,1674.29708424039,15.1063
100,5,1.0,20,5,0.6193530558941645,0.013207585422362613,71167.73687270263,1675.1681301250906,12.0286
100,5,1.0,20,10,0.6194667163883312,0.013370929581853559,71156.82544905727,1687.1239280159677,14.0263
100,10,sqrt,2,1,0.7415938473428827,0.011710621670532769,58631.13516992341,1642.9191471587876,14.0701
100,10,sqrt,2,2,0.7409399110903175,0.01077092292255753,58707.691573867676,1551.517777986422,6.286
100,10,sqrt,2,5,0.7403875695815111,0.010664713717369467,58771.96928717691,1594.567396894764,13.2797
100,10,sqrt,2,10,0.7369315555723398,0.010942535091831929,59161.2737093208,1601.928411124241,13.6354
100,10,sqrt,5,1,0.7416681986459575,0.012318877119814617,58622.718349693205,1751.8129054887495,7.5333
100,10,sqrt,5,2,0.7419473645945539,0.011563078284327141,58592.1016813944,1644.099294486224,13.6867
100,10,sqrt,5,5,0.7403875695815112,0.010664713717369463,58771.96928717689,1594.5673968947615,12.4525
100,10,sqrt,5,10,0.7369315555723398,0.010942535091831936,59161.2737093208,1601.9284111242414,6.8967
100,10,sqrt,10,1,0.7401055884184956,0.011733711009620054,58800.858808222714,1670.9726047785512,13.6785
100,10,sqrt,10,2,0.7411815245915101,0.01140079289339022,58681.48685793959,1709.5382875671926,12.6158
100,10,sqrt,10,5,0.7403875695815111,0.010664713717369467,58771.96928717691,1594.5673968947633,7.4213
100,10,sqrt,10,10,0.7369315555723397,0.01094253509183193,59161.2737093208,1601.9284111242414,13.6123
100,10,sqrt,20,1,0.737862851981512,0.011327125856570273,59055.70416487397,1652.066041618101,11.2365
100,10,sqrt,20,2,0.7386341628641631,0.011493622693908806,58967.464539639186,1635.6790778156821,8.452
100,10,sqrt,20,5,0.7373761310911577,0.011571413616702232,59109.733549254735,1665.2562874118319,12.6308
100,10,sqrt,20,10,0.7369315555723397,0.01094253509183193,59161.2737093208,1601.9284111242414,11.5951
100,10,log2,2,1,0.7657410176660312,0.012844261550714291,55818.608030945295,1823.6577219943354,12.1416
100,10,log2,2,2,0.7675153606943499,0.011738451554047251,55609.141753899734,1674.2359734131692,13.9033
100,10,log2,2,5,0.7650971266503916,0.012268580627064695,55897.41484913874,1754.5605940140713,8.7494
100,10,log2,2,10,0.7622970674187272,0.012346728149487347,56230.64811680729,1795.1206096584442,12.9582
100,10,log2,5,1,0.7662898534273787,0.013132301612364825,55752.819628140205,1865.7670311870838,13.3906
100,10,log2,5,2,0.7669727116217857,0.012306123546471062,55673.06685386739,1754.0561243791662,8.6843
100,10,log2,5,5,0.7650971266503916,0.012268580627064696,55897.41484913874,1754.5605940140695,13.3355
100,10,log2,5,10,0.7622970674187272,0.012346728149487347,56230.64811680729,1795.1206096584433,12.0073
100,10,log2,10,1,0.7647766686311994,0.013231379565915285,55930.97796376059,1818.6735811648828,11.4454
100,10,log2,10,2,0.7655209089031777,0.012880761784902033,55845.68375363435,1854.8261101976218,13.787
100,10,log2,10,5,0.7650971266503916,0.012268580627064695,55897.41484913874,1754.5605940140688,9.1398
100,10,log2,10,10,0.7622970674187272,0.012346728149487339,56230.64811680729,1795.1206096584444,13.8661
100,10,log2,20,1,0.7639779444261974,0.0123887987040806,56031.12715358155,1808.559755447854,13.4741
100,10,log2,20,2,0.7652358833323468,0.012560553302366414,55880.251271956906,1807.95106281731,9.6765
100,10,log2,20,5,0.7652466533852591,0.012850108261787832,55879.28150745177,1860.7874499748443,14.2454
100,10,log2,20,10,0.7622970674187272,0.012346728149487347,56230.64811680729,1795.1206096584444,11.0338
100,10,0.5,2,1,0.7780475694326439,0.012887678106199141,54329.69272957488,1841.1832357723083,14.9141
100,10,0.5,2,2,0.7783148012763548,0.012386319270041728,54299.0750632548,1791.3999157680491,15.3197
100,10,0.5,2,5,0.7783204519910746,0.012903694956663825,54297.91631585373,1882.2609245101437,12.0639
100,10,0.5,2,10,0.7750474340098241,0.013061048169181553,54697.76067261798,1908.9958379928685,15.852
100,10,0.5,5,1,0.7779724626413281,0.01191139119487753,54341.443972598005,1707.9536158621713,11.1289
100,10,0.5,5,2,0.778913234699645,0.012247231638714893,54225.21102681389,1751.2779558427108,18.273
100,10,0.5,5,5,0.7783204519910746,0.01290369495666382,54297.91631585373,1882.2609245101435,12.1312
100,10,0.5,5,10,0.7750474340098241,0.01306104816918154,54697.76067261798,1908.9958379928678,16.3491
100,10,0.5,10,1,0.7772804411357612,0.012728885339856673,54426.165912623124,1871.2575977589715,13.7525
100,10,0.5,10,2,0.7784954710521117,0.011908764431422187,54280.06586096168,1786.4533290017634,16.36
100,10,0.5,10,5,0.7783204519910746,0.012903694956663816,54297.91631585373,1882.2609245101435,15.2233
100,10,0.5,10,10,0.7750474340098241,0.013061048169181553,54697.76067261797,1908.9958379928678,13.1502
100,10,0.5,20,1,0.7763838137522484,0.0125151956650464,54535.91088255892,1836.9346692605752,17.9407
100,10,0.5,20,2,0.7764629981397089,0.012234993155041613,54526.90768009842,1794.4200830364425,14.6569
100,10,0.5,20,5,0.7762511865681054,0.012600861039766698,54551.602792409925,1838.2125716838555,17.3518
100,10,0.5,20,10,0.7750474340098241,0.013061048169181553,54697.76067261797,1908.9958379928694,13.486
100,10,1.0,2,1,0.7880532594402228,0.013314674677888497,53090.45397120402,1997.9264172506664,24.2356
100,10,1.0,2,2,0.7887501037424449,0.013181244279392592,53003.72483112005,1997.6168467652203,23.4803
100,10,1.0,2,5,0.7882117419434439,0.013779503492544535,53068.13527943555,2043.3084195161682,20.3141
100,10,1.0,2,10,0.7845267774637819,0.014153336579721891,53526.518392377955,2054.8778221981993,20.2367
100,10,1.0,5,1,0.7879141060843624,0.01317388596522828,53108.807036810824,1991.856001448419,22.9309
100,10,1.0,5,2,0.7886515237156105,0.013185697247498202,53015.809338273815,1990.6676155647176,20.5584
100,10,1.0,5,5,0.788211741943444,0.013779503492544528,53068.13527943555,2043.308419516168,19.8019
100,10,1.0,5,10,0.7845267774637819,0.014153336579721867,53526.518392377955,2054.877822198198,22.2322
100,10,1.0,10,1,0.7871065229708001,0.013670383115842767,53207.87208653726,2039.4260931131948,20.4907
100,10,1.0,10,2,0.7880333996001233,0.013561447706078953,53091.872264585654,2028.563016044023,21.5477
100,10,1.0,10,5,0.788211741943444,0.013779503492544528,53068.13527943553,2043.3084195161673,26.8134
100,10,1.0,10,10,0.7845267774637819,0.014153336579721836,53526.518392377955,2054.8778221981984,23.1957
100,10,1.0,20,1,0.784791437464223,0.014147175880768713,53494.727078785676,2077.939687048712,22.0599
100,10,1.0,20,2,0.7856382155407483,0.013795013682673758,53390.3238137844,2039.3405673725083,23.3791
100,10,1.0,20,5,0.7863078272311605,0.014047549090153572,53305.25276455634,2060.5674077558824,25.395
100,10,1.0,20,10,0.7845267774637819,0.01415333657972187,53526.518392377955,2054.8778221981984,22.5452
100,20,sqrt,2,1,0.8029535482131201,0.009773228911768584,51197.89970417913,1581.65838270057,15.3746
100,20,sqrt,2,2,0.8003842836469042,0.010604278173648467,51527.371944455714,1631.7756853592984,18.0558
100,20,sqrt,2,5,0.7905726154625656,0.01099143864814803,52781.19782773912,1733.916756805109,13.5667
100,20,sqrt,2,10,0.7754305765477925,0.01186085530892532,54655.56687696393,1801.028725726233,14.5164
100,20,sqrt,5,1,0.8013347042520065,0.008862176855247561,51409.7327553311,1438.0116809560982,15.0362
100,20,sqrt,5,2,0.8000352063477536,0.011378245159132695,51571.796812966495,1786.5171109526138,14.4883
100,20,sqrt,5,5,0.7905726154625656,0.010991438648148043,52781.19782773912,1733.9167568051091,15.228
100,20,sqrt,5,10,0.7754305765477925,0.011860855308925325,54655.56687696393,1801.0287257262326,12.1034
100,20,sqrt,10,1,0.7985804619775155,0.01037902298505197,51762.27101657156,1652.9388085503033,16.11
100,20,sqrt,10,2,0.7970662877174494,0.010601967986396638,51955.571788163,1672.2337771548007,12.0609
100,20,sqrt,10,5,0.7905726154625656,0.010991438648148041,52781.19782773912,1733.9167568051096,15.8878
100,20,sqrt,10,10,0.7754305765477925,0.0118608553089253,54655.56687696393,1801.0287257262312,9.9092
100,20,sqrt,20,1,0.7889765593967505,0.010449130492279846,52983.39076695304,1658.2860690511184,13.213
100,20,sqrt,20,2,0.7874988283832558,0.010797033451761919,53168.06167389186,1695.6221643327995,12.6889
100,20,sqrt,20,5,0.7829090594346397,0.010877687612834823,53740.550407427145,1728.6839304033635,12.3735
100,20,sqrt,20,10,0.7754305765477925,0.011860855308925325,54655.56687696393,1801.0287257262323,12.4929
100,20,log2,2,1,0.8164122336012307,0.010818963403798794,49414.07566125521,1782.0889844971775,19.6306
100,20,log2,2,2,0.8171178794540548,0.01145793154183072,49317.41502096199,1892.0752780794087,18.4007
100,20,log2,2,5,0.8083886422364828,0.010860341885226919,50483.99822160193,1772.733563616492,17.1469
100,20,log2,2,10,0.7952228222185945,0.012227167370911968,52188.07805373824,1916.3663058780664,15.4059
100,20,log2,5,1,0.8166600722118469,0.01108877105963829,49380.34374368283,1837.0828953441514,17.693
100,20,log2,5,2,0.8160092690440713,0.011001491725183065,49468.458119611976,1823.3684211426935,18.7293
100,20,log2,5,5,0.8083886422364828,0.01086034188522695,50483.99822160193,1772.7335636164917,15.5587
100,20,log2,5,10,0.7952228222185945,0.012227167370911975,52188.07805373824,1916.3663058780678,16.851
100,20,log2,10,1,0.8144008318176208,0.011299743146174667,49681.81772906178,1822.6171024198309,16.445
100,20,log2,10,2,0.8129851806160799,0.011448331551956894,49872.361655928406,1877.0276358488595,20.5535
100,20,log2,10,5,0.8083886422364828,0.010860341885226926,50483.99822160193,1772.7335636164917,16.3573
100,20,log2,10,10,0.7952228222185945,0.012227167370911984,52188.07805373824,1916.366305878067,17.381
100,20,log2,20,1,0.8059532699397021,0.011285622659149475,50803.20737009047,1833.2381385186009,14.7673
100,20,log2,20,2,0.8052826630649378,0.011064768891460545,50892.142492182466,1815.2032486678165,18.5263
100,20,log2,20,5,0.8022048465274599,0.01171562355176668,51290.04483037545,1853.2758139203263,14.1409
100,20,log2,20,10,0.7952228222185945,0.012227167370911961,52188.07805373824,1916.3663058780662,20.3436
100,20,0.5,2,1,0.8239948422939337,0.011176019347006976,48378.897854297946,1843.9516461639214,25.156
100,20,0.5,2,2,0.8239991102087976,0.010266908850605697,48382.28450838977,1731.9598111808284,22.371
100,20,0.5,2,5,0.8162902918174904,0.012010675898221235,49426.846431442376,1969.7413398920028,21.4545
100,20,0.5,2,10,0.8041122148152814,0.012986297660864803,51038.87199790582,2059.9185175215666,19.081
100,20,0.5,5,1,0.8240110143621704,0.011159440252017972,48375.74923658114,1802.0042277786658,23.3002
100,20,0.5,5,2,0.8231090289314922,0.01113147102143389,48501.920095152454,1849.5944666443258,24.2439
100,20,0.5,5,5,0.8162902918174904,0.012010675898221232,49426.846431442376,1969.7413398920028,16.5185
100,20,0.5,5,10,0.8041122148152814,0.012986297660864803,51038.87199790582,2059.9185175215675,22.0065
100,20,0.5,10,1,0.819854940304347,0.011776634996381685,48942.95965118134,1894.980619152631,23.3295
100,20,0.5,10,2,0.8208242016241731,0.011312404137839264,48812.167803552125,1821.1828456137732,23.3397
100,20,0.5,10,5,0.8162902918174904,0.012010675898221232,49426.846431442376,1969.741339892004,24.9692
100,20,0.5,10,10,0.8041122148152814,0.012986297660864793,51038.87199790582,2059.9185175215653,17.352
100,20,0.5,20,1,0.8140350958854456,0.01127163002940691,49732.14896189615,1845.6173614322706,24.7463
100,20,0.5,20,2,0.8139771492682722,0.011707403692847859,49736.83753855602,1869.2788668024018,20.2077
100,20,0.5,20,5,0.8113848114985247,0.01293262318386146,50079.81950318325,2065.8929776740874,19.2231
100,20,0.5,20,10,0.8041122148152814,0.012986297660864793,51038.87199790582,2059.918517521566,18.8688
100,20,1.0,2,1,0.8229999974710672,0.0120282182657061,48513.53299395997,1972.3607228761675,35.1632
100,20,1.0,2,2,0.8237400115083726,0.012468548800649838,48409.55288616799,2039.6657505324717,32.0749
100,20,1.0,2,5,0.8186054573240094,0.013703311598395251,49104.5005119314,2166.418314956224,26.9522
100,20,1.0,2,10,0.8077633837587699,0.014436770849754952,50550.60449558342,2196.31555280431,25.1686
100,20,1.0,5,1,0.8224978268189954,0.01260617149526243,48579.59094090356,2041.451118369923,32.8746
100,20,1.0,5,2,0.8235819007392455,0.01236386273918122,48431.89369671148,2025.524522408012,31.3997
100,20,1.0,5,5,0.8186054573240094,0.01370331159839524,49104.500511931416,2166.4183149562236,29.7164
100,20,1.0,5,10,0.8077633837587699,0.014436770849754976,50550.60449558342,2196.31555280431,33.6717
100,20,1.0,10,1,0.8202817385614141,0.013141693786947507,48879.642172844266,2098.465591361549,36.584
100,20,1.0,10,2,0.8212482018466348,0.012972088757827127,48748.89842671104,2095.254764247424,33.3179
100,20,1.0,10,5,0.8186054573240094,0.013703311598395251,49104.50051193141,2166.4183149562227,32.2573
100,20,1.0,10,10,0.8077633837587699,0.014436770849754971,50550.60449558342,2196.3155528043085,31.2476
100,20,1.0,20,1,0.8136613830441467,0.013898771154963527,49770.77008834597,2171.5481568430364,34.4465
100,20,1.0,20,2,0.8144994641437325,0.013820671212487392,49658.55963868138,2167.3015118625653,29.5162
100,20,1.0,20,5,0.8131913761383324,0.014211764818127498,49830.88854815224,2197.792526149356,31.1483
100,20,1.0,20,10,0.8077633837587699,0.01443677084975496,50550.60449558342,2196.3155528043076,30.0455
200,,sqrt,2,1,0.8070987293803016,0.01018344126173021,50655.097439969824,1649.2648772899488,31.3021
200,,sqrt,2,2,0.8045904746081739,0.010930392601722246,50981.52612962616,1741.8326078664988,25.1343
200,,sqrt,2,5,0.7938957011387933,0.010494780648977999,52361.65099530741,1683.233035868226,24.5533
200,,sqrt,2,10,0.7785091073548414,0.011485327987311923,54279.894050852476,1749.6921979249778,22.0975
200,,sqrt,5,1,0.8061162572856686,0.01005459860355853,50783.770829057175,1609.0361985594468,27.796
200,,sqrt,5,2,0.8042365764456898,0.010671430989991317,51029.12906008883,1730.5804794108415,25.3904
200,,sqrt,5,5,0.7938957011387933,0.010494780648978,52361.65099530741,1683.2330358682266,15.5147
200,,sqrt,5,10,0.7785091073548414,0.01148532798731192,54279.89405085247,1749.6921979249769,16.028
200,,sqrt,10,1,0.8013828659584838,0.010971566907908955,51398.34525137762,1730.4945746188916,19.7162
200,,sqrt,10,2,0.8002473299952216,0.010990373307386267,51544.823909006445,1719.1526726424945,17.3201
200,,sqrt,10,5,0.7938957011387933,0.010494780648978005,52361.65099530742,1683.233035868227,19.0742
200,,sqrt,10,10,0.7785091073548414,0.0114853279873119,54279.894050852476,1749.6921979249753,14.2525
200,,sqrt,20,1,0.7921949589137653,0.010871446077600983,52576.012946789815,1710.4463178198716,18.9406
200,,sqrt,20,2,0.791625695126252,0.010859393086306061,52647.15318069626,1675.810661391817,17.3244
200,,sqrt,20,5,0.7862330306504143,0.010842611526354904,53326.00626693237,1700.423588974311,16.159
200,,sqrt,20,10,0.7785091073548414,0.01148532798731191,54279.89405085247,1749.6921979249757,17.2478
200,,log2,2,1,0.8194406952826453,0.011281690833700817,49003.04194496049,1875.5909681636901,28.5212
200,,log2,2,2,0.8189230212813422,0.011260350182987294,49073.53683225217,1864.0073106709974,24.5223
200,,log2,2,5,0.8093153940041082,0.01131466140941749,50360.67712417974,1854.0130190764344,24.1388
200,,log2,2,10,0.7964788707415186,0.011836412875032863,52028.6009753706,1870.8283733760557,19.0608
200,,log2,5,1,0.8187001327325234,0.010946726633549035,49104.79831877047,1822.20418303499,26.5924
200,,log2,5,2,0.8180019969099372,0.011188858508945498,49197.98395674302,1836.6105579616378,27.6246
200,,log2,5,5,0.809315394004108,0.011314661409417497,50360.67712417974,1854.013019076433,21.8364
200,,log2,5,10,0.7964788707415186,0.011836412875032863,52028.6009753706,1870.8283733760557,20.0106
200,,log2,10,1,0.8155501198363856,0.011060378826189167,49528.92500895947,1806.991303174864,27.2804
200,,log2,10,2,0.8144835088023484,0.011071523420816192,49672.13193503928,1805.8697296372873,23.9773
200,,log2,10,5,0.809315394004108,0.011314661409417497,50360.67712417974,1854.0130190764344,22.2089
200,,log2,10,10,0.7964788707415186,0.011836412875032863,52028.6009753706,1870.8283733760559,22.0022
200,,log2,20,1,0.8077376674623862,0.011063495815177014,50568.60907665342,1785.8518802533943,23.3118
200,,log2,20,2,0.8071832114677283,0.011311221656120052,50641.540913999204,1839.5463513790942,22.2033
200,,log2,20,5,0.8031951367152272,0.011588095935485388,51161.53326370679,1835.083747547987,22.9545
200,,log2,20,10,0.7964788707415186,0.011836412875032851,52028.6009753706,1870.8283733760557,21.8979
200,,0.5,2,1,0.825404549920475,0.011276283490072935,48185.633495876355,1888.492718059793,36.8289
200,,0.5,2,2,0.8243408661027083,0.011277883405300514,48330.20931261871,1831.7416022561856,31.3635
200,,0.5,2,5,0.8173202256051819,0.012302136993354572,49285.91704634878,1983.9412590010231,25.8734
200,,0.5,2,10,0.8050331389564997,0.012946049416527149,50918.00418051221,2042.2061986452527,22.5351
200,,0.5,5,1,0.8248412446391902,0.010966903283095571,48263.60411951404,1818.687473696626,32.208
200,,0.5,5,2,0.8243013604263913,0.0112276381159191,48337.01025091235,1854.631635315548,30.8345
200,,0.5,5,5,0.8173202256051819,0.012302136993354572,49285.91704634878,1983.9412590010245,28.194
200,,0.5,5,10,0.8050331389564997,0.012946049416527147,50918.00418051221,2042.2061986452538,24.6903
200,,0.5,10,1,0.8217240371065042,0.011493534039686922,48688.8625843603,1860.433720964263,29.4086
200,,0.5,10,2,0.8207504887174435,0.011260975052262062,48824.23109656234,1861.1066275194692,29.0083
200,,0.5,10,5,0.8173202256051819,0.012302136993354572,49285.91704634878,1983.9412590010245,25.6744
200,,0.5,10,10,0.8050331389564997,0.012946049416527147,50918.00418051221,2042.2061986452534,23.654
200,,0.5,20,1,0.8144199133792238,0.011632902652892546,49679.227668527994,1892.9945305372253,27.4918
200,,0.5,20,2,0.8137611493767294,0.011804179775336335,49765.09077415607,1869.737876725665,28.2979
200,,0.5,20,5,0.8117354093131542,0.012553632877252334,50034.13857881316,2004.0731955195697,27.9337
200,,0.5,20,10,0.8050331389564997,0.012946049416527139,50918.0041805122,2042.206198645253,23.899
200,,1.0,2,1,0.8244994909483803,0.012710153192098264,48303.54512716426,2055.8457511879183,59.8807
200,,1.0,2,2,0.8250584389303309,0.012896349743777102,48225.53833297164,2097.1493355173056,52.3971
200,,1.0,2,5,0.8196582894329933,0.0141063538883385,48959.56125509708,2224.9671628621595,45.2959
200,,1.0,2,10,0.8086350646137237,0.014609215460202536,50435.08551693665,2232.1929061161227,40.912
200,,1.0,5,1,0.8240787063095396,0.012991569195513895,48360.1344588853,2092.7263241941437,54.2854
200,,1.0,5,2,0.8248175740399816,0.012880875224842506,48258.99879594927,2096.571950196106,54.7553
200,,1.0,5,5,0.8196582894329933,0.014106353888338505,48959.56125509708,2224.967162862159,45.9201
200,,1.0,5,10,0.8086350646137237,0.014609215460202536,50435.08551693665,2232.1929061161227,34.9468
200,,1.0,10,1,0.8216405762885112,0.01356766573173038,48692.29444218162,2168.233576955076,43.523
200,,1.0,10,2,0.8223964413068219,0.013236104982207727,48590.16756490773,2128.7348393526136,41.04
200,,1.0,10,5,0.8196582894329933,0.014106353888338505,48959.56125509708,2224.96716286216,37.548
200,,1.0,10,10,0.8086350646137237,0.014609215460202536,50435.08551693665,2232.1929061161227,33.3554
200,,1.0,20,1,0.8149384602830262,0.014161264325647707,49597.99781417808,2210.808472806307,41.9197
200,,1.0,20,2,0.815714587675834,0.013973479044538885,49494.56143437138,2194.1378416622892,40.3279
200,,1.0,20,5,0.814214245876388,0.014497263760406632,49692.9024140326,2244.7368637132236,39.0444
200,,1.0,20,10,0.8086350646137237,0.014609215460202536,50435.08551693665,2232.1929061161236,34.9836
200,5,sqrt,2,1,0.5766964777620368,0.012587888857826513,75054.20471676816,1700.9561994135088,11.0376
200,5,sqrt,2,2,0.5769980422643733,0.012814162292511743,75027.22824094305,1717.9274832289434,9.4169
200,5,sqrt,2,5,0.5776460081955884,0.012838371636482349,74970.16649520796,1740.9653521488324,10.6111
200,5,sqrt,2,10,0.5781604635800481,0.013199013918676894,74923.8203145596,1754.779594025812,9.6378
200,5,sqrt,5,1,0.5768199299051449,0.012781708422335343,75043.0305726864,1714.0529157992469,9.3386
200,5,sqrt,5,2,0.5768673830650671,0.012806356002911818,75038.83121487583,1717.5651234293991,8.2984
200,5,sqrt,5,5,0.5776460081955884,0.012838371636482361,74970.16649520796,1740.965352148835,8.6206
200,5,sqrt,5,10,0.5781604635800481,0.01319901391867692,74923.8203145596,1754.7795940258115,9.639
200,5,sqrt,10,1,0.5774194353593648,0.01288093233813053,74989.94829250209,1730.9296741364196,9.14
200,5,sqrt,10,2,0.5774651501032357,0.012795480885779116,74986.16671100631,1733.3321941993809,9.3843
200,5,sqrt,10,5,0.5776460081955884,0.012838371636482361,74970.16649520796,1740.965352148834,9.3616
200,5,sqrt,10,10,0.5781604635800481,0.013199013918676911,74923.8203145596,1754.7795940258106,9.213
200,5,sqrt,20,1,0.5784232153238039,0.01297551656439138,74900.36446525034,1723.2700562372472,9.2631
200,5,sqrt,20,2,0.5784315503454163,0.013009126775301067,74899.68080283071,1730.0935907003407,8.8742
200,5,sqrt,20,5,0.5784560810381916,0.01319110119304763,74897.40968808698,1748.2590714354862,9.3568
200,5,sqrt,20,10,0.5781604635800481,0.01319901391867692,74923.8203145596,1754.779594025812,8.9121
200,5,log2,2,1,0.6191538388971864,0.014714697984154923,71185.75308223264,1858.965459309866,10.6902
200,5,log2,2,2,0.6191235017110939,0.014716901386404345,71188.51337180892,1855.6534914375663,10.6576
200,5,log2,2,5,0.6191145339770758,0.014618985857324589,71189.82412278761,1860.112542222554,10.2381
200,5,log2,2,10,0.6186049759760627,0.0148864492723444,71236.97842468126,1879.855678762909,9.8865
200,5,log2,5,1,0.619107628416531,0.014732529188412547,71190.0260732105,1859.483732622227,10.6684
200,5,log2,5,2,0.6191268285058013,0.014700538365184795,71188.2394684839,1854.7697524506557,11.5941
200,5,log2,5,5,0.6191145339770758,0.0146189858573246,71189.82412278761,1860.1125422225552,11.5667
200,5,log2,5,10,0.6186049759760627,0.014886449272344447,71236.97842468126,1879.8556787629057,11.114
200,5,log2,10,1,0.6190371122609155,0.014725237507745148,71196.78226794365,1864.5209908713161,12.2704
200,5,log2,10,2,0.6190819606759529,0.014735239794654588,71192.54770262103,1863.8977814949324,11.5456
200,5,log2,10,5,0.6191145339770758,0.0146189858573246,71189.82412278761,1860.1125422225552,12.6191
200,5,log2,10,10,0.6186049759760627,0.014886449272344447,71236.97842468126,1879.855678762908,12.738
200,5,log2,20,1,0.6188601391205181,0.014771123923843959,71213.3397522144,1871.4342142979249,14.2314
200,5,log2,20,2,0.6188901707965332,0.014778167891443584,71210.51834669903,1871.4830714881678,14.3703
200,5,log2,20,5,0.6188738075544753,0.014784470152556137,71212.09102484657,1874.4731778138068,13.7724
200,5,log2,20,10,0.6186049759760627,0.014886449272344435,71236.97842468126,1879.855678762908,12.5193
200,5,0.5,2,1,0.6343794759928046,0.014834694886783762,69746.30803802884,1848.733929697748,14.9087
200,5,0.5,2,2,0.6343488101244749,0.014865191812234951,69749.18190520492,1851.3016100542284,13.9902
200,5,0.5,2,5,0.6342868049881029,0.014975655825627111,69754.9213973978,1860.6839560706019,16.4915
200,5,0.5,2,10,0.6341028580652661,0.015017203096914499,69772.25991000442,1859.314724706592,17.3836
200,5,0.5,5,1,0.634416771359093,0.014850028788367277,69742.7441015384,1850.7666520392047,14.9615
200,5,0.5,5,2,0.634370914876011,0.01485445531664022,69747.09339113152,1850.4115132361785,15.0562
200,5,0.5,5,5,0.6342868049881029,0.014975655825627111,69754.9213973978,1860.6839560706007,16.9421
200,5,0.5,5,10,0.6341028580652661,0.015017203096914499,69772.25991000442,1859.314724706592,16.6605
200,5,0.5,10,1,0.6342926433496424,0.014948822602513885,69754.23880060845,1851.4791365553506,16.186
200,5,0.5,10,2,0.6343208413560789,0.01492476835144169,69751.5821349852,1849.1914001054197,15.4248
200,5,0.5,10,5,0.6342868049881029,0.014975655825627102,69754.9213973978,1860.6839560706019,15.869
200,5,0.5,10,10,0.6341028580652661,0.015017203096914499,69772.25991000442,1859.3147247065922,14.3102
200,5,0.5,20,1,0.634192367100313,0.015031820697090402,69763.42614749579,1849.0938587511066,14.707
200,5,0.5,20,2,0.6342123655961581,0.015009784067407838,69761.56483528148,1847.6079948379236,15.448
200,5,0.5,20,5,0.6341823881712861,0.015042834903129043,69764.49146304655,1855.5022512473342,14.7516
200,5,0.5,20,10,0.6341028580652661,0.015017203096914499,69772.25991000442,1859.3147247065922,14.6689
200,5,1.0,2,1,0.6198264292953755,0.013022037329594895,71123.7444599664,1660.7189749843917,23.3061
200,5,1.0,2,2,0.619831535140074,0.013030032626674916,71123.27890771451,1662.3668207498197,22.0605
200,5,1.0,2,5,0.6197502414056866,0.013160786545444492,71130.69148116888,1672.345742098094,21.7265
200,5,1.0,2,10,0.6198166751030262,0.013276529209027166,71124.21759767535,1677.9595302038906,23.3779
200,5,1.0,5,1,0.6198183233950537,0.013027725152765393,71124.50520869982,1661.636994177676,22.9477
200,5,1.0,5,2,0.6198297278904884,0.01303132794072721,71123.44760592101,1662.532801657682,21.7069
200,5,1.0,5,5,0.6197502414056866,0.01316078654544448,71130.69148116888,1672.345742098093,23.7308
200,5,1.0,5,10,0.6198166751030262,0.013276529209027166,71124.21759767535,1677.9595302038886,22.4499
200,5,1.0,10,1,0.6196517232549613,0.013064040884068111,71140.09833133551,1666.8910677726087,21.5563
200,5,1.0,10,2,0.6196593622910423,0.013069284348606429,71139.39377888257,1668.0274630318088,22.8716
200,5,1.0,10,5,0.6197502414056866,0.013160786545444487,71130.69148116888,1672.3457420980965,22.3975
200,5,1.0,10,10,0.6198166751030262,0.013276529209027166,71124.21759767534,1677.9595302038902,22.3607
200,5,1.0,20,1,0.6195568738068106,0.013086302549152048,71148.94400263688,1668.6399281641188,21.5585
200,5,1.0,20,2,0.6195681018624632,0.013090219302499465,71147.90297184307,1669.5444809250378,20.3116
200,5,1.0,20,5,0.6196960354706418,0.013162726484858653,71135.74071341963,1671.4066396215999,20.8989
200,5,1.0,20,10,0.6198166751030262,0.013276529209027166,71124.21759767535,1677.9595302038906,21.1774
200,10,sqrt,2,1,0.7451265401909108,0.011827867409095942,58228.93620312868,1676.9693615204944,14.6785
200,10,sqrt,2,2,0.7454948280483875,0.010729393461811567,58188.32442796277,1528.3044159963176,15.6684
200,10,sqrt,2,5,0.7444725265060723,0.011159635268768028,58306.21154838818,1642.6753465855447,19.1475
200,10,sqrt,2,10,0.7403203445072348,0.011728953203999732,58776.83296280329,1681.6474934215007,16.899
200,10,sqrt,5,1,0.7455816148882933,0.012009515302561362,58176.13374840133,1686.595763261111,17.0169
200,10,sqrt,5,2,0.7457678727795539,0.011722318138393108,58155.39464419092,1648.6998308794755,16.4868
200,10,sqrt,5,5,0.7444725265060723,0.011159635268768028,58306.21154838818,1642.6753465855445,16.1376
200,10,sqrt,5,10,0.7403203445072347,0.011728953203999727,58776.83296280329,1681.6474934215014,17.6744
200,10,sqrt,10,1,0.7442164688011462,0.01172578268338532,58333.712043108324,1680.629200406188,16.4903
200,10,sqrt,10,2,0.7451346726862931,0.01197999688833161,58228.82607788616,1735.683337522968,16.325
200,10,sqrt,10,5,0.7444725265060723,0.011159635268768028,58306.21154838818,1642.675346585544,16.0104
200,10,sqrt,10,10,0.7403203445072349,0.011728953203999724,58776.83296280329,1681.6474934215005,16.2264
200,10,sqrt,20,1,0.7423630243006125,0.011700141262215781,58544.4803960777,1664.7383428901414,16.3297
200,10,sqrt,20,2,0.7425378762020157,0.011593210078614335,58524.18227570079,1627.5043404847493,15.9895
200,10,sqrt,20,5,0.7421455969661407,0.011174243450860648,58571.552946638374,1653.4734981274585,17.8761
200,10,sqrt,20,10,0.7403203445072349,0.011728953203999724,58776.83296280329,1681.6474934215012,16.3761
200,10,log2,2,1,0.7676578607888517,0.012262367311266165,55591.53249725042,1766.2483543895269,19.8586
200,10,log2,2,2,0.7686291867079371,0.011378209751948197,55476.86115809728,1646.9253569994323,20.9736
200,10,log2,2,5,0.76671061973796,0.012235679151229044,55705.66117420272,1778.2291371198492,23.8754
200,10,log2,2,10,0.764014055088048,0.012067508647959866,56028.12581845041,1778.65500049585,23.2419
200,10,log2,5,1,0.7678617863794959,0.012184768765912724,55567.607237741366,1768.2360866490437,22.7415
200,10,log2,5,2,0.7684186331446828,0.012237101003929248,55499.669378361315,1740.8497952996295,21.0882
200,10,log2,5,5,0.76671061973796,0.012235679151229044,55705.66117420272,1778.2291371198492,20.5924
200,10,log2,5,10,0.764014055088048,0.012067508647959866,56028.12581845041,1778.65500049585,22.3864
200,10,log2,10,1,0.7664157996178853,0.012619278762631107,55738.00255332831,1775.203718352624,24.1251
200,10,log2,10,2,0.7666521175563725,0.012410139895570809,55711.293725172756,1779.1175422779038,21.2815
200,10,log2,10,5,0.76671061973796,0.012235679151229044,55705.66117420272,1778.2291371198507,21.4511
200,10,log2,10,10,0.764014055088048,0.012067508647959892,56028.12581845041,1778.6550004958506,20.5151
200,10,log2,20,1,0.7654905836229318,0.01189379318656894,55852.16556552188,1744.2612805362867,23.3891
200,10,log2,20,2,0.7661998836458034,0.012050816864955708,55766.950458430605,1758.9216860861513,22.8489
200,10,log2,20,5,0.7663131888716396,0.011912330416603207,55754.37117999676,1749.3524241565715,21.6577
200,10,log2,20,10,0.764014055088048,0.012067508647959866,56028.12581845041,1778.6550004958483,24.3858
200,10,0.5,2,1,0.7782844780237006,0.01290852939880642,54300.789274902505,1847.4672537494716,27.4657
200,10,0.5,2,2,0.7792796564297445,0.012682514975996442,54180.44054579899,1852.3248089185174,30.9505
200,10,0.5,2,5,0.7784022446748908,0.012351775324610683,54290.07973684858,1834.7203861371045,30.5962
200,10,0.5,2,10,0.7750317945954273,0.012835329101500573,54700.57230044175,1891.2224431983147,29.2885
200,10,0.5,5,1,0.7782671031454639,0.012010494014069423,54306.74608742349,1771.357036618766,29.6459
200,10,0.5,5,2,0.7793010027589479,0.012354027273274322,54178.4211026558,1799.046822881329,27.028
200,10,0.5,5,5,0.778402244674891,0.012351775324610691,54290.07973684858,1834.7203861371047,23.8003
200,10,0.5,5,10,0.7750317945954273,0.012835329101500585,54700.57230044175,1891.2224431983143,27.1745
200,10,0.5,10,1,0.7775691391461633,0.012600975488730126,54390.65140088535,1838.7644679308537,26.6365
200,10,0.5,10,2,0.77869708665781,0.012177865199476837,54253.65646597375,1794.6559580263224,28.3691
200,10,0.5,10,5,0.7784022446748908,0.012351775324610683,54290.07973684857,1834.7203861371045,27.0517
200,10,0.5,10,10,0.7750317945954273,0.012835329101500573,54700.57230044175,1891.2224431983152,25.6406
200,10,0.5,20,1,0.7761978062975918,0.011975342610108554,54560.04510286449,1758.7200415313548,26.7215
200,10,0.5,20,2,0.7764862277173041,0.012205561126178996,54524.21910714201,1790.3570129413329,25.0026
200,10,0.5,20,5,0.776865352152883,0.012804048051377028,54476.730319734335,1885.701891876198,24.3943
200,10,0.5,20,10,0.7750317945954273,0.012835329101500597,54700.57230044175,1891.2224431983152,21.6595
200,10,1.0,2,1,0.7890529921072539,0.01337033393015946,52964.987186450606,2017.0084457490507,44.3168
200,10,1.0,2,2,0.7897095507086479,0.013278769771667639,52882.8862178267,2017.7401575815982,43.2746
200,10,1.0,2,5,0.7891977181625072,0.013924431407827016,52944.164454172234,2075.611238863056,39.4643
200,10,1.0,2,10,0.7854171843243526,0.014177617791308331,53415.94360145634,2074.746838894407,47.437
200,10,1.0,5,1,0.7887839032595708,0.013367249438648917,52998.901345974955,2017.8913076265897,47.2637
200,10,1.0,5,2,0.7896785198272165,0.013270060213862121,52886.71169469919,2013.8322194205755,40.2627
200,10,1.0,5,5,0.7891977181625072,0.013924431407827008,52944.164454172234,2075.611238863056,39.9175
200,10,1.0,5,10,0.7854171843243526,0.014177617791308331,53415.94360145634,2074.7468388944076,41.0409
200,10,1.0,10,1,0.7880966480114691,0.013823491767028592,53083.26236915229,2063.672186825622,40.3889
200,10,1.0,10,2,0.7890378434673145,0.013651463882164313,52965.66273501898,2050.2860191536365,37.7533
200,10,1.0,10,5,0.7891977181625072,0.01392443140782702,52944.164454172234,2075.611238863056,40.5976
200,10,1.0,10,10,0.7854171843243526,0.014177617791308331,53415.94360145634,2074.7468388944076,41.9561
200,10,1.0,20,1,0.7857323444904958,0.014179745541806798,53377.54200477353,2092.9290818142827,37.7331
200,10,1.0,20,2,0.7866479052440707,0.013904196691526862,53264.20307635384,2066.7900430949016,34.6824
200,10,1.0,20,5,0.787258116631958,0.014185277683544715,53186.234111661695,2090.435805780677,33.2285
200,10,1.0,20,10,0.7854171843243526,0.014177617791308337,53415.94360145634,2074.746838894407,33.2715
200,20,sqrt,2,1,0.8061574421843203,0.010001212698856645,50778.01397746976,1586.5239677281295,24.9798
200,20,sqrt,2,2,0.8041699004196634,0.010761704875629052,51035.54296914373,1673.2824191986863,27.4972
200,20,sqrt,2,5,0.7940525025325402,0.010736044859358407,52340.6537444461,1696.8155742399395,24.5111
200,20,sqrt,2,10,0.7784849853729349,0.011589655536958218,54282.50493694066,1760.1003966329154,20.1422
200,20,sqrt,5,1,0.8049727200513797,0.009119921532989296,50936.856697235104,1519.3592437996283,23.6302
200,20,sqrt,5,2,0.8034057943852781,0.010877734240351017,51137.439031684,1765.4097049447048,19.8187
200,20,sqrt,5,5,0.7940525025325402,0.010736044859358407,52340.6537444461,1696.8155742399376,21.6068
200,20,sqrt,5,10,0.7784849853729349,0.011589655536958232,54282.50493694066,1760.100396632916,21.3096
200,20,sqrt,10,1,0.8014323639513753,0.010468928311302247,51393.58339052031,1667.9845038335586,23.0007
200,20,sqrt,10,2,0.7999727752860224,0.010978701779310235,51580.149307001026,1712.0359418151252,20.9297
200,20,sqrt,10,5,0.7940525025325402,0.010736044859358395,52340.6537444461,1696.8155742399388,20.5541
200,20,sqrt,10,10,0.7784849853729349,0.01158965553695821,54282.50493694066,1760.1003966329165,18.2638
200,20,sqrt,20,1,0.792281468654026,0.011274847082135312,52563.25751982788,1737.9585704342242,22.0051
200,20,sqrt,20,2,0.7909956244323344,0.011197881809384377,52726.41836842099,1731.4178700002262,20.6075
200,20,sqrt,20,5,0.7861419286967999,0.011312980507737226,53336.1345714326,1754.0446692068545,19.2812
200,20,sqrt,20,10,0.7784849853729349,0.011589655536958203,54282.50493694066,1760.1003966329167,19.4946
200,20,log2,2,1,0.8187268527159727,0.010483864216292067,49102.484067409096,1751.348738020951,28.7551
200,20,log2,2,2,0.8179659439233383,0.01068197388562817,49205.1917862801,1782.9399239065233,27.1067
200,20,log2,2,5,0.8093545518548699,0.011138112477016335,50355.139044498654,1805.995929248614,23.7604
200,20,log2,2,10,0.7967098084240195,0.011842128618848835,51999.08592492079,1872.4046730697864,20.9772
200,20,log2,5,1,0.8181820006451211,0.01081797170920148,49175.18067327171,1796.5381486544159,28.1905
200,20,log2,5,2,0.8176133187211786,0.010836302336591375,49252.78501173842,1812.8759239591764,26.5457
200,20,log2,5,5,0.8093545518548699,0.01113811247701634,50355.13904449864,1805.9959292486149,35.1328
200,20,log2,5,10,0.7967098084240195,0.011842128618848835,51999.08592492079,1872.4046730697871,32.7096
200,20,log2,10,1,0.8150795760132932,0.011518101144116652,49589.38993849045,1836.200240882305,35.5929
200,20,log2,10,2,0.8140552153256628,0.010702002069254502,49731.84693216427,1785.4567503857136,32.6081
200,20,log2,10,5,0.8093545518548699,0.011138112477016331,50355.13904449864,1805.995929248613,28.0832
200,20,log2,10,10,0.7967098084240195,0.011842128618848844,51999.08592492079,1872.4046730697864,27.9374
200,20,log2,20,1,0.8071480071895035,0.010973867890788674,50646.79359715771,1782.3416036024273,29.8904
200,20,log2,20,2,0.8066240845017566,0.011202274441283645,50715.17998605759,1817.3698189481313,33.152
200,20,log2,20,5,0.803301571860341,0.011291831947189992,51148.996025349115,1807.112712225588,32.2554
200,20,log2,20,10,0.7967098084240195,0.011842128618848835,51999.08592492079,1872.4046730697871,32.7187
200,20,0.5,2,1,0.8248253865925015,0.011332100816077852,48264.949781482486,1889.7580843738845,46.407
200,20,0.5,2,2,0.8247886879543588,0.010881986598572722,48271.5564662486,1821.8307829211017,42.0456
200,20,0.5,2,5,0.816967117576041,0.012339975424405136,49333.072482420066,1990.7009139365762,38.6688
200,20,0.5,2,10,0.8048572943460709,0.013058872508944006,50940.728053709965,2058.845724555514,35.7095
200,20,0.5,5,1,0.8245471842474463,0.011249928366504163,48301.39780207994,1812.971470016951,45.691
200,20,0.5,5,2,0.824274923762505,0.011245902749425654,48340.824801424096,1866.632859163845,42.8965
200,20,0.5,5,5,0.816967117576041,0.012339975424405136,49333.072482420066,1990.7009139365769,36.8442
200,20,0.5,5,10,0.8048572943460709,0.013058872508944015,50940.728053709965,2058.845724555514,34.0729
200,20,0.5,10,1,0.8211272616599974,0.011552182222518555,48771.398369198,1894.9961856759592,41.2421
200,20,0.5,10,2,0.8213831453993874,0.01135259412208909,48736.120835851194,1840.6019716700728,37.2947
200,20,0.5,10,5,0.816967117576041,0.012339975424405136,49333.072482420066,1990.7009139365762,40.9977
200,20,0.5,10,10,0.8048572943460709,0.013058872508943992,50940.728053709965,2058.8457245555137,33.6173
200,20,0.5,20,1,0.8149375050770852,0.01139731462583171,49610.907865223344,1869.3874247862777,32.0611
200,20,0.5,20,2,0.8144427547725261,0.01187637726472983,49674.27224715266,1903.0096204986824,28.5863
200,20,0.5,20,5,0.811514122719166,0.012661110639781226,50063.64968194358,2029.6727860527953,27.4663
200,20,0.5,20,10,0.8048572943460709,0.013058872508944004,50940.72805370997,2058.8457245555132,27.9087
200,20,1.0,2,1,0.8242766011447789,0.012691723133377828,48334.378141109184,2054.7801486766966,60.7145
200,20,1.0,2,2,0.8249773324496577,0.01276827038416622,48237.41266649955,2080.5551883336266,53.375
200,20,1.0,2,5,0.8196552835494838,0.01408419925528781,48960.05844390123,2221.8670067254607,46.5299
200,20,1.0,2,10,0.8086169734956503,0.014611389002746897,50437.471635938724,2232.3497232006584,41.2756
200,20,1.0,5,1,0.8237000013747698,0.013053408957966188,48411.68962158427,2093.0300177882864,55.0758
200,20,1.0,5,2,0.8246820259737746,0.012767940719693747,48278.07186062987,2076.122479291151,53.9196
200,20,1.0,5,5,0.8196552835494838,0.014084199255287807,48960.05844390124,2221.8670067254607,44.469
200,20,1.0,5,10,0.8086169734956503,0.014611389002746897,50437.471635938724,2232.349723200657,39.301
200,20,1.0,10,1,0.8214217561455646,0.013584097536653905,48721.6685026082,2158.350892039246,50.2444
200,20,1.0,10,2,0.8222890786960827,0.013270347370307706,48604.76190852769,2133.9586623838636,47.8067
200,20,1.0,10,5,0.8196552835494838,0.014084199255287807,48960.05844390124,2221.867006725461,44.4806
200,20,1.0,10,10,0.8086169734956503,0.014611389002746887,50437.471635938724,2232.3497232006584,40.1902
200,20,1.0,20,1,0.8148114254717438,0.014154264088214628,49615.10125383128,2208.951420384028,45.1525
200,20,1.0,20,2,0.8155757976912801,0.0139849656076778,49513.2074310838,2196.760273397008,44.5279
200,20,1.0,20,5,0.8141729664415065,0.014497408812762893,49698.372548157175,2243.024623219709,41.6193
200,20,1.0,20,10,0.8086169734956503,0.014611389002746887,50437.471635938724,2232.349723200657,39.1311
500,,sqrt,2,1,0.8084123154769735,0.010393109001976712,50482.20540692199,1702.9670036253044,50.939
500,,sqrt,2,2,0.8057422506958336,0.010500372118705617,50832.1771615116,1688.2685319352045,43.0194
500,,sqrt,2,5,0.7945547272171425,0.010819053747780279,52276.33794852991,1707.857625777751,36.5241
500,,sqrt,2,10,0.7795007726186151,0.01151726503098715,54158.46144601123,1769.1437641039684,34.4291
500,,sqrt,5,1,0.8070836824423824,0.010234922789358584,50656.48756580953,1643.9843471668119,45.6606
500,,sqrt,5,2,0.8050774783120034,0.010519259798488,50919.80119256072,1712.4741439046334,43.2273
500,,sqrt,5,5,0.7945547272171425,0.010819053747780279,52276.33794852991,1707.8576257777509,37.0935
500,,sqrt,5,10,0.7795007726186151,0.011517265030987186,54158.46144601123,1769.1437641039681,33.5365
500,,sqrt,10,1,0.8022756205269472,0.01050286318350372,51284.33890500148,1684.087807947031,41.1775
500,,sqrt,10,2,0.8007310904218456,0.010827782465610657,51482.92359987218,1704.4596208845023,40.063
500,,sqrt,10,5,0.7945547272171425,0.010819053747780286,52276.33794852991,1707.8576257777522,36.971
500,,sqrt,10,10,0.7795007726186151,0.011517265030987175,54158.46144601123,1769.1437641039674,34.5411
500,,sqrt,20,1,0.7928708818615043,0.010642173298044984,52490.84012469246,1677.6517543592531,39.3728
500,,sqrt,20,2,0.791953518492044,0.010728230896561239,52606.74904428292,1681.8918455588787,44.4948
500,,sqrt,20,5,0.7875616708642135,0.01069124439333756,53160.220362565466,1685.9801421041893,40.5009
500,,sqrt,20,10,0.7795007726186151,0.011517265030987166,54158.46144601123,1769.1437641039674,40.1953
500,,log2,2,1,0.8211385509825995,0.010854846104106555,48773.69883181785,1827.8672422749285,75.3635
500,,log2,2,2,0.8198004262127627,0.011073249573479157,48954.50751307892,1827.4866917961242,64.76
500,,log2,2,5,0.810517035084801,0.011020353553570008,50201.74305708513,1796.96939476842,56.191
500,,log2,2,10,0.7976035973035125,0.01182954552688183,51883.518752146934,1844.5333279821184,48.8513
500,,log2,5,1,0.8201084032679337,0.010640486107904171,48913.89141833125,1768.7654428647224,66.6345
500,,log2,5,2,0.819336608573888,0.01115691803348194,49016.65184798693,1821.9622052973048,63.168
500,,log2,5,5,0.810517035084801,0.011020353553570008,50201.74305708513,1796.96939476842,58.3641
500,,log2,5,10,0.7976035973035125,0.011829545526881823,51883.518752146934,1844.5333279821173,55.6126
500,,log2,10,1,0.8169047185482563,0.010782709107641853,49347.2182229313,1765.2969587383247,61.8304
500,,log2,10,2,0.8156686239787115,0.010996015118730633,49513.328673787786,1798.8233084537958,61.7677
500,,log2,10,5,0.810517035084801,0.011020353553570008,50201.74305708513,1796.96939476842,56.6909
500,,log2,10,10,0.7976035973035125,0.01182954552688183,51883.518752146934,1844.5333279821184,53.2808
500,,log2,20,1,0.8089046363406158,0.010958217280878355,50414.86893556991,1764.8428870504667,57.4033
500,,log2,20,2,0.808353270662543,0.011047044864018673,50487.33423340868,1776.5792029767629,57.0542
500,,log2,20,5,0.8042198674862728,0.011472797423964958,51028.165071244155,1818.4708331094037,52.3474
500,,log2,20,10,0.7976035973035125,0.011829545526881823,51883.518752146934,1844.5333279821173,49.0475
500,,0.5,2,1,0.8267531837720459,0.01129217926833847,47997.76813142166,1872.7705939487273,87.0149
500,,0.5,2,2,0.8258207509152863,0.011167707273527373,48127.090384354364,1842.859692019144,70.4066
500,,0.5,2,5,0.8185659077115472,0.011887578909156118,49118.681032504246,1926.3413999572322,59.371
500,,0.5,2,10,0.8064238814268394,0.012707319707130547,50735.80690695443,1995.6171013605071,53.3807
500,,0.5,5,1,0.8262958347178451,0.010990380774900168,48061.95989220084,1820.784793764675,75.615
500,,0.5,5,2,0.8254837669187525,0.01109175354416957,48174.02463666097,1832.1275157900343,68.2539
500,,0.5,5,5,0.8185659077115472,0.011887578909156142,49118.681032504246,1926.3413999572333,58.2484
500,,0.5,5,10,0.8064238814268394,0.012707319707130533,50735.80690695442,1995.6171013605053,51.4323
500,,0.5,10,1,0.8230186300092719,0.011476293064331448,48511.18279454006,1852.4484786638714,64.0246
500,,0.5,10,2,0.8225455758855056,0.011371563207963014,48577.640247823096,1865.6198035973448,61.7394
500,,0.5,10,5,0.8185659077115472,0.011887578909156142,49118.681032504246,1926.3413999572326,60.0443
500,,0.5,10,10,0.8064238814268394,0.012707319707130571,50735.80690695443,1995.6171013605071,52.6561
500,,0.5,20,1,0.8158234837620635,0.011658979537475633,49489.98130702968,1886.74131152827,60.7737
500,,0.5,20,2,0.8154665853818059,0.011627166225694891,49537.05987450477,1852.7469331601517,60.6815
500,,0.5,20,5,0.8127308267449914,0.01224816329661691,49902.16221278758,1954.2777070919444,56.9157
500,,0.5,20,10,0.8064238814268394,0.012707319707130564,50735.80690695442,1995.617101360506,53.1437
500,,1.0,2,1,0.8249030312369875,0.012937342070962567,48246.243324717456,2081.449590439455,146.5421
500,,1.0,2,2,0.8253698361782271,0.013050743948495598,48180.98973335185,2105.569024309221,128.9231
500,,1.0,2,5,0.8199999446133281,0.014234118205572603,48911.959808052416,2231.468760238155,114.4924
500,,1.0,2,10,0.8087839789711634,0.014839090951276312,50414.227022251005,2258.892837707297,98.9492
500,,1.0,5,1,0.8245670337044813,0.013233221622163343,48291.10540146004,2118.520410789849,141.7428
500,,1.0,5,2,0.8252369732557334,0.012992810254926358,48199.715599577445,2099.0935331094174,133.8416
500,,1.0,5,5,0.8199999446133281,0.014234118205572603,48911.959808052416,2231.468760238156,123.3187
500,,1.0,5,10,0.8087839789711634,0.014839090951276312,50414.22702225101,2258.8928377072975,109.486
500,,1.0,10,1,0.8220320268373955,0.013707923323190528,48637.411947631605,2174.545611974876,138.8124
500,,1.0,10,2,0.8228697991096968,0.01340260525957698,48523.94668411484,2143.8211252549254,122.2438
500,,1.0,10,5,0.8199999446133281,0.014234118205572603,48911.959808052416,2231.468760238156,112.4678
500,,1.0,10,10,0.8087839789711634,0.01483909095127632,50414.22702225101,2258.892837707298,96.4838
500,,1.0,20,1,0.8152771077974282,0.014342391375601312,49551.229091610505,2226.7385879449744,102.8321
500,,1.0,20,2,0.8160870302983547,0.014073203029766692,49443.51471234676,2199.7338126674554,96.7371
500,,1.0,20,5,0.8145303646931261,0.014611342973335663,49649.79014416666,2253.0889827787046,91.4718
500,,1.0,20,10,0.8087839789711634,0.014839090951276312,50414.22702225101,2258.8928377072957,87.8604
500,5,sqrt,2,1,0.5745464280442392,0.012539596984856039,75244.61538703191,1694.2756421422355,19.6471
500,5,sqrt,2,2,0.5747463664641935,0.012493240677876128,75226.85716404373,1685.4310812835922,22.9548
500,5,sqrt,2,5,0.5751107481213988,0.01243179912949205,75194.78958062829,1686.845769508254,21.6909
500,5,sqrt,2,10,0.5750682621032104,0.012868016434615564,75198.15588931809,1720.4045789609816,21.2854
500,5,sqrt,5,1,0.5746474521828661,0.01242602883869243,75235.65637908704,1679.7032930815928,20.5446
500,5,sqrt,5,2,0.5747957524913054,0.012419503069624969,75222.57509520286,1680.963083934239,22.6941
500,5,sqrt,5,5,0.5751107481213988,0.012431799129492055,75194.78958062829,1686.845769508254,22.2288
500,5,sqrt,5,10,0.5750682621032104,0.012868016434615555,75198.15588931809,1720.4045789609806,19.7142
500,5,sqrt,10,1,0.57490626633274,0.012522195684070103,75212.7572766724,1691.1610482108395,20.3266
500,5,sqrt,10,2,0.5750123505716432,0.012456332571256157,75203.46223656737,1687.7344058618226,20.673
500,5,sqrt,10,5,0.5751107481213988,0.01243179912949204,75194.78958062829,1686.8457695082548,20.423
500,5,sqrt,10,10,0.5750682621032104,0.012868016434615574,75198.15588931809,1720.4045789609816,20.7124
500,5,sqrt,20,1,0.575070950289992,0.012847840002209664,75197.59032838777,1702.8713043221915,19.141
500,5,sqrt,20,2,0.5751722681902034,0.012817824128675628,75188.67168864944,1701.7982642677462,28.5832
500,5,sqrt,20,5,0.5751938393374203,0.012965969884880543,75186.67849356133,1715.9525500392217,28.0815
500,5,sqrt,20,10,0.5750682621032104,0.01286801643461555,75198.15588931809,1720.40457896098,25.7953
500,5,log2,2,1,0.6194893818271677,0.014528798478000983,71154.28016620156,1828.6573141523836,29.3496
500,5,log2,2,2,0.619438625086335,0.01462797567485726,71158.92130560587,1838.2632864407672,28.0803
500,5,log2,2,5,0.6193754294173339,0.014566788058141013,71164.9994980264,1836.1251480121402,32.0147
500,5,log2,2,10,0.6192494086116694,0.014717263651358652,71176.44249911989,1844.009496062238,32.6238
500,5,log2,5,1,0.6194035741757229,0.014624085962871427,71162.1331056419,1835.0495280415903,30.3919
500,5,log2,5,2,0.61944931577281,0.01461234607153117,71157.90098375353,1835.0659276148572,27.9399
500,5,log2,5,5,0.6193754294173339,0.014566788058140993,71164.9994980264,1836.12514801214,29.3618
500,5,log2,5,10,0.6192494086116694,0.014717263651358658,71176.44249911989,1844.0094960622375,27.7634
500,5,log2,10,1,0.6193962454009512,0.014660181500230695,71162.84894713052,1841.249940340298,28.6577
500,5,log2,10,2,0.6193953818767207,0.014673719999325261,71162.93045289624,1843.1886579751247,28.3079
500,5,log2,10,5,0.6193754294173339,0.014566788058141029,71164.9994980264,1836.1251480121414,28.7687
500,5,log2,10,10,0.6192494086116694,0.014717263651358658,71176.44249911989,1844.009496062238,28.3408
500,5,log2,20,1,0.6194524612725016,0.014729437669548751,71157.51730207648,1848.2797562113067,29.1267
500,5,log2,20,2,0.6194548747135236,0.014738959277202911,71157.31158435853,1850.3614408031738,27.6399
500,5,log2,20,5,0.6193961009092899,0.014696317543671997,71162.91358179986,1848.588644694752,35.8578
500,5,log2,20,10,0.6192494086116694,0.014717263651358658,71176.44249911989,1844.0094960622375,35.9181
500,5,0.5,2,1,0.6355929853294837,0.015546773242282368,69628.51728552773,1884.1080589820601,39.8226
500,5,0.5,2,2,0.6356926378114286,0.01552067874154572,69619.17599141694,1887.241323724793,39.808
500,5,0.5,2,5,0.6354345910333736,0.01554050135803855,69643.83548918336,1888.7445711264222,37.3877
500,5,0.5,2,10,0.6353982081588918,0.015657249134264944,69647.0941847575,1898.571625489968,37.654
500,5,0.5,5,1,0.6356040772574957,0.015520948123605736,69627.50738798968,1881.7912985575772,42.9188
500,5,0.5,5,2,0.6356521374037666,0.015523262572869793,69622.99620015586,1885.20189710536,38.9385
500,5,0.5,5,5,0.6354345910333735,0.015540501358038526,69643.83548918336,1888.7445711264222,38.7786
500,5,0.5,5,10,0.6353982081588918,0.015657249134264944,69647.0941847575,1898.571625489968,35.8922
500,5,0.5,10,1,0.6354227704033449,0.015557305970210215,69644.7715968561,1883.7705054228009,35.3765
500,5,0.5,10,2,0.6354584696701217,0.015518102096662968,69641.46063164975,1881.6965214537795,37.7034
500,5,0.5,10,5,0.6354345910333736,0.015540501358038548,69643.83548918336,1888.7445711264204,37.569
500,5,0.5,10,10,0.6353982081588918,0.015657249134264965,69647.0941847575,1898.5716254899712,37.1894
500,5,0.5,20,1,0.6353859688034824,0.015617611974257312,69648.1181221976,1886.2710339894263,37.9538
500,5,0.5,20,2,0.6354080382565025,0.01558909111875925,69646.07037678253,1884.2294705588502,35.045
500,5,0.5,20,5,0.6354154595607046,0.015607995542974108,69645.39510285728,1888.710000240725,37.6156
500,5,0.5,20,10,0.6353982081588918,0.015657249134264965,69647.0941847575,1898.5716254899698,35.6562
500,5,1.0,2,1,0.6198243022188924,0.013507793616922536,71123.37364974746,1704.0910046494728,53.5753
500,5,1.0,2,2,0.6198207898916981,0.01352531884673578,71123.70860401087,1706.8754479056233,51.6309
500,5,1.0,2,5,0.6197636142442478,0.013650708810819097,71128.89397392907,1717.6362626144441,38.7663
500,5,1.0,2,10,0.6198427106913067,0.013768401801455237,71121.2088734669,1722.9518181863243,37.642
500,5,1.0,5,1,0.619819640280334,0.01351318223699121,71123.80718592001,1704.7554994124694,37.2387
500,5,1.0,5,2,0.6198187350211493,0.013527384374662365,71123.89764688621,1707.0291724042327,37.5906
500,5,1.0,5,5,0.6197636142442478,0.013650708810819125,71128.89397392907,1717.636262614443,37.4504
500,5,1.0,5,10,0.6198427106913067,0.013768401801455237,71121.2088734669,1722.9518181863243,37.392
500,5,1.0,10,1,0.619670997708646,0.013551717989460447,71137.70910590517,1709.8129815098678,37.4113
500,5,1.0,10,2,0.6196752138605074,0.013564030193592837,71137.32430239412,1711.9739987949465,37.1049
500,5,1.0,10,5,0.6197636142442478,0.013650708810819125,71128.89397392907,1717.636262614443,37.6769
500,5,1.0,10,10,0.6198427106913067,0.013768401801455249,71121.2088734669,1722.9518181863243,36.9719
500,5,1.0,20,1,0.619588674419987,0.013563576564790791,71145.37342401544,1709.6430183457358,37.4465
500,5,1.0,20,2,0.619593433418794,0.013572555728918526,71144.94471844264,1711.6190362029677,37.32
500,5,1.0,20,5,0.6197217544976855,0.01363788127714151,71132.78762499496,1714.559570053348,37.0295
500,5,1.0,20,10,0.6198427106913067,0.013768401801455237,71121.2088734669,1722.9518181863243,37.9293
500,10,sqrt,2,1,0.7458530829562369,0.01176938315624342,58146.59498607918,1695.3707098418945,24.1605
500,10,sqrt,2,2,0.7459088070146133,0.011055689292672087,58140.839145069534,1586.6987140381902,23.5315
500,10,sqrt,2,5,0.7445520924703118,0.011635396326786547,58296.15140684221,1694.8592257918567,23.3321
500,10,sqrt,2,10,0.7406893529208279,0.011970931662875954,58734.96191141215,1728.666791004875,23.4725
500,10,sqrt,5,1,0.7457247631044603,0.011364511533417785,58161.98717884743,1644.3993661176805,24.8178
500,10,sqrt,5,2,0.7458077398464792,0.011675850713358828,58151.353347214404,1659.6206338092884,23.6957
500,10,sqrt,5,5,0.7445520924703118,0.01163539632678654,58296.151406842226,1694.8592257918574,24.6583
500,10,sqrt,5,10,0.740689352920828,0.01197093166287596,58734.96191141215,1728.6667910048743,23.2136
500,10,sqrt,10,1,0.7446390725251909,0.01174789900175315,58285.3728055562,1685.3588779322718,24.5491
500,10,sqrt,10,2,0.745033809253829,0.011871916907357182,58240.09101990119,1704.1913155541765,23.816
500,10,sqrt,10,5,0.7445520924703118,0.011635396326786555,58296.151406842226,1694.8592257918565,24.0099
500,10,sqrt,10,10,0.7406893529208279,0.011970931662875954,58734.96191141215,1728.666791004875,23.1117
500,10,sqrt,20,1,0.7419779956990504,0.011778585394791081,58588.2461463239,1677.2040686148084,24.0261
500,10,sqrt,20,2,0.7429582891308246,0.011688313063745535,58476.59855010209,1656.7766875345822,23.697
500,10,sqrt,20,5,0.7420645717191036,0.011692484933675308,58579.32602285729,1696.0102772174373,23.1907
500,10,sqrt,20,10,0.7406893529208279,0.01197093166287593,58734.96191141215,1728.6667910048736,23.2486
500,10,log2,2,1,0.7696233954628615,0.012147194467105188,55355.49219119621,1737.8170930445765,32.842
500,10,log2,2,2,0.7706696429605673,0.01135724656312712,55231.97555368836,1663.7238930699589,32.4241
500,10,log2,2,5,0.7691453864968666,0.011893319317212749,55414.674136743284,1741.3495270475348,30.0658
500,10,log2,2,10,0.765875600075897,0.012237673077760277,55805.162383241404,1772.2481220075579,30.9828
500,10,log2,5,1,0.7697701456313363,0.011976449031537285,55338.77995110623,1740.3593347790409,32.735
500,10,log2,5,2,0.7701863604331862,0.011807471945426392,55288.62266723007,1701.9613125196051,32.0515
500,10,log2,5,5,0.7691453864968666,0.01189331931721277,55414.674136743284,1741.3495270475346,29.5792
500,10,log2,5,10,0.765875600075897,0.012237673077760277,55805.162383241404,1772.2481220075585,30.7701
500,10,log2,10,1,0.7692128139704392,0.012177486466064438,55404.768539908575,1751.5486168225032,32.0158
500,10,log2,10,2,0.7694945700219462,0.012263953161873009,55371.089684931285,1772.6134659508089,31.4546
500,10,log2,10,5,0.7691453864968666,0.011893319317212759,55414.674136743284,1741.3495270475346,28.9561
500,10,log2,10,10,0.7658756000758971,0.012237673077760245,55805.162383241404,1772.2481220075567,31.0261
500,10,log2,20,1,0.767612950893605,0.01178364420196791,55598.34662322283,1713.7957722388467,31.5404
500,10,log2,20,2,0.7676888750259926,0.011957231456480819,55589.09060200759,1745.700119325887,30.6063
500,10,log2,20,5,0.7679003108603284,0.011856403931375317,55563.961656522806,1729.314548076293,30.0297
500,10,log2,20,10,0.765875600075897,0.012237673077760277,55805.162383241404,1772.248122007559,30.6208
500,10,0.5,2,1,0.780168629280252,0.012266762744762138,54071.94730941697,1794.0965736409173,38.6615
500,10,0.5,2,2,0.7809028970411407,0.012708765376007191,53980.13144592048,1851.918087801761,40.0137
500,10,0.5,2,5,0.7801203958026631,0.012801495090907212,54076.732994952436,1871.897009967106,37.772
500,10,0.5,2,10,0.7768804814506635,0.01292215054314009,54474.023935707075,1883.327487517134,36.6356
500,10,0.5,5,1,0.7798268259369187,0.01239057364827733,54113.67943091421,1814.534929656905,40.1194
500,10,0.5,5,2,0.7809404148051734,0.01247651647812117,53976.38389979239,1828.2296455811343,37.8196
500,10,0.5,5,5,0.7801203958026631,0.012801495090907212,54076.732994952436,1871.8970099671064,38.5846
500,10,0.5,5,10,0.7768804814506635,0.01292215054314009,54474.023935707075,1883.327487517134,36.4054
500,10,0.5,10,1,0.779630859766441,0.012583853411226972,54136.95736843599,1824.128498273808,40.6128
500,10,0.5,10,2,0.7804160134627529,0.012338128547596016,54042.10831241942,1829.2325080846124,38.1739
500,10,0.5,10,5,0.7801203958026631,0.012801495090907212,54076.732994952436,1871.8970099671076,39.3584
500,10,0.5,10,10,0.7768804814506635,0.012922150543140078,54474.023935707075,1883.3274875171328,36.1128
500,10,0.5,20,1,0.7780846918961111,0.012408039195455498,54327.63893379322,1804.9290562984227,39.2932
500,10,0.5,20,2,0.7783147123454628,0.012431551137061259,54299.72798224649,1820.3721265289348,37.1836
500,10,0.5,20,5,0.7786031382703543,0.012783987483861461,54263.14841970258,1864.4132632327457,37.4928
500,10,0.5,20,10,0.7768804814506635,0.012922150543140103,54474.023935707075,1883.3274875171342,38.0294
500,10,1.0,2,1,0.7891112438772486,0.013958295494588827,52955.668845282366,2093.9873844936574,68.4312
500,10,1.0,2,2,0.7898902774006918,0.013742475418961854,52858.61273235052,2080.5330626976993,69.772
500,10,1.0,2,5,0.7893561048200328,0.014383437160897518,52922.67858159841,2137.652700673164,66.3766
500,10,1.0,2,10,0.7854182355106438,0.01471276966376976,53414.07062905821,2148.25303982168,66.0586
500,10,1.0,5,1,0.7889524499004847,0.013914933733990798,52975.86747507328,2090.0318371751473,68.21
500,10,1.0,5,2,0.7899030231065597,0.013737797799684237,52856.90999072495,2077.862313825404,68.4682
500,10,1.0,5,5,0.7893561048200328,0.014383437160897518,52922.67858159841,2137.652700673163,68.6374
500,10,1.0,5,10,0.7854182355106438,0.01471276966376977,53414.07062905821,2148.253039821682,64.8833
500,10,1.0,10,1,0.7882037878762406,0.01431215133510999,53068.23027200095,2131.335362801539,68.1537
500,10,1.0,10,2,0.7892034828945487,0.0140937756908132,52943.536016356746,2115.007615101053,69.4645
500,10,1.0,10,5,0.7893561048200328,0.014383437160897518,52922.67858159841,2137.652700673164,67.2631
500,10,1.0,10,10,0.7854182355106438,0.014712769663769769,53414.07062905821,2148.253039821682,66.6491
500,10,1.0,20,1,0.7858790468664119,0.014625219295943301,53357.70699795925,2152.340410001119,66.602
500,10,1.0,20,2,0.7868337295786313,0.014362894646196585,53239.458239741005,2129.3314483927597,68.7296
500,10,1.0,20,5,0.787339258687636,0.014566661648873548,53174.921540357194,2145.2161520718983,66.5143
500,10,1.0,20,10,0.7854182355106438,0.014712769663769757,53414.07062905821,2148.253039821682,66.5179
500,20,sqrt,2,1,0.8070679672949941,0.010225912210579354,50658.723117437374,1647.1366410456203,41.733
500,20,sqrt,2,2,0.8052350760166901,0.010415812320669947,50898.36469328047,1661.480921666435,37.0075
500,20,sqrt,2,5,0.7944555950141383,0.010844081859314387,52288.85800714612,1708.2883574070918,31.413
500,20,sqrt,2,10,0.7793785636820992,0.011584885837754222,54173.03234724286,1769.9365801538988,27.5705
500,20,sqrt,5,1,0.8062276466729188,0.00947207641616041,50771.47785021998,1561.3588506397236,36.6108
500,20,sqrt,5,2,0.8042290170580657,0.010722734386273103,51030.27307940401,1740.1340941818123,35.9963
500,20,sqrt,5,5,0.7944555950141383,0.010844081859314387,52288.85800714612,1708.2883574070918,29.4905
500,20,sqrt,5,10,0.7793785636820992,0.01158488583775422,54173.03234724286,1769.9365801538981,28.1442
500,20,sqrt,10,1,0.8018073605160053,0.010214968953241504,51346.2169090356,1654.9828295938264,34.9797
500,20,sqrt,10,2,0.8003839220073239,0.010958033149965678,51527.49589542748,1722.1323967193937,32.0782
500,20,sqrt,10,5,0.7944555950141383,0.010844081859314398,52288.85800714612,1708.2883574070931,31.0718
500,20,sqrt,10,10,0.7793785636820992,0.01158488583775422,54173.03234724286,1769.9365801538988,27.888
500,20,sqrt,20,1,0.7927411928302928,0.010867938089521986,52507.069667758406,1718.1826811595506,31.6178
500,20,sqrt,20,2,0.791389480060489,0.01092749765269351,52677.74709482406,1711.5001762314967,29.5691
500,20,sqrt,20,5,0.7871654337159496,0.011207532918185896,53208.55923596527,1748.1081088406027,29.9347
500,20,sqrt,20,10,0.7793785636820992,0.01158488583775422,54173.03234724286,1769.9365801538984,28.0274
500,20,log2,2,1,0.8203653425014389,0.010168672575305125,48880.56505217754,1706.8495470405321,53.5553
500,20,log2,2,2,0.8195206712790901,0.010925310678172305,48992.9339262749,1804.7755816001045,48.3911
500,20,log2,2,5,0.8105585706651333,0.01089021524681997,50196.254670324546,1768.3917908243068,41.518
500,20,log2,2,10,0.7976586915718025,0.011876019253754899,51876.34980841138,1852.6544041687632,35.6505
500,20,log2,5,1,0.8194611228612632,0.010664025347476068,49002.37095753046,1784.3445108680148,49.8549
500,20,log2,5,2,0.8189485518106029,0.010697157518612168,49070.915128445034,1758.7672371350086,47.6342
500,20,log2,5,5,0.8105585706651333,0.010890215246819969,50196.254670324546,1768.391790824306,39.0936
500,20,log2,5,10,0.7976586915718025,0.011876019253754873,51876.34980841138,1852.6544041687616,37.3782
500,20,log2,10,1,0.8165269275482195,0.011058065435848636,49396.943892197174,1793.6924359239492,45.2268
500,20,log2,10,2,0.8156159970833976,0.010616418523716979,49521.93863850551,1756.095040841891,43.5729
500,20,log2,10,5,0.8105585706651333,0.010890215246819988,50196.254670324546,1768.391790824306,41.6126
500,20,log2,10,10,0.7976586915718025,0.011876019253754899,51876.34980841138,1852.6544041687632,36.3307
500,20,log2,20,1,0.8084123998903902,0.01095299081508255,50480.439115588946,1783.3810419929086,41.412
500,20,log2,20,2,0.8077256833694639,0.011419416067025292,50568.62965008798,1817.9278367972336,41.7399
500,20,log2,20,5,0.8043219552372568,0.011423560757314932,51015.02883178693,1810.1890317624107,37.5464
500,20,log2,20,10,0.7976586915718025,0.011876019253754899,51876.34980841138,1852.6544041687632,37.4283
500,20,0.5,2,1,0.8267490640697087,0.011149876333915293,47998.826569119534,1852.2002328860651,66.9571
500,20,0.5,2,2,0.8260362855627287,0.011094504578238793,48097.56579712014,1836.204930144275,60.1231
500,20,0.5,2,5,0.8182712977424543,0.011941524725896,49158.131750126224,1932.5111648198533,50.381
500,20,0.5,2,10,0.8063176594172099,0.012655945804963821,50750.07625356705,1990.6750450384375,45.1819
500,20,0.5,5,1,0.8255293352232045,0.010919383734806892,48167.55330653169,1784.2751718484994,61.4307
500,20,0.5,5,2,0.8252699111809845,0.011300937143220184,48202.732955652624,1860.6908816884547,57.1514
500,20,0.5,5,5,0.8182712977424543,0.011941524725896,49158.131750126224,1932.5111648198554,49.6115
500,20,0.5,5,10,0.8063176594172097,0.012655945804963813,50750.07625356705,1990.6750450384382,44.8527
500,20,0.5,10,1,0.8222650598889386,0.011512964001818277,48615.067893191605,1872.6473895506836,57.5859
500,20,0.5,10,2,0.8224990155384704,0.01137349865742698,48582.895709105345,1835.7569791353656,55.1593
500,20,0.5,10,5,0.8182712977424543,0.011941524725896,49158.131750126224,1932.5111648198533,49.9816
500,20,0.5,10,10,0.8063176594172097,0.012655945804963813,50750.07625356705,1990.6750450384382,44.8537
500,20,0.5,20,1,0.8160507750683921,0.011684465587052835,49459.13269105831,1887.1519244516505,51.755
500,20,0.5,20,2,0.8155803178762531,0.011840055144719598,49521.406684747955,1895.0688762067389,51.3658
500,20,0.5,20,5,0.8126274559587193,0.012374754099375409,49915.744755478234,1976.806456569786,48.0441
500,20,0.5,20,10,0.8063176594172097,0.012655945804963813,50750.07625356705,1990.6750450384407,45.0583
500,20,1.0,2,1,0.8246589290663426,0.013143068172663771,48278.89159356513,2106.50644812982,119.2621
500,20,1.0,2,2,0.8252762034184457,0.013006406866408471,48194.1852780592,2100.7287201632175,106.0275
500,20,1.0,2,5,0.819943342611416,0.014237344707142661,48919.68999102185,2232.3503680604877,88.5686
500,20,1.0,2,10,0.8087666364957276,0.014832676695253514,50416.55458139392,2257.9580113067104,78.8944
500,20,1.0,5,1,0.824316374758087,0.013296213639393966,48325.14604219795,2122.183773616489,109.9308
500,20,1.0,5,2,0.8250884163975274,0.012994774502009632,48220.28199955804,2098.4481965532937,103.5779
500,20,1.0,5,5,0.819943342611416,0.014237344707142673,48919.68999102185,2232.350368060488,89.957
500,20,1.0,5,10,0.8087666364957276,0.014832676695253514,50416.554581393924,2257.9580113067104,78.7183
500,20,1.0,10,1,0.8217843299979976,0.013747508683594672,48670.96732395967,2175.204593027063,101.0471
500,20,1.0,10,2,0.8227256223843256,0.013416231031511973,48543.71983339854,2145.7296144737265,98.5568
500,20,1.0,10,5,0.819943342611416,0.014237344707142673,48919.68999102185,2232.350368060488,88.556
500,20,1.0,10,10,0.8087666364957276,0.014832676695253514,50416.554581393924,2257.9580113067104,78.8978
500,20,1.0,20,1,0.8151574667843666,0.01429186465023579,49567.62746212176,2220.714285677635,91.9725
500,20,1.0,20,2,0.8159590799668687,0.014082525401785492,49460.71920609924,2201.2691908401393,89.265
500,20,1.0,20,5,0.8145040531889769,0.014599100463525413,49653.353567650505,2250.690982056004,84.7208
500,20,1.0,20,10,0.8087666364957276,0.014832676695253514,50416.55458139394,2257.9580113067086,79.0304
